set,point_id,easting,northing,point_type,ept_block,status,n_points,n_ground,cover_r2.5,pai_r2.5,ncell_r2.5,cover_r5,pai_r5,ncell_r5,cover_r7.5,pai_r7.5,ncell_r7.5,cover_r10,pai_r10,ncell_r10,cover_r15,pai_r15,ncell_r15,cover_r25,pai_r25,ncell_r25,cover_ladder_spread,gps_utc_min,gps_utc_max,gps_span_days,box_laz,struct_npz,struct_status,n_struct_all,n_struct_class2,surface_check_mm,slope_deg
gen1_2008_control,FSA Target 1 Dodge-9401-Dodge VRS,502750.225,4888909.857,other,MN_SEDriftless_1_2021,ok,113869,78639,0.0,0.0,1,0.0,0.0,5,0.0,0.0,9,0.0,0.0,13,0.0,0.0,29,0.000392,0.000797,81,0.000392,2021-04-22 17:51,2021-04-22 17:51,0.0,data/derived/control_boxes/gen1_2008_control__FSA_Target_1_Dodge-9401-Dodge_VRS.laz,data/derived/control_structure/gen1_2008_control__FSA_Target_1_Dodge-9401-Dodge_VRS.npz,ok,1868,1285,0.0,1.9604
gen1_2008_control,FSA Target 2 Dodge-9402-Dodge VRS,520077.399,4886831.04,other,MN_SEDriftless_1_2021,ok,103084,91790,0.0,0.0,1,0.0,0.0,5,0.0,0.0,9,0.0,0.0,13,0.000755,0.001527,29,0.000755,0.001522,81,0.000755,2021-05-26 22:41,2021-05-26 22:42,0.0,data/derived/control_boxes/gen1_2008_control__FSA_Target_2_Dodge-9402-Dodge_VRS.laz,data/derived/control_structure/gen1_2008_control__FSA_Target_2_Dodge-9402-Dodge_VRS.npz,ok,1664,1452,0.0,0.1707
gen1_2008_control,FSA Target 3 Dodge-9403-Dodge VRS,501151.301,4874418.338,other,MN_SEDriftless_1_2021,ok,206717,110220,0.0,0.0,1,0.0,0.0,5,0.0,0.0,9,0.0,0.0,13,0.000666,0.00134,29,0.001625,0.003299,81,0.001625,2021-06-05 20:47,2021-06-10 12:52,4.67,data/derived/control_boxes/gen1_2008_control__FSA_Target_3_Dodge-9403-Dodge_VRS.laz,data/derived/control_structure/gen1_2008_control__FSA_Target_3_Dodge-9403-Dodge_VRS.npz,ok,3271,2044,0.0,0.3916
gen1_2008_control,FSA Target 4 Dodge-9404-Dodge VRS,524195.985,4872755.311,other,MN_SEDriftless_1_2021,ok,114769,74136,0.0,0.0,1,0.0,0.0,5,0.0,0.0,9,0.0,0.0,13,6.7e-05,0.000135,29,0.000256,0.000515,81,0.000256,2021-06-05 20:57,2021-06-05 20:57,0.0,data/derived/control_boxes/gen1_2008_control__FSA_Target_4_Dodge-9404-Dodge_VRS.laz,data/derived/control_structure/gen1_2008_control__FSA_Target_4_Dodge-9404-Dodge_VRS.npz,ok,1789,1266,0.0,1.0944
gen1_2008_control,FSA Target 5 Dodge-9405-Dodge VRS,501184.14,4861497.597,other,MN_SEDriftless_1_2021,ok,93238,67168,0.0,0.0,1,0.0,0.0,5,0.0,0.0,9,0.0,0.0,13,0.0,0.0,29,0.000142,0.000286,81,0.000142,2021-05-08 16:33,2021-05-08 16:34,0.0,data/derived/control_boxes/gen1_2008_control__FSA_Target_5_Dodge-9405-Dodge_VRS.laz,data/derived/control_structure/gen1_2008_control__FSA_Target_5_Dodge-9405-Dodge_VRS.npz,ok,1493,1041,0.0,0.1429
gen1_2008_control,FSA Target 6 Dodge-9406-Dodge VRS,517768.61,4863143.805,other,MN_SEDriftless_1_2021,ok,185046,129234,0.0,0.0,1,0.0,0.0,5,0.0,0.0,9,0.0,0.0,13,0.000449,0.000904,29,0.00025,0.000503,81,0.000449,2021-05-08 16:04,2021-05-08 16:12,0.005,data/derived/control_boxes/gen1_2008_control__FSA_Target_6_Dodge-9406-Dodge_VRS.laz,data/derived/control_structure/gen1_2008_control__FSA_Target_6_Dodge-9406-Dodge_VRS.npz,ok,2980,2112,0.0,1.1138
gen1_2008_control,FSA Target 601 Dodge-9601-Dodge VRS,512967.088,4874822.666,other,MN_SEDriftless_1_2021,ok,100772,60222,0.0,0.0,1,0.0,0.0,5,0.0,0.0,9,0.000844,0.001698,13,0.000827,0.001662,29,0.008736,0.019315,81,0.008736,2021-06-10 12:54,2021-06-10 12:54,0.0,data/derived/control_boxes/gen1_2008_control__FSA_Target_601_Dodge-9601-Dodge_VRS.laz,data/derived/control_structure/gen1_2008_control__FSA_Target_601_Dodge-9601-Dodge_VRS.npz,ok,1582,1209,0.0,1.5585
gen1_2008_control,L10-1094-Olmsted VRS,527478.797,4861543.279,L1O,MN_SEDriftless_4_2021,ok,383412,155282,0.0,0.0,1,0.0,0.0,5,0.0,0.0,9,0.0,0.0,13,0.0,0.0,29,0.007388,0.015551,81,0.007388,2022-05-06 18:39,2022-05-06 19:06,0.019,data/derived/control_boxes/gen1_2008_control__L10-1094-Olmsted_VRS.laz,data/derived/control_structure/gen1_2008_control__L10-1094-Olmsted_VRS.npz,ok,5388,2202,0.0,2.4999
gen1_2008_control,L1O-4119-Steele RTK,495579.716,4863318.542,L1O,MN_SEDriftless_1_2021,ok,141322,114085,0.0,0.0,1,0.0,0.0,5,0.0,0.0,9,0.0,0.0,13,0.0,0.0,29,0.0,0.0,81,0.0,2021-05-08 16:00,2021-05-08 16:16,0.012,data/derived/control_boxes/gen1_2008_control__L1O-4119-Steele_RTK.laz,data/derived/control_structure/gen1_2008_control__L1O-4119-Steele_RTK.npz,ok,2529,1904,0.0,0.8861
gen1_2008_control,L1O-9004-Dodge VRS,520870.793,4889398.992,L1O,MN_SEDriftless_1_2021,ok,148550,115114,0.0,0.0,1,0.0,0.0,5,0.0,0.0,9,0.0,0.0,13,0.0,0.0,29,0.0,0.0,81,0.0,2021-04-22 17:41,2021-04-22 17:47,0.004,data/derived/control_boxes/gen1_2008_control__L1O-9004-Dodge_VRS.laz,data/derived/control_structure/gen1_2008_control__L1O-9004-Dodge_VRS.npz,ok,2054,1705,0.0,2.8113
gen1_2008_control,L1O-9009-Dodge VRS,518195.079,4879585.027,L1O,MN_SEDriftless_1_2021,ok,103547,70945,0.0,0.0,1,0.0,0.0,5,0.000705,0.001415,9,0.008479,0.017854,13,0.019274,0.041661,29,0.019055,0.04471,81,0.019274,2021-06-05 18:36,2021-06-05 18:36,0.0,data/derived/control_boxes/gen1_2008_control__L1O-9009-Dodge_VRS.laz,data/derived/control_structure/gen1_2008_control__L1O-9009-Dodge_VRS.npz,ok,1625,1176,0.0,3.8282
gen1_2008_control,L1O-9010-Dodge VRS,518986.234,4879982.347,L1O,MN_SEDriftless_1_2021,ok,110246,63113,0.0,0.0,1,0.0,0.0,5,0.0,0.0,9,0.0,0.0,13,0.0,0.0,29,0.000258,0.000518,81,0.000258,2021-06-05 18:36,2021-06-05 18:36,0.0,data/derived/control_boxes/gen1_2008_control__L1O-9010-Dodge_VRS.laz,data/derived/control_structure/gen1_2008_control__L1O-9010-Dodge_VRS.npz,ok,1657,1144,0.0,1.8544
gen1_2008_control,L1O-9012-Dodge VRS,514449.491,4888055.248,L1O,MN_SEDriftless_1_2021,ok,212445,109081,0.0,0.0,1,0.0,0.0,5,0.0,0.0,9,0.0,0.0,13,0.001799,0.003694,29,0.031763,0.088948,81,0.031763,2021-04-22 17:48,2021-04-22 18:21,0.023,data/derived/control_boxes/gen1_2008_control__L1O-9012-Dodge_VRS.laz,data/derived/control_structure/gen1_2008_control__L1O-9012-Dodge_VRS.npz,ok,3130,2104,0.0,2.7815
gen1_2008_control,L1O-9018-Dodge VRS,525318.532,4888769.201,L1O,MN_SEDriftless_4_2021,no points in the EPT box,,,,,,,,,,,,,,,,,,,,,,,,,,,,,,,
gen1_2008_control,L1O-9031-Dodge VRS,504393.297,4887310.032,L1O,MN_SEDriftless_1_2021,ok,228302,111253,0.0,0.0,1,0.0,0.0,5,0.0,0.0,9,0.0,0.0,13,0.0,0.0,29,8.5e-05,0.000171,81,8.5e-05,2021-04-22 18:19,2021-05-26 22:45,34.185,data/derived/control_boxes/gen1_2008_control__L1O-9031-Dodge_VRS.laz,data/derived/control_structure/gen1_2008_control__L1O-9031-Dodge_VRS.npz,ok,3252,2019,0.0,0.9514
gen1_2008_control,L1O-9034-Dodge VRS,503544.521,4885670.629,L1O,MN_SEDriftless_1_2021,ok,95322,77803,0.0,0.0,1,0.0,0.0,5,0.0,0.0,9,0.0,0.0,13,0.0,0.0,29,0.0,0.0,81,0.0,2021-05-26 23:09,2021-05-26 23:09,0.0,data/derived/control_boxes/gen1_2008_control__L1O-9034-Dodge_VRS.laz,data/derived/control_structure/gen1_2008_control__L1O-9034-Dodge_VRS.npz,ok,1521,1261,0.0,2.0382
gen1_2008_control,L1O-9039-Dodge VRS,508552.599,4881642.849,L1O,MN_SEDriftless_1_2021,ok,104270,92511,0.0,0.0,1,0.0,0.0,5,0.0,0.0,9,0.0,0.0,13,0.0,0.0,29,0.0,0.0,81,0.0,2021-06-05 17:54,2021-06-05 17:54,0.0,data/derived/control_boxes/gen1_2008_control__L1O-9039-Dodge_VRS.laz,data/derived/control_structure/gen1_2008_control__L1O-9039-Dodge_VRS.npz,ok,1651,1523,0.0,2.3719
gen1_2008_control,L1O-9043-Dodge VRS,505260.691,4881637.969,L1O,MN_SEDriftless_1_2021,ok,121870,84377,0.0,0.0,1,0.0,0.0,5,0.0,0.0,9,0.0,0.0,13,0.0,0.0,29,0.007016,0.020272,81,0.007016,2021-06-05 17:53,2021-06-05 17:53,0.0,data/derived/control_boxes/gen1_2008_control__L1O-9043-Dodge_VRS.laz,data/derived/control_structure/gen1_2008_control__L1O-9043-Dodge_VRS.npz,ok,1639,1486,0.0,2.5713
gen1_2008_control,L1O-9046-Dodge VRS,498303.115,4881639.213,L1O,MN_SEDriftless_1_2021,ok,102622,100704,0.0,0.0,1,0.0,0.0,5,0.0,0.0,9,0.0,0.0,13,0.0,0.0,29,0.0,0.0,81,0.0,2021-06-05 17:51,2021-06-05 17:52,0.0,data/derived/control_boxes/gen1_2008_control__L1O-9046-Dodge_VRS.laz,data/derived/control_structure/gen1_2008_control__L1O-9046-Dodge_VRS.npz,ok,1653,1575,0.0,3.1206
gen1_2008_control,L1O-9050-Dodge VRS,506431.464,4879258.731,L1O,MN_SEDriftless_1_2021,ok,223707,106765,0.0,0.0,1,0.0,0.0,5,0.0,0.0,9,0.0,0.0,13,0.001796,0.003689,29,0.003503,0.007222,81,0.003503,2021-06-05 18:33,2021-06-05 18:48,0.01,data/derived/control_boxes/gen1_2008_control__L1O-9050-Dodge_VRS.laz,data/derived/control_structure/gen1_2008_control__L1O-9050-Dodge_VRS.npz,ok,3668,1692,0.0,1.6614
gen1_2008_control,L1O-9055-Dodge VRS,499532.883,4872017.654,L1O,MN_SEDriftless_1_2021,ok,111040,67133,0.0,0.0,1,0.0,0.0,5,0.0,0.0,9,0.0,0.0,13,0.0,0.0,29,0.000285,0.000573,81,0.000285,2021-06-05 21:24,2021-06-05 21:24,0.0,data/derived/control_boxes/gen1_2008_control__L1O-9055-Dodge_VRS.laz,data/derived/control_structure/gen1_2008_control__L1O-9055-Dodge_VRS.npz,ok,1703,1167,0.0,4.9858
gen1_2008_control,L1O-9058-Dodge VRS,502793.403,4869129.363,L1O,MN_SEDriftless_1_2021,ok,104551,84369,0.0,0.0,1,0.0,0.0,5,0.001058,0.002127,9,0.013568,0.029558,13,0.042795,0.105372,29,0.046266,0.117456,81,0.046266,2021-05-08 14:37,2021-05-08 14:38,0.0,data/derived/control_boxes/gen1_2008_control__L1O-9058-Dodge_VRS.laz,data/derived/control_structure/gen1_2008_control__L1O-9058-Dodge_VRS.npz,ok,1531,1427,0.0,0.3816
gen1_2008_control,L1O-9063-Dodge VRS,508286.09,4866339.107,L1O,MN_SEDriftless_1_2021,ok,185725,131057,0.0,0.0,1,0.0,0.0,5,0.0,0.0,9,0.0,0.0,13,0.0,0.0,29,0.0,0.0,81,0.0,2021-05-08 15:09,2021-05-08 15:30,0.015,data/derived/control_boxes/gen1_2008_control__L1O-9063-Dodge_VRS.laz,data/derived/control_structure/gen1_2008_control__L1O-9063-Dodge_VRS.npz,ok,2990,2143,0.0,0.2444
gen1_2008_control,L1O-9073-Dodge VRS,519376.852,4869355.424,L1O,MN_SEDriftless_1_2021,ok,182100,137799,0.0,0.0,1,0.0,0.0,5,0.0,0.0,9,0.0,0.0,13,0.0,0.0,29,0.0,0.0,81,0.0,2021-05-08 14:27,2021-05-08 14:34,0.005,data/derived/control_boxes/gen1_2008_control__L1O-9073-Dodge_VRS.laz,data/derived/control_structure/gen1_2008_control__L1O-9073-Dodge_VRS.npz,ok,2904,2224,0.0,1.1234
gen1_2008_control,L1O-9080-Dodge VRS,524231.864,4858793.197,L1O,MN_SEDriftless_1_2021,ok,183628,137430,0.0,0.0,1,0.0,0.0,5,0.0,0.0,9,0.000474,0.000951,13,0.000253,0.000508,29,9.1e-05,0.000182,81,0.000474,2021-05-08 17:11,2021-05-08 17:16,0.004,data/derived/control_boxes/gen1_2008_control__L1O-9080-Dodge_VRS.laz,data/derived/control_structure/gen1_2008_control__L1O-9080-Dodge_VRS.npz,ok,2887,2243,0.0,2.8752
gen1_2008_control,L1O-9081-Dodge VRS,524251.669,4856695.783,L1O,MN_SEDriftless_1_2021,ok,182604,135962,0.0,0.0,1,0.0,0.0,5,0.001031,0.002072,9,0.000714,0.001435,13,0.00032,0.000643,29,0.000115,0.00023,81,0.001031,2021-05-08 17:51,2021-05-08 17:56,0.004,data/derived/control_boxes/gen1_2008_control__L1O-9081-Dodge_VRS.laz,data/derived/control_structure/gen1_2008_control__L1O-9081-Dodge_VRS.npz,ok,2939,2129,0.0,5.3552
gen1_2008_control,L1O-9083-Dodge VRS,516152.986,4857033.357,L1O,MN_SEDriftless_1_2021,ok,121566,97058,0.0,0.0,1,0.0,0.0,5,0.0,0.0,9,0.0,0.0,13,0.0,0.0,29,0.0,0.0,81,0.0,2021-05-08 17:49,2021-05-08 17:58,0.006,data/derived/control_boxes/gen1_2008_control__L1O-9083-Dodge_VRS.laz,data/derived/control_structure/gen1_2008_control__L1O-9083-Dodge_VRS.npz,ok,1530,1496,0.0,3.9054
gen1_2008_control,L1O-9088-Dodge VRS,510234.854,4858324.061,L1O,MN_SEDriftless_1_2021,ok,102384,72229,0.0,0.0,1,0.0,0.0,5,0.0,0.0,9,0.0,0.0,13,0.0,0.0,29,0.000298,0.000602,81,0.000298,2021-05-08 17:19,2021-05-08 17:19,0.0,data/derived/control_boxes/gen1_2008_control__L1O-9088-Dodge_VRS.laz,data/derived/control_structure/gen1_2008_control__L1O-9088-Dodge_VRS.npz,ok,1454,1335,0.0,0.5585
gen1_2008_control,L1O-9092-Dodge VRS,501433.888,4858242.219,L1O,MN_SEDriftless_1_2021,ok,132407,68519,0.0,0.0,1,0.0,0.0,5,0.0,0.0,9,0.0,0.0,13,0.001387,0.002831,29,0.054127,0.138693,81,0.054127,2021-05-08 17:20,2021-05-08 17:21,0.0,data/derived/control_boxes/gen1_2008_control__L1O-9092-Dodge_VRS.laz,data/derived/control_structure/gen1_2008_control__L1O-9092-Dodge_VRS.npz,ok,1447,1425,0.0,0.2388
gen1_2008_control,L1O-9094-Dodge VRS,496193.143,4857485.573,L1O,MN_SEDriftless_1_2021,ok,104368,47539,0.0,0.0,1,0.021571,0.045652,5,0.022591,0.047659,9,0.061649,0.173239,13,0.093217,0.353621,29,0.077785,0.281612,81,0.093217,2021-05-08 17:45,2021-05-08 17:46,0.0,data/derived/control_boxes/gen1_2008_control__L1O-9094-Dodge_VRS.laz,data/derived/control_structure/gen1_2008_control__L1O-9094-Dodge_VRS.npz,ok,1478,918,0.0,0.1959
gen1_2008_control,L1O-9097-Dodge VRS,504390.174,4864380.861,L1O,MN_SEDriftless_1_2021,ok,118261,94009,0.0,0.0,1,0.007469,0.015088,5,0.008285,0.016812,9,0.013635,0.027949,13,0.007637,0.015609,29,0.009516,0.020157,81,0.013635,2021-05-08 15:42,2021-05-08 16:02,0.014,data/derived/control_boxes/gen1_2008_control__L1O-9097-Dodge_VRS.laz,data/derived/control_structure/gen1_2008_control__L1O-9097-Dodge_VRS.npz,ok,1512,1395,0.0,1.1301
gen1_2008_control,L1O-9098-Dodge VRS,498915.348,4863123.221,L1O,MN_SEDriftless_1_2021,ok,181967,130307,0.0,0.0,1,0.014648,0.030425,5,0.022508,0.046614,9,0.015582,0.032271,13,0.014255,0.029936,29,0.012539,0.026266,81,0.022508,2021-05-08 16:00,2021-05-08 16:16,0.011,data/derived/control_boxes/gen1_2008_control__L1O-9098-Dodge_VRS.laz,data/derived/control_structure/gen1_2008_control__L1O-9098-Dodge_VRS.npz,ok,2943,2061,0.0,6.5429
gen1_2008_control,L1O-9103-Dodge VRS,516821.965,4856713.622,L1O,MN_SEDriftless_1_2021,ok,206474,135648,0.0,0.0,1,0.002244,0.004501,5,0.00408,0.00824,9,0.030932,0.074528,13,0.056134,0.137982,29,0.060647,0.148904,81,0.060647,2021-05-08 17:50,2021-05-08 17:58,0.006,data/derived/control_boxes/gen1_2008_control__L1O-9103-Dodge_VRS.laz,data/derived/control_structure/gen1_2008_control__L1O-9103-Dodge_VRS.npz,ok,3062,2282,0.0,0.2517
gen1_2008_control,L1O-9104-Dodge VRS,519397.671,4858437.198,L1O,MN_SEDriftless_1_2021,ok,87598,85736,0.0,0.0,1,0.0,0.0,5,0.0,0.0,9,0.0,0.0,13,0.0,0.0,29,0.0,0.0,81,0.0,2021-05-08 17:17,2021-05-08 17:17,0.0,data/derived/control_boxes/gen1_2008_control__L1O-9104-Dodge_VRS.laz,data/derived/control_structure/gen1_2008_control__L1O-9104-Dodge_VRS.npz,ok,1409,1382,0.0,4.3329
gen1_2008_control,L1O-9105-Dodge VRS,519396.267,4860731.982,L1O,MN_SEDriftless_1_2021,ok,91303,89371,0.0,0.0,1,0.0,0.0,5,0.0,0.0,9,0.0,0.0,13,0.0,0.0,29,0.0,0.0,81,0.0,2021-05-08 16:44,2021-05-08 16:44,0.0,data/derived/control_boxes/gen1_2008_control__L1O-9105-Dodge_VRS.laz,data/derived/control_structure/gen1_2008_control__L1O-9105-Dodge_VRS.npz,ok,1474,1450,0.0,3.7289
gen1_2008_control,L1O-9106-Dodge VRS,515184.376,4861542.398,L1O,MN_SEDriftless_1_2021,ok,92090,91042,0.0,0.0,1,0.0,0.0,5,0.0,0.0,9,0.0,0.0,13,0.0,0.0,29,0.0,0.0,81,0.0,2021-05-08 16:36,2021-05-08 16:37,0.0,data/derived/control_boxes/gen1_2008_control__L1O-9106-Dodge_VRS.laz,data/derived/control_structure/gen1_2008_control__L1O-9106-Dodge_VRS.npz,ok,1479,1467,0.0,1.3986
gen1_2008_control,L1O-9107-Dodge VRS,512920.99,4864411.157,L1O,MN_SEDriftless_1_2021,ok,95295,93867,0.0,0.0,1,0.0,0.0,5,0.0,0.0,9,0.0,0.0,13,0.0,0.0,29,0.0,0.0,81,0.0,2021-05-08 15:40,2021-05-08 15:41,0.0,data/derived/control_boxes/gen1_2008_control__L1O-9107-Dodge_VRS.laz,data/derived/control_structure/gen1_2008_control__L1O-9107-Dodge_VRS.npz,ok,1522,1496,0.0,2.5856
gen1_2008_control,L1O-9108-Dodge VRS,512898.518,4866374.13,L1O,MN_SEDriftless_1_2021,ok,220189,113570,0.0,0.0,1,0.0,0.0,5,0.031714,0.074683,9,0.037941,0.08605,13,0.075175,0.189225,29,0.105095,0.281726,81,0.105095,2021-05-08 15:08,2021-05-08 15:31,0.016,data/derived/control_boxes/gen1_2008_control__L1O-9108-Dodge_VRS.laz,data/derived/control_structure/gen1_2008_control__L1O-9108-Dodge_VRS.npz,ok,3061,2107,0.0,1.5258
gen1_2008_control,L1O-9109-Dodge VRS,512907.014,4869593.509,L1O,MN_SEDriftless_1_2021,ok,135638,99601,0.0,0.0,1,0.0,0.0,5,0.0,0.0,9,0.0,0.0,13,0.0,0.0,29,0.0,0.0,81,0.0,2021-05-08 14:26,2021-05-08 14:36,0.007,data/derived/control_boxes/gen1_2008_control__L1O-9109-Dodge_VRS.laz,data/derived/control_structure/gen1_2008_control__L1O-9109-Dodge_VRS.npz,ok,1771,1518,0.0,3.4775
gen1_2008_control,L1O-9110-Dodge VRS,513110.694,4874899.079,L1O,MN_SEDriftless_1_2021,ok,99788,64894,0.0,0.0,1,0.0,0.0,5,0.0,0.0,9,0.0,0.0,13,0.0,0.0,29,0.000852,0.001767,81,0.000852,2021-06-10 12:54,2021-06-10 12:54,0.0,data/derived/control_boxes/gen1_2008_control__L1O-9110-Dodge_VRS.laz,data/derived/control_structure/gen1_2008_control__L1O-9110-Dodge_VRS.npz,ok,1586,1182,0.0,1.2285
gen1_2008_control,L2T-1010-Olmsted VRS,526020.663,4883113.844,L2T,MN_SEDriftless_4_2021,ok,482334,202116,0.0,0.0,1,0.0,0.0,5,0.0,0.0,9,0.0,0.0,13,0.0,0.0,29,0.0,0.0,81,0.0,2022-05-15 15:29,2022-05-15 16:01,0.022,data/derived/control_boxes/gen1_2008_control__L2T-1010-Olmsted_VRS.laz,data/derived/control_structure/gen1_2008_control__L2T-1010-Olmsted_VRS.npz,ok,8522,3094,0.0,1.772
gen1_2008_control,L2T-4118-Steele RTK,495510.982,4860379.361,L2T,MN_SEDriftless_1_2021,ok,108801,78708,0.0,0.0,1,0.0,0.0,5,0.0,0.0,9,0.0,0.0,13,0.0,0.0,29,0.000676,0.001387,81,0.000676,2021-05-08 16:49,2021-05-08 16:49,0.0,data/derived/control_boxes/gen1_2008_control__L2T-4118-Steele_RTK.laz,data/derived/control_structure/gen1_2008_control__L2T-4118-Steele_RTK.npz,ok,1455,1385,0.0,0.2297
gen1_2008_control,L2T-4140-Steele RTK,495544.976,4858284.827,L2T,MN_SEDriftless_1_2021,ok,90208,70625,0.0,0.0,1,0.0,0.0,5,0.0,0.0,9,0.0,0.0,13,0.0,0.0,29,0.002327,0.004988,81,0.002327,2021-05-08 17:21,2021-05-08 17:22,0.0,data/derived/control_boxes/gen1_2008_control__L2T-4140-Steele_RTK.laz,data/derived/control_structure/gen1_2008_control__L2T-4140-Steele_RTK.npz,ok,1433,1190,0.0,1.8507
gen1_2008_control,L2T-9003-Dodge VRS,520805.384,4891890.517,L2T,MN_SEDriftless_1_2021,ok,122964,65289,0.0,0.0,1,0.0,0.0,5,0.00097,0.001949,9,0.007473,0.015591,13,0.029946,0.074297,29,0.0578,0.138944,81,0.0578,2021-04-22 16:59,2021-04-22 16:59,0.0,data/derived/control_boxes/gen1_2008_control__L2T-9003-Dodge_VRS.laz,data/derived/control_structure/gen1_2008_control__L2T-9003-Dodge_VRS.npz,ok,1641,1216,0.0,4.2475
gen1_2008_control,L2T-9013-Dodge VRS,514439.297,4891298.452,L2T,MN_SEDriftless_1_2021,ok,225475,142926,0.0,0.0,1,0.0,0.0,5,0.0,0.0,9,0.0,0.0,13,0.0,0.0,29,0.024376,0.070456,81,0.024376,2021-04-22 16:57,2021-04-22 17:07,0.007,data/derived/control_boxes/gen1_2008_control__L2T-9013-Dodge_VRS.laz,data/derived/control_structure/gen1_2008_control__L2T-9013-Dodge_VRS.npz,ok,3429,2436,0.0,3.2443
gen1_2008_control,L2T-9019-Dodge VRS,525309.997,4888750.863,L2T,MN_SEDriftless_4_2021,no points in the EPT box,,,,,,,,,,,,,,,,,,,,,,,,,,,,,,,
gen1_2008_control,L2T-9022-Dodge VRS,520582.622,4879373.481,L2T,MN_SEDriftless_1_2021,ok,257137,82983,0.271971,0.634829,1,0.311387,0.852096,5,0.288907,0.822207,9,0.34419,1.03221,13,0.305951,0.911592,29,0.248761,0.776531,81,0.095429,2021-06-05 18:37,2021-06-05 18:44,0.005,data/derived/control_boxes/gen1_2008_control__L2T-9022-Dodge_VRS.laz,data/derived/control_structure/gen1_2008_control__L2T-9022-Dodge_VRS.npz,ok,5202,1155,0.0,1.0859
gen1_2008_control,L2T-9024-Dodge VRS,524586.896,4879189.865,L2T,MN_SEDriftless_1_2021,ok,231977,86584,0.0,0.0,1,0.0,0.0,5,0.0,0.0,9,0.0,0.0,13,0.0,0.0,29,1.2e-05,2.5e-05,81,1.2e-05,2021-06-05 18:37,2021-06-05 18:43,0.004,data/derived/control_boxes/gen1_2008_control__L2T-9024-Dodge_VRS.laz,data/derived/control_structure/gen1_2008_control__L2T-9024-Dodge_VRS.npz,ok,3517,1430,0.0,6.0491
gen1_2008_control,L2T-9025-Dodge VRS,524219.542,4875043.143,L2T,MN_SEDriftless_1_2021,ok,121801,55641,0.0,0.0,1,0.070538,0.16195,5,0.115778,0.342405,9,0.102863,0.285022,13,0.123171,0.327815,29,0.094991,0.242273,81,0.123171,2021-06-10 12:56,2021-06-10 12:57,0.0,data/derived/control_boxes/gen1_2008_control__L2T-9025-Dodge_VRS.laz,data/derived/control_structure/gen1_2008_control__L2T-9025-Dodge_VRS.npz,ok,1738,1066,0.0,1.5877
gen1_2008_control,L2T-9027-Dodge VRS,502736.129,4890370.617,L2T,MN_SEDriftless_1_2021,ok,244849,126019,0.0,0.0,1,0.0,0.0,5,0.0,0.0,9,0.018177,0.041474,13,0.045928,0.113446,29,0.052322,0.126082,81,0.052322,2021-04-22 17:09,2021-04-22 17:37,0.019,data/derived/control_boxes/gen1_2008_control__L2T-9027-Dodge_VRS.laz,data/derived/control_structure/gen1_2008_control__L2T-9027-Dodge_VRS.npz,ok,3435,2388,0.0,2.0075
gen1_2008_control,L2T-9045-Dodge VRS,499917.767,4881647.526,L2T,MN_SEDriftless_1_2021,ok,113783,43719,0.188378,0.417441,1,0.237121,0.603446,5,0.23551,0.633465,9,0.26242,0.7588,13,0.249927,0.79154,29,0.189187,0.554469,81,0.074042,2021-06-05 17:52,2021-06-05 17:52,0.0,data/derived/control_boxes/gen1_2008_control__L2T-9045-Dodge_VRS.laz,data/derived/control_structure/gen1_2008_control__L2T-9045-Dodge_VRS.npz,ok,2657,731,0.0,2.2858
gen1_2008_control,L2T-9047-Dodge VRS,500651.146,4879266.332,L2T,MN_SEDriftless_1_2021,ok,232457,102889,0.0,0.0,1,0.072935,0.160776,5,0.193224,0.61148,9,0.157305,0.475994,13,0.172677,0.665852,29,0.170829,0.707884,81,0.193224,2021-06-05 18:32,2021-06-05 18:49,0.012,data/derived/control_boxes/gen1_2008_control__L2T-9047-Dodge_VRS.laz,data/derived/control_structure/gen1_2008_control__L2T-9047-Dodge_VRS.npz,ok,4145,1276,0.0,1.4896
gen1_2008_control,L2T-9048-Dodge VRS,501137.612,4879267.649,L2T,MN_SEDriftless_1_2021,ok,226671,100172,0.0,0.0,1,0.002312,0.004651,5,0.001285,0.002584,9,0.000889,0.001789,13,0.000399,0.000802,29,0.000143,0.000287,81,0.002312,2021-06-05 18:32,2021-06-05 18:49,0.011,data/derived/control_boxes/gen1_2008_control__L2T-9048-Dodge_VRS.laz,data/derived/control_structure/gen1_2008_control__L2T-9048-Dodge_VRS.npz,ok,3567,1258,0.0,5.4344
gen1_2008_control,L2T-9051-Dodge VRS,510484.196,4879092.656,L2T,MN_SEDriftless_1_2021,ok,204778,56322,0.130732,0.280207,1,0.08363,0.187057,5,0.078801,0.174594,9,0.103886,0.248043,13,0.107667,0.27018,29,0.119877,0.31107,81,0.051931,2021-06-05 18:34,2021-06-05 18:47,0.008,data/derived/control_boxes/gen1_2008_control__L2T-9051-Dodge_VRS.laz,data/derived/control_structure/gen1_2008_control__L2T-9051-Dodge_VRS.npz,ok,2212,533,0.0,5.1558
gen1_2008_control,L2T-9052-Dodge VRS,508582.078,4877609.188,L2T,MN_SEDriftless_1_2021,ok,117922,88854,0.0,0.0,1,0.0,0.0,5,0.0,0.0,9,0.0,0.0,13,0.0,0.0,29,0.00027,0.000546,81,0.00027,2021-06-05 19:14,2021-06-05 19:28,0.009,data/derived/control_boxes/gen1_2008_control__L2T-9052-Dodge_VRS.laz,data/derived/control_structure/gen1_2008_control__L2T-9052-Dodge_VRS.npz,ok,1647,1514,0.0,1.2076
gen1_2008_control,L2T-9059-Dodge VRS,502769.13,4867985.916,L2T,MN_SEDriftless_1_2021,ok,93057,84441,0.0,0.0,1,0.0,0.0,5,0.0,0.0,9,0.0,0.0,13,0.0,0.0,29,5.9e-05,0.000119,81,5.9e-05,2021-05-08 14:56,2021-05-08 14:57,0.0,data/derived/control_boxes/gen1_2008_control__L2T-9059-Dodge_VRS.laz,data/derived/control_structure/gen1_2008_control__L2T-9059-Dodge_VRS.npz,ok,1477,1459,0.0,1.6268
gen1_2008_control,L2T-9062-Dodge VRS,504807.846,4866368.829,L2T,MN_SEDriftless_1_2021,ok,184295,116393,0.0,0.0,1,0.0,0.0,5,0.0,0.0,9,0.0,0.0,13,0.0,0.0,29,0.0,0.0,81,0.0,2021-05-08 15:10,2021-05-08 15:29,0.014,data/derived/control_boxes/gen1_2008_control__L2T-9062-Dodge_VRS.laz,data/derived/control_structure/gen1_2008_control__L2T-9062-Dodge_VRS.npz,ok,2954,1945,0.0,0.705
gen1_2008_control,L2T-9078-Dodge VRS,524254.646,4863950.523,L2T,MN_SEDriftless_1_2021,ok,143675,106170,0.0,0.0,1,0.0,0.0,5,0.0,0.0,9,0.0,0.0,13,0.0,0.0,29,0.0,0.0,81,0.0,2021-05-08 15:38,2021-05-08 16:06,0.019,data/derived/control_boxes/gen1_2008_control__L2T-9078-Dodge_VRS.laz,data/derived/control_structure/gen1_2008_control__L2T-9078-Dodge_VRS.npz,ok,2837,1634,0.0,1.7401
gen1_2008_control,L2T-9099-Dodge VRS,497958.087,4861427.83,L2T,MN_SEDriftless_1_2021,ok,93067,67306,0.0,0.0,1,0.0,0.0,5,0.0,0.0,9,0.0,0.0,13,0.0,0.0,29,0.0,0.0,81,0.0,2021-05-08 16:33,2021-05-08 16:33,0.0,data/derived/control_boxes/gen1_2008_control__L2T-9099-Dodge_VRS.laz,data/derived/control_structure/gen1_2008_control__L2T-9099-Dodge_VRS.npz,ok,1477,1062,0.0,0.3501
gen1_2008_control,L2T-9100-Dodge VRS,497687.79,4859865.525,L2T,MN_SEDriftless_1_2021,ok,195499,126111,0.0,0.0,1,0.0,0.0,5,0.003644,0.007358,9,0.002523,0.005094,13,0.002847,0.005768,29,0.004457,0.0092,81,0.004457,2021-05-08 16:48,2021-05-08 17:05,0.012,data/derived/control_boxes/gen1_2008_control__L2T-9100-Dodge_VRS.laz,data/derived/control_structure/gen1_2008_control__L2T-9100-Dodge_VRS.npz,ok,2921,2095,0.0,4.2276
gen1_2008_control,L3B-9002-Dodge VRS,520801.785,4891911.169,L3B,MN_SEDriftless_1_2021,ok,122351,65223,0.16795,0.367725,1,0.24161,0.56598,5,0.295647,0.728506,9,0.24912,0.609639,13,0.20379,0.502761,29,0.167512,0.430449,81,0.128135,2021-04-22 16:59,2021-04-22 16:59,0.0,data/derived/control_boxes/gen1_2008_control__L3B-9002-Dodge_VRS.laz,data/derived/control_structure/gen1_2008_control__L3B-9002-Dodge_VRS.npz,ok,2418,652,0.0,3.6731
gen1_2008_control,L3B-9015-Dodge VRS,516414.505,4892066.758,L3B,MN_SEDriftless_1_2021,ok,183300,103244,0.123304,0.263191,1,0.080026,0.171332,5,0.054709,0.116576,9,0.056796,0.1211,13,0.045111,0.096772,29,0.02905,0.062715,81,0.094254,2021-04-22 16:58,2021-05-26 22:34,34.233,data/derived/control_boxes/gen1_2008_control__L3B-9015-Dodge_VRS.laz,data/derived/control_structure/gen1_2008_control__L3B-9015-Dodge_VRS.npz,ok,3952,1566,0.0,0.9482
gen1_2008_control,L3B-9017-Dodge VRS,519587.505,4892065.443,L3B,MN_SEDriftless_1_2021,ok,236623,106165,0.0,0.0,1,0.0,0.0,5,0.0,0.0,9,0.000166,0.000333,13,0.006779,0.014124,29,0.047133,0.109565,81,0.047133,2021-04-22 16:58,2021-05-26 22:35,34.233,data/derived/control_boxes/gen1_2008_control__L3B-9017-Dodge_VRS.laz,data/derived/control_structure/gen1_2008_control__L3B-9017-Dodge_VRS.npz,ok,3160,1729,0.0,3.9318
gen1_2008_control,L3B-9023-Dodge VRS,524552.242,4880918.499,L3B,MN_SEDriftless_1_2021,ok,135832,62541,0.03625,0.073847,1,0.060914,0.131664,5,0.096761,0.221398,9,0.085551,0.19409,13,0.103412,0.24097,29,0.107321,0.247915,81,0.071071,2021-06-05 18:02,2021-06-05 18:03,0.0,data/derived/control_boxes/gen1_2008_control__L3B-9023-Dodge_VRS.laz,data/derived/control_structure/gen1_2008_control__L3B-9023-Dodge_VRS.npz,ok,2496,861,0.0,1.7165
gen1_2008_control,L3B-9028-Dodge VRS,502777.95,4890367.769,L3B,MN_SEDriftless_1_2021,ok,290549,118543,0.39377,1.000991,1,0.248266,0.59834,5,0.171088,0.403275,9,0.163271,0.382786,13,0.117009,0.267284,29,0.126656,0.293826,81,0.276761,2021-04-22 17:09,2021-04-22 17:37,0.019,data/derived/control_boxes/gen1_2008_control__L3B-9028-Dodge_VRS.laz,data/derived/control_structure/gen1_2008_control__L3B-9028-Dodge_VRS.npz,ok,6710,1928,0.0,1.693
gen1_2008_control,L3B-9033-Dodge VRS,503593.207,4885670.591,L3B,MN_SEDriftless_1_2021,ok,98439,74612,0.396248,1.009184,1,0.332875,1.23846,5,0.311669,1.132682,9,0.277313,1.028725,13,0.212418,0.781496,29,0.131342,0.475949,81,0.264906,2021-05-26 23:09,2021-05-26 23:09,0.0,data/derived/control_boxes/gen1_2008_control__L3B-9033-Dodge_VRS.laz,data/derived/control_structure/gen1_2008_control__L3B-9033-Dodge_VRS.npz,ok,2001,634,0.0,2.2125
gen1_2008_control,L3B-9036-Dodge VRS,510443.053,4884683.773,L3B,MN_SEDriftless_1_2021,ok,115243,81398,0.0,0.0,1,0.0,0.0,5,0.011775,0.024893,9,0.008152,0.017234,13,0.018944,0.045359,29,0.097487,0.300053,81,0.097487,2021-05-26 23:22,2021-05-26 23:22,0.0,data/derived/control_boxes/gen1_2008_control__L3B-9036-Dodge_VRS.laz,data/derived/control_structure/gen1_2008_control__L3B-9036-Dodge_VRS.npz,ok,1620,1578,0.0,1.763
gen1_2008_control,L3B-9037-Dodge VRS,510505.107,4882652.096,L3B,MN_SEDriftless_1_2021,ok,179804,46368,0.140501,0.302811,1,0.261467,0.629781,5,0.300141,0.744892,9,0.303048,0.765136,13,0.313976,0.797251,29,0.33983,0.869053,81,0.199329,2021-06-05 17:24,2021-06-05 17:24,0.0,data/derived/control_boxes/gen1_2008_control__L3B-9037-Dodge_VRS.laz,data/derived/control_structure/gen1_2008_control__L3B-9037-Dodge_VRS.npz,ok,3188,777,0.0,2.3784
gen1_2008_control,L3B-9038-Dodge VRS,509654.226,4881639.276,L3B,MN_SEDriftless_1_2021,ok,121339,74091,0.002176,0.004357,1,0.052758,0.122187,5,0.048409,0.107791,9,0.072436,0.165384,13,0.086578,0.203515,29,0.100652,0.245926,81,0.098476,2021-06-05 17:54,2021-06-05 17:54,0.0,data/derived/control_boxes/gen1_2008_control__L3B-9038-Dodge_VRS.laz,data/derived/control_structure/gen1_2008_control__L3B-9038-Dodge_VRS.npz,ok,1877,1322,0.0,0.6526
gen1_2008_control,L3B-9044-Dodge VRS,504403.576,4881640.337,L3B,MN_SEDriftless_1_2021,ok,127283,74333,0.0,0.0,1,0.0,0.0,5,0.009998,0.020955,9,0.049003,0.112833,13,0.089113,0.218847,29,0.128385,0.334476,81,0.128385,2021-06-05 17:53,2021-06-05 17:53,0.0,data/derived/control_boxes/gen1_2008_control__L3B-9044-Dodge_VRS.laz,data/derived/control_structure/gen1_2008_control__L3B-9044-Dodge_VRS.npz,ok,1784,1053,0.0,0.1278
gen1_2008_control,L3B-9057-Dodge VRS,497921.97,4869549.33,L3B,MN_SEDriftless_1_2021,ok,182810,109559,0.0,0.0,1,0.0,0.0,5,0.000806,0.001618,9,0.000558,0.00112,13,0.00025,0.000502,29,0.001257,0.002537,81,0.001257,2021-05-08 14:23,2021-05-08 14:39,0.011,data/derived/control_boxes/gen1_2008_control__L3B-9057-Dodge_VRS.laz,data/derived/control_structure/gen1_2008_control__L3B-9057-Dodge_VRS.npz,ok,2681,1488,0.0,7.2118
gen1_2008_control,L3B-9060-Dodge VRS,499955.75,4867962.093,L3B,MN_SEDriftless_1_2021,ok,108699,81692,0.0,0.0,1,0.036112,0.078728,5,0.058189,0.131367,9,0.067035,0.149762,13,0.066985,0.151196,29,0.101223,0.25897,81,0.101223,2021-05-08 14:56,2021-05-08 14:56,0.0,data/derived/control_boxes/gen1_2008_control__L3B-9060-Dodge_VRS.laz,data/derived/control_structure/gen1_2008_control__L3B-9060-Dodge_VRS.npz,ok,1781,1284,0.0,3.2402
gen1_2008_control,L3B-9065-Dodge VRS,508866.925,4869570.862,L3B,MN_SEDriftless_1_2021,ok,209633,122893,0.0,0.0,1,0.059182,0.137666,5,0.044235,0.099993,9,0.033361,0.074747,13,0.026462,0.058339,29,0.040998,0.095034,81,0.059182,2021-05-08 14:25,2021-05-08 14:36,0.008,data/derived/control_boxes/gen1_2008_control__L3B-9065-Dodge_VRS.laz,data/derived/control_structure/gen1_2008_control__L3B-9065-Dodge_VRS.npz,ok,3573,2177,0.0,0.7249
gen1_2008_control,L3B-9067-Dodge VRS,507242.568,4871222.085,L3B,MN_SEDriftless_1_2021,ok,94374,80385,0.357909,0.886051,1,0.175764,0.42533,5,0.111828,0.266637,9,0.095162,0.224936,13,0.044103,0.103785,29,0.02256,0.052668,81,0.335349,2021-05-08 14:04,2021-05-08 14:04,0.0,data/derived/control_boxes/gen1_2008_control__L3B-9067-Dodge_VRS.laz,data/derived/control_structure/gen1_2008_control__L3B-9067-Dodge_VRS.npz,ok,1873,1047,0.0,1.8918
gen1_2008_control,L3B-9076-Dodge VRS,524660.202,4866371.941,L3B,MN_SEDriftless_1_2021,ok,194492,110192,0.626633,1.970389,1,0.449648,1.24465,5,0.344912,0.908898,9,0.284283,0.737613,13,0.155821,0.394475,29,0.089658,0.227566,81,0.536975,2021-05-08 15:06,2021-05-08 15:33,0.019,data/derived/control_boxes/gen1_2008_control__L3B-9076-Dodge_VRS.laz,data/derived/control_structure/gen1_2008_control__L3B-9076-Dodge_VRS.npz,ok,4697,740,0.0,0.4813
gen1_2008_control,L3B-9077-Dodge VRS,525522.02,4866323.408,L3B,MN_SEDriftless_4_2021,no points in the EPT box,,,,,,,,,,,,,,,,,,,,,,,,,,,,,,,
gen1_2008_control,L3B-9084-Dodge VRS,516130.451,4859817.206,L3B,MN_SEDriftless_1_2021,ok,233408,119145,0.215708,0.485947,1,0.145292,0.33307,5,0.128832,0.299484,9,0.149486,0.353765,13,0.123212,0.287054,29,0.112913,0.270203,81,0.102795,2021-05-08 16:45,2021-05-08 17:09,0.017,data/derived/control_boxes/gen1_2008_control__L3B-9084-Dodge_VRS.laz,data/derived/control_structure/gen1_2008_control__L3B-9084-Dodge_VRS.npz,ok,4277,1765,0.0,3.0355
gen1_2008_control,L3B-9090-Dodge VRS,505532.452,4858303.255,L3B,MN_SEDriftless_1_2021,ok,116841,81630,0.062563,0.129212,1,0.115058,0.267347,5,0.148252,0.361648,9,0.133072,0.321806,13,0.121554,0.297343,29,0.102319,0.249803,81,0.085689,2021-05-08 17:19,2021-05-08 17:20,0.0,data/derived/control_boxes/gen1_2008_control__L3B-9090-Dodge_VRS.laz,data/derived/control_structure/gen1_2008_control__L3B-9090-Dodge_VRS.npz,ok,2255,1227,0.0,2.1051
gen1_2008_control,L3B-9102-Dodge VRS,516833.643,4856714.065,L3B,MN_SEDriftless_1_2021,ok,207501,135364,0.352782,0.870144,1,0.224083,0.557773,5,0.175931,0.440274,9,0.151013,0.378089,13,0.11147,0.276999,29,0.077731,0.190744,81,0.275051,2021-05-08 17:50,2021-05-08 17:58,0.006,data/derived/control_boxes/gen1_2008_control__L3B-9102-Dodge_VRS.laz,data/derived/control_structure/gen1_2008_control__L3B-9102-Dodge_VRS.npz,ok,5287,1664,0.0,1.9795
gen1_2008_control,L4F-1092-Olmsted VRS,527536.241,4861513.426,L4F,MN_SEDriftless_4_2021,ok,438488,161932,0.084653,0.176905,1,0.191442,0.440019,5,0.216394,0.50002,9,0.236712,0.552206,13,0.221132,0.519677,29,0.165652,0.387845,81,0.152059,2022-05-06 18:39,2022-05-06 19:06,0.019,data/derived/control_boxes/gen1_2008_control__L4F-1092-Olmsted_VRS.laz,data/derived/control_structure/gen1_2008_control__L4F-1092-Olmsted_VRS.npz,ok,10226,1794,0.0,1.7543
gen1_2008_control,L4F-9001-Dodge VRS,523249.832,4892719.974,L4F,MN_SEDriftless_1_2021,ok,124015,58761,0.630402,1.99068,1,0.617581,1.932786,5,0.612629,1.929074,9,0.545442,1.705903,13,0.404339,1.214347,29,0.271123,0.839885,81,0.359279,2021-05-26 22:35,2021-05-26 22:35,0.0,data/derived/control_boxes/gen1_2008_control__L4F-9001-Dodge_VRS.laz,data/derived/control_structure/gen1_2008_control__L4F-9001-Dodge_VRS.npz,ok,3486,239,0.0,2.6484
gen1_2008_control,L4F-9005-Dodge VRS,520155.942,4880841.573,L4F,MN_SEDriftless_1_2021,ok,168969,66568,0.729263,2.613216,1,0.610307,2.055513,5,0.53921,1.713093,9,0.518872,1.750834,13,0.440238,1.499195,29,0.383891,1.400344,81,0.345372,2021-06-05 18:03,2021-06-05 18:04,0.0,data/derived/control_boxes/gen1_2008_control__L4F-9005-Dodge_VRS.laz,data/derived/control_structure/gen1_2008_control__L4F-9005-Dodge_VRS.npz,ok,2841,349,0.0,13.2123
gen1_2008_control,L4F-9008-Dodge VRS,518442.432,4879561.053,L4F,MN_SEDriftless_1_2021,ok,176177,38660,0.648673,2.092073,1,0.557097,1.734687,5,0.523146,1.603986,9,0.524358,1.712047,13,0.491145,1.675874,29,0.455477,1.534606,81,0.193196,2021-06-05 18:36,2021-06-05 18:36,0.0,data/derived/control_boxes/gen1_2008_control__L4F-9008-Dodge_VRS.laz,data/derived/control_structure/gen1_2008_control__L4F-9008-Dodge_VRS.npz,ok,3042,318,0.0,7.0165
gen1_2008_control,L4F-9011-Dodge VRS,514478.543,4888052.928,L4F,MN_SEDriftless_1_2021,ok,237700,101081,0.157605,0.343012,1,0.09016,0.195404,5,0.10227,0.228152,9,0.101607,0.228679,13,0.162631,0.417667,29,0.196665,0.512771,81,0.106505,2021-04-22 17:48,2021-04-22 18:21,0.023,data/derived/control_boxes/gen1_2008_control__L4F-9011-Dodge_VRS.laz,data/derived/control_structure/gen1_2008_control__L4F-9011-Dodge_VRS.npz,ok,4053,1988,0.0,3.6197
gen1_2008_control,L4F-9014-Dodge VRS,514983.391,4891982.557,L4F,MN_SEDriftless_1_2021,ok,119793,85054,0.376491,0.944783,1,0.328074,0.876391,5,0.262857,0.691424,9,0.267827,0.720509,13,0.220645,0.575361,29,0.142325,0.353606,81,0.234166,2021-04-22 16:58,2021-04-22 16:58,0.0,data/derived/control_boxes/gen1_2008_control__L4F-9014-Dodge_VRS.laz,data/derived/control_structure/gen1_2008_control__L4F-9014-Dodge_VRS.npz,ok,2969,995,0.0,2.9142
gen1_2008_control,L4F-9016-Dodge VRS,517822.186,4892058.06,L4F,MN_SEDriftless_1_2021,ok,230171,88300,0.396906,1.011366,1,0.366108,0.944561,5,0.346298,0.90147,9,0.326544,0.857938,13,0.276911,0.745732,29,0.216421,0.591439,81,0.180485,2021-04-22 16:58,2021-05-26 22:34,34.233,data/derived/control_boxes/gen1_2008_control__L4F-9016-Dodge_VRS.laz,data/derived/control_structure/gen1_2008_control__L4F-9016-Dodge_VRS.npz,ok,6654,1107,0.0,0.5897
gen1_2008_control,L4F-9026-Dodge VRS,499523.796,4891289.608,L4F,MN_SEDriftless_1_2021,ok,251678,139897,0.202724,0.453109,1,0.174449,0.393047,5,0.170898,0.384374,9,0.179888,0.405488,13,0.155563,0.348102,29,0.122633,0.274774,81,0.080091,2021-04-22 16:54,2021-04-22 17:10,0.011,data/derived/control_boxes/gen1_2008_control__L4F-9026-Dodge_VRS.laz,data/derived/control_structure/gen1_2008_control__L4F-9026-Dodge_VRS.npz,ok,5272,1946,0.0,0.7385
gen1_2008_control,L4F-9032-Dodge VRS,504394.882,4887285.509,L4F,MN_SEDriftless_1_2021,ok,252854,100091,0.006911,0.01387,1,0.124714,0.326249,5,0.148642,0.39411,9,0.157843,0.422724,13,0.154088,0.41285,29,0.143701,0.387519,81,0.150932,2021-04-22 18:19,2021-05-26 22:45,34.185,data/derived/control_boxes/gen1_2008_control__L4F-9032-Dodge_VRS.laz,data/derived/control_structure/gen1_2008_control__L4F-9032-Dodge_VRS.npz,ok,4451,1394,0.0,3.3565
gen1_2008_control,L4F-9040-Dodge VRS,507168.768,4881646.643,L4F,MN_SEDriftless_1_2021,ok,121813,77949,0.0,0.0,1,0.0,0.0,5,0.0,0.0,9,0.007395,0.015551,13,0.030889,0.095424,29,0.069575,0.183165,81,0.069575,2021-06-05 17:53,2021-06-05 17:54,0.0,data/derived/control_boxes/gen1_2008_control__L4F-9040-Dodge_VRS.laz,data/derived/control_structure/gen1_2008_control__L4F-9040-Dodge_VRS.npz,ok,1634,1372,0.0,2.8506
gen1_2008_control,L4F-9042-Dodge VRS,505256.781,4881662.726,L4F,MN_SEDriftless_1_2021,ok,137119,73004,0.353744,0.873119,1,0.287454,0.799174,5,0.246896,0.785358,9,0.252429,0.780311,13,0.220148,0.679873,29,0.211448,0.687559,81,0.142296,2021-06-05 17:53,2021-06-05 17:53,0.0,data/derived/control_boxes/gen1_2008_control__L4F-9042-Dodge_VRS.laz,data/derived/control_structure/gen1_2008_control__L4F-9042-Dodge_VRS.npz,ok,2354,1073,0.0,2.1727
gen1_2008_control,L4F-9049-Dodge VRS,502960.728,4879261.385,L4F,MN_SEDriftless_1_2021,ok,356048,63317,0.670688,2.2215,1,0.563528,1.95824,5,0.498158,1.756109,9,0.525128,1.936319,13,0.473343,1.739706,29,0.443899,1.640873,81,0.226789,2021-06-05 18:33,2021-06-05 18:48,0.011,data/derived/control_boxes/gen1_2008_control__L4F-9049-Dodge_VRS.laz,data/derived/control_structure/gen1_2008_control__L4F-9049-Dodge_VRS.npz,ok,5804,723,0.0,1.0484
gen1_2008_control,L4F-9056-Dodge VRS,498915.392,4871974.762,L4F,MN_SEDriftless_1_2021,ok,147579,45339,0.0,0.0,1,0.15739,0.430181,5,0.185964,0.526498,9,0.233907,0.73247,13,0.260708,0.837417,29,0.254657,0.82891,81,0.260708,2021-06-05 21:24,2021-06-05 21:24,0.0,data/derived/control_boxes/gen1_2008_control__L4F-9056-Dodge_VRS.laz,data/derived/control_structure/gen1_2008_control__L4F-9056-Dodge_VRS.npz,ok,2190,841,0.0,3.8282
gen1_2008_control,L4F-9061-Dodge VRS,502812.786,4865098.091,L4F,MN_SEDriftless_1_2021,ok,256053,98621,0.33924,0.828728,1,0.269548,0.732017,5,0.265107,0.713267,9,0.264639,0.729238,13,0.220752,0.60188,29,0.179108,0.49583,81,0.160132,2021-05-08 15:29,2021-05-08 15:43,0.01,data/derived/control_boxes/gen1_2008_control__L4F-9061-Dodge_VRS.laz,data/derived/control_structure/gen1_2008_control__L4F-9061-Dodge_VRS.npz,ok,5202,1335,0.0,3.5135
gen1_2008_control,L4F-9064-Dodge VRS,511044.374,4866351.293,L4F,MN_SEDriftless_1_2021,ok,213664,119055,0.0,0.0,1,0.037823,0.083852,5,0.028807,0.062746,9,0.059005,0.136227,13,0.070422,0.170636,29,0.086625,0.279814,81,0.086625,2021-05-08 15:08,2021-05-08 15:31,0.015,data/derived/control_boxes/gen1_2008_control__L4F-9064-Dodge_VRS.laz,data/derived/control_structure/gen1_2008_control__L4F-9064-Dodge_VRS.npz,ok,3298,2137,0.0,0.6823
gen1_2008_control,L4F-9068-Dodge VRS,507599.824,4875177.197,L4F,MN_SEDriftless_1_2021,ok,170914,50676,0.412955,1.065309,1,0.389361,1.085477,5,0.347714,0.938593,9,0.367842,1.027632,13,0.346483,1.042046,29,0.315219,1.075329,81,0.097736,2021-06-10 12:28,2021-06-10 12:53,0.017,data/derived/control_boxes/gen1_2008_control__L4F-9068-Dodge_VRS.laz,data/derived/control_structure/gen1_2008_control__L4F-9068-Dodge_VRS.npz,ok,2840,659,0.0,4.2285
gen1_2008_control,L4F-9072-Dodge VRS,520954.364,4871464.483,L4F,MN_SEDriftless_1_2021,ok,342065,80374,0.382355,0.963683,1,0.34978,0.884053,5,0.328192,0.825664,9,0.303029,0.780262,13,0.261275,0.682079,29,0.219653,0.566471,81,0.162702,2021-05-08 14:01,2021-06-05 21:29,28.311,data/derived/control_boxes/gen1_2008_control__L4F-9072-Dodge_VRS.laz,data/derived/control_structure/gen1_2008_control__L4F-9072-Dodge_VRS.npz,ok,6525,1168,0.0,1.9841
gen1_2008_control,L4F-9079-Dodge VRS,524198.82,4862397.986,L4F,MN_SEDriftless_1_2021,ok,144173,76625,0.371442,0.928654,1,0.229688,0.566024,5,0.220615,0.546289,9,0.210308,0.51881,13,0.196765,0.496327,29,0.184756,0.461993,81,0.186686,2021-05-08 16:10,2021-05-08 16:11,0.0,data/derived/control_boxes/gen1_2008_control__L4F-9079-Dodge_VRS.laz,data/derived/control_structure/gen1_2008_control__L4F-9079-Dodge_VRS.npz,ok,2618,1089,0.0,4.1651
gen1_2008_control,L4F-9082-Dodge VRS,522616.484,4855790.946,L4F,MN_SEDriftless_1_2021,ok,330123,98208,0.0,0.0,1,0.080858,0.207201,5,0.12207,0.304692,9,0.127743,0.327936,13,0.151104,0.389022,29,0.189062,0.50901,81,0.189062,2021-05-08 17:56,2021-05-08 18:31,0.024,data/derived/control_boxes/gen1_2008_control__L4F-9082-Dodge_VRS.laz,data/derived/control_structure/gen1_2008_control__L4F-9082-Dodge_VRS.npz,ok,4466,1691,0.0,0.8231
gen1_2008_control,L4F-9089-Dodge VRS,508895.583,4858324.926,L4F,MN_SEDriftless_1_2021,ok,130758,71220,0.031899,0.064838,1,0.088315,0.220036,5,0.120356,0.296353,9,0.131598,0.337041,13,0.134149,0.351369,29,0.108,0.277622,81,0.10225,2021-05-08 17:19,2021-05-08 17:19,0.0,data/derived/control_boxes/gen1_2008_control__L4F-9089-Dodge_VRS.laz,data/derived/control_structure/gen1_2008_control__L4F-9089-Dodge_VRS.npz,ok,2669,917,0.0,0.1718
gen1_2008_control,L4F-9091-Dodge VRS,501417.954,4858245.999,L4F,MN_SEDriftless_1_2021,ok,151923,59980,0.038695,0.078927,1,0.105058,0.249845,5,0.167803,0.442325,9,0.164812,0.426089,13,0.172999,0.442548,29,0.162382,0.421032,81,0.134304,2021-05-08 17:20,2021-05-08 17:21,0.0,data/derived/control_boxes/gen1_2008_control__L4F-9091-Dodge_VRS.laz,data/derived/control_structure/gen1_2008_control__L4F-9091-Dodge_VRS.npz,ok,1967,1066,0.0,3.0218
gen1_2008_control,L4F-9095-Dodge VRS,502401.331,4856632.322,L4F,MN_SEDriftless_1_2021,ok,213198,84218,0.067286,0.139314,1,0.17388,0.457694,5,0.196488,0.520804,9,0.186999,0.491629,13,0.201748,0.534797,29,0.177335,0.466556,81,0.134462,2021-05-08 17:47,2021-05-08 18:01,0.01,data/derived/control_boxes/gen1_2008_control__L4F-9095-Dodge_VRS.laz,data/derived/control_structure/gen1_2008_control__L4F-9095-Dodge_VRS.npz,ok,2599,1260,0.0,1.5308
gen1_2008_control,L4F-9101-Dodge VRS,508282.023,4856702.653,L4F,MN_SEDriftless_1_2021,ok,293065,110901,0.375157,0.940511,1,0.288423,0.728229,5,0.245656,0.611001,9,0.223541,0.555712,13,0.169713,0.422333,29,0.130422,0.326088,81,0.244735,2021-05-08 17:48,2021-05-08 18:00,0.008,data/derived/control_boxes/gen1_2008_control__L4F-9101-Dodge_VRS.laz,data/derived/control_structure/gen1_2008_control__L4F-9101-Dodge_VRS.npz,ok,6588,1593,0.0,0.7056
gen1_2008_control,L5U-1008-Olmsted VRS,526589.86,4883106.233,L5U,MN_SEDriftless_4_2021,ok,602251,187557,0.0,0.0,1,0.034654,0.075978,5,0.074686,0.172017,9,0.100468,0.240445,13,0.18609,0.55198,29,0.24731,0.770638,81,0.24731,2022-05-15 15:29,2022-05-15 16:02,0.022,data/derived/control_boxes/gen1_2008_control__L5U-1008-Olmsted_VRS.laz,data/derived/control_structure/gen1_2008_control__L5U-1008-Olmsted_VRS.npz,ok,9002,3333,0.0,0.5958
gen1_2008_control,L5U-4115-Steele RTK,495923.423,4857068.121,L5U,MN_SEDriftless_1_2021,ok,131248,43345,0.0,0.0,1,0.0,0.0,5,0.0,0.0,9,0.005155,0.010671,13,0.038158,0.134294,29,0.110916,0.408909,81,0.110916,2021-05-08 17:45,2021-05-08 18:02,0.012,data/derived/control_boxes/gen1_2008_control__L5U-4115-Steele_RTK.laz,data/derived/control_structure/gen1_2008_control__L5U-4115-Steele_RTK.npz,ok,1467,958,0.0,0.4327
gen1_2008_control,L5U-9006-Dodge VRS,519664.821,4879501.009,L5U,MN_SEDriftless_1_2021,ok,164050,55385,0.0,0.0,1,0.045709,0.098313,5,0.106376,0.275135,9,0.169027,0.66449,13,0.236333,0.929124,29,0.267437,0.847691,81,0.267437,2021-06-05 18:36,2021-06-05 18:44,0.006,data/derived/control_boxes/gen1_2008_control__L5U-9006-Dodge_VRS.laz,data/derived/control_structure/gen1_2008_control__L5U-9006-Dodge_VRS.npz,ok,1805,969,0.0,1.3124
gen1_2008_control,L5U-9007-Dodge VRS,519237.572,4879363.102,L5U,MN_SEDriftless_1_2021,ok,274013,77115,0.048139,0.098672,1,0.10082,0.227303,5,0.145129,0.460216,9,0.120893,0.363923,13,0.146984,0.513075,29,0.15712,0.500662,81,0.108981,2021-06-05 18:36,2021-06-05 18:44,0.006,data/derived/control_boxes/gen1_2008_control__L5U-9007-Dodge_VRS.laz,data/derived/control_structure/gen1_2008_control__L5U-9007-Dodge_VRS.npz,ok,3444,1171,0.0,1.0297
gen1_2008_control,L5U-9020-Dodge VRS,524083.716,4886347.79,L5U,MN_SEDriftless_1_2021,ok,206590,108232,0.102674,0.216671,1,0.185698,0.503698,5,0.244005,0.828281,9,0.195492,0.631845,13,0.210321,0.802404,29,0.121146,0.405501,81,0.141331,2021-05-26 22:41,2021-05-26 23:14,0.023,data/derived/control_boxes/gen1_2008_control__L5U-9020-Dodge_VRS.laz,data/derived/control_structure/gen1_2008_control__L5U-9020-Dodge_VRS.npz,ok,3420,1426,0.0,1.8968
gen1_2008_control,L5U-9021-Dodge VRS,520680.604,4884796.005,L5U,MN_SEDriftless_1_2021,ok,115783,75513,0.002245,0.004494,1,0.04298,0.096031,5,0.120052,0.305527,9,0.1108,0.279764,13,0.147802,0.396146,29,0.177119,0.510279,81,0.174874,2021-05-26 23:20,2021-05-26 23:20,0.0,data/derived/control_boxes/gen1_2008_control__L5U-9021-Dodge_VRS.laz,data/derived/control_structure/gen1_2008_control__L5U-9021-Dodge_VRS.npz,ok,1772,1013,0.0,1.6433
gen1_2008_control,L5U-9029-Dodge VRS,508087.435,4888711.212,L5U,MN_SEDriftless_1_2021,ok,102403,69532,0.0,0.0,1,0.0,0.0,5,0.089208,0.228102,9,0.062349,0.1591,13,0.117973,0.324982,29,0.145976,0.436948,81,0.145976,2021-04-22 17:50,2021-04-22 17:50,0.0,data/derived/control_boxes/gen1_2008_control__L5U-9029-Dodge_VRS.laz,data/derived/control_structure/gen1_2008_control__L5U-9029-Dodge_VRS.npz,ok,1814,1471,0.0,1.4119
gen1_2008_control,L5U-9030-Dodge VRS,507924.607,4888413.343,L5U,MN_SEDriftless_1_2021,ok,167571,84233,0.0,0.0,1,0.075097,0.186919,5,0.103602,0.260331,9,0.140168,0.381608,13,0.152028,0.409517,29,0.163825,0.545853,81,0.163825,2021-04-22 17:50,2021-04-22 18:19,0.021,data/derived/control_boxes/gen1_2008_control__L5U-9030-Dodge_VRS.laz,data/derived/control_structure/gen1_2008_control__L5U-9030-Dodge_VRS.npz,ok,1993,1637,0.0,1.9966
gen1_2008_control,L5U-9041-Dodge VRS,507176.539,4881679.174,L5U,MN_SEDriftless_1_2021,ok,129303,69552,0.31854,0.767036,1,0.2343,0.636219,5,0.214814,0.552803,9,0.163822,0.414529,13,0.169046,0.453405,29,0.153546,0.428302,81,0.164994,2021-06-05 17:53,2021-06-05 17:54,0.0,data/derived/control_boxes/gen1_2008_control__L5U-9041-Dodge_VRS.laz,data/derived/control_structure/gen1_2008_control__L5U-9041-Dodge_VRS.npz,ok,2404,1128,0.0,2.3889
gen1_2008_control,L5U-9053-Dodge VRS,500348.636,4876834.561,L5U,MN_SEDriftless_1_2021,ok,135895,66479,0.0,0.0,1,0.006035,0.012256,5,0.003969,0.008043,9,0.020344,0.045528,13,0.053183,0.231589,29,0.10702,0.423989,81,0.10702,2021-06-05 19:29,2021-06-05 19:30,0.0,data/derived/control_boxes/gen1_2008_control__L5U-9053-Dodge_VRS.laz,data/derived/control_structure/gen1_2008_control__L5U-9053-Dodge_VRS.npz,ok,1915,1521,0.0,0.7872
gen1_2008_control,L5U-9054-Dodge VRS,500156.121,4876760.244,L5U,MN_SEDriftless_1_2021,ok,123904,75859,0.0,0.0,1,0.048684,0.111579,5,0.048167,0.108478,9,0.083252,0.212085,13,0.087574,0.272357,29,0.080924,0.262444,81,0.087574,2021-06-05 19:29,2021-06-05 19:30,0.0,data/derived/control_boxes/gen1_2008_control__L5U-9054-Dodge_VRS.laz,data/derived/control_structure/gen1_2008_control__L5U-9054-Dodge_VRS.npz,ok,2040,1133,0.0,1.1907
gen1_2008_control,L5U-9066-Dodge VRS,508040.731,4869558.512,L5U,MN_SEDriftless_1_2021,ok,199356,105365,0.0,0.0,1,0.0,0.0,5,0.0,0.0,9,0.005821,0.012105,13,0.038259,0.089314,29,0.106028,0.401667,81,0.106028,2021-05-08 14:25,2021-05-08 14:37,0.008,data/derived/control_boxes/gen1_2008_control__L5U-9066-Dodge_VRS.laz,data/derived/control_structure/gen1_2008_control__L5U-9066-Dodge_VRS.npz,ok,2974,2018,0.0,1.2724
gen1_2008_control,L5U-9069-Dodge VRS,511257.643,4874968.824,L5U,MN_SEDriftless_1_2021,ok,106727,60959,0.055533,0.114268,1,0.170454,0.55882,5,0.244487,0.822504,9,0.176542,0.584582,13,0.201625,0.714143,29,0.176478,0.638072,81,0.188954,2021-06-10 12:54,2021-06-10 12:54,0.0,data/derived/control_boxes/gen1_2008_control__L5U-9069-Dodge_VRS.laz,data/derived/control_structure/gen1_2008_control__L5U-9069-Dodge_VRS.npz,ok,1636,760,0.0,0.7902
gen1_2008_control,L5U-9070-Dodge VRS,511670.425,4875010.033,L5U,MN_SEDriftless_1_2021,ok,98144,46628,0.207258,0.464514,1,0.285278,0.891454,5,0.32223,1.092003,9,0.263655,0.846145,13,0.211657,0.734722,29,0.208059,0.71468,81,0.114972,2021-06-10 12:54,2021-06-10 12:54,0.0,data/derived/control_boxes/gen1_2008_control__L5U-9070-Dodge_VRS.laz,data/derived/control_structure/gen1_2008_control__L5U-9070-Dodge_VRS.npz,ok,1591,830,0.0,2.0013
gen1_2008_control,L5U-9071-Dodge VRS,520133.324,4875189.277,L5U,MN_SEDriftless_1_2021,ok,192959,55034,0.0,0.0,1,0.123635,0.385117,5,0.209566,0.662013,9,0.145792,0.459735,13,0.184382,0.60898,29,0.179101,0.593538,81,0.209566,2021-06-10 12:26,2021-06-10 12:56,0.021,data/derived/control_boxes/gen1_2008_control__L5U-9071-Dodge_VRS.laz,data/derived/control_structure/gen1_2008_control__L5U-9071-Dodge_VRS.npz,ok,3425,829,0.0,2.7343
gen1_2008_control,L5U-9085-Dodge VRS,512300.212,4859728.233,L5U,MN_SEDriftless_1_2021,ok,101481,54942,0.0,0.0,1,0.023266,0.049468,5,0.026182,0.054907,9,0.087907,0.403673,13,0.114236,0.419126,29,0.10874,0.361404,81,0.114236,2021-05-08 17:08,2021-05-08 17:08,0.0,data/derived/control_boxes/gen1_2008_control__L5U-9085-Dodge_VRS.laz,data/derived/control_structure/gen1_2008_control__L5U-9085-Dodge_VRS.npz,ok,1590,1415,0.0,0.6559
gen1_2008_control,L5U-9086-Dodge VRS,512339.11,4859627.665,L5U,MN_SEDriftless_1_2021,ok,120295,55753,0.0,0.0,1,0.0,0.0,5,0.0,0.0,9,0.013497,0.029683,13,0.03523,0.088328,29,0.101344,0.315914,81,0.101344,2021-05-08 17:08,2021-05-08 17:08,0.0,data/derived/control_boxes/gen1_2008_control__L5U-9086-Dodge_VRS.laz,data/derived/control_structure/gen1_2008_control__L5U-9086-Dodge_VRS.npz,ok,1508,1456,0.0,2.1559
gen1_2008_control,L5U-9087-Dodge VRS,512954.998,4859541.958,L5U,MN_SEDriftless_1_2021,ok,106968,58477,0.0,0.0,1,0.0,0.0,5,0.0,0.0,9,0.027657,0.060986,13,0.070198,0.156883,29,0.142281,0.421585,81,0.142281,2021-05-08 17:08,2021-05-08 17:09,0.0,data/derived/control_boxes/gen1_2008_control__L5U-9087-Dodge_VRS.laz,data/derived/control_structure/gen1_2008_control__L5U-9087-Dodge_VRS.npz,ok,1491,1412,0.0,2.7763
gen1_2008_control,FSA Target 1 Spring Valley-2401 Fillmore VRS,549295.58,4827854.474,other,MN_SEDriftless_3_2021,ok,183657,127921,0.0,0.0,1,0.0,0.0,5,0.0,0.0,9,0.0,0.0,13,0.000323,0.000649,29,0.002899,0.005895,81,0.002899,2022-05-06 20:47,2022-05-06 21:05,0.012,data/derived/control_boxes/gen1_2008_control__FSA_Target_1_Spring_Valley-2401_Fillmore_VRS.laz,data/derived/control_structure/gen1_2008_control__FSA_Target_1_Spring_Valley-2401_Fillmore_VRS.npz,ok,1839,1558,0.0,0.9634
gen1_2008_control,FSA Target 2 Fillmore-2402 Fillmore VRS,557400.54,4821491.905,other,MN_SEDriftless_3_2021,ok,259800,171897,0.0,0.0,1,0.0,0.0,5,0.0,0.0,9,0.0,0.0,13,0.000396,0.000797,29,0.000527,0.001062,81,0.000527,2022-04-27 18:09,2022-04-27 18:34,0.017,data/derived/control_boxes/gen1_2008_control__FSA_Target_2_Fillmore-2402_Fillmore_VRS.laz,data/derived/control_structure/gen1_2008_control__FSA_Target_2_Fillmore-2402_Fillmore_VRS.npz,ok,3571,2610,0.0,1.1792
gen1_2008_control,FSA Target 3 Fillmore-2403 Fillmore VRS,573554.979,4821636.801,other,MN_SEDriftless_3_2021,no points in the EPT box,,,,,,,,,,,,,,,,,,,,,,,,,,,,,,,
gen1_2008_control,FSA Target 4 Fillmore-2404 Fillmore VRS,589597.327,4827442.413,other,MN_SEDriftless_2_2021,ok,215639,163491,0.0,0.0,1,0.0,0.0,5,0.0,0.0,9,0.0,0.0,13,3.7e-05,7.5e-05,29,0.001198,0.002422,81,0.001198,2022-05-07 14:25,2022-05-07 14:49,0.017,data/derived/control_boxes/gen1_2008_control__FSA_Target_4_Fillmore-2404_Fillmore_VRS.laz,data/derived/control_structure/gen1_2008_control__FSA_Target_4_Fillmore-2404_Fillmore_VRS.npz,ok,3240,2433,0.0,4.0229
gen1_2008_control,FSA Target 601 Spring Valley-2601 Fillmore VRS,549629.466,4837580.699,other,MN_SEDriftless_3_2021,ok,101989,78280,0.015965,0.032187,1,0.00678,0.013645,5,0.004014,0.008076,9,0.00365,0.007343,13,0.003201,0.006441,29,0.012324,0.026823,81,0.012764,2022-05-06 23:25,2022-05-06 23:25,0.0,data/derived/control_boxes/gen1_2008_control__FSA_Target_601_Spring_Valley-2601_Fillmore_VRS.laz,data/derived/control_structure/gen1_2008_control__FSA_Target_601_Spring_Valley-2601_Fillmore_VRS.npz,ok,1575,1521,0.0,2.0485
gen1_2008_control,FSA Target 602 Preston-2602 Fillmore VRS,575354.156,4835965.66,other,MN_SEDriftless_2_2021,ok,408700,226223,0.0,0.0,1,0.0,0.0,5,0.0,0.0,9,0.0,0.0,13,0.0,0.0,29,0.017364,0.041086,81,0.017364,2022-05-06 23:01,2022-05-07 16:56,0.746,data/derived/control_boxes/gen1_2008_control__FSA_Target_602_Preston-2602_Fillmore_VRS.laz,data/derived/control_structure/gen1_2008_control__FSA_Target_602_Preston-2602_Fillmore_VRS.npz,ok,6959,4080,0.0,0.9075
gen1_2008_control,L1O-2108 Fillmore VRS,592962.471,4818184.627,L1O,MN_SEDriftless_2_2021,ok,265013,184176,0.001,0.002,1,0.002767,0.005547,5,0.002272,0.004553,9,0.002558,0.005126,13,0.002389,0.004787,29,0.003882,0.007796,81,0.002882,2022-04-27 16:47,2022-04-27 17:30,0.03,data/derived/control_boxes/gen1_2008_control__L1O-2108_Fillmore_VRS.laz,data/derived/control_structure/gen1_2008_control__L1O-2108_Fillmore_VRS.npz,ok,6548,4387,0.0,0.5256
gen1_2008_control,L1O-2124 Fillmore VRS,575957.556,4821660.581,L1O,MN_SEDriftless_2_2021,ok,102259,94404,0.0,0.0,1,0.0,0.0,5,0.0,0.0,9,0.0,0.0,13,7.3e-05,0.000145,29,0.004412,0.009191,81,0.004412,2022-04-27 18:28,2022-04-27 18:28,0.0,data/derived/control_boxes/gen1_2008_control__L1O-2124_Fillmore_VRS.laz,data/derived/control_structure/gen1_2008_control__L1O-2124_Fillmore_VRS.npz,ok,1623,1554,0.0,0.2873
gen1_2008_control,L1O-2131 Fillmore VRS,567101.095,4821587.429,L1O,MN_SEDriftless_3_2021,ok,120572,80356,0.0,0.0,1,0.0,0.0,5,0.0,0.0,9,0.0,0.0,13,0.002831,0.005896,29,0.0613,0.17999,81,0.0613,2022-04-27 18:31,2022-04-27 18:31,0.0,data/derived/control_boxes/gen1_2008_control__L1O-2131_Fillmore_VRS.laz,data/derived/control_structure/gen1_2008_control__L1O-2131_Fillmore_VRS.npz,ok,1582,1414,0.0,0.5137
gen1_2008_control,L1O-2314 Fillmore VRS,558725.814,4839209.73,L1O,MN_SEDriftless_3_2021,ok,116779,102462,0.0,0.0,1,0.0,0.0,5,0.0,0.0,9,0.0,0.0,13,0.000128,0.000257,29,0.000537,0.001083,81,0.000537,2022-05-07 00:02,2022-05-07 00:02,0.0,data/derived/control_boxes/gen1_2008_control__L1O-2314_Fillmore_VRS.laz,data/derived/control_structure/gen1_2008_control__L1O-2314_Fillmore_VRS.npz,ok,1828,1715,0.0,0.1794
gen1_2008_control,L1O-2320 Fillmore VRS,573303.266,4836382.522,L1O,MN_SEDriftless_3_2021,no points in the EPT box,,,,,,,,,,,,,,,,,,,,,,,,,,,,,,,
gen1_2008_control,L1O-2323 Fillmore VRS,574535.55,4835767.761,L1O,MN_SEDriftless_2_2021,ok,553036,308750,0.0,0.0,1,0.000295,0.00059,5,0.000203,0.000407,9,0.000166,0.000332,13,0.000265,0.00053,29,0.012122,0.026178,81,0.012122,2022-05-06 22:58,2022-05-07 16:56,0.748,data/derived/control_boxes/gen1_2008_control__L1O-2323_Fillmore_VRS.laz,data/derived/control_structure/gen1_2008_control__L1O-2323_Fillmore_VRS.npz,ok,9141,5252,0.0,0.9012
gen1_2008_control,L1O-2326 Fillmore VRS,582223.346,4840793.88,L1O,MN_SEDriftless_2_2021,ok,102668,95308,0.0,0.0,1,0.0,0.0,5,0.0,0.0,9,0.0,0.0,13,7.3e-05,0.000145,29,2.6e-05,5.2e-05,81,7.3e-05,2022-05-07 17:42,2022-05-07 17:42,0.0,data/derived/control_boxes/gen1_2008_control__L1O-2326_Fillmore_VRS.laz,data/derived/control_structure/gen1_2008_control__L1O-2326_Fillmore_VRS.npz,ok,1558,1508,0.0,0.1545
gen1_2008_control,L1O-2327 Fillmore VRS,599681.51,4850833.425,L1O,MN_SEDriftless_2_2021,ok,105381,86277,0.0,0.0,1,0.0,0.0,5,0.0,0.0,9,0.000515,0.001033,13,0.000231,0.000463,29,0.000168,0.000338,81,0.000515,2021-04-25 17:00,2021-04-25 17:00,0.0,data/derived/control_boxes/gen1_2008_control__L1O-2327_Fillmore_VRS.laz,data/derived/control_structure/gen1_2008_control__L1O-2327_Fillmore_VRS.npz,ok,1534,1334,0.0,1.0718
gen1_2008_control,L1O-2334 Fillmore VRS,601977.219,4849730.005,L1O,MN_SEDriftless_2_2021,ok,124929,95339,0.0,0.0,1,0.0,0.0,5,0.0,0.0,9,0.0,0.0,13,0.0,0.0,29,0.0,0.0,81,0.0,2021-04-30 15:44,2021-04-30 16:05,0.015,data/derived/control_boxes/gen1_2008_control__L1O-2334_Fillmore_VRS.laz,data/derived/control_structure/gen1_2008_control__L1O-2334_Fillmore_VRS.npz,ok,1603,1451,0.0,1.465
gen1_2008_control,L1O-2340 Fillmore VRS,600701.735,4851370.174,L1O,MN_SEDriftless_2_2021,ok,90717,70733,0.0,0.0,1,0.0,0.0,5,0.0,0.0,9,0.0,0.0,13,0.0,0.0,29,0.0,0.0,81,0.0,2021-04-30 15:24,2021-04-30 15:24,0.0,data/derived/control_boxes/gen1_2008_control__L1O-2340_Fillmore_VRS.laz,data/derived/control_structure/gen1_2008_control__L1O-2340_Fillmore_VRS.npz,ok,1446,1156,0.0,0.3291
gen1_2008_control,L1O-2344 Fillmore VRS,601495.512,4850846.984,L1O,MN_SEDriftless_2_2021,ok,263506,93048,0.0,0.0,1,0.0,0.0,5,0.0,0.0,9,0.0,0.0,13,0.0,0.0,29,0.021586,0.051346,81,0.021586,2021-04-30 15:24,2021-04-30 15:44,0.014,data/derived/control_boxes/gen1_2008_control__L1O-2344_Fillmore_VRS.laz,data/derived/control_structure/gen1_2008_control__L1O-2344_Fillmore_VRS.npz,ok,3041,1898,0.0,0.5951
gen1_2008_control,L1O-2504 Fillmore VRS,549249.253,4839883.58,L1O,MN_SEDriftless_3_2021,ok,240236,177133,0.0,0.0,1,0.0,0.0,5,0.0,0.0,9,0.000659,0.001324,13,0.003341,0.006806,29,0.006338,0.012953,81,0.006338,2022-05-06 23:59,2022-05-07 00:17,0.013,data/derived/control_boxes/gen1_2008_control__L1O-2504_Fillmore_VRS.laz,data/derived/control_structure/gen1_2008_control__L1O-2504_Fillmore_VRS.npz,ok,3919,2575,0.0,0.8009
gen1_2008_control,L1O-2506 Fillmore VRS,549314.869,4838525.347,L1O,MN_SEDriftless_3_2021,ok,110692,99643,0.0,0.0,1,0.0,0.0,5,0.0,0.0,9,0.0,0.0,13,0.0,0.0,29,0.002855,0.006036,81,0.002855,2022-05-06 23:42,2022-05-06 23:43,0.0,data/derived/control_boxes/gen1_2008_control__L1O-2506_Fillmore_VRS.laz,data/derived/control_structure/gen1_2008_control__L1O-2506_Fillmore_VRS.npz,ok,1678,1618,0.0,0.8072
gen1_2008_control,L1O-2511 Fillmore VRS,549029.168,4835974.612,L1O,MN_SEDriftless_3_2021,ok,95899,70261,0.0,0.0,1,0.0,0.0,5,0.0,0.0,9,0.0,0.0,13,0.0,0.0,29,0.0,0.0,81,0.0,2022-05-06 22:51,2022-05-06 22:51,0.0,data/derived/control_boxes/gen1_2008_control__L1O-2511_Fillmore_VRS.laz,data/derived/control_structure/gen1_2008_control__L1O-2511_Fillmore_VRS.npz,ok,1434,1362,0.0,0.6281
gen1_2008_control,L1O-2512 Fillmore VRS,549152.658,4829957.04,L1O,MN_SEDriftless_3_2021,ok,398699,174509,0.207429,0.464946,1,0.186819,0.558312,5,0.165929,0.456931,9,0.140085,0.377432,13,0.084286,0.222884,29,0.132178,0.389072,81,0.123143,2022-05-06 21:14,2022-05-06 21:31,0.012,data/derived/control_boxes/gen1_2008_control__L1O-2512_Fillmore_VRS.laz,data/derived/control_structure/gen1_2008_control__L1O-2512_Fillmore_VRS.npz,ok,7857,3448,0.0,1.141
gen1_2008_control,L1O-2513 Fillmore VRS,549140.701,4830014.094,L1O,MN_SEDriftless_3_2021,ok,243280,113775,0.0,0.0,1,0.0,0.0,5,0.0,0.0,9,0.0,0.0,13,0.0,0.0,29,0.05105,0.123922,81,0.05105,2022-05-06 21:14,2022-05-06 21:31,0.012,data/derived/control_boxes/gen1_2008_control__L1O-2513_Fillmore_VRS.laz,data/derived/control_structure/gen1_2008_control__L1O-2513_Fillmore_VRS.npz,ok,1562,1436,0.0,1.0758
gen1_2008_control,L1O-2518 Fillmore VRS,558919.743,4835532.302,L1O,MN_SEDriftless_3_2021,ok,96809,89107,0.0,0.0,1,0.0,0.0,5,0.0,0.0,9,0.0,0.0,13,0.000597,0.001205,29,0.004924,0.010002,81,0.004924,2022-05-06 22:54,2022-05-06 22:54,0.0,data/derived/control_boxes/gen1_2008_control__L1O-2518_Fillmore_VRS.laz,data/derived/control_structure/gen1_2008_control__L1O-2518_Fillmore_VRS.npz,ok,1587,1534,0.0,3.5077
gen1_2008_control,L1O-2520 Fillmore VRS,563280.884,4839997.293,L1O,MN_SEDriftless_3_2021,ok,103086,92747,0.0,0.0,1,0.0,0.0,5,0.0,0.0,9,0.0,0.0,13,0.0,0.0,29,5.4e-05,0.000109,81,5.4e-05,2022-05-07 00:14,2022-05-07 00:14,0.0,data/derived/control_boxes/gen1_2008_control__L1O-2520_Fillmore_VRS.laz,data/derived/control_structure/gen1_2008_control__L1O-2520_Fillmore_VRS.npz,ok,1679,1533,0.0,2.2318
gen1_2008_control,L1O-2521 Fillmore VRS,566086.99,4841457.175,L1O,MN_SEDriftless_3_2021,ok,225430,167645,0.0,0.0,1,0.0,0.0,5,0.0,0.0,9,0.0,0.0,13,0.0,0.0,29,0.00392,0.008088,81,0.00392,2022-05-07 00:38,2022-05-07 00:47,0.006,data/derived/control_boxes/gen1_2008_control__L1O-2521_Fillmore_VRS.laz,data/derived/control_structure/gen1_2008_control__L1O-2521_Fillmore_VRS.npz,ok,3350,2693,0.0,0.8957
gen1_2008_control,L1O-2523 Fillmore VRS,569547.558,4843696.661,L1O,MN_SEDriftless_3_2021,ok,141143,79965,0.0,0.0,1,0.0,0.0,5,0.000577,0.001157,9,0.0004,0.000801,13,0.011326,0.026482,29,0.091334,0.230136,81,0.091334,2022-05-15 15:44,2022-05-15 15:44,0.0,data/derived/control_boxes/gen1_2008_control__L1O-2523_Fillmore_VRS.laz,data/derived/control_structure/gen1_2008_control__L1O-2523_Fillmore_VRS.npz,ok,1301,1239,0.0,1.01
gen1_2008_control,L1O-2525 Fillmore VRS,569200.519,4851753.357,L1O,MN_SEDriftless_3_2021,ok,113478,72101,0.0,0.0,1,0.0,0.0,5,0.000626,0.001256,9,0.000433,0.000869,13,0.013826,0.030597,29,0.032488,0.072307,81,0.032488,2022-05-07 22:54,2022-05-07 22:54,0.0,data/derived/control_boxes/gen1_2008_control__L1O-2525_Fillmore_VRS.laz,data/derived/control_structure/gen1_2008_control__L1O-2525_Fillmore_VRS.npz,ok,1278,1235,0.0,2.2478
gen1_2008_control,L1O-2526 Fillmore VRS,558886.472,4853620.504,L1O,MN_SEDriftless_3_2021,ok,103094,77888,0.0,0.0,1,0.0,0.0,5,0.007559,0.015614,9,0.01306,0.027317,13,0.049692,0.121487,29,0.053308,0.128595,81,0.053308,2022-05-07 22:06,2022-05-07 22:30,0.016,data/derived/control_boxes/gen1_2008_control__L1O-2526_Fillmore_VRS.laz,data/derived/control_structure/gen1_2008_control__L1O-2526_Fillmore_VRS.npz,ok,1323,1215,0.0,0.7432
gen1_2008_control,L1O-3207 Houston RTK,600310.181,4852301.881,L1O,MN_SEDriftless_2_2021,ok,184090,96126,0.0,0.0,1,0.0,0.0,5,0.0,0.0,9,0.0,0.0,13,0.0,0.0,29,0.000974,0.00198,81,0.000974,2021-04-25 17:00,2021-04-30 15:24,4.934,data/derived/control_boxes/gen1_2008_control__L1O-3207_Houston_RTK.laz,data/derived/control_structure/gen1_2008_control__L1O-3207_Houston_RTK.npz,ok,3002,1761,0.0,0.5213
gen1_2008_control,L2T-2102 Fillmore VRS,599607.349,4819796.055,L2T,MN_SEDriftless_2_2021,ok,154033,86071,0.0,0.0,1,0.0,0.0,5,0.0,0.0,9,0.0,0.0,13,0.0,0.0,29,3.1e-05,6.3e-05,81,3.1e-05,2021-04-25 16:33,2021-04-25 17:07,0.024,data/derived/control_boxes/gen1_2008_control__L2T-2102_Fillmore_VRS.laz,data/derived/control_structure/gen1_2008_control__L2T-2102_Fillmore_VRS.npz,ok,2822,1308,0.0,0.0286
gen1_2008_control,L2T-2110 Fillmore VRS,591292.02,4818585.624,L2T,MN_SEDriftless_2_2021,ok,98939,86377,0.0,0.0,1,0.0,0.0,5,0.0,0.0,9,0.0,0.0,13,0.000692,0.00139,29,0.002149,0.004332,81,0.002149,2022-04-27 17:30,2022-04-27 17:30,0.0,data/derived/control_boxes/gen1_2008_control__L2T-2110_Fillmore_VRS.laz,data/derived/control_structure/gen1_2008_control__L2T-2110_Fillmore_VRS.npz,ok,1555,1337,0.0,1.1983
gen1_2008_control,L2T-2117 Fillmore VRS,584847.659,4821156.079,L2T,MN_SEDriftless_2_2021,ok,245899,165223,0.011598,0.023331,1,0.009119,0.018384,5,0.005066,0.010213,9,0.005216,0.010507,13,0.003485,0.007027,29,0.013197,0.030545,81,0.009712,2022-04-27 18:16,2022-04-27 18:26,0.007,data/derived/control_boxes/gen1_2008_control__L2T-2117_Fillmore_VRS.laz,data/derived/control_structure/gen1_2008_control__L2T-2117_Fillmore_VRS.npz,ok,3439,2485,0.0,1.5164
gen1_2008_control,L2T-2130 Fillmore VRS,567061.28,4821485.279,L2T,MN_SEDriftless_3_2021,ok,226335,149095,0.0,0.0,1,0.000919,0.001839,5,0.000754,0.00151,9,0.000726,0.001453,13,0.000956,0.001914,29,0.001162,0.002328,81,0.001162,2022-04-27 18:11,2022-04-27 18:31,0.013,data/derived/control_boxes/gen1_2008_control__L2T-2130_Fillmore_VRS.laz,data/derived/control_structure/gen1_2008_control__L2T-2130_Fillmore_VRS.npz,ok,2283,1444,0.0,1.4465
gen1_2008_control,L2T-2132 Fillmore VRS,560610.94,4821780.83,L2T,MN_SEDriftless_3_2021,ok,103566,94518,0.0,0.0,1,0.0,0.0,5,0.0,0.0,9,0.000879,0.001768,13,0.001629,0.003278,29,0.000932,0.001872,81,0.001629,2022-04-27 18:33,2022-04-27 18:33,0.0,data/derived/control_boxes/gen1_2008_control__L2T-2132_Fillmore_VRS.laz,data/derived/control_structure/gen1_2008_control__L2T-2132_Fillmore_VRS.npz,ok,1645,1536,0.0,0.8209
gen1_2008_control,L2T-2310 Fillmore VRS,569817.904,4843118.431,L2T,MN_SEDriftless_3_2021,ok,313684,173966,0.0,0.0,1,0.00455,0.009205,5,0.002528,0.005114,9,0.025096,0.059183,13,0.016903,0.038171,29,0.00632,0.014204,81,0.025096,2022-05-15 15:44,2022-05-15 16:12,0.02,data/derived/control_boxes/gen1_2008_control__L2T-2310_Fillmore_VRS.laz,data/derived/control_structure/gen1_2008_control__L2T-2310_Fillmore_VRS.npz,ok,4973,3478,0.0,0.964
gen1_2008_control,L2T-2312 Fillmore VRS,564403.112,4840751.712,L2T,MN_SEDriftless_3_2021,ok,104570,84192,0.0,0.0,1,0.0,0.0,5,0.0,0.0,9,0.0,0.0,13,0.0,0.0,29,0.0,0.0,81,0.0,2022-05-07 00:13,2022-05-07 00:38,0.017,data/derived/control_boxes/gen1_2008_control__L2T-2312_Fillmore_VRS.laz,data/derived/control_structure/gen1_2008_control__L2T-2312_Fillmore_VRS.npz,ok,1698,1309,0.0,1.6165
gen1_2008_control,L2T-2331 Fillmore VRS,600468.433,4850015.47,L2T,MN_SEDriftless_2_2021,ok,225943,111420,0.027799,0.056385,1,0.010199,0.020664,5,0.006289,0.01273,9,0.008101,0.016495,13,0.003631,0.007394,29,0.002588,0.005341,81,0.025211,2021-04-25 17:00,2021-04-30 15:24,4.934,data/derived/control_boxes/gen1_2008_control__L2T-2331_Fillmore_VRS.laz,data/derived/control_structure/gen1_2008_control__L2T-2331_Fillmore_VRS.npz,ok,3133,2016,0.0,9.068
gen1_2008_control,L2T-2332 Fillmore VRS,601431.875,4850076.867,L2T,MN_SEDriftless_2_2021,ok,249353,100775,0.0,0.0,1,0.000233,0.000466,5,0.000129,0.000259,9,0.019763,0.045623,13,0.013031,0.029102,29,0.045719,0.107794,81,0.045719,2021-04-30 15:24,2021-04-30 15:44,0.014,data/derived/control_boxes/gen1_2008_control__L2T-2332_Fillmore_VRS.laz,data/derived/control_structure/gen1_2008_control__L2T-2332_Fillmore_VRS.npz,ok,3061,1863,0.0,1.2089
gen1_2008_control,L2T-2337 Fillmore VRS,600327.921,4850383.607,L2T,MN_SEDriftless_2_2021,ok,189387,100377,0.0,0.0,1,0.0,0.0,5,0.0,0.0,9,0.037146,0.101465,13,0.084943,0.235918,29,0.09489,0.306802,81,0.09489,2021-04-25 17:00,2021-04-30 15:24,4.934,data/derived/control_boxes/gen1_2008_control__L2T-2337_Fillmore_VRS.laz,data/derived/control_structure/gen1_2008_control__L2T-2337_Fillmore_VRS.npz,ok,3022,2091,0.0,1.0146
gen1_2008_control,L2T-2339 Fillmore VRS,600678.971,4851026.567,L2T,MN_SEDriftless_2_2021,ok,77184,57131,0.0,0.0,1,0.0,0.0,5,0.0,0.0,9,0.000549,0.0011,13,0.000337,0.000675,29,0.001077,0.00217,74,0.001077,2021-04-30 15:24,2021-04-30 15:24,0.0,data/derived/control_boxes/gen1_2008_control__L2T-2339_Fillmore_VRS.laz,data/derived/control_structure/gen1_2008_control__L2T-2339_Fillmore_VRS.npz,ok,1436,1206,0.0,1.0807
gen1_2008_control,L2T-2342 Fillmore VRS,601934.943,4850645.76,L2T,MN_SEDriftless_2_2021,ok,90637,43118,0.142228,0.306835,1,0.056135,0.117781,5,0.069633,0.1481,8,0.050643,0.107709,11,0.0415,0.08813,22,0.080144,0.181979,55,0.100728,2021-04-30 15:44,2021-04-30 15:44,0.0,data/derived/control_boxes/gen1_2008_control__L2T-2342_Fillmore_VRS.laz,data/derived/control_structure/gen1_2008_control__L2T-2342_Fillmore_VRS.npz,ok,1362,876,0.0,25.9201
gen1_2008_control,L2T-2502 Fillmore VRS,548283.391,4843547.744,L2T,MN_SEDriftless_3_2021,ok,223587,172678,0.0,0.0,1,0.0,0.0,5,0.0,0.0,9,0.0,0.0,13,4.1e-05,8.2e-05,29,8.3e-05,0.000166,81,8.3e-05,2022-05-15 15:50,2022-05-15 16:06,0.011,data/derived/control_boxes/gen1_2008_control__L2T-2502_Fillmore_VRS.laz,data/derived/control_structure/gen1_2008_control__L2T-2502_Fillmore_VRS.npz,ok,3157,2712,0.0,1.0461
gen1_2008_control,L2T-2505 Fillmore VRS,549307.423,4839982.711,L2T,MN_SEDriftless_3_2021,ok,294915,208764,0.003939,0.007893,1,0.001915,0.003837,5,0.001804,0.003615,9,0.001898,0.003802,13,0.002144,0.004296,29,0.001703,0.00341,81,0.002236,2022-05-06 23:59,2022-05-07 00:17,0.013,data/derived/control_boxes/gen1_2008_control__L2T-2505_Fillmore_VRS.laz,data/derived/control_structure/gen1_2008_control__L2T-2505_Fillmore_VRS.npz,ok,4725,3295,0.0,0.6975
gen1_2008_control,L2T-2515 Fillmore VRS,563380.689,4832287.949,L2T,MN_SEDriftless_3_2021,ok,330736,196470,0.0,0.0,1,0.0,0.0,5,0.0,0.0,9,0.0,0.0,13,0.000397,0.000798,29,0.025044,0.05827,81,0.025044,2022-05-07 15:43,2022-05-07 16:04,0.015,data/derived/control_boxes/gen1_2008_control__L2T-2515_Fillmore_VRS.laz,data/derived/control_structure/gen1_2008_control__L2T-2515_Fillmore_VRS.npz,ok,4016,3225,0.0,1.2637
gen1_2008_control,L2T-2516 Fillmore VRS,560974.11,4830974.82,L2T,MN_SEDriftless_3_2021,ok,100641,89928,0.0,0.0,1,0.0,0.0,5,0.0,0.0,9,0.0,0.0,13,0.0,0.0,29,0.0,0.0,81,0.0,2022-05-07 15:36,2022-05-07 15:36,0.0,data/derived/control_boxes/gen1_2008_control__L2T-2516_Fillmore_VRS.laz,data/derived/control_structure/gen1_2008_control__L2T-2516_Fillmore_VRS.npz,ok,1610,1349,0.0,3.0143
gen1_2008_control,L2T-2517 Fillmore VRS,558893.555,4835524.227,L2T,MN_SEDriftless_3_2021,ok,99198,88421,0.0,0.0,1,0.006037,0.01226,5,0.00803,0.016269,9,0.007866,0.015947,13,0.00557,0.011267,29,0.005174,0.010596,81,0.00803,2022-05-06 22:54,2022-05-06 22:54,0.0,data/derived/control_boxes/gen1_2008_control__L2T-2517_Fillmore_VRS.laz,data/derived/control_structure/gen1_2008_control__L2T-2517_Fillmore_VRS.npz,ok,1433,1351,0.0,1.5433
gen1_2008_control,L2T-2519 Fillmore VRS,563317.057,4839956.457,L2T,MN_SEDriftless_3_2021,ok,103029,91356,0.0,0.0,1,0.0,0.0,5,0.0,0.0,9,0.0,0.0,13,0.0,0.0,29,0.0,0.0,81,0.0,2022-05-07 00:14,2022-05-07 00:14,0.0,data/derived/control_boxes/gen1_2008_control__L2T-2519_Fillmore_VRS.laz,data/derived/control_structure/gen1_2008_control__L2T-2519_Fillmore_VRS.npz,ok,1646,1520,0.0,5.7727
gen1_2008_control,L2T-2524 Fillmore VRS,569212.877,4851871.061,L2T,MN_SEDriftless_3_2021,ok,114417,61915,0.0,0.0,1,0.062301,0.136592,5,0.08844,0.196702,9,0.104935,0.241906,13,0.12424,0.286558,29,0.134152,0.319047,81,0.134152,2022-05-07 22:54,2022-05-07 22:54,0.0,data/derived/control_boxes/gen1_2008_control__L2T-2524_Fillmore_VRS.laz,data/derived/control_structure/gen1_2008_control__L2T-2524_Fillmore_VRS.npz,ok,1552,1204,0.0,0.7051
gen1_2008_control,L2T-3294 Houston RTK,602365.828,4833097.593,L2T,MN_SEDriftless_2_2021,ok,256586,118715,0.0,0.0,1,0.0,0.0,5,0.0,0.0,9,0.0,0.0,13,0.0,0.0,29,0.012438,0.032456,81,0.012438,2021-04-30 15:40,2021-04-30 16:09,0.02,data/derived/control_boxes/gen1_2008_control__L2T-3294_Houston_RTK.laz,data/derived/control_structure/gen1_2008_control__L2T-3294_Houston_RTK.npz,ok,3313,1936,0.0,2.8288
gen1_2008_control,L2T-5033 Winona RTK,588507.85,4855381.844,L2T,MN_SEDriftless_2_2021,ok,95253,89298,0.0,0.0,1,0.0,0.0,5,0.0,0.0,9,0.0,0.0,13,0.0,0.0,29,0.0,0.0,81,0.0,2022-05-07 21:33,2022-05-07 21:33,0.0,data/derived/control_boxes/gen1_2008_control__L2T-5033_Winona_RTK.laz,data/derived/control_structure/gen1_2008_control__L2T-5033_Winona_RTK.npz,ok,1327,1298,0.0,4.0279
gen1_2008_control,L3B-2103 Fillmore VRS,599604.922,4819304.718,L3B,MN_SEDriftless_2_2021,ok,161957,94513,0.0,0.0,1,0.000447,0.000895,5,0.000248,0.000497,9,0.000172,0.000344,13,0.000117,0.000234,29,0.06055,0.224914,81,0.06055,2021-04-25 16:33,2021-04-25 17:07,0.024,data/derived/control_boxes/gen1_2008_control__L3B-2103_Fillmore_VRS.laz,data/derived/control_structure/gen1_2008_control__L3B-2103_Fillmore_VRS.npz,ok,3094,1442,0.0,3.5812
gen1_2008_control,L3B-2107 Fillmore VRS,592955.624,4817906.176,L3B,MN_SEDriftless_2_2021,ok,160615,93762,0.044632,0.091318,1,0.08799,0.205837,5,0.089736,0.208049,9,0.103764,0.253716,13,0.110429,0.278494,29,0.115219,0.284592,81,0.070587,2022-04-27 16:47,2022-04-27 16:47,0.0,data/derived/control_boxes/gen1_2008_control__L3B-2107_Fillmore_VRS.laz,data/derived/control_structure/gen1_2008_control__L3B-2107_Fillmore_VRS.npz,ok,2773,1448,0.0,1.8267
gen1_2008_control,L3B-2111 Fillmore VRS,591238.256,4818565.018,L3B,MN_SEDriftless_2_2021,ok,132583,83986,0.11574,0.246009,1,0.133151,0.304858,5,0.143828,0.327029,9,0.132834,0.301165,13,0.124892,0.284092,29,0.127855,0.29977,81,0.028088,2022-04-27 17:30,2022-04-27 17:30,0.0,data/derived/control_boxes/gen1_2008_control__L3B-2111_Fillmore_VRS.laz,data/derived/control_structure/gen1_2008_control__L3B-2111_Fillmore_VRS.npz,ok,2892,1148,0.0,3.4421
gen1_2008_control,L3B-2115 Fillmore VRS,586521.682,4819847.757,L3B,MN_SEDriftless_2_2021,ok,166268,87932,0.248705,0.571913,1,0.221229,0.509025,5,0.248127,0.580118,9,0.253877,0.597115,13,0.288485,0.70002,29,0.280897,0.694912,81,0.067256,2022-04-27 17:38,2022-04-27 17:38,0.0,data/derived/control_boxes/gen1_2008_control__L3B-2115_Fillmore_VRS.laz,data/derived/control_structure/gen1_2008_control__L3B-2115_Fillmore_VRS.npz,ok,3151,1519,0.0,2.5041
gen1_2008_control,L3B-2125 Fillmore VRS,572940.107,4821522.931,L3B,MN_SEDriftless_3_2021,ok,108210,83671,0.632872,2.004092,1,0.476378,1.395325,5,0.383571,1.052442,9,0.425003,1.237582,13,0.40753,1.271928,29,0.209617,0.633046,81,0.423255,2022-04-27 18:29,2022-04-27 18:29,0.0,data/derived/control_boxes/gen1_2008_control__L3B-2125_Fillmore_VRS.laz,data/derived/control_structure/gen1_2008_control__L3B-2125_Fillmore_VRS.npz,ok,1762,69,0.0,53.2514
gen1_2008_control,L3B-2129 Fillmore VRS,567076.627,4820982.972,L3B,MN_SEDriftless_3_2021,ok,123751,71592,0.531791,1.517683,1,0.521468,1.48471,5,0.558317,1.654662,9,0.516321,1.525468,13,0.430166,1.274952,29,0.282345,0.853544,81,0.275972,2022-04-27 18:11,2022-04-27 18:11,0.0,data/derived/control_boxes/gen1_2008_control__L3B-2129_Fillmore_VRS.laz,data/derived/control_structure/gen1_2008_control__L3B-2129_Fillmore_VRS.npz,ok,2552,429,0.0,2.9589
gen1_2008_control,L3B-2311 Fillmore VRS,569762.376,4843138.994,L3B,MN_SEDriftless_3_2021,ok,408862,199036,0.265194,0.616297,1,0.170502,0.403445,5,0.130451,0.302086,9,0.125675,0.303854,13,0.118104,0.301638,29,0.14361,0.367474,81,0.14709,2022-05-15 15:44,2022-05-15 16:12,0.02,data/derived/control_boxes/gen1_2008_control__L3B-2311_Fillmore_VRS.laz,data/derived/control_structure/gen1_2008_control__L3B-2311_Fillmore_VRS.npz,ok,9833,3417,0.0,2.1226
gen1_2008_control,L3B-2318 Fillmore VRS,564941.788,4836280.291,L3B,MN_SEDriftless_3_2021,ok,83056,73620,0.0,0.0,1,0.012133,0.025033,5,0.00674,0.013907,9,0.038183,0.097658,13,0.040415,0.099732,29,0.026428,0.062553,81,0.040415,2022-05-06 23:04,2022-05-06 23:04,0.0,data/derived/control_boxes/gen1_2008_control__L3B-2318_Fillmore_VRS.laz,data/derived/control_structure/gen1_2008_control__L3B-2318_Fillmore_VRS.npz,ok,1267,1106,0.0,2.0497
gen1_2008_control,L3B-2328 Fillmore VRS,599735.434,4850846.711,L3B,MN_SEDriftless_2_2021,ok,133037,78573,0.0,0.0,1,0.009743,0.019977,5,0.01782,0.03714,9,0.013152,0.027349,13,0.017682,0.037094,29,0.043584,0.101445,81,0.043584,2021-04-25 17:00,2021-04-25 17:00,0.0,data/derived/control_boxes/gen1_2008_control__L3B-2328_Fillmore_VRS.laz,data/derived/control_structure/gen1_2008_control__L3B-2328_Fillmore_VRS.npz,ok,1650,1386,0.0,0.1152
gen1_2008_control,L3B-2333 Fillmore VRS,601959.301,4849776.527,L3B,MN_SEDriftless_2_2021,ok,117575,88049,0.002307,0.004619,1,0.07406,0.163794,5,0.077822,0.180024,9,0.081136,0.191945,13,0.093878,0.232587,29,0.088179,0.216502,81,0.091571,2021-04-30 15:44,2021-04-30 16:05,0.015,data/derived/control_boxes/gen1_2008_control__L3B-2333_Fillmore_VRS.laz,data/derived/control_structure/gen1_2008_control__L3B-2333_Fillmore_VRS.npz,ok,1846,1384,0.0,1.1204
gen1_2008_control,L3B-2345 Fillmore VRS,600810.903,4851194.04,L3B,MN_SEDriftless_2_2021,ok,91076,61380,0.273033,0.637748,1,0.245697,0.5689,5,0.187256,0.426671,9,0.182432,0.4236,13,0.132789,0.312676,29,0.083369,0.197759,81,0.189664,2021-04-30 15:24,2021-04-30 15:24,0.0,data/derived/control_boxes/gen1_2008_control__L3B-2345_Fillmore_VRS.laz,data/derived/control_structure/gen1_2008_control__L3B-2345_Fillmore_VRS.npz,ok,1936,891,0.0,3.2624
gen1_2008_control,L3B-2349 Fillmore VRS,600668.257,4852355.648,L3B,MN_SEDriftless_2_2021,ok,83404,62760,0.0,0.0,1,0.0,0.0,5,0.002678,0.005421,9,0.001854,0.003753,13,0.002983,0.006073,29,0.013114,0.031441,81,0.013114,2021-04-30 15:24,2021-04-30 15:24,0.0,data/derived/control_boxes/gen1_2008_control__L3B-2349_Fillmore_VRS.laz,data/derived/control_structure/gen1_2008_control__L3B-2349_Fillmore_VRS.npz,ok,1464,1171,0.0,0.6082
gen1_2008_control,L3B-2352 Fillmore VRS,600733.047,4852464.798,L3B,MN_SEDriftless_2_2021,ok,93051,52720,0.064289,0.132897,1,0.023624,0.048712,5,0.029539,0.061564,9,0.024611,0.051177,13,0.01226,0.025411,29,0.016774,0.038273,81,0.052029,2021-04-30 15:24,2021-04-30 15:24,0.0,data/derived/control_boxes/gen1_2008_control__L3B-2352_Fillmore_VRS.laz,data/derived/control_structure/gen1_2008_control__L3B-2352_Fillmore_VRS.npz,ok,1417,1001,0.0,3.1847
gen1_2008_control,L3B-2501 Fillmore VRS,549139.283,4851910.31,L3B,MN_SEDriftless_3_2021,ok,364827,156453,0.004728,0.009479,1,0.054911,0.125645,5,0.085643,0.196551,9,0.085267,0.199087,13,0.106686,0.253792,29,0.102368,0.242367,81,0.101958,2022-05-07 22:49,2022-05-07 23:18,0.02,data/derived/control_boxes/gen1_2008_control__L3B-2501_Fillmore_VRS.laz,data/derived/control_structure/gen1_2008_control__L3B-2501_Fillmore_VRS.npz,ok,2112,1135,0.0,1.3258
gen1_2008_control,L3B-2503 Fillmore VRS,548418.23,4843528.079,L3B,MN_SEDriftless_3_2021,ok,306009,183469,0.198734,0.443124,1,0.110082,0.254935,5,0.079955,0.180914,9,0.055977,0.126501,13,0.025789,0.058113,29,0.0093,0.02094,81,0.189434,2022-05-15 15:50,2022-05-15 16:06,0.011,data/derived/control_boxes/gen1_2008_control__L3B-2503_Fillmore_VRS.laz,data/derived/control_structure/gen1_2008_control__L3B-2503_Fillmore_VRS.npz,ok,5497,2505,0.0,0.9316
gen1_2008_control,L3B-2514 Fillmore VRS,550739.819,4827881.704,L3B,MN_SEDriftless_3_2021,ok,347691,169438,0.377853,0.949158,1,0.30434,0.759323,5,0.276674,0.688652,9,0.234721,0.579526,13,0.191022,0.487829,29,0.135997,0.342758,81,0.241856,2022-05-06 20:47,2022-05-06 21:05,0.013,data/derived/control_boxes/gen1_2008_control__L3B-2514_Fillmore_VRS.laz,data/derived/control_structure/gen1_2008_control__L3B-2514_Fillmore_VRS.npz,ok,12274,3815,0.0,2.3339
gen1_2008_control,L3B-2527 Fillmore VRS,558884.834,4853638.28,L3B,MN_SEDriftless_3_2021,ok,100475,72131,0.242989,0.556755,1,0.282599,0.669521,5,0.242941,0.588454,9,0.208688,0.499658,13,0.14446,0.349048,29,0.075754,0.179453,81,0.206845,2022-05-07 22:06,2022-05-07 22:06,0.0,data/derived/control_boxes/gen1_2008_control__L3B-2527_Fillmore_VRS.laz,data/derived/control_structure/gen1_2008_control__L3B-2527_Fillmore_VRS.npz,ok,2361,1174,0.0,4.8034
gen1_2008_control,L3B-3208 Houston RTK,599016.93,4850930.015,L3B,MN_SEDriftless_2_2021,ok,108395,57987,0.337411,0.8232,1,0.314519,0.763866,5,0.314403,0.762405,9,0.272217,0.659538,13,0.233788,0.559356,29,0.147071,0.347495,81,0.19034,2021-04-25 16:39,2021-04-25 16:39,0.0,data/derived/control_boxes/gen1_2008_control__L3B-3208_Houston_RTK.laz,data/derived/control_structure/gen1_2008_control__L3B-3208_Houston_RTK.npz,ok,2745,811,0.0,0.7726
gen1_2008_control,L4F-2100 Fillmore VRS,597596.377,4829089.003,L4F,MN_SEDriftless_2_2021,ok,212719,102996,0.0,0.0,1,0.0,0.0,5,0.0,0.0,9,0.0,0.0,13,0.001065,0.002148,29,0.019103,0.062914,81,0.019103,2021-04-25 15:55,2021-04-25 16:26,0.021,data/derived/control_boxes/gen1_2008_control__L4F-2100_Fillmore_VRS.laz,data/derived/control_structure/gen1_2008_control__L4F-2100_Fillmore_VRS.npz,ok,3227,1704,0.0,2.429
gen1_2008_control,L4F-2101 Fillmore VRS,597570.997,4829949.805,L4F,MN_SEDriftless_2_2021,ok,223867,121912,0.087129,0.182322,1,0.137372,0.353463,5,0.174219,0.458835,9,0.168351,0.427356,13,0.147374,0.373555,29,0.109393,0.272845,81,0.08709,2021-04-25 15:55,2021-04-25 16:25,0.021,data/derived/control_boxes/gen1_2008_control__L4F-2101_Fillmore_VRS.laz,data/derived/control_structure/gen1_2008_control__L4F-2101_Fillmore_VRS.npz,ok,4709,1502,0.0,2.0356
gen1_2008_control,L4F-2109 Fillmore VRS,593019.827,4818693.636,L4F,MN_SEDriftless_2_2021,ok,96626,87172,0.0,0.0,1,0.0,0.0,5,0.0,0.0,9,0.0,0.0,13,0.0,0.0,29,0.002265,0.004841,81,0.002265,2022-04-27 17:30,2022-04-27 17:30,0.0,data/derived/control_boxes/gen1_2008_control__L4F-2109_Fillmore_VRS.laz,data/derived/control_structure/gen1_2008_control__L4F-2109_Fillmore_VRS.npz,ok,1513,1376,0.0,2.4956
gen1_2008_control,L4F-2118 Fillmore VRS,584870.82,4821103.627,L4F,MN_SEDriftless_2_2021,ok,269998,163333,0.418587,1.084587,1,0.304864,0.785775,5,0.223868,0.558784,9,0.232048,0.608323,13,0.180023,0.470931,29,0.169664,0.453424,81,0.248923,2022-04-27 18:16,2022-04-27 18:26,0.007,data/derived/control_boxes/gen1_2008_control__L4F-2118_Fillmore_VRS.laz,data/derived/control_structure/gen1_2008_control__L4F-2118_Fillmore_VRS.npz,ok,5878,1858,0.0,1.0079
gen1_2008_control,L4F-2123 Fillmore VRS,580133.392,4823300.183,L4F,MN_SEDriftless_2_2021,ok,119064,81515,0.564393,1.66203,1,0.333389,0.895641,5,0.237349,0.617882,9,0.207172,0.553058,13,0.136802,0.35924,29,0.137643,0.34697,81,0.427591,2022-04-27 19:15,2022-04-27 19:15,0.0,data/derived/control_boxes/gen1_2008_control__L4F-2123_Fillmore_VRS.laz,data/derived/control_structure/gen1_2008_control__L4F-2123_Fillmore_VRS.npz,ok,2506,1229,0.0,1.1152
gen1_2008_control,L4F-2126 Fillmore VRS,573071.072,4821539.885,L4F,MN_SEDriftless_3_2021,no points in the EPT box,,,,,,,,,,,,,,,,,,,,,,,,,,,,,,,
gen1_2008_control,L4F-2127 Fillmore VRS,568961.268,4821634.071,L4F,MN_SEDriftless_3_2021,ok,116527,96513,0.330061,0.801136,1,0.266732,0.737881,5,0.244426,0.684269,9,0.222117,0.640594,13,0.169045,0.504352,29,0.135682,0.416699,81,0.194379,2022-04-27 18:30,2022-04-27 18:30,0.0,data/derived/control_boxes/gen1_2008_control__L4F-2127_Fillmore_VRS.laz,data/derived/control_structure/gen1_2008_control__L4F-2127_Fillmore_VRS.npz,ok,2889,1464,0.0,4.4013
gen1_2008_control,L4F-2128 Fillmore VRS,567118.213,4820974.308,L4F,MN_SEDriftless_3_2021,ok,124018,80873,0.352135,0.868146,1,0.242973,0.616922,5,0.205291,0.526147,9,0.20409,0.524389,13,0.154318,0.389467,29,0.099769,0.254277,81,0.252366,2022-04-27 18:11,2022-04-27 18:11,0.0,data/derived/control_boxes/gen1_2008_control__L4F-2128_Fillmore_VRS.laz,data/derived/control_structure/gen1_2008_control__L4F-2128_Fillmore_VRS.npz,ok,3516,1377,0.0,5.1751
gen1_2008_control,L4F-2316 Fillmore VRS,565262.737,4836716.644,L4F,MN_SEDriftless_3_2021,ok,105700,64759,0.146789,0.317496,1,0.099853,0.219756,5,0.10313,0.23982,9,0.141188,0.330721,13,0.171491,0.475257,29,0.189755,0.541639,81,0.089902,2022-05-06 23:04,2022-05-06 23:29,0.018,data/derived/control_boxes/gen1_2008_control__L4F-2316_Fillmore_VRS.laz,data/derived/control_structure/gen1_2008_control__L4F-2316_Fillmore_VRS.npz,ok,1766,1125,0.0,1.1045
gen1_2008_control,L4F-2317 Fillmore VRS,564885.323,4835949.309,L4F,MN_SEDriftless_3_2021,ok,482162,138218,0.410595,1.057284,1,0.331119,0.836384,5,0.311454,0.78699,9,0.278209,0.705596,13,0.27858,0.703554,29,0.303418,0.804264,81,0.132386,2022-05-06 22:55,2022-05-06 23:04,0.006,data/derived/control_boxes/gen1_2008_control__L4F-2317_Fillmore_VRS.laz,data/derived/control_structure/gen1_2008_control__L4F-2317_Fillmore_VRS.npz,ok,6389,2580,0.0,1.241
gen1_2008_control,L4F-2324 Fillmore VRS,580786.178,4838370.737,L4F,MN_SEDriftless_2_2021,ok,361363,122899,0.348563,0.85715,1,0.298131,0.732069,5,0.30333,0.739155,9,0.273125,0.660685,13,0.269952,0.66442,29,0.233816,0.57505,81,0.114747,2022-05-07 17:14,2022-05-07 17:22,0.006,data/derived/control_boxes/gen1_2008_control__L4F-2324_Fillmore_VRS.laz,data/derived/control_structure/gen1_2008_control__L4F-2324_Fillmore_VRS.npz,ok,2829,1302,0.0,2.4404
gen1_2008_control,L4F-2330 Fillmore VRS,600156.531,4850046.913,L4F,MN_SEDriftless_2_2021,ok,214849,95511,0.0,0.0,1,0.031973,0.067878,5,0.12526,0.302253,9,0.102606,0.244433,13,0.102418,0.249057,29,0.07246,0.186927,81,0.12526,2021-04-25 17:00,2021-04-30 15:24,4.934,data/derived/control_boxes/gen1_2008_control__L4F-2330_Fillmore_VRS.laz,data/derived/control_structure/gen1_2008_control__L4F-2330_Fillmore_VRS.npz,ok,3457,1425,0.0,0.9971
gen1_2008_control,L4F-2338 Fillmore VRS,600624.902,4851006.909,L4F,MN_SEDriftless_2_2021,ok,93532,72621,0.0,0.0,1,0.0,0.0,5,0.0,0.0,9,0.0,0.0,13,0.0,0.0,29,0.003232,0.006808,81,0.003232,2021-04-30 15:24,2021-04-30 15:24,0.0,data/derived/control_boxes/gen1_2008_control__L4F-2338_Fillmore_VRS.laz,data/derived/control_structure/gen1_2008_control__L4F-2338_Fillmore_VRS.npz,ok,1473,1105,0.0,1.2618
gen1_2008_control,L4F-2341 Fillmore VRS,601932.131,4850681.274,L4F,MN_SEDriftless_2_2021,ok,119455,53178,0.168686,0.369496,1,0.193327,0.446268,5,0.197435,0.46063,9,0.205569,0.4783,13,0.24276,0.577687,29,0.236266,0.567366,81,0.074074,2021-04-30 15:44,2021-04-30 15:44,0.0,data/derived/control_boxes/gen1_2008_control__L4F-2341_Fillmore_VRS.laz,data/derived/control_structure/gen1_2008_control__L4F-2341_Fillmore_VRS.npz,ok,2720,1052,0.0,1.0415
gen1_2008_control,L4F-2343 Fillmore VRS,601562.29,4850806.178,L4F,MN_SEDriftless_2_2021,ok,209064,63439,0.421315,1.093993,1,0.349746,0.885403,5,0.327269,0.817479,9,0.280061,0.697409,13,0.226497,0.55468,29,0.254894,0.633361,81,0.194818,2021-04-30 15:24,2021-04-30 15:44,0.014,data/derived/control_boxes/gen1_2008_control__L4F-2343_Fillmore_VRS.laz,data/derived/control_structure/gen1_2008_control__L4F-2343_Fillmore_VRS.npz,ok,3845,945,0.0,2.5545
gen1_2008_control,L4F-2350 Fillmore VRS,600593.759,4852358.38,L4F,MN_SEDriftless_2_2021,ok,97209,75022,0.0,0.0,1,0.0,0.0,5,0.0,0.0,9,0.0,0.0,13,0.0,0.0,29,0.0,0.0,81,0.0,2021-04-25 17:00,2021-04-30 15:24,4.934,data/derived/control_boxes/gen1_2008_control__L4F-2350_Fillmore_VRS.laz,data/derived/control_structure/gen1_2008_control__L4F-2350_Fillmore_VRS.npz,ok,1477,1195,0.0,2.3558
gen1_2008_control,L4F-2500 Fillmore VRS,549094.464,4853952.225,L4F,MN_SEDriftless_3_2021,ok,140252,96525,0.115077,0.24451,1,0.15728,0.376072,5,0.220412,0.696963,9,0.182253,0.554229,13,0.175011,0.535126,29,0.107417,0.317338,81,0.112995,2022-05-07 22:04,2022-05-07 22:04,0.0,data/derived/control_boxes/gen1_2008_control__L4F-2500_Fillmore_VRS.laz,data/derived/control_structure/gen1_2008_control__L4F-2500_Fillmore_VRS.npz,ok,2426,1220,0.0,4.1206
gen1_2008_control,L4F-2507 Fillmore VRS,549376.576,4838592.154,L4F,MN_SEDriftless_3_2021,ok,157540,78820,0.534254,1.528228,1,0.499824,1.507473,5,0.440182,1.300706,9,0.433673,1.279796,13,0.383882,1.128797,29,0.325422,0.945801,81,0.208832,2022-05-06 23:42,2022-05-06 23:42,0.0,data/derived/control_boxes/gen1_2008_control__L4F-2507_Fillmore_VRS.laz,data/derived/control_structure/gen1_2008_control__L4F-2507_Fillmore_VRS.npz,ok,2802,649,0.0,0.5042
gen1_2008_control,L4F-2522 Fillmore VRS,569469.917,4843689.64,L4F,MN_SEDriftless_3_2021,ok,185506,100741,0.405792,1.041051,1,0.353243,0.882018,5,0.319428,0.788929,9,0.301015,0.744704,13,0.246988,0.605552,29,0.202723,0.496618,81,0.203069,2022-05-15 15:44,2022-05-15 15:44,0.0,data/derived/control_boxes/gen1_2008_control__L4F-2522_Fillmore_VRS.laz,data/derived/control_structure/gen1_2008_control__L4F-2522_Fillmore_VRS.npz,ok,4339,1733,0.0,3.3358
gen1_2008_control,L4F-3209 Houston RTK,601890.935,4849624.872,L4F,MN_SEDriftless_2_2021,ok,134444,80041,0.222518,0.503391,1,0.195397,0.439653,5,0.172864,0.386273,9,0.161278,0.357287,13,0.134832,0.296297,29,0.104126,0.228915,81,0.118392,2021-04-30 15:44,2021-04-30 15:44,0.0,data/derived/control_boxes/gen1_2008_control__L4F-3209_Houston_RTK.laz,data/derived/control_structure/gen1_2008_control__L4F-3209_Houston_RTK.npz,ok,2675,1204,0.0,4.5505
gen1_2008_control,L4F-3293 Houston RTK,602373.585,4833216.803,L4F,MN_SEDriftless_2_2021,ok,324285,118093,0.01885,0.03806,1,0.116005,0.293227,5,0.148459,0.375416,9,0.156813,0.398861,13,0.189803,0.501739,29,0.214085,0.566628,81,0.195235,2021-04-30 15:40,2021-04-30 16:09,0.02,data/derived/control_boxes/gen1_2008_control__L4F-3293_Houston_RTK.laz,data/derived/control_structure/gen1_2008_control__L4F-3293_Houston_RTK.npz,ok,4467,1847,0.0,4.6178
gen1_2008_control,L5U-1034 Olmsted VRS,565227.107,4855075.856,L5U,MN_SEDriftless_3_2021,ok,104315,45302,0.0,0.0,1,0.0,0.0,5,0.000252,0.000504,9,0.0089,0.018353,13,0.061222,0.168305,29,0.13454,0.43391,81,0.13454,2021-05-26 21:49,2021-05-26 21:49,0.0,data/derived/control_boxes/gen1_2008_control__L5U-1034_Olmsted_VRS.laz,data/derived/control_structure/gen1_2008_control__L5U-1034_Olmsted_VRS.npz,ok,1585,969,0.0,0.4154
gen1_2008_control,L5U-2104 Fillmore VRS,599234.352,4819153.185,L5U,MN_SEDriftless_2_2021,ok,216422,80231,0.002191,0.004386,1,0.022921,0.04726,5,0.048718,0.106551,9,0.042142,0.091547,13,0.036697,0.081298,29,0.115609,0.31406,81,0.113418,2021-04-25 16:33,2021-04-25 17:07,0.024,data/derived/control_boxes/gen1_2008_control__L5U-2104_Fillmore_VRS.laz,data/derived/control_structure/gen1_2008_control__L5U-2104_Fillmore_VRS.npz,ok,3695,1975,0.0,1.2375
gen1_2008_control,L5U-2105 Fillmore VRS,599144.952,4819577.604,L5U,MN_SEDriftless_2_2021,ok,138466,63107,0.0,0.0,1,0.0,0.0,5,0.00127,0.002554,9,0.000879,0.001768,13,0.005664,0.011589,29,0.034157,0.08009,81,0.034157,2021-04-25 16:33,2021-04-25 17:07,0.024,data/derived/control_boxes/gen1_2008_control__L5U-2105_Fillmore_VRS.laz,data/derived/control_structure/gen1_2008_control__L5U-2105_Fillmore_VRS.npz,ok,1545,1333,0.0,3.4994
gen1_2008_control,L5U-2106 Fillmore VRS,600121.944,4819475.849,L5U,MN_SEDriftless_2_2021,ok,109056,67190,0.0,0.0,1,0.0,0.0,5,0.0,0.0,9,0.004417,0.009097,13,0.020035,0.043074,29,0.061828,0.162698,81,0.061828,2021-04-25 17:07,2021-04-30 15:31,4.933,data/derived/control_boxes/gen1_2008_control__L5U-2106_Fillmore_VRS.laz,data/derived/control_structure/gen1_2008_control__L5U-2106_Fillmore_VRS.npz,ok,1712,1546,0.0,4.0826
gen1_2008_control,L5U-2112 Fillmore VRS,586476.038,4820429.547,L5U,MN_SEDriftless_2_2021,ok,125276,72721,0.0,0.0,1,0.002697,0.00543,5,0.001498,0.003017,9,0.001037,0.002089,13,0.001192,0.002399,29,0.114126,0.323009,81,0.114126,2022-04-27 18:17,2022-04-27 18:17,0.0,data/derived/control_boxes/gen1_2008_control__L5U-2112_Fillmore_VRS.laz,data/derived/control_structure/gen1_2008_control__L5U-2112_Fillmore_VRS.npz,ok,1534,1403,0.0,2.2182
gen1_2008_control,L5U-2113 Fillmore VRS,586505.959,4820241.739,L5U,MN_SEDriftless_2_2021,ok,251004,149477,0.025454,0.051567,1,0.021714,0.044299,5,0.01595,0.032524,9,0.011042,0.022516,13,0.006625,0.013483,29,0.005678,0.011985,81,0.019776,2022-04-27 17:38,2022-04-27 18:17,0.027,data/derived/control_boxes/gen1_2008_control__L5U-2113_Fillmore_VRS.laz,data/derived/control_structure/gen1_2008_control__L5U-2113_Fillmore_VRS.npz,ok,3994,2865,0.0,0.0572
gen1_2008_control,L5U-2114 Fillmore VRS,586496.984,4819846.533,L5U,MN_SEDriftless_2_2021,ok,158139,83183,0.028496,0.05782,1,0.148877,0.346176,5,0.19385,0.520507,9,0.174733,0.454298,13,0.175576,0.447723,29,0.178394,0.443127,81,0.165354,2022-04-27 17:38,2022-04-27 17:38,0.0,data/derived/control_boxes/gen1_2008_control__L5U-2114_Fillmore_VRS.laz,data/derived/control_structure/gen1_2008_control__L5U-2114_Fillmore_VRS.npz,ok,2575,1534,0.0,5.2864
gen1_2008_control,L5U-2116 Fillmore VRS,586191.748,4820312.733,L5U,MN_SEDriftless_2_2021,ok,421683,155422,0.003999,0.008014,1,0.062953,0.150058,5,0.060031,0.136668,9,0.075159,0.18206,13,0.068934,0.162877,29,0.102493,0.24975,81,0.098494,2022-04-27 17:38,2022-04-27 18:17,0.027,data/derived/control_boxes/gen1_2008_control__L5U-2116_Fillmore_VRS.laz,data/derived/control_structure/gen1_2008_control__L5U-2116_Fillmore_VRS.npz,ok,6922,4030,0.0,2.8285
gen1_2008_control,L5U-2119 Fillmore VRS,580366.05,4822704.484,L5U,MN_SEDriftless_2_2021,ok,145445,50320,0.0,0.0,1,0.101844,0.228255,5,0.075666,0.165994,9,0.150303,0.371042,13,0.214462,0.538017,29,0.25528,0.678656,81,0.25528,2022-04-27 19:02,2022-04-27 19:02,0.0,data/derived/control_boxes/gen1_2008_control__L5U-2119_Fillmore_VRS.laz,data/derived/control_structure/gen1_2008_control__L5U-2119_Fillmore_VRS.npz,ok,1845,858,0.0,0.4378
gen1_2008_control,L5U-2120 Fillmore VRS,580272.017,4822519.625,L5U,MN_SEDriftless_2_2021,ok,133323,53737,0.0,0.0,1,0.029059,0.0628,5,0.031585,0.068138,9,0.058752,0.131449,13,0.086605,0.205974,29,0.142977,0.368073,81,0.142977,2022-04-27 19:02,2022-04-27 19:02,0.0,data/derived/control_boxes/gen1_2008_control__L5U-2120_Fillmore_VRS.laz,data/derived/control_structure/gen1_2008_control__L5U-2120_Fillmore_VRS.npz,ok,1724,1041,0.0,1.783
gen1_2008_control,L5U-2121 Fillmore VRS,580135.204,4821690.174,L5U,MN_SEDriftless_2_2021,ok,129297,83687,0.006459,0.012959,1,0.123007,0.373805,5,0.089592,0.253062,9,0.103994,0.284526,13,0.056551,0.148136,29,0.055862,0.181034,81,0.116548,2022-04-27 18:27,2022-04-27 18:27,0.0,data/derived/control_boxes/gen1_2008_control__L5U-2121_Fillmore_VRS.laz,data/derived/control_structure/gen1_2008_control__L5U-2121_Fillmore_VRS.npz,ok,1687,1050,0.0,0.1435
gen1_2008_control,L5U-2122 Fillmore VRS,579868.47,4823865.246,L5U,MN_SEDriftless_2_2021,ok,276958,144320,0.016808,0.033902,1,0.069705,0.150498,5,0.072861,0.165177,9,0.051746,0.116978,13,0.024995,0.056066,29,0.045945,0.12451,81,0.056053,2022-04-27 19:15,2022-05-07 13:47,9.773,data/derived/control_boxes/gen1_2008_control__L5U-2122_Fillmore_VRS.laz,data/derived/control_structure/gen1_2008_control__L5U-2122_Fillmore_VRS.npz,ok,4059,2599,0.0,1.1113
gen1_2008_control,L5U-2301 Fillmore VRS,565429.01,4854964.288,L5U,MN_SEDriftless_3_2021,ok,138171,80851,0.205427,0.4599,1,0.157421,0.382471,5,0.162007,0.395217,9,0.157138,0.380488,13,0.153677,0.376045,29,0.137074,0.33838,81,0.068353,2021-05-26 21:49,2022-05-07 21:47,345.999,data/derived/control_boxes/gen1_2008_control__L5U-2301_Fillmore_VRS.laz,data/derived/control_structure/gen1_2008_control__L5U-2301_Fillmore_VRS.npz,ok,3667,1644,0.0,2.5096
gen1_2008_control,L5U-2302 Fillmore VRS,565747.99,4854662.304,L5U,MN_SEDriftless_3_2021,ok,124029,73912,0.129563,0.27752,1,0.091042,0.199941,5,0.076015,0.164969,9,0.128446,0.547223,13,0.118532,0.386467,29,0.127522,0.381819,81,0.053548,2022-05-07 21:46,2022-05-07 21:47,0.0,data/derived/control_boxes/gen1_2008_control__L5U-2302_Fillmore_VRS.laz,data/derived/control_structure/gen1_2008_control__L5U-2302_Fillmore_VRS.npz,ok,2206,1573,0.0,1.1255
gen1_2008_control,L5U-2303 Fillmore VRS,566069.436,4854702.827,L5U,MN_SEDriftless_3_2021,ok,132853,98986,0.0,0.0,1,0.0,0.0,5,0.000159,0.000319,9,0.000822,0.001651,13,0.014883,0.033431,29,0.065392,0.180353,81,0.065392,2022-05-07 21:46,2022-05-07 21:46,0.0,data/derived/control_boxes/gen1_2008_control__L5U-2303_Fillmore_VRS.laz,data/derived/control_structure/gen1_2008_control__L5U-2303_Fillmore_VRS.npz,ok,2613,2210,0.0,2.2869
gen1_2008_control,L5U-2304 Fillmore VRS,565171.93,4854589.528,L5U,MN_SEDriftless_3_2021,ok,159804,75947,0.029857,0.060625,1,0.090825,0.231108,5,0.082989,0.199144,9,0.094296,0.238163,13,0.099807,0.243876,29,0.125024,0.330973,81,0.095167,2022-05-07 21:47,2022-05-07 21:47,0.0,data/derived/control_boxes/gen1_2008_control__L5U-2304_Fillmore_VRS.laz,data/derived/control_structure/gen1_2008_control__L5U-2304_Fillmore_VRS.npz,ok,2210,1296,0.0,2.1547
gen1_2008_control,L5U-2305 Fillmore VRS,564973.057,4855147.461,L5U,MN_SEDriftless_3_2021,ok,133803,51152,0.0,0.0,1,0.0,0.0,5,0.0,0.0,9,0.0,0.0,13,0.000595,0.001195,29,0.07988,0.219122,81,0.07988,2021-05-26 21:49,2021-05-26 22:07,0.013,data/derived/control_boxes/gen1_2008_control__L5U-2305_Fillmore_VRS.laz,data/derived/control_structure/gen1_2008_control__L5U-2305_Fillmore_VRS.npz,ok,1576,1102,0.0,2.9473
gen1_2008_control,L5U-2306 Fillmore VRS,565306.037,4854863.274,L5U,MN_SEDriftless_3_2021,ok,114923,68445,0.003273,0.006557,1,0.085302,0.187647,5,0.111312,0.260194,9,0.110061,0.254857,13,0.111178,0.259092,29,0.133491,0.322854,81,0.130218,2022-05-07 21:47,2022-05-07 21:47,0.0,data/derived/control_boxes/gen1_2008_control__L5U-2306_Fillmore_VRS.laz,data/derived/control_structure/gen1_2008_control__L5U-2306_Fillmore_VRS.npz,ok,1566,884,0.0,1.1866
gen1_2008_control,L5U-2307 Fillmore VRS,569495.405,4843576.246,L5U,MN_SEDriftless_3_2021,ok,149409,82981,0.051725,0.106222,1,0.020896,0.042835,5,0.023504,0.04896,9,0.02177,0.045161,13,0.05043,0.152777,29,0.060441,0.162207,81,0.039545,2022-05-15 15:44,2022-05-15 15:44,0.0,data/derived/control_boxes/gen1_2008_control__L5U-2307_Fillmore_VRS.laz,data/derived/control_structure/gen1_2008_control__L5U-2307_Fillmore_VRS.npz,ok,1773,1586,0.0,1.2714
gen1_2008_control,L5U-2308 Fillmore VRS,569701.799,4843554.339,L5U,MN_SEDriftless_3_2021,ok,99555,71748,0.0,0.0,1,0.0,0.0,5,0.0,0.0,9,0.0,0.0,13,0.005429,0.011814,29,0.043914,0.109307,81,0.043914,2022-05-15 15:44,2022-05-15 15:44,0.0,data/derived/control_boxes/gen1_2008_control__L5U-2308_Fillmore_VRS.laz,data/derived/control_structure/gen1_2008_control__L5U-2308_Fillmore_VRS.npz,ok,1180,1172,0.0,5.5964
gen1_2008_control,L5U-2309 Fillmore VRS,569698.04,4843196.063,L5U,MN_SEDriftless_3_2021,ok,338670,181617,0.0,0.0,1,0.009275,0.018995,5,0.012977,0.026534,9,0.01762,0.036508,13,0.024913,0.053927,29,0.108724,0.286782,81,0.108724,2022-05-15 15:44,2022-05-15 16:12,0.02,data/derived/control_boxes/gen1_2008_control__L5U-2309_Fillmore_VRS.laz,data/derived/control_structure/gen1_2008_control__L5U-2309_Fillmore_VRS.npz,ok,5032,3164,0.0,2.2564
gen1_2008_control,L5U-2313 Fillmore VRS,559056.37,4839867.005,L5U,MN_SEDriftless_3_2021,ok,349581,128745,0.0,0.0,1,0.000808,0.001619,5,0.000449,0.0009,9,0.000311,0.000623,13,0.012116,0.026218,29,0.108878,0.359706,81,0.108878,2022-05-07 00:02,2022-05-07 00:15,0.009,data/derived/control_boxes/gen1_2008_control__L5U-2313_Fillmore_VRS.laz,data/derived/control_structure/gen1_2008_control__L5U-2313_Fillmore_VRS.npz,ok,1727,1523,0.0,1.428
gen1_2008_control,L5U-2315 Fillmore VRS,558798.006,4839151.537,L5U,MN_SEDriftless_3_2021,ok,109863,93858,0.0,0.0,1,0.0,0.0,5,0.0,0.0,9,0.000174,0.000349,13,0.001394,0.002814,29,0.00155,0.00312,81,0.00155,2022-05-07 00:02,2022-05-07 00:02,0.0,data/derived/control_boxes/gen1_2008_control__L5U-2315_Fillmore_VRS.laz,data/derived/control_structure/gen1_2008_control__L5U-2315_Fillmore_VRS.npz,ok,1657,1511,0.0,1.2896
gen1_2008_control,L5U-2319 Fillmore VRS,573365.816,4836364.472,L5U,MN_SEDriftless_3_2021,no points in the EPT box,,,,,,,,,,,,,,,,,,,,,,,,,,,,,,,
gen1_2008_control,L5U-2321 Fillmore VRS,574111.696,4835384.686,L5U,MN_SEDriftless_2_2021,ok,260868,137869,0.00328,0.006572,1,0.000656,0.001314,5,0.000364,0.00073,9,0.000252,0.000506,13,0.015045,0.034882,29,0.052186,0.125659,81,0.051934,2022-05-06 22:58,2022-05-07 16:41,0.739,data/derived/control_boxes/gen1_2008_control__L5U-2321_Fillmore_VRS.laz,data/derived/control_structure/gen1_2008_control__L5U-2321_Fillmore_VRS.npz,ok,3193,2726,0.0,1.8835
gen1_2008_control,L5U-2322 Fillmore VRS,574313.109,4835738.183,L5U,MN_SEDriftless_2_2021,ok,480786,274916,0.102445,0.216163,1,0.112885,0.285118,5,0.093708,0.225455,9,0.098534,0.241164,13,0.077681,0.189365,29,0.059727,0.142821,81,0.053158,2022-05-06 22:58,2022-05-07 16:56,0.749,data/derived/control_boxes/gen1_2008_control__L5U-2322_Fillmore_VRS.laz,data/derived/control_structure/gen1_2008_control__L5U-2322_Fillmore_VRS.npz,ok,8819,3491,0.0,0.3584
gen1_2008_control,L5U-2325 Fillmore VRS,582231.299,4840726.4,L5U,MN_SEDriftless_2_2021,ok,104025,92583,0.0,0.0,1,0.017589,0.035972,5,0.01173,0.023935,9,0.019296,0.040519,13,0.014488,0.030955,29,0.016355,0.03677,81,0.019296,2022-05-07 17:42,2022-05-07 17:42,0.0,data/derived/control_boxes/gen1_2008_control__L5U-2325_Fillmore_VRS.laz,data/derived/control_structure/gen1_2008_control__L5U-2325_Fillmore_VRS.npz,ok,1520,1464,0.0,2.2427
gen1_2008_control,L5U-2329 Fillmore VRS,600154.616,4850017.819,L5U,MN_SEDriftless_2_2021,ok,211484,98661,0.008023,0.016111,1,0.011139,0.022761,5,0.006188,0.012645,9,0.004284,0.008754,13,0.001961,0.004006,29,0.01388,0.030864,81,0.011919,2021-04-25 17:00,2021-04-30 15:24,4.934,data/derived/control_boxes/gen1_2008_control__L5U-2329_Fillmore_VRS.laz,data/derived/control_structure/gen1_2008_control__L5U-2329_Fillmore_VRS.npz,ok,3032,1525,0.0,0.4874
gen1_2008_control,L5U-2335 Fillmore VRS,600360.857,4850174.056,L5U,MN_SEDriftless_2_2021,ok,191475,92298,0.0,0.0,1,0.0,0.0,5,0.0,0.0,9,0.0,0.0,13,0.0,0.0,29,0.013979,0.033284,81,0.013979,2021-04-25 17:00,2021-04-30 15:24,4.934,data/derived/control_boxes/gen1_2008_control__L5U-2335_Fillmore_VRS.laz,data/derived/control_structure/gen1_2008_control__L5U-2335_Fillmore_VRS.npz,ok,3027,1575,0.0,0.3695
gen1_2008_control,L5U-2346 Fillmore VRS,600870.34,4851269.025,L5U,MN_SEDriftless_2_2021,ok,102855,54285,0.0,0.0,1,0.0,0.0,5,0.0,0.0,9,0.0,0.0,13,0.000654,0.00132,29,0.068959,0.201488,81,0.068959,2021-04-30 15:24,2021-04-30 15:24,0.0,data/derived/control_boxes/gen1_2008_control__L5U-2346_Fillmore_VRS.laz,data/derived/control_structure/gen1_2008_control__L5U-2346_Fillmore_VRS.npz,ok,1488,1208,0.0,0.486
gen1_2008_control,L5U-2347 Fillmore VRS,600434.36,4851581.206,L5U,MN_SEDriftless_2_2021,ok,199162,90984,0.0,0.0,1,0.0,0.0,5,0.0,0.0,9,0.0,0.0,13,0.003995,0.008492,29,0.002047,0.004286,81,0.003995,2021-04-25 17:00,2021-04-30 15:24,4.934,data/derived/control_boxes/gen1_2008_control__L5U-2347_Fillmore_VRS.laz,data/derived/control_structure/gen1_2008_control__L5U-2347_Fillmore_VRS.npz,ok,2994,1489,0.0,0.4336
gen1_2008_control,L5U-2348 Fillmore VRS,600370.641,4852098.565,L5U,MN_SEDriftless_2_2021,ok,212969,92998,0.056661,0.11666,1,0.094688,0.229076,5,0.082066,0.19573,9,0.0682,0.159704,13,0.063288,0.144475,29,0.093308,0.215646,81,0.038027,2021-04-25 17:00,2021-04-30 15:24,4.934,data/derived/control_boxes/gen1_2008_control__L5U-2348_Fillmore_VRS.laz,data/derived/control_structure/gen1_2008_control__L5U-2348_Fillmore_VRS.npz,ok,3181,1207,0.0,2.95
gen1_2008_control,L5U-2351 Fillmore VRS,600643.88,4852460.653,L5U,MN_SEDriftless_2_2021,ok,100907,61633,0.251454,0.579244,1,0.190691,0.461758,5,0.173415,0.420361,9,0.177705,0.436093,13,0.142306,0.348015,29,0.090209,0.218754,81,0.161245,2021-04-30 15:24,2021-04-30 15:24,0.0,data/derived/control_boxes/gen1_2008_control__L5U-2351_Fillmore_VRS.laz,data/derived/control_structure/gen1_2008_control__L5U-2351_Fillmore_VRS.npz,ok,2317,970,0.0,1.9265
gen1_2008_control,L5U-2508 Fillmore VRS,549288.725,4838362.944,L5U,MN_SEDriftless_3_2021,ok,105146,67937,0.07418,0.154151,1,0.090881,0.211797,5,0.135916,0.443141,9,0.148797,0.463344,13,0.10045,0.307454,29,0.093251,0.295655,81,0.074617,2022-05-06 23:42,2022-05-06 23:43,0.0,data/derived/control_boxes/gen1_2008_control__L5U-2508_Fillmore_VRS.laz,data/derived/control_structure/gen1_2008_control__L5U-2508_Fillmore_VRS.npz,ok,1801,1236,0.0,1.2786
gen1_2008_control,L5U-2509 Fillmore VRS,548328.337,4838302.423,L5U,MN_SEDriftless_3_2021,ok,152242,80037,0.0,0.0,1,0.0,0.0,5,0.001446,0.002911,9,0.001001,0.002016,13,0.030538,0.075917,29,0.073735,0.180975,81,0.073735,2022-05-06 23:43,2022-05-06 23:43,0.0,data/derived/control_boxes/gen1_2008_control__L5U-2509_Fillmore_VRS.laz,data/derived/control_structure/gen1_2008_control__L5U-2509_Fillmore_VRS.npz,ok,1731,1491,0.0,3.0795
gen1_2008_control,L5U-2510 Fillmore VRS,549241.234,4836154.418,L5U,MN_SEDriftless_3_2021,ok,338028,132323,0.003922,0.007859,1,0.017498,0.036113,5,0.011372,0.023372,9,0.061999,0.16051,13,0.13397,0.358241,29,0.207955,0.649562,81,0.204033,2022-05-06 22:51,2022-05-06 23:08,0.012,data/derived/control_boxes/gen1_2008_control__L5U-2510_Fillmore_VRS.laz,data/derived/control_structure/gen1_2008_control__L5U-2510_Fillmore_VRS.npz,ok,3600,3019,0.0,0.6727
gen1_2008_control,L5U-3205 Houston RTK,600296.77,4851183.021,L5U,MN_SEDriftless_2_2021,ok,195571,67618,0.022275,0.045053,1,0.008384,0.016946,5,0.0131,0.02663,9,0.009069,0.018436,13,0.004147,0.008428,29,0.003241,0.006599,81,0.019034,2021-04-25 17:00,2021-04-30 15:24,4.934,data/derived/control_boxes/gen1_2008_control__L5U-3205_Houston_RTK.laz,data/derived/control_structure/gen1_2008_control__L5U-3205_Houston_RTK.npz,ok,3137,1526,0.0,1.1127
gen1_2008_control,L5U-3206 Houston RTK,600157.768,4851560.392,L5U,MN_SEDriftless_2_2021,ok,220849,84775,0.0,0.0,1,0.0,0.0,5,0.015283,0.032684,9,0.029739,0.06333,13,0.084698,0.224974,29,0.135526,0.381119,81,0.135526,2021-04-25 17:00,2021-04-30 15:24,4.934,data/derived/control_boxes/gen1_2008_control__L5U-3206_Houston_RTK.laz,data/derived/control_structure/gen1_2008_control__L5U-3206_Houston_RTK.npz,ok,3029,1441,0.0,2.6361
gen1_2008_control,L3B-0,637693.262,4818321.617,L3B,MN_SEDriftless_2_2021,ok,115285,66548,0.173258,0.380526,1,0.154314,0.359433,5,0.165802,0.384374,9,0.159113,0.369908,13,0.14761,0.340606,29,0.165772,0.383498,81,0.025648,2021-04-25 16:07,2021-04-25 16:07,0.0,data/derived/control_boxes/gen1_2008_control__L3B-0.laz,data/derived/control_structure/gen1_2008_control__L3B-0.npz,ok,2187,1203,0.0,3.6737
gen1_2008_control,L1O-1,637953.148,4818720.645,L1O,MN_SEDriftless_2_2021,ok,99440,81246,0.0,0.0,1,0.0,0.0,5,0.0,0.0,9,0.0,0.0,13,0.0,0.0,29,0.0,0.0,81,0.0,2021-04-25 16:07,2021-04-25 16:07,0.0,data/derived/control_boxes/gen1_2008_control__L1O-1.laz,data/derived/control_structure/gen1_2008_control__L1O-1.npz,ok,1454,1376,0.0,2.1473
gen1_2008_control,L2T-2,636995.566,4819412.125,L2T,MN_SEDriftless_2_2021,ok,95325,85402,0.0,0.0,1,0.0,0.0,5,0.0,0.0,9,0.0,0.0,13,0.0,0.0,29,0.0,0.0,81,0.0,2021-04-25 16:29,2021-04-25 16:30,0.0,data/derived/control_boxes/gen1_2008_control__L2T-2.laz,data/derived/control_structure/gen1_2008_control__L2T-2.npz,ok,1435,1396,0.0,0.5037
gen1_2008_control,L4F-3,636961.849,4819509.013,L4F,MN_SEDriftless_2_2021,ok,113435,80323,0.0,0.0,1,0.0,0.0,5,0.0,0.0,9,0.0,0.0,13,0.002607,0.005409,29,0.035547,0.082369,81,0.035547,2021-04-25 16:29,2021-04-25 16:30,0.0,data/derived/control_boxes/gen1_2008_control__L4F-3.laz,data/derived/control_structure/gen1_2008_control__L4F-3.npz,ok,1464,1441,0.0,1.3028
gen1_2008_control,L2T-4,603492.502,4848731.103,L2T,MN_SEDriftless_2_2021,ok,132282,83953,0.0,0.0,1,0.0,0.0,5,0.0,0.0,9,0.017251,0.039068,13,0.019183,0.042645,29,0.030053,0.070179,81,0.030053,2021-04-30 16:05,2021-04-30 16:24,0.013,data/derived/control_boxes/gen1_2008_control__L2T-4.laz,data/derived/control_structure/gen1_2008_control__L2T-4.npz,ok,1588,1254,0.0,0.8795
gen1_2008_control,L1O-10,609799.548,4847342.453,L1O,MN_SEDriftless_2_2021,ok,222111,84264,0.0,0.0,1,0.0,0.0,5,0.0,0.0,9,0.0,0.0,13,0.0,0.0,29,0.017821,0.041793,81,0.017821,2021-04-30 18:48,2021-04-30 19:07,0.013,data/derived/control_boxes/gen1_2008_control__L1O-10.laz,data/derived/control_structure/gen1_2008_control__L1O-10.npz,ok,3011,1423,0.0,3.8261
gen1_2008_control,L4F-11,608813.275,4846634.479,L4F,MN_SEDriftless_2_2021,ok,309641,86114,0.442845,1.169825,1,0.274922,0.660938,5,0.258616,0.615778,9,0.266719,0.638517,13,0.248811,0.592722,29,0.25346,0.604095,81,0.194034,2021-04-30 18:00,2021-04-30 18:48,0.033,data/derived/control_boxes/gen1_2008_control__L4F-11.laz,data/derived/control_structure/gen1_2008_control__L4F-11.npz,ok,6073,1653,0.0,1.034
gen1_2008_control,L3B-12,606378.079,4846491.812,L3B,MN_SEDriftless_2_2021,ok,137481,78376,0.0,0.0,1,0.00796,0.016245,5,0.017219,0.036025,9,0.015335,0.031912,13,0.019691,0.041822,29,0.013437,0.028638,81,0.019691,2021-04-30 17:03,2021-04-30 17:24,0.015,data/derived/control_boxes/gen1_2008_control__L3B-12.laz,data/derived/control_structure/gen1_2008_control__L3B-12.npz,ok,1988,1044,0.0,2.0167
gen1_2008_control,L2T-13,605958.75,4846197.701,L2T,MN_SEDriftless_2_2021,ok,302957,103554,0.0,0.0,1,0.0,0.0,5,0.0,0.0,9,0.006308,0.013163,13,0.009964,0.020786,29,0.054771,0.131944,81,0.054771,2021-04-30 17:02,2021-04-30 17:24,0.015,data/derived/control_boxes/gen1_2008_control__L2T-13.laz,data/derived/control_structure/gen1_2008_control__L2T-13.npz,ok,2996,2066,0.0,3.0678
gen1_2008_control,L5U-14,611588.219,4853067.18,L5U,MN_SEDriftless_2_2021,ok,115032,71752,0.0,0.0,1,0.0,0.0,5,0.006178,0.012712,9,0.004277,0.008801,13,0.043921,0.127329,29,0.098919,0.272898,81,0.098919,2021-04-30 19:25,2021-04-30 19:26,0.0,data/derived/control_boxes/gen1_2008_control__L5U-14.laz,data/derived/control_structure/gen1_2008_control__L5U-14.npz,ok,1470,1316,0.0,2.4668
gen1_2008_control,L2T-15,608154.013,4851162.142,L2T,MN_SEDriftless_2_2021,ok,208016,129110,0.0,0.0,1,0.0,0.0,5,0.0,0.0,9,0.0,0.0,13,0.0,0.0,29,0.0,0.0,81,0.0,2021-04-30 17:42,2021-04-30 18:00,0.013,data/derived/control_boxes/gen1_2008_control__L2T-15.laz,data/derived/control_structure/gen1_2008_control__L2T-15.npz,ok,3319,2190,0.0,3.0883
gen1_2008_control,L4F-16,606082.926,4854079.338,L4F,MN_SEDriftless_2_2021,ok,334190,114272,0.267777,0.623341,1,0.272009,0.645804,5,0.239454,0.568326,9,0.247211,0.600057,13,0.243492,0.600528,29,0.200303,0.495813,81,0.071706,2021-04-30 17:04,2021-04-30 17:22,0.013,data/derived/control_boxes/gen1_2008_control__L4F-16.laz,data/derived/control_structure/gen1_2008_control__L4F-16.npz,ok,7238,1732,0.0,0.505
gen1_2008_control,L1O-17,613305.419,4851076.605,L1O,MN_SEDriftless_2_2021,ok,97768,80528,0.0,0.0,1,0.009179,0.018793,5,0.035722,0.082088,9,0.025279,0.057932,13,0.017827,0.039401,29,0.070077,0.18559,81,0.070077,2021-04-30 20:00,2021-04-30 20:00,0.0,data/derived/control_boxes/gen1_2008_control__L1O-17.laz,data/derived/control_structure/gen1_2008_control__L1O-17.npz,ok,1474,1340,0.0,0.7023
gen1_2008_control,L3B-18,613132.971,4849883.069,L3B,MN_SEDriftless_2_2021,ok,123738,79978,0.047339,0.096992,1,0.044686,0.093291,5,0.037894,0.079635,9,0.03758,0.079566,13,0.037721,0.080155,29,0.06927,0.164022,81,0.03169,2021-04-30 19:42,2021-04-30 20:00,0.013,data/derived/control_boxes/gen1_2008_control__L3B-18.laz,data/derived/control_structure/gen1_2008_control__L3B-18.npz,ok,1768,1388,0.0,4.1214
gen1_2008_control,L1O-19,616078.577,4844699.222,L1O,MN_SEDriftless_2_2021,ok,94497,77773,0.0,0.0,1,0.0,0.0,5,0.0,0.0,9,0.0,0.0,13,0.0,0.0,29,0.005995,0.016299,81,0.005995,2021-04-30 20:51,2021-04-30 20:52,0.0,data/derived/control_boxes/gen1_2008_control__L1O-19.laz,data/derived/control_structure/gen1_2008_control__L1O-19.npz,ok,1431,1271,0.0,0.3911
gen1_2008_control,L5U-20,615205.868,4846555.294,L5U,MN_SEDriftless_2_2021,ok,96277,55800,0.0,0.0,1,0.0,0.0,5,0.001038,0.002087,9,0.000719,0.001445,13,0.000572,0.001149,29,0.014772,0.039934,81,0.014772,2021-04-30 20:34,2021-04-30 20:34,0.0,data/derived/control_boxes/gen1_2008_control__L5U-20.laz,data/derived/control_structure/gen1_2008_control__L5U-20.npz,ok,1471,1431,0.0,0.2643
gen1_2008_control,L3B-21,618243.859,4849121.585,L3B,MN_SEDriftless_2_2021,ok,94265,85087,0.0,0.0,1,0.0,0.0,5,0.0,0.0,9,0.0,0.0,13,0.0,0.0,29,0.002572,0.005368,81,0.002572,2021-04-30 21:24,2021-04-30 21:24,0.0,data/derived/control_boxes/gen1_2008_control__L3B-21.laz,data/derived/control_structure/gen1_2008_control__L3B-21.npz,ok,1512,1458,0.0,0.5784
gen1_2008_control,L2T-22,618915.679,4852575.677,L2T,MN_SEDriftless_2_2021,ok,114324,76466,0.0,0.0,1,0.0,0.0,5,0.0,0.0,9,0.0,0.0,13,0.0,0.0,29,0.0108,0.024017,81,0.0108,2021-04-30 21:23,2021-04-30 21:43,0.014,data/derived/control_boxes/gen1_2008_control__L2T-22.laz,data/derived/control_structure/gen1_2008_control__L2T-22.npz,ok,1478,1381,0.0,5.5203
gen1_2008_control,L2T-23,623733.332,4849541.192,L2T,MN_SEDriftless_2_2021,ok,189744,98588,0.0,0.0,1,0.0,0.0,5,0.0,0.0,9,0.004196,0.00863,13,0.019828,0.046726,29,0.043526,0.104783,81,0.043526,2021-05-01 14:45,2021-05-01 15:00,0.01,data/derived/control_boxes/gen1_2008_control__L2T-23.laz,data/derived/control_structure/gen1_2008_control__L2T-23.npz,ok,3087,1716,0.0,7.5677
gen1_2008_control,L5U-24,624997.898,4849207.956,L5U,MN_SEDriftless_2_2021,ok,145151,73055,0.023185,0.046917,1,0.070912,0.170396,5,0.056031,0.130108,9,0.052605,0.120453,13,0.043974,0.097834,29,0.128787,0.321389,81,0.105602,2021-05-01 15:18,2021-05-01 15:18,0.0,data/derived/control_boxes/gen1_2008_control__L5U-24.laz,data/derived/control_structure/gen1_2008_control__L5U-24.npz,ok,1853,1464,0.0,1.7123
gen1_2008_control,L3B-25,631249.603,4851612.007,L3B,MN_SEDriftless_2_2021,ok,228992,108490,0.08574,0.179281,1,0.07908,0.17563,5,0.055729,0.122053,9,0.060308,0.130884,13,0.077706,0.179216,29,0.075106,0.173226,81,0.030011,2021-04-26 16:43,2021-04-29 15:28,2.948,data/derived/control_boxes/gen1_2008_control__L3B-25.laz,data/derived/control_structure/gen1_2008_control__L3B-25.npz,ok,4161,1665,0.0,5.7313
gen1_2008_control,L4F-26,624250.407,4853559.701,L4F,MN_SEDriftless_2_2021,ok,124291,66913,0.037188,0.075794,1,0.157931,0.384114,5,0.171355,0.430869,9,0.18203,0.461736,13,0.171449,0.452068,29,0.128388,0.329145,81,0.144842,2021-05-01 14:59,2021-05-01 14:59,0.0,data/derived/control_boxes/gen1_2008_control__L4F-26.laz,data/derived/control_structure/gen1_2008_control__L4F-26.npz,ok,2837,861,0.0,1.6556
gen1_2008_control,L2T-27,624245.58,4853524.079,L2T,MN_SEDriftless_2_2021,ok,107531,73300,0.0,0.0,1,0.0,0.0,5,0.0,0.0,9,0.0,0.0,13,0.0,0.0,29,0.0,0.0,81,0.0,2021-05-01 14:59,2021-05-01 14:59,0.0,data/derived/control_boxes/gen1_2008_control__L2T-27.laz,data/derived/control_structure/gen1_2008_control__L2T-27.npz,ok,1660,1246,0.0,1.4628
gen1_2008_control,L1O-28,627548.142,4853853.217,L1O,MN_SEDriftless_2_2021,ok,221406,110331,0.0,0.0,1,0.0,0.0,5,0.0,0.0,9,0.0,0.0,13,0.001802,0.003703,29,0.053973,0.144824,81,0.053973,2021-04-29 16:20,2021-04-29 16:34,0.009,data/derived/control_boxes/gen1_2008_control__L1O-28.laz,data/derived/control_structure/gen1_2008_control__L1O-28.npz,ok,3061,2009,0.0,3.5976
gen1_2008_control,L5U-29,634946.154,4853043.154,L5U,MN_SEDriftless_2_2021,ok,113809,70804,0.0,0.0,1,0.0,0.0,5,0.0,0.0,9,0.008412,0.017527,13,0.036643,0.086346,29,0.05001,0.11608,81,0.05001,2021-04-25 16:51,2021-04-25 16:52,0.0,data/derived/control_boxes/gen1_2008_control__L5U-29.laz,data/derived/control_structure/gen1_2008_control__L5U-29.npz,ok,1490,1380,0.0,1.1163
gen1_2008_control,L5U-30,635944.045,4853055.257,L5U,MN_SEDriftless_2_2021,ok,106705,69846,0.459456,1.23036,1,0.2532,0.61205,5,0.150777,0.360537,9,0.208013,0.540186,13,0.243997,0.700508,29,0.200778,0.547683,81,0.308679,2021-04-25 16:42,2021-04-25 16:42,0.0,data/derived/control_boxes/gen1_2008_control__L5U-30.laz,data/derived/control_structure/gen1_2008_control__L5U-30.npz,ok,2183,1110,0.0,2.8132
gen1_2008_control,L4F-31,633274.941,4849729.811,L4F,MN_SEDriftless_2_2021,ok,229291,104619,0.001197,0.002395,1,0.058432,0.123889,5,0.080095,0.174402,9,0.126767,0.293579,13,0.162857,0.381098,29,0.162341,0.378034,81,0.16166,2021-04-25 17:10,2021-04-26 16:24,0.968,data/derived/control_boxes/gen1_2008_control__L4F-31.laz,data/derived/control_structure/gen1_2008_control__L4F-31.npz,ok,3702,1712,0.0,0.3256
gen1_2008_control,L1O-32,633999.634,4849184.937,L1O,MN_SEDriftless_2_2021,ok,91173,84272,0.0,0.0,1,0.0,0.0,5,0.0,0.0,9,0.002219,0.004504,13,0.001505,0.003044,29,0.002477,0.005086,81,0.002477,2021-04-25 17:10,2021-04-25 17:10,0.0,data/derived/control_boxes/gen1_2008_control__L1O-32.laz,data/derived/control_structure/gen1_2008_control__L1O-32.npz,ok,1451,1429,0.0,0.4773
gen1_2008_control,L5U-33,633174.786,4846940.286,L5U,MN_SEDriftless_2_2021,ok,190660,101675,0.0,0.0,1,0.0,0.0,5,0.0,0.0,9,0.0,0.0,13,0.00382,0.007872,29,0.005094,0.011115,81,0.005094,2021-04-25 17:10,2021-04-26 16:25,0.969,data/derived/control_boxes/gen1_2008_control__L5U-33.laz,data/derived/control_structure/gen1_2008_control__L5U-33.npz,ok,2976,1730,0.0,1.9634
gen1_2008_control,L3B-34,633297.261,4847505.322,L3B,MN_SEDriftless_2_2021,ok,181037,83156,0.23359,0.532075,1,0.14438,0.315224,5,0.120984,0.262759,9,0.108988,0.235795,13,0.084159,0.181482,29,0.053498,0.118513,74,0.180092,2021-04-25 17:10,2021-04-26 16:25,0.969,data/derived/control_boxes/gen1_2008_control__L3B-34.laz,data/derived/control_structure/gen1_2008_control__L3B-34.npz,ok,4127,1685,0.0,0.6381
gen1_2008_control,L2T-35,636707.429,4848027.36,L2T,MN_SEDriftless_2_2021,ok,89770,81793,0.0,0.0,1,0.0,0.0,5,0.0,0.0,9,0.0,0.0,13,0.0,0.0,29,0.004,0.00854,81,0.004,2021-04-25 16:23,2021-04-25 16:24,0.0,data/derived/control_boxes/gen1_2008_control__L2T-35.laz,data/derived/control_structure/gen1_2008_control__L2T-35.npz,ok,1437,1224,0.0,0.0983
gen1_2008_control,L4F-36,637751.691,4847154.329,L4F,MN_SEDriftless_2_2021,ok,94734,80965,0.028031,0.056863,1,0.110815,0.247951,5,0.095171,0.210279,9,0.085097,0.186907,13,0.089782,0.196113,29,0.078198,0.172254,81,0.082784,2021-04-25 16:13,2021-04-25 16:13,0.0,data/derived/control_boxes/gen1_2008_control__L4F-36.laz,data/derived/control_structure/gen1_2008_control__L4F-36.npz,ok,1727,1268,0.0,4.4479
gen1_2008_control,L1O-37,635449.868,4847858.505,L1O,MN_SEDriftless_2_2021,ok,183043,116646,0.0,0.0,1,0.0,0.0,5,0.0,0.0,9,9.5e-05,0.000189,13,0.002173,0.004411,29,0.059153,0.189896,81,0.059153,2021-04-25 16:41,2021-04-25 16:53,0.008,data/derived/control_boxes/gen1_2008_control__L1O-37.laz,data/derived/control_structure/gen1_2008_control__L1O-37.npz,ok,2860,2169,0.0,0.3097
gen1_2008_control,L1O-38,630958.333,4845552.238,L1O,MN_SEDriftless_2_2021,ok,105691,101832,0.0,0.0,1,0.0,0.0,5,0.0,0.0,9,0.0,0.0,13,0.0,0.0,29,0.0,0.0,81,0.0,2021-04-29 15:29,2021-04-29 15:30,0.0,data/derived/control_boxes/gen1_2008_control__L1O-38.laz,data/derived/control_structure/gen1_2008_control__L1O-38.npz,ok,1624,1599,0.0,1.2367
gen1_2008_control,L2T-39,634440.251,4835507.411,L2T,MN_SEDriftless_2_2021,ok,199884,139330,0.0,0.0,1,0.0,0.0,5,0.0,0.0,9,0.0,0.0,13,0.0,0.0,29,0.0,0.0,81,0.0,2021-04-25 16:55,2021-04-25 17:08,0.009,data/derived/control_boxes/gen1_2008_control__L2T-39.laz,data/derived/control_structure/gen1_2008_control__L2T-39.npz,ok,3224,2251,0.0,1.2669
gen1_2008_control,L3B-40,634796.307,4837154.884,L3B,MN_SEDriftless_2_2021,ok,105860,92492,0.415067,1.072517,1,0.225905,0.559034,5,0.15974,0.385067,9,0.117463,0.280787,13,0.054118,0.128831,29,0.058719,0.148532,81,0.360949,2021-04-25 16:55,2021-04-25 16:55,0.0,data/derived/control_boxes/gen1_2008_control__L3B-40.laz,data/derived/control_structure/gen1_2008_control__L3B-40.npz,ok,2855,1426,0.0,2.1895
gen1_2008_control,L5U-41,638448.415,4839316.838,L5U,MN_SEDriftless_2_2021,ok,193251,80789,0.003544,0.007101,1,0.000709,0.00142,5,0.000394,0.000789,9,0.000273,0.000546,13,0.029121,0.074437,29,0.081771,0.212699,81,0.081498,2021-04-25 15:57,2021-04-25 16:12,0.01,data/derived/control_boxes/gen1_2008_control__L5U-41.laz,data/derived/control_structure/gen1_2008_control__L5U-41.npz,ok,2988,1921,0.0,2.7617
gen1_2008_control,L1O-42,638638.861,4839399.185,L1O,MN_SEDriftless_2_2021,ok,101533,57124,0.0,0.0,1,0.024013,0.049579,5,0.013619,0.028101,9,0.026924,0.058835,13,0.038771,0.122919,29,0.112734,0.401093,81,0.112734,2021-04-25 15:57,2021-04-25 15:58,0.0,data/derived/control_boxes/gen1_2008_control__L1O-42.laz,data/derived/control_structure/gen1_2008_control__L1O-42.npz,ok,1406,1104,0.0,0.9035
gen1_2008_control,L1O-43,629743.184,4835279.326,L1O,MN_SEDriftless_2_2021,ok,96755,87275,0.0,0.0,1,0.0,0.0,5,0.0,0.0,9,0.0,0.0,13,0.01084,0.023591,29,0.015304,0.032787,81,0.015304,2021-04-29 15:44,2021-04-29 15:44,0.0,data/derived/control_boxes/gen1_2008_control__L1O-43.laz,data/derived/control_structure/gen1_2008_control__L1O-43.npz,ok,1501,1451,0.0,0.905
gen1_2008_control,L2T-44,629645.486,4835321.793,L2T,MN_SEDriftless_2_2021,ok,110321,97246,0.0,0.0,1,0.0,0.0,5,0.0,0.0,9,0.0,0.0,13,0.0,0.0,29,0.000191,0.000385,81,0.000191,2021-04-29 15:44,2021-04-29 16:05,0.014,data/derived/control_boxes/gen1_2008_control__L2T-44.laz,data/derived/control_structure/gen1_2008_control__L2T-44.npz,ok,1556,1505,0.0,1.9771
gen1_2008_control,L4F-45,629120.37,4835323.921,L4F,MN_SEDriftless_2_2021,ok,155353,76370,0.303778,0.724173,1,0.255897,0.616824,5,0.220245,0.524757,9,0.231946,0.559551,13,0.217943,0.530299,29,0.201489,0.492485,81,0.102289,2021-04-29 16:04,2021-04-29 16:05,0.0,data/derived/control_boxes/gen1_2008_control__L4F-45.laz,data/derived/control_structure/gen1_2008_control__L4F-45.npz,ok,3218,1109,0.0,1.7838
gen1_2008_control,L3B-46,627944.081,4836088.077,L3B,MN_SEDriftless_2_2021,ok,94086,91889,0.0,0.0,1,0.0,0.0,5,0.0,0.0,9,0.0,0.0,13,0.0,0.0,29,0.0,0.0,81,0.0,2021-04-29 16:17,2021-04-29 16:17,0.0,data/derived/control_boxes/gen1_2008_control__L3B-46.laz,data/derived/control_structure/gen1_2008_control__L3B-46.npz,ok,1519,1484,0.0,1.9444
gen1_2008_control,L2T-47,637325.283,4834624.362,L2T,MN_SEDriftless_2_2021,ok,197304,125035,0.0,0.0,1,0.0,0.0,5,0.0,0.0,9,0.0,0.0,13,0.0,0.0,29,0.0,0.0,81,0.0,2021-04-25 16:10,2021-04-25 16:26,0.011,data/derived/control_boxes/gen1_2008_control__L2T-47.laz,data/derived/control_structure/gen1_2008_control__L2T-47.npz,ok,3130,2021,0.0,2.1581
gen1_2008_control,L4F-48,636461.888,4834570.661,L4F,MN_SEDriftless_2_2021,ok,243318,105870,0.395763,1.007577,1,0.377142,0.971213,5,0.361743,0.928262,9,0.351124,0.909699,13,0.289724,0.737679,29,0.253596,0.643905,81,0.142167,2021-04-25 16:26,2021-04-25 16:39,0.009,data/derived/control_boxes/gen1_2008_control__L4F-48.laz,data/derived/control_structure/gen1_2008_control__L4F-48.npz,ok,9522,1510,0.0,5.8824
gen1_2008_control,L3B-49,637535.98,4833030.044,L3B,MN_SEDriftless_2_2021,ok,143436,84537,0.348914,0.858227,1,0.295008,0.703835,5,0.262835,0.618693,9,0.250575,0.585677,13,0.227341,0.528153,29,0.206777,0.482373,81,0.142137,2021-04-25 16:10,2021-04-25 16:10,0.0,data/derived/control_boxes/gen1_2008_control__L3B-49.laz,data/derived/control_structure/gen1_2008_control__L3B-49.npz,ok,3117,1301,0.0,2.4937
gen1_2008_control,L1O-50,638411.598,4832092.953,L1O,MN_SEDriftless_2_2021,ok,203822,118018,0.0,0.0,1,0.0,0.0,5,0.0,0.0,9,0.0,0.0,13,0.00023,0.00046,29,0.042676,0.129645,81,0.042676,2021-04-25 15:59,2021-04-25 16:10,0.008,data/derived/control_boxes/gen1_2008_control__L1O-50.laz,data/derived/control_structure/gen1_2008_control__L1O-50.npz,ok,3177,2187,0.0,2.2998
gen1_2008_control,L1O-51,627531.586,4826834.821,L1O,MN_SEDriftless_2_2021,ok,187253,123007,0.0,0.0,1,0.0,0.0,5,0.0,0.0,9,0.000182,0.000365,13,8.2e-05,0.000163,29,0.000562,0.001137,81,0.000562,2021-04-29 16:15,2021-04-29 16:39,0.017,data/derived/control_boxes/gen1_2008_control__L1O-51.laz,data/derived/control_structure/gen1_2008_control__L1O-51.npz,ok,2999,2137,0.0,1.6063
gen1_2008_control,L3B-52,628299.653,4827093.743,L3B,MN_SEDriftless_2_2021,ok,184180,105709,0.223386,0.505623,1,0.076282,0.168806,5,0.042379,0.093781,9,0.029339,0.064926,13,0.013152,0.029105,29,0.004709,0.01042,81,0.218677,2021-04-29 16:06,2021-04-29 16:15,0.006,data/derived/control_boxes/gen1_2008_control__L3B-52.laz,data/derived/control_structure/gen1_2008_control__L3B-52.npz,ok,3462,1807,0.0,0.3859
gen1_2008_control,L4F-53,627249.029,4826742.731,L4F,MN_SEDriftless_2_2021,ok,175942,68789,0.4326,1.133382,1,0.436121,1.147652,5,0.431509,1.135159,9,0.422881,1.116714,13,0.412311,1.079085,29,0.363069,0.935938,81,0.073052,2021-04-29 16:15,2021-04-29 16:39,0.017,data/derived/control_boxes/gen1_2008_control__L4F-53.laz,data/derived/control_structure/gen1_2008_control__L4F-53.npz,ok,4304,735,0.0,0.8018
gen1_2008_control,L2T-54,629126.089,4825192.013,L2T,MN_SEDriftless_2_2021,ok,93355,88892,0.0,0.0,1,0.0,0.0,5,0.0,0.0,9,0.0,0.0,13,0.0,0.0,29,0.0,0.0,81,0.0,2021-04-29 16:06,2021-04-29 16:07,0.0,data/derived/control_boxes/gen1_2008_control__L2T-54.laz,data/derived/control_structure/gen1_2008_control__L2T-54.npz,ok,1510,1470,0.0,3.9295
gen1_2008_control,L1O-55,632066.876,4824962.481,L1O,MN_SEDriftless_2_2021,ok,93791,87895,0.0,0.0,1,0.0,0.0,5,0.0,0.0,9,0.0,0.0,13,0.0,0.0,29,0.000932,0.001897,81,0.000932,2021-04-26 16:37,2021-04-26 16:38,0.0,data/derived/control_boxes/gen1_2008_control__L1O-55.laz,data/derived/control_structure/gen1_2008_control__L1O-55.npz,ok,1485,1451,0.0,1.4969
gen1_2008_control,L3B-56,632897.701,4822553.819,L3B,MN_SEDriftless_2_2021,ok,132102,68734,0.0,0.0,1,0.035483,0.075657,5,0.046006,0.098766,9,0.072379,0.172188,13,0.095737,0.236114,29,0.092266,0.241814,81,0.095737,2021-04-26 16:30,2021-04-26 16:30,0.0,data/derived/control_boxes/gen1_2008_control__L3B-56.laz,data/derived/control_structure/gen1_2008_control__L3B-56.npz,ok,1889,993,0.0,2.9615
gen1_2008_control,L2T-57,637072.85,4822574.973,L2T,MN_SEDriftless_2_2021,ok,112957,99899,0.0,0.0,1,0.0,0.0,5,0.0,0.0,9,0.0,0.0,13,0.0,0.0,29,0.0,0.0,81,0.0,2021-04-25 16:08,2021-04-25 16:29,0.015,data/derived/control_boxes/gen1_2008_control__L2T-57.laz,data/derived/control_structure/gen1_2008_control__L2T-57.npz,ok,1555,1526,0.0,3.1739
gen1_2008_control,L5U-58,638970.067,4828994.96,L5U,MN_SEDriftless_2_2021,ok,126313,65438,0.044688,0.091434,1,0.114522,0.253151,5,0.105145,0.234018,9,0.147923,0.350877,13,0.212797,0.52867,29,0.211574,0.53138,81,0.168109,2021-04-25 15:59,2021-04-25 16:00,0.0,data/derived/control_boxes/gen1_2008_control__L5U-58.laz,data/derived/control_structure/gen1_2008_control__L5U-58.npz,ok,1806,1132,0.0,13.6541
gen1_2008_control,L2T-59,632450.285,4826476.186,L2T,MN_SEDriftless_2_2021,ok,197830,144275,0.0,0.0,1,0.0,0.0,5,0.0,0.0,9,0.0,0.0,13,0.0,0.0,29,0.005992,0.013314,81,0.005992,2021-04-26 16:29,2021-04-26 16:38,0.006,data/derived/control_boxes/gen1_2008_control__L2T-59.laz,data/derived/control_structure/gen1_2008_control__L2T-59.npz,ok,3116,2419,0.0,2.7882
gen1_2008_control,L1O-60,632433.784,4826469.894,L1O,MN_SEDriftless_2_2021,ok,198506,143117,0.0,0.0,1,0.0,0.0,5,0.0,0.0,9,0.000263,0.000527,13,0.01649,0.038434,29,0.027815,0.063552,81,0.027815,2021-04-26 16:29,2021-04-26 16:38,0.006,data/derived/control_boxes/gen1_2008_control__L1O-60.laz,data/derived/control_structure/gen1_2008_control__L1O-60.npz,ok,3118,2426,0.0,0.8084
gen1_2008_control,L5U-61,632083.044,4830023.949,L5U,MN_SEDriftless_2_2021,ok,113860,63070,0.0,0.0,1,0.0,0.0,5,0.000804,0.001614,9,0.00362,0.007369,13,0.026477,0.057952,29,0.078934,0.252316,81,0.078934,2021-04-26 16:28,2021-04-26 16:39,0.007,data/derived/control_boxes/gen1_2008_control__L5U-61.laz,data/derived/control_structure/gen1_2008_control__L5U-61.npz,ok,1382,1252,0.0,0.9323
gen1_2008_control,L1O-62,632174.671,4830045.605,L1O,MN_SEDriftless_2_2021,ok,204559,106900,0.0,0.0,1,0.0,0.0,5,0.0,0.0,9,0.0,0.0,13,0.003123,0.006548,29,0.018512,0.045679,81,0.018512,2021-04-26 16:28,2021-04-26 16:39,0.007,data/derived/control_boxes/gen1_2008_control__L1O-62.laz,data/derived/control_structure/gen1_2008_control__L1O-62.npz,ok,2872,1806,0.0,1.1918
gen1_2008_control,L4F-64,633578.633,4829755.321,L4F,MN_SEDriftless_2_2021,ok,202730,95306,0.290717,0.687001,1,0.188232,0.422358,5,0.164925,0.365396,9,0.169422,0.381079,13,0.131281,0.294597,29,0.100551,0.226099,81,0.190166,2021-04-25 17:06,2021-04-26 16:28,0.974,data/derived/control_boxes/gen1_2008_control__L4F-64.laz,data/derived/control_structure/gen1_2008_control__L4F-64.npz,ok,4783,1624,0.0,1.7791
gen1_2008_control,L5U-65,610498.294,4824017.954,L5U,MN_SEDriftless_2_2021,ok,131937,71444,0.0,0.0,1,0.0,0.0,5,0.0,0.0,9,0.00098,0.001972,13,0.031351,0.084447,29,0.089335,0.283107,81,0.089335,2021-04-30 19:11,2021-04-30 19:12,0.0,data/derived/control_boxes/gen1_2008_control__L5U-65.laz,data/derived/control_structure/gen1_2008_control__L5U-65.npz,ok,1650,1516,0.0,3.8439
gen1_2008_control,L4F-66,607071.079,4824973.738,L4F,MN_SEDriftless_2_2021,ok,287647,100958,0.454996,1.213923,1,0.424999,1.128694,5,0.423946,1.139354,9,0.425387,1.135363,13,0.395558,1.059082,29,0.246754,0.651637,81,0.208242,2021-04-30 17:28,2021-04-30 17:36,0.006,data/derived/control_boxes/gen1_2008_control__L4F-66.laz,data/derived/control_structure/gen1_2008_control__L4F-66.npz,ok,8114,1374,0.0,2.2417
gen1_2008_control,L2T-67,607039.405,4824956.714,L2T,MN_SEDriftless_2_2021,ok,245394,109471,0.0,0.0,1,0.0,0.0,5,0.0,0.0,9,0.0,0.0,13,0.0,0.0,29,0.011332,0.027053,81,0.011332,2021-04-30 17:28,2021-04-30 17:36,0.006,data/derived/control_boxes/gen1_2008_control__L2T-67.laz,data/derived/control_structure/gen1_2008_control__L2T-67.npz,ok,3113,1780,0.0,1.8418
gen1_2008_control,L10-68,606894.58,4826898.346,L1O,MN_SEDriftless_2_2021,ok,96610,94165,0.0,0.0,1,0.0,0.0,5,0.0,0.0,9,0.0,0.0,13,0.00137,0.002769,29,0.000491,0.000991,81,0.00137,2021-04-30 17:28,2021-04-30 17:28,0.0,data/derived/control_boxes/gen1_2008_control__L10-68.laz,data/derived/control_structure/gen1_2008_control__L10-68.npz,ok,1569,1542,0.0,1.3047
gen1_2008_control,L5U-69,608123.629,4830127.93,L5U,MN_SEDriftless_2_2021,ok,236024,85679,0.0,0.0,1,0.0139,0.028814,5,0.00786,0.016283,9,0.041341,0.107991,13,0.075284,0.190765,29,0.095102,0.244708,81,0.095102,2021-04-30 17:37,2021-04-30 18:04,0.019,data/derived/control_boxes/gen1_2008_control__L5U-69.laz,data/derived/control_structure/gen1_2008_control__L5U-69.npz,ok,3038,1268,0.0,2.0964
gen1_2008_control,L2T-70,608198.929,4830144.085,L2T,MN_SEDriftless_2_2021,ok,202720,94187,0.008348,0.016767,1,0.066347,0.144565,5,0.077862,0.182645,9,0.071458,0.166296,13,0.058742,0.142024,29,0.033168,0.080961,81,0.069514,2021-04-30 17:37,2021-04-30 18:04,0.019,data/derived/control_boxes/gen1_2008_control__L2T-70.laz,data/derived/control_structure/gen1_2008_control__L2T-70.npz,ok,3738,1604,0.0,1.4063
gen1_2008_control,L3B-71,603736.414,4825562.718,L3B,MN_SEDriftless_2_2021,ok,116691,76052,0.12822,0.274437,1,0.142666,0.317513,5,0.1302,0.290735,9,0.146849,0.386376,13,0.202838,0.639957,29,0.223358,0.689195,81,0.095138,2021-04-30 16:19,2021-04-30 16:19,0.0,data/derived/control_boxes/gen1_2008_control__L3B-71.laz,data/derived/control_structure/gen1_2008_control__L3B-71.npz,ok,2400,1221,0.0,0.8446
gen1_2008_control,L4F-72,603715.6,4825009.242,L4F,MN_SEDriftless_2_2021,ok,136070,66168,0.189675,0.42064,1,0.176755,0.39808,5,0.156885,0.355646,9,0.149835,0.339011,13,0.153287,0.356019,29,0.160111,0.404384,81,0.03984,2021-04-30 16:19,2021-04-30 16:19,0.0,data/derived/control_boxes/gen1_2008_control__L4F-72.laz,data/derived/control_structure/gen1_2008_control__L4F-72.npz,ok,2359,1087,0.0,3.1628
gen1_2008_control,L3B-73,605014.908,4817981.185,L3B,MN_SEDriftless_2_2021,ok,122449,101942,0.0,0.0,1,0.0,0.0,5,0.0,0.0,9,0.0,0.0,13,0.0,0.0,29,0.0,0.0,81,0.0,2021-04-30 16:51,2021-04-30 16:57,0.004,data/derived/control_boxes/gen1_2008_control__L3B-73.laz,data/derived/control_structure/gen1_2008_control__L3B-73.npz,ok,1540,1416,0.0,3.3065
gen1_2008_control,L1O-74,605038.293,4818052.084,L1O,MN_SEDriftless_2_2021,ok,144994,110401,0.0,0.0,1,0.0,0.0,5,0.0,0.0,9,0.0,0.0,13,0.0,0.0,29,0.000138,0.000277,81,0.000138,2021-04-30 16:51,2021-04-30 16:57,0.004,data/derived/control_boxes/gen1_2008_control__L1O-74.laz,data/derived/control_structure/gen1_2008_control__L1O-74.npz,ok,1728,1483,0.0,0.1348
gen1_2008_control,L2T-75,606267.989,4820452.376,L2T,MN_SEDriftless_2_2021,ok,202398,149620,0.0,0.0,1,0.0,0.0,5,0.0,0.0,9,0.0,0.0,13,0.0,0.0,29,0.0,0.0,81,0.0,2021-04-30 16:57,2021-04-30 17:29,0.022,data/derived/control_boxes/gen1_2008_control__L2T-75.laz,data/derived/control_structure/gen1_2008_control__L2T-75.npz,ok,3245,2439,0.0,1.276
gen1_2008_control,L4F-76,605697.649,4820445.188,L4F,MN_SEDriftless_2_2021,ok,109084,92440,0.0,0.0,1,0.0,0.0,5,0.0,0.0,9,0.0,0.0,13,0.0,0.0,29,0.000378,0.000762,81,0.000378,2021-04-30 16:57,2021-04-30 16:57,0.0,data/derived/control_boxes/gen1_2008_control__L4F-76.laz,data/derived/control_structure/gen1_2008_control__L4F-76.npz,ok,1670,1628,0.0,1.626
gen1_2008_control,L2T-77,612287.984,4819348.576,L2T,MN_SEDriftless_2_2021,ok,103706,88789,0.0,0.0,1,0.0,0.0,5,0.0,0.0,9,0.0,0.0,13,0.0,0.0,29,0.0,0.0,81,0.0,2021-04-30 19:48,2021-04-30 19:48,0.0,data/derived/control_boxes/gen1_2008_control__L2T-77.laz,data/derived/control_structure/gen1_2008_control__L2T-77.npz,ok,1658,1433,0.0,0.4401
gen1_2008_control,L4F-78,614192.004,4819759.722,L4F,MN_SEDriftless_2_2021,ok,139427,78689,0.22375,0.506561,1,0.222155,0.529579,5,0.214011,0.528447,9,0.191129,0.466654,13,0.156467,0.381447,29,0.102597,0.245934,81,0.121153,2021-04-30 20:22,2021-04-30 20:23,0.0,data/derived/control_boxes/gen1_2008_control__L4F-78.laz,data/derived/control_structure/gen1_2008_control__L4F-78.npz,ok,3121,864,0.0,2.6213
gen1_2008_control,L3B-79,613865.083,4821359.822,L3B,MN_SEDriftless_2_2021,ok,203286,147207,0.0,0.0,1,0.0,0.0,5,0.0,0.0,9,0.0,0.0,13,0.0,0.0,29,0.000209,0.000419,81,0.000209,2021-04-30 19:54,2021-04-30 20:22,0.02,data/derived/control_boxes/gen1_2008_control__L3B-79.laz,data/derived/control_structure/gen1_2008_control__L3B-79.npz,ok,3354,2522,0.0,5.0539
gen1_2008_control,L1O-80,613824.642,4821321.945,L1O,MN_SEDriftless_2_2021,ok,198129,131582,0.0,0.0,1,0.0,0.0,5,0.0,0.0,9,0.0,0.0,13,0.0,0.0,29,0.00219,0.004462,81,0.00219,2021-04-30 19:54,2021-04-30 20:22,0.02,data/derived/control_boxes/gen1_2008_control__L1O-80.laz,data/derived/control_structure/gen1_2008_control__L1O-80.npz,ok,3124,2185,0.0,1.0967
gen1_2008_control,L1O-81,617852.273,4822277.406,L1O,MN_SEDriftless_2_2021,ok,211824,128112,0.0,0.0,1,0.0,0.0,5,0.0,0.0,9,0.0,0.0,13,0.004597,0.009519,29,0.009586,0.01996,81,0.009586,2021-04-30 21:03,2021-04-30 21:30,0.019,data/derived/control_boxes/gen1_2008_control__L1O-81.laz,data/derived/control_structure/gen1_2008_control__L1O-81.npz,ok,3287,1910,0.0,0.5943
gen1_2008_control,L4F-82,619952.301,4821518.7,L4F,MN_SEDriftless_2_2021,ok,144400,82086,0.0,0.0,1,0.0,0.0,5,0.0,0.0,9,0.0,0.0,13,0.00731,0.01643,29,0.024628,0.058383,81,0.024628,2021-05-01 14:33,2021-05-01 14:33,0.0,data/derived/control_boxes/gen1_2008_control__L4F-82.laz,data/derived/control_structure/gen1_2008_control__L4F-82.npz,ok,1609,1488,0.0,3.0374
gen1_2008_control,L4F-83,619407.155,4825019.569,L4F,MN_SEDriftless_2_2021,ok,176764,67393,0.56287,1.655048,1,0.463296,1.276776,5,0.409646,1.119917,9,0.390139,1.068864,13,0.33907,0.929976,29,0.273763,0.734253,81,0.289107,2021-04-30 21:37,2021-04-30 21:37,0.0,data/derived/control_boxes/gen1_2008_control__L4F-83.laz,data/derived/control_structure/gen1_2008_control__L4F-83.npz,ok,3502,468,0.0,6.2234
gen1_2008_control,L3B-84,618196.602,4825858.025,L3B,MN_SEDriftless_2_2021,ok,99931,89527,0.0,0.0,1,0.0,0.0,5,0.0,0.0,9,0.0,0.0,13,0.0,0.0,29,0.00283,0.006429,81,0.00283,2021-04-30 21:29,2021-04-30 21:29,0.0,data/derived/control_boxes/gen1_2008_control__L3B-84.laz,data/derived/control_structure/gen1_2008_control__L3B-84.npz,ok,1446,1419,0.0,3.1078
gen1_2008_control,L2T-85,618174.883,4825471.691,L2T,MN_SEDriftless_2_2021,ok,99763,93887,0.0,0.0,1,0.0,0.0,5,0.0,0.0,9,0.0,0.0,13,7.3e-05,0.000145,29,0.017204,0.04325,81,0.017204,2021-04-30 21:29,2021-04-30 21:29,0.0,data/derived/control_boxes/gen1_2008_control__L2T-85.laz,data/derived/control_structure/gen1_2008_control__L2T-85.npz,ok,1539,1508,0.0,3.6624
gen1_2008_control,L1O-86,615926.222,4828600.822,L1O,MN_SEDriftless_2_2021,ok,208006,116053,0.0,0.0,1,0.0,0.0,5,0.0,0.0,9,0.0,0.0,13,0.00038,0.000765,29,0.007501,0.017739,81,0.007501,2021-04-30 20:30,2021-04-30 20:55,0.017,data/derived/control_boxes/gen1_2008_control__L1O-86.laz,data/derived/control_structure/gen1_2008_control__L1O-86.npz,ok,3328,1699,0.0,2.433
gen1_2008_control,L2T-87,612335.767,4828200.351,L2T,MN_SEDriftless_2_2021,ok,96698,91596,0.0,0.0,1,0.0,0.0,5,0.0,0.0,9,0.0,0.0,13,0.0,0.0,29,0.0,0.0,81,0.0,2021-04-30 19:46,2021-04-30 19:46,0.0,data/derived/control_boxes/gen1_2008_control__L2T-87.laz,data/derived/control_structure/gen1_2008_control__L2T-87.npz,ok,1543,1478,0.0,5.8082
gen1_2008_control,L4F-88,611706.721,4827780.763,L4F,MN_SEDriftless_2_2021,ok,175325,83336,0.0,0.0,1,0.0,0.0,5,0.0,0.0,9,0.0,0.0,13,0.0,0.0,29,0.014742,0.034749,81,0.014742,2021-04-30 19:20,2021-04-30 19:46,0.018,data/derived/control_boxes/gen1_2008_control__L4F-88.laz,data/derived/control_structure/gen1_2008_control__L4F-88.npz,ok,1557,1416,0.0,2.8924
gen1_2008_control,L3B-89,610179.736,4826958.717,L3B,MN_SEDriftless_2_2021,ok,241981,119139,0.393705,1.000777,1,0.256154,0.665457,5,0.207088,0.517682,9,0.20717,0.513211,13,0.14523,0.349053,29,0.095344,0.227034,81,0.298361,2021-04-30 18:44,2021-04-30 19:11,0.019,data/derived/control_boxes/gen1_2008_control__L3B-89.laz,data/derived/control_structure/gen1_2008_control__L3B-89.npz,ok,4825,1414,0.0,3.4609
gen1_2008_control,L5U-90,605585.316,4837250.936,L5U,MN_SEDriftless_2_2021,ok,125618,74359,0.0,0.0,1,0.008625,0.017633,5,0.005538,0.011294,9,0.005664,0.011523,13,0.02001,0.045351,29,0.142786,0.39109,81,0.142786,2021-04-30 17:01,2021-04-30 17:01,0.0,data/derived/control_boxes/gen1_2008_control__L5U-90.laz,data/derived/control_structure/gen1_2008_control__L5U-90.npz,ok,1579,1405,0.0,3.5452
gen1_2008_control,L1O-91,605192.203,4836460.78,L1O,MN_SEDriftless_2_2021,ok,214107,128732,0.0,0.0,1,0.0,0.0,5,0.0,0.0,9,0.000365,0.000731,13,0.002132,0.00433,29,0.032959,0.078649,81,0.032959,2021-04-30 16:47,2021-04-30 17:01,0.009,data/derived/control_boxes/gen1_2008_control__L1O-91.laz,data/derived/control_structure/gen1_2008_control__L1O-91.npz,ok,3024,1947,0.0,3.8385
gen1_2008_control,L2T-92,605228.807,4836473.687,L2T,MN_SEDriftless_2_2021,ok,208180,132341,0.0,0.0,1,0.0,0.0,5,0.0,0.0,9,0.0,0.0,13,0.0,0.0,29,0.018634,0.042953,81,0.018634,2021-04-30 16:47,2021-04-30 17:01,0.009,data/derived/control_boxes/gen1_2008_control__L2T-92.laz,data/derived/control_structure/gen1_2008_control__L2T-92.npz,ok,3051,2364,0.0,2.2905
gen1_2008_control,L2T-95,610683.313,4841690.972,L2T,MN_SEDriftless_2_2021,ok,114673,100137,0.0,0.0,1,0.0,0.0,5,0.0,0.0,9,0.0,0.0,13,0.0,0.0,29,0.0,0.0,81,0.0,2021-04-30 19:08,2021-04-30 19:23,0.011,data/derived/control_boxes/gen1_2008_control__L2T-95.laz,data/derived/control_structure/gen1_2008_control__L2T-95.npz,ok,1455,1359,0.0,0.2664
gen1_2008_control,L3B-96,607873.132,4838924.645,L3B,MN_SEDriftless_2_2021,ok,208244,87552,0.0,0.0,1,0.007471,0.015195,5,0.01468,0.030039,9,0.023436,0.049817,13,0.073464,0.196542,29,0.112135,0.368029,80,0.112135,2021-04-30 17:39,2021-04-30 18:02,0.016,data/derived/control_boxes/gen1_2008_control__L3B-96.laz,data/derived/control_structure/gen1_2008_control__L3B-96.npz,ok,3334,2130,0.0,4.4584
gen1_2008_control,L5U-97,613363.81,4837171.151,L5U,MN_SEDriftless_2_2021,ok,110805,81217,0.0,0.0,1,0.036428,0.080425,5,0.045149,0.100789,9,0.064109,0.155469,13,0.09885,0.245219,29,0.107771,0.268355,81,0.107771,2021-04-30 19:57,2021-04-30 19:57,0.0,data/derived/control_boxes/gen1_2008_control__L5U-97.laz,data/derived/control_structure/gen1_2008_control__L5U-97.npz,ok,1711,1386,0.0,1.2056
gen1_2008_control,L1O-98,619965.425,4837982.333,L1O,MN_SEDriftless_2_2021,ok,102477,81449,0.0,0.0,1,0.0,0.0,5,0.0,0.0,9,0.0,0.0,13,0.0,0.0,29,0.0,0.0,81,0.0,2021-05-01 14:30,2021-05-01 14:30,0.0,data/derived/control_boxes/gen1_2008_control__L1O-98.laz,data/derived/control_structure/gen1_2008_control__L1O-98.npz,ok,1644,1341,0.0,1.4371
gen1_2008_control,L3B-99,624375.926,4841206.232,L3B,MN_SEDriftless_2_2021,ok,196117,123361,0.0,0.0,1,0.033187,0.070074,5,0.061614,0.14826,9,0.065335,0.155413,13,0.051306,0.121591,29,0.019722,0.046398,81,0.065335,2021-05-01 15:02,2021-05-01 15:16,0.01,data/derived/control_boxes/gen1_2008_control__L3B-99.laz,data/derived/control_structure/gen1_2008_control__L3B-99.npz,ok,4498,1805,0.0,4.533
gen1_2008_control,L4F-100,625118.767,4843108.39,L4F,MN_SEDriftless_2_2021,ok,143194,82804,0.333333,0.81093,1,0.274429,0.651841,5,0.240076,0.56116,9,0.202284,0.472132,13,0.168581,0.39395,29,0.149922,0.350999,81,0.183411,2021-05-01 15:16,2021-05-01 15:17,0.0,data/derived/control_boxes/gen1_2008_control__L4F-100.laz,data/derived/control_structure/gen1_2008_control__L4F-100.npz,ok,3034,1154,0.0,3.8602
gen1_2008_control,L5U-101,620567.643,4832350.744,L5U,MN_SEDriftless_2_2021,ok,213401,131159,0.0,0.0,1,0.0,0.0,5,0.0,0.0,9,0.0,0.0,13,0.000148,0.000297,29,0.000158,0.000317,81,0.000158,2021-04-29 17:11,2021-05-01 14:31,1.889,data/derived/control_boxes/gen1_2008_control__L5U-101.laz,data/derived/control_structure/gen1_2008_control__L5U-101.npz,ok,3277,2100,0.0,1.3053
gen1_2008_control,L5U-102,622201.365,4832412.772,L5U,MN_SEDriftless_2_2021,ok,109473,64006,0.247786,0.569468,1,0.198978,0.450017,5,0.171713,0.383173,9,0.151582,0.338408,13,0.118366,0.289598,29,0.105743,0.306268,81,0.142043,2021-04-29 16:48,2021-04-29 16:49,0.0,data/derived/control_boxes/gen1_2008_control__L5U-102.laz,data/derived/control_structure/gen1_2008_control__L5U-102.npz,ok,2237,1100,0.0,0.9635
gen1_2008_control,L3B-104,623592.797,4824211.013,L3B,MN_SEDriftless_2_2021,ok,255472,106674,0.0,0.0,1,0.043692,0.097124,5,0.069515,0.170148,9,0.062288,0.149098,13,0.058935,0.142944,29,0.059112,0.142565,81,0.069515,2021-05-01 14:40,2021-05-01 15:06,0.018,data/derived/control_boxes/gen1_2008_control__L3B-104.laz,data/derived/control_structure/gen1_2008_control__L3B-104.npz,ok,3479,1675,0.0,2.4964
gen1_2008_control,FSA Target 1 Houston-105,615063.258,4847400.069,other,MN_SEDriftless_2_2021,ok,134582,75038,0.0,0.0,1,0.0,0.0,5,0.0,0.0,9,0.0,0.0,13,0.000183,0.000367,29,0.006525,0.014742,81,0.006525,2021-04-30 20:17,2021-04-30 20:34,0.012,data/derived/control_boxes/gen1_2008_control__FSA_Target_1_Houston-105.laz,data/derived/control_structure/gen1_2008_control__FSA_Target_1_Houston-105.npz,ok,1456,1420,0.0,2.6618
gen1_2008_control,FSA Target 2 Yucatan-106,605681.393,4837268.193,other,MN_SEDriftless_2_2021,ok,96522,87003,0.0,0.0,1,0.0,0.0,5,0.0,0.0,9,0.0,0.0,13,0.0,0.0,29,0.001135,0.002327,81,0.001135,2021-04-30 17:01,2021-04-30 17:01,0.0,data/derived/control_boxes/gen1_2008_control__FSA_Target_2_Yucatan-106.laz,data/derived/control_structure/gen1_2008_control__FSA_Target_2_Yucatan-106.npz,ok,1537,1344,0.0,2.269
gen1_2008_control,FSA Target 3 Spring Grove-107,611303.063,4824435.698,other,MN_SEDriftless_2_2021,ok,107548,83864,0.0,0.0,1,0.027099,0.058114,5,0.044119,0.099216,9,0.035313,0.078534,13,0.022212,0.048389,29,0.059088,0.174755,81,0.059088,2021-04-30 19:19,2021-04-30 19:20,0.0,data/derived/control_boxes/gen1_2008_control__FSA_Target_3_Spring_Grove-107.laz,data/derived/control_structure/gen1_2008_control__FSA_Target_3_Spring_Grove-107.npz,ok,1833,1521,0.0,1.0301
gen1_2008_control,FSA Target 4 Brownsville-108,639185.504,4838557.372,other,MN_SEDriftless_2_2021,ok,154594,93969,0.0,0.0,1,0.0,0.0,5,0.0,0.0,9,9e-05,0.00018,13,0.008162,0.018522,29,0.014919,0.034046,81,0.014919,2021-04-25 15:44,2021-04-25 15:58,0.01,data/derived/control_boxes/gen1_2008_control__FSA_Target_4_Brownsville-108.laz,data/derived/control_structure/gen1_2008_control__FSA_Target_4_Brownsville-108.npz,ok,2840,1950,0.0,1.012
gen1_2008_control,FSA Target 5 New Albin-109,638818.576,4817923.803,other,MN_SEDriftless_2_2021,ok,91365,83321,0.0,0.0,1,0.0,0.0,5,0.0,0.0,9,0.0,0.0,13,0.0,0.0,29,0.002166,0.004621,81,0.002166,2021-04-25 16:02,2021-04-25 16:02,0.0,data/derived/control_boxes/gen1_2008_control__FSA_Target_5_New_Albin-109.laz,data/derived/control_structure/gen1_2008_control__FSA_Target_5_New_Albin-109.npz,ok,1453,1430,0.0,0.7118
gen1_2008_control,FSA Target 601 Houston-110,620765.09,4831847.035,other,MN_SEDriftless_2_2021,ok,218258,99830,0.633833,2.009332,1,0.46596,1.419574,5,0.357153,1.030242,9,0.424703,1.251596,13,0.424835,1.217164,29,0.291942,0.812338,81,0.341891,2021-04-29 17:11,2021-05-01 14:31,1.889,data/derived/control_boxes/gen1_2008_control__FSA_Target_601_Houston-110.laz,data/derived/control_structure/gen1_2008_control__FSA_Target_601_Houston-110.npz,ok,3443,438,0.0,3.0498
gen1_2008_control,FSA Target 1 Mower-7401 Mower VRS,502394.277,4851790.392,other,MN_SEDriftless_3_2021,ok,139368,113124,0.0,0.0,1,0.0,0.0,5,0.0,0.0,9,0.0,0.0,13,0.0,0.0,29,0.0,0.0,81,0.0,2021-05-09 14:20,2021-05-09 14:47,0.019,data/derived/control_boxes/gen1_2008_control__FSA_Target_1_Mower-7401_Mower_VRS.laz,data/derived/control_structure/gen1_2008_control__FSA_Target_1_Mower-7401_Mower_VRS.npz,ok,2462,1905,0.0,1.0402
gen1_2008_control,FSA Target 2 Mower-7402 Mower VRS,535462.088,4847076.129,other,MN_SEDriftless_3_2021,ok,99136,89507,0.0,0.0,1,0.0,0.0,5,0.0,0.0,9,0.0,0.0,13,0.002821,0.005887,29,0.009873,0.020678,81,0.009873,2022-05-15 14:31,2022-05-15 14:31,0.0,data/derived/control_boxes/gen1_2008_control__FSA_Target_2_Mower-7402_Mower_VRS.laz,data/derived/control_structure/gen1_2008_control__FSA_Target_2_Mower-7402_Mower_VRS.npz,ok,1612,1504,0.0,0.8077
gen1_2008_control,FSA Target 3 Elkton-7403 Mower VRS,523425.573,4835682.243,other,MN_SEDriftless_3_2021,ok,97160,88717,0.0,0.0,1,0.0,0.0,5,0.0,0.0,9,0.0,0.0,13,0.0,0.0,29,0.000188,0.000378,81,0.000188,2021-05-08 17:14,2021-05-08 17:14,0.0,data/derived/control_boxes/gen1_2008_control__FSA_Target_3_Elkton-7403_Mower_VRS.laz,data/derived/control_structure/gen1_2008_control__FSA_Target_3_Elkton-7403_Mower_VRS.npz,ok,1521,1415,0.0,1.2009
gen1_2008_control,FSA Target 4 Lyle-7404 Mower VRS,504882.408,4817935.089,other,MN_SEDriftless_3_2021,ok,91719,87957,0.0,0.0,1,0.0,0.0,5,0.0,0.0,9,0.0,0.0,13,0.0,0.0,29,0.00021,0.000423,81,0.00021,2021-05-11 16:13,2021-05-11 16:14,0.0,data/derived/control_boxes/gen1_2008_control__FSA_Target_4_Lyle-7404_Mower_VRS.laz,data/derived/control_structure/gen1_2008_control__FSA_Target_4_Lyle-7404_Mower_VRS.npz,ok,1467,1431,0.0,0.3455
gen1_2008_control,FSA Target 5 Mower-7405 Mower VRS,542915.713,4817326.551,other,MN_SEDriftless_3_2021,ok,361601,144858,0.0,0.0,1,0.0,0.0,5,0.0,0.0,9,0.000392,0.000785,13,0.003311,0.006733,29,0.038124,0.085943,81,0.038124,2022-04-27 16:13,2022-04-27 16:27,0.01,data/derived/control_boxes/gen1_2008_control__FSA_Target_5_Mower-7405_Mower_VRS.laz,data/derived/control_structure/gen1_2008_control__FSA_Target_5_Mower-7405_Mower_VRS.npz,ok,1379,1272,0.0,0.5241
gen1_2008_control,FSA Target 601 Austin-7601 Mower VRS,503434.393,4836323.867,other,MN_SEDriftless_3_2021,ok,111391,54529,0.0,0.0,1,0.004191,0.008472,5,0.010653,0.022013,9,0.012641,0.026027,13,0.013792,0.028593,29,0.014575,0.030925,81,0.014575,2021-05-08 16:42,2021-05-08 16:42,0.0,data/derived/control_boxes/gen1_2008_control__FSA_Target_601_Austin-7601_Mower_VRS.laz,data/derived/control_structure/gen1_2008_control__FSA_Target_601_Austin-7601_Mower_VRS.npz,ok,1509,1004,0.0,0.5342
gen1_2008_control,L10-7009 Mower VRS,500653.166,4837352.339,L1O,MN_SEDriftless_3_2021,ok,93897,76022,0.049918,0.102415,1,0.036323,0.07599,5,0.036953,0.077512,9,0.025583,0.053662,13,0.02185,0.045659,29,0.065181,0.194501,81,0.043331,2021-05-08 16:28,2021-05-08 16:28,0.0,data/derived/control_boxes/gen1_2008_control__L10-7009_Mower_VRS.laz,data/derived/control_structure/gen1_2008_control__L10-7009_Mower_VRS.npz,ok,1546,1393,0.0,0.8362
gen1_2008_control,L10-7024 Mower VRS,507275.61,4838139.126,L1O,MN_SEDriftless_3_2021,ok,231620,112561,0.026729,0.054184,1,0.005808,0.011763,5,0.008496,0.017331,9,0.01431,0.029411,13,0.071203,0.18538,29,0.183804,0.495735,81,0.177996,2021-05-08 16:00,2021-05-08 16:30,0.021,data/derived/control_boxes/gen1_2008_control__L10-7024_Mower_VRS.laz,data/derived/control_structure/gen1_2008_control__L10-7024_Mower_VRS.npz,ok,3065,2252,0.0,1.4362
gen1_2008_control,L1O-7005 Mower VRS,499360.315,4847207.32,L1O,MN_SEDriftless_3_2021,ok,126367,81967,0.0,0.0,1,0.0,0.0,5,0.0,0.0,9,0.0,0.0,13,0.0,0.0,29,0.002692,0.005922,81,0.002692,2021-05-09 15:41,2021-05-09 16:07,0.018,data/derived/control_boxes/gen1_2008_control__L1O-7005_Mower_VRS.laz,data/derived/control_structure/gen1_2008_control__L1O-7005_Mower_VRS.npz,ok,1417,1401,0.0,0.7787
gen1_2008_control,L1O-7015 Mower VRS,502616.326,4831647.021,L1O,MN_SEDriftless_3_2021,ok,129001,93758,0.105145,0.222186,1,0.065284,0.140979,5,0.07631,0.166625,9,0.062836,0.136605,13,0.047823,0.104747,29,0.037536,0.086679,81,0.067609,2021-05-08 18:04,2021-05-08 18:32,0.019,data/derived/control_boxes/gen1_2008_control__L1O-7015_Mower_VRS.laz,data/derived/control_structure/gen1_2008_control__L1O-7015_Mower_VRS.npz,ok,1749,1275,0.0,6.0039
gen1_2008_control,L1O-7034 Mower VRS,508167.454,4830218.785,L1O,MN_SEDriftless_3_2021,ok,102662,77537,0.0,0.0,1,0.065453,0.158563,5,0.055919,0.129778,9,0.066788,0.158778,13,0.039631,0.091695,29,0.019621,0.045065,81,0.066788,2021-05-08 18:45,2021-05-08 18:45,0.0,data/derived/control_boxes/gen1_2008_control__L1O-7034_Mower_VRS.laz,data/derived/control_structure/gen1_2008_control__L1O-7034_Mower_VRS.npz,ok,1960,1315,0.0,1.3386
gen1_2008_control,L1O-7041 Mower VRS,500431.536,4822783.802,L1O,MN_SEDriftless_3_2021,ok,117813,91397,0.0,0.0,1,0.0,0.0,5,0.0,0.0,9,0.0,0.0,13,0.0,0.0,29,0.0,0.0,81,0.0,2021-05-09 15:36,2021-05-09 16:03,0.019,data/derived/control_boxes/gen1_2008_control__L1O-7041_Mower_VRS.laz,data/derived/control_structure/gen1_2008_control__L1O-7041_Mower_VRS.npz,ok,1446,1414,0.0,0.3283
gen1_2008_control,L1O-7200 Mower VRS,508182.073,4851824.954,L1O,MN_SEDriftless_3_2021,ok,91293,87886,0.0,0.0,1,0.0,0.0,5,0.0,0.0,9,0.0,0.0,13,0.0,0.0,29,0.0,0.0,81,0.0,2021-05-09 14:19,2021-05-09 14:19,0.0,data/derived/control_boxes/gen1_2008_control__L1O-7200_Mower_VRS.laz,data/derived/control_structure/gen1_2008_control__L1O-7200_Mower_VRS.npz,ok,1487,1439,0.0,1.8682
gen1_2008_control,L1O-7206 Mower VRS,516382.078,4850229.77,L1O,MN_SEDriftless_3_2021,ok,92612,91122,0.0,0.0,1,0.0,0.0,5,0.0,0.0,9,0.0,0.0,13,0.0,0.0,29,0.0,0.0,81,0.0,2021-05-09 14:58,2021-05-09 14:58,0.0,data/derived/control_boxes/gen1_2008_control__L1O-7206_Mower_VRS.laz,data/derived/control_structure/gen1_2008_control__L1O-7206_Mower_VRS.npz,ok,1485,1464,0.0,0.0168
gen1_2008_control,L1O-7210 Mower VRS,520195.322,4842947.304,L1O,MN_SEDriftless_3_2021,ok,92113,87109,0.0,0.0,1,0.0,0.0,5,0.0,0.0,9,0.0,0.0,13,0.0,0.0,29,0.0,0.0,81,0.0,2021-05-11 14:53,2021-05-11 14:53,0.0,data/derived/control_boxes/gen1_2008_control__L1O-7210_Mower_VRS.laz,data/derived/control_structure/gen1_2008_control__L1O-7210_Mower_VRS.npz,ok,1476,1429,0.0,0.6351
gen1_2008_control,L1O-7215 Mower VRS,529889.5,4830878.118,L1O,MN_SEDriftless_3_2021,ok,93344,83789,0.0,0.0,1,0.001387,0.002784,5,0.003346,0.006728,9,0.002316,0.004658,13,0.001666,0.003348,29,0.001093,0.0022,81,0.003346,2022-05-06 21:25,2022-05-06 21:25,0.0,data/derived/control_boxes/gen1_2008_control__L1O-7215_Mower_VRS.laz,data/derived/control_structure/gen1_2008_control__L1O-7215_Mower_VRS.npz,ok,1485,1272,0.0,1.2176
gen1_2008_control,L1O-7224 Mower VRS,522676.549,4829219.881,L1O,MN_SEDriftless_3_2021,ok,101114,93068,0.0,0.0,1,0.0,0.0,5,0.0,0.0,9,0.0,0.0,13,0.0,0.0,29,0.0,0.0,81,0.0,2021-05-08 19:17,2021-05-08 19:17,0.0,data/derived/control_boxes/gen1_2008_control__L1O-7224_Mower_VRS.laz,data/derived/control_structure/gen1_2008_control__L1O-7224_Mower_VRS.npz,ok,1615,1500,0.0,1.3354
gen1_2008_control,L1O-7226 Mower VRS,529989.491,4824446.189,L1O,MN_SEDriftless_3_2021,ok,92936,85460,0.0,0.0,1,0.0,0.0,5,0.0,0.0,9,0.0,0.0,13,0.0,0.0,29,0.0,0.0,81,0.0,2022-04-27 19:28,2022-04-27 19:28,0.0,data/derived/control_boxes/gen1_2008_control__L1O-7226_Mower_VRS.laz,data/derived/control_structure/gen1_2008_control__L1O-7226_Mower_VRS.npz,ok,1491,1299,0.0,3.1815
gen1_2008_control,L1O-7233 Mower VRS,523244.821,4823655.255,L1O,MN_SEDriftless_3_2021,ok,221461,124345,0.0,0.0,1,0.0,0.0,5,0.0,0.0,9,0.0,0.0,13,0.0,0.0,29,0.0,0.0,81,0.0,2021-05-09 15:32,2021-05-26 12:46,16.885,data/derived/control_boxes/gen1_2008_control__L1O-7233_Mower_VRS.laz,data/derived/control_structure/gen1_2008_control__L1O-7233_Mower_VRS.npz,ok,3272,2393,0.0,2.2784
gen1_2008_control,L1O-7238 Mower VRS,533042.21,4843050.686,L1O,MN_SEDriftless_3_2021,ok,235660,158370,0.0,0.0,1,0.0,0.0,5,0.0,0.0,9,0.0,0.0,13,0.0,0.0,29,0.001818,0.003674,81,0.001818,2022-05-07 00:56,2022-05-15 16:02,8.63,data/derived/control_boxes/gen1_2008_control__L1O-7238_Mower_VRS.laz,data/derived/control_structure/gen1_2008_control__L1O-7238_Mower_VRS.npz,ok,9048,4580,0.0,1.1624
gen1_2008_control,L1O-7245 Mower VRS,535348.12,4839558.738,L1O,MN_SEDriftless_3_2021,ok,113747,97828,0.0,0.0,1,0.0,0.0,5,0.0,0.0,9,0.00064,0.001286,13,0.00043,0.000862,29,0.000154,0.000309,81,0.00064,2022-05-06 23:55,2022-05-06 23:55,0.0,data/derived/control_boxes/gen1_2008_control__L1O-7245_Mower_VRS.laz,data/derived/control_structure/gen1_2008_control__L1O-7245_Mower_VRS.npz,ok,1977,1773,0.0,3.0698
gen1_2008_control,L1O-7247 Mower VRS,535431.066,4850328.159,L1O,MN_SEDriftless_3_2021,ok,243433,153476,0.0,0.0,1,0.0,0.0,5,0.0,0.0,9,0.000373,0.000747,13,0.000335,0.000671,29,0.000357,0.000717,81,0.000373,2022-05-07 23:30,2022-05-08 00:07,0.026,data/derived/control_boxes/gen1_2008_control__L1O-7247_Mower_VRS.laz,data/derived/control_structure/gen1_2008_control__L1O-7247_Mower_VRS.npz,ok,1518,1399,0.0,3.5646
gen1_2008_control,L1O-7254 Mower VRS,526639.434,4850214.235,L1O,MN_SEDriftless_3_2021,ok,93400,92174,0.0,0.0,1,0.0,0.0,5,0.0,0.0,9,0.0,0.0,13,0.0,0.0,29,0.0,0.0,81,0.0,2021-05-09 14:56,2021-05-09 14:56,0.0,data/derived/control_boxes/gen1_2008_control__L1O-7254_Mower_VRS.laz,data/derived/control_structure/gen1_2008_control__L1O-7254_Mower_VRS.npz,ok,1487,1469,0.0,0.3744
gen1_2008_control,L1O-7261 Mower VRS,536794.02,4822898.085,L1O,MN_SEDriftless_3_2021,ok,234845,159281,0.014753,0.029726,1,0.004207,0.008462,5,0.003564,0.007161,9,0.003162,0.00635,13,0.003353,0.00673,29,0.003249,0.006521,81,0.011591,2022-04-27 18:39,2022-04-27 18:50,0.007,data/derived/control_boxes/gen1_2008_control__L1O-7261_Mower_VRS.laz,data/derived/control_structure/gen1_2008_control__L1O-7261_Mower_VRS.npz,ok,1668,1463,0.0,2.6273
gen1_2008_control,L1O-7267 Mower VRS,537192.717,4830928.512,L1O,MN_SEDriftless_3_2021,ok,253060,190770,0.0,0.0,1,0.0,0.0,5,0.0,0.0,9,0.0,0.0,13,0.0,0.0,29,0.0,0.0,81,0.0,2022-05-06 21:28,2022-05-06 21:43,0.011,data/derived/control_boxes/gen1_2008_control__L1O-7267_Mower_VRS.laz,data/derived/control_structure/gen1_2008_control__L1O-7267_Mower_VRS.npz,ok,3565,3137,0.0,0.4737
gen1_2008_control,L1O-7271 Mower VRS,507323.195,4822799.649,L1O,MN_SEDriftless_3_2021,ok,92495,90013,0.0,0.0,1,0.0,0.0,5,0.0,0.0,9,0.0,0.0,13,0.0,0.0,29,0.0,0.0,81,0.0,2021-05-09 15:35,2021-05-09 15:35,0.0,data/derived/control_boxes/gen1_2008_control__L1O-7271_Mower_VRS.laz,data/derived/control_structure/gen1_2008_control__L1O-7271_Mower_VRS.npz,ok,1475,1455,0.0,1.512
gen1_2008_control,L2T-7004 Mower VRS,499212.572,4846927.971,L2T,MN_SEDriftless_3_2021,ok,89403,83720,0.0,0.0,1,0.0,0.0,5,0.0,0.0,9,0.0,0.0,13,0.0,0.0,29,0.0,0.0,81,0.0,2021-05-09 16:06,2021-05-09 16:07,0.0,data/derived/control_boxes/gen1_2008_control__L2T-7004_Mower_VRS.laz,data/derived/control_structure/gen1_2008_control__L2T-7004_Mower_VRS.npz,ok,1448,1055,0.0,4.0316
gen1_2008_control,L2T-7011 Mower VRS,500584.886,4837389.741,L2T,MN_SEDriftless_3_2021,ok,91333,81113,0.0,0.0,1,0.0,0.0,5,0.0,0.0,9,0.0,0.0,13,0.0,0.0,29,0.0,0.0,81,0.0,2021-05-08 16:28,2021-05-08 16:28,0.0,data/derived/control_boxes/gen1_2008_control__L2T-7011_Mower_VRS.laz,data/derived/control_structure/gen1_2008_control__L2T-7011_Mower_VRS.npz,ok,1460,1425,0.0,1.1584
gen1_2008_control,L2T-7018 Mower VRS,496405.068,4831762.221,L2T,MN_SEDriftless_3_2021,ok,199444,127425,0.296573,0.703582,1,0.184558,0.433619,5,0.145698,0.342408,9,0.130677,0.301987,13,0.083932,0.193459,29,0.032223,0.073976,81,0.26435,2021-05-08 18:06,2021-05-08 18:31,0.017,data/derived/control_boxes/gen1_2008_control__L2T-7018_Mower_VRS.laz,data/derived/control_structure/gen1_2008_control__L2T-7018_Mower_VRS.npz,ok,4775,1552,0.0,0.4635
gen1_2008_control,L2T-7021 Mower VRS,509134.2,4838890.584,L2T,MN_SEDriftless_3_2021,ok,131144,77439,0.004706,0.009434,1,0.006026,0.012136,5,0.020811,0.044739,9,0.01492,0.032001,13,0.00933,0.019828,29,0.036381,0.083604,81,0.031675,2021-05-08 15:48,2021-05-08 16:00,0.008,data/derived/control_boxes/gen1_2008_control__L2T-7021_Mower_VRS.laz,data/derived/control_structure/gen1_2008_control__L2T-7021_Mower_VRS.npz,ok,1550,1120,0.0,0.4629
gen1_2008_control,L2T-7037 Mower VRS,503281.896,4822799.299,L2T,MN_SEDriftless_3_2021,ok,98186,89164,0.022308,0.04512,1,0.004462,0.009024,5,0.002479,0.005013,9,0.005314,0.010777,13,0.005159,0.010477,29,0.002019,0.004096,81,0.020289,2021-05-09 15:36,2021-05-09 16:04,0.02,data/derived/control_boxes/gen1_2008_control__L2T-7037_Mower_VRS.laz,data/derived/control_structure/gen1_2008_control__L2T-7037_Mower_VRS.npz,ok,1490,1358,0.0,0.9051
gen1_2008_control,L2T-7204 Mower VRS,514551.827,4849176.338,L2T,MN_SEDriftless_3_2021,ok,104970,62538,0.0,0.0,1,0.0,0.0,5,0.0,0.0,9,0.0,0.0,13,0.003805,0.008063,29,0.022686,0.057042,81,0.022686,2021-05-09 15:29,2021-05-09 15:30,0.0,data/derived/control_boxes/gen1_2008_control__L2T-7204_Mower_VRS.laz,data/derived/control_structure/gen1_2008_control__L2T-7204_Mower_VRS.npz,ok,1436,1118,0.0,1.8815
gen1_2008_control,L2T-7208 Mower VRS,518764.927,4851839.618,L2T,MN_SEDriftless_3_2021,ok,92544,89574,0.0,0.0,1,0.0,0.0,5,0.0,0.0,9,0.0,0.0,13,0.0,0.0,29,0.0,0.0,81,0.0,2021-05-09 14:16,2021-05-09 14:17,0.0,data/derived/control_boxes/gen1_2008_control__L2T-7208_Mower_VRS.laz,data/derived/control_structure/gen1_2008_control__L2T-7208_Mower_VRS.npz,ok,1460,1396,0.0,6.0389
gen1_2008_control,L2T-7209 Mower VRS,516496.492,4848604.755,L2T,MN_SEDriftless_3_2021,ok,201614,113631,0.310461,0.743465,1,0.217524,0.518861,5,0.217486,0.517016,9,0.202083,0.481372,13,0.173404,0.411276,29,0.098811,0.22823,81,0.21165,2021-05-09 15:30,2021-05-09 15:38,0.006,data/derived/control_boxes/gen1_2008_control__L2T-7209_Mower_VRS.laz,data/derived/control_structure/gen1_2008_control__L2T-7209_Mower_VRS.npz,ok,5105,1638,0.0,5.4401
gen1_2008_control,L2T-7213 Mower VRS,520168.831,4841373.043,L2T,MN_SEDriftless_3_2021,ok,135239,89396,0.139271,0.299952,1,0.103995,0.224504,5,0.089131,0.191562,9,0.070048,0.15028,13,0.052161,0.113217,29,0.039094,0.086255,81,0.100177,2021-05-08 15:16,2021-05-11 15:00,2.989,data/derived/control_boxes/gen1_2008_control__L2T-7213_Mower_VRS.laz,data/derived/control_structure/gen1_2008_control__L2T-7213_Mower_VRS.npz,ok,1873,1081,0.0,0.3733
gen1_2008_control,L2T-7219 Mower VRS,532883.188,4827682.233,L2T,MN_SEDriftless_3_2021,ok,102163,90390,0.0,0.0,1,0.0,0.0,5,0.0,0.0,9,0.0,0.0,13,0.0,0.0,29,0.0,0.0,81,0.0,2022-05-06 20:52,2022-05-06 20:52,0.0,data/derived/control_boxes/gen1_2008_control__L2T-7219_Mower_VRS.laz,data/derived/control_structure/gen1_2008_control__L2T-7219_Mower_VRS.npz,ok,1726,1516,0.0,1.4657
gen1_2008_control,L2T-7220 Mower VRS,524426.88,4832480.956,L2T,MN_SEDriftless_3_2021,ok,90121,83276,0.0,0.0,1,0.0,0.0,5,0.0,0.0,9,0.0,0.0,13,0.0,0.0,29,0.000114,0.000229,81,0.000114,2021-05-08 18:00,2021-05-08 18:00,0.0,data/derived/control_boxes/gen1_2008_control__L2T-7220_Mower_VRS.laz,data/derived/control_structure/gen1_2008_control__L2T-7220_Mower_VRS.npz,ok,1282,1199,0.0,3.3106
gen1_2008_control,L2T-7228 Mower VRS,526757.417,4819703.691,L2T,MN_SEDriftless_3_2021,ok,89656,76048,0.0,0.0,1,0.0,0.0,5,0.0,0.0,9,0.0,0.0,13,0.0,0.0,29,0.00024,0.000482,81,0.00024,2021-05-11 15:37,2021-05-11 15:38,0.0,data/derived/control_boxes/gen1_2008_control__L2T-7228_Mower_VRS.laz,data/derived/control_structure/gen1_2008_control__L2T-7228_Mower_VRS.npz,ok,1471,1210,0.0,2.1828
gen1_2008_control,L2T-7234 Mower VRS,523728.98,4823359.733,L2T,MN_SEDriftless_3_2021,ok,178925,74275,0.0,0.0,1,0.010688,0.021969,5,0.019739,0.041677,9,0.031222,0.068286,13,0.068722,0.172336,29,0.105603,0.263807,81,0.105603,2021-05-09 15:31,2021-05-26 12:45,16.885,data/derived/control_boxes/gen1_2008_control__L2T-7234_Mower_VRS.laz,data/derived/control_structure/gen1_2008_control__L2T-7234_Mower_VRS.npz,ok,1632,1304,0.0,2.8672
gen1_2008_control,L2T-7241 Mower VRS,534725.527,4837541.937,L2T,MN_SEDriftless_3_2021,ok,256765,106151,0.0,0.0,1,0.002512,0.005038,5,0.003282,0.006584,9,0.003944,0.007921,13,0.050011,0.121448,29,0.083496,0.206682,81,0.083496,2022-05-06 23:12,2022-05-06 23:21,0.006,data/derived/control_boxes/gen1_2008_control__L2T-7241_Mower_VRS.laz,data/derived/control_structure/gen1_2008_control__L2T-7241_Mower_VRS.npz,ok,9071,3474,0.0,1.7322
gen1_2008_control,L2T-7250 Mower VRS,535425.072,4849262.469,L2T,MN_SEDriftless_3_2021,ok,237768,169111,0.0,0.0,1,0.0,0.0,5,0.0,0.0,9,7.4e-05,0.000148,13,3.3e-05,6.7e-05,29,0.000889,0.001844,81,0.000889,2022-05-08 00:07,2022-05-08 00:16,0.006,data/derived/control_boxes/gen1_2008_control__L2T-7250_Mower_VRS.laz,data/derived/control_structure/gen1_2008_control__L2T-7250_Mower_VRS.npz,ok,3554,2682,0.0,0.7439
gen1_2008_control,L2T-7252 Mower VRS,528004.818,4848671.038,L2T,MN_SEDriftless_3_2021,ok,170134,119553,0.0,0.0,1,0.0,0.0,5,0.0,0.0,9,0.0,0.0,13,0.0,0.0,29,2.9e-05,5.8e-05,81,2.9e-05,2022-05-08 00:14,2022-05-08 00:55,0.028,data/derived/control_boxes/gen1_2008_control__L2T-7252_Mower_VRS.laz,data/derived/control_structure/gen1_2008_control__L2T-7252_Mower_VRS.npz,ok,1515,1330,0.0,1.6738
gen1_2008_control,L2T-7259 Mower VRS,535189.102,4820186.5,L2T,MN_SEDriftless_3_2021,ok,218996,149598,0.0,0.0,1,0.0,0.0,5,0.0,0.0,9,0.000186,0.000373,13,0.000567,0.001137,29,0.000797,0.0016,81,0.000797,2022-04-27 17:14,2022-04-27 17:53,0.027,data/derived/control_boxes/gen1_2008_control__L2T-7259_Mower_VRS.laz,data/derived/control_structure/gen1_2008_control__L2T-7259_Mower_VRS.npz,ok,1498,1303,0.0,2.7411
gen1_2008_control,L2T-7272 Mower VRS,506060.563,4822795.205,L2T,MN_SEDriftless_3_2021,ok,111969,86710,0.0,0.0,1,0.0,0.0,5,0.000523,0.001048,9,0.000362,0.000726,13,0.001054,0.002117,29,0.000594,0.001193,81,0.001054,2021-05-09 15:35,2021-05-09 16:04,0.02,data/derived/control_boxes/gen1_2008_control__L2T-7272_Mower_VRS.laz,data/derived/control_structure/gen1_2008_control__L2T-7272_Mower_VRS.npz,ok,1482,1304,0.0,4.7268
gen1_2008_control,L3B-7008 Mower VRS,500830.923,4846643.83,L3B,MN_SEDriftless_3_2021,ok,111885,76837,0.279659,0.65606,1,0.210532,0.538426,5,0.181104,0.451554,9,0.158202,0.39534,13,0.100186,0.242668,29,0.073323,0.177004,81,0.206336,2021-05-09 16:07,2021-05-09 16:21,0.01,data/derived/control_boxes/gen1_2008_control__L3B-7008_Mower_VRS.laz,data/derived/control_structure/gen1_2008_control__L3B-7008_Mower_VRS.npz,ok,2344,1148,0.0,4.3961
gen1_2008_control,L3B-7012 Mower VRS,500703.179,4837406.637,L3B,MN_SEDriftless_3_2021,ok,99168,69191,0.072868,0.151318,1,0.116581,0.26719,5,0.109923,0.256193,9,0.109265,0.250427,13,0.109493,0.265377,29,0.069876,0.165919,81,0.046705,2021-05-08 16:28,2021-05-08 16:28,0.0,data/derived/control_boxes/gen1_2008_control__L3B-7012_Mower_VRS.laz,data/derived/control_structure/gen1_2008_control__L3B-7012_Mower_VRS.npz,ok,2072,1145,0.0,3.2495
gen1_2008_control,L3B-7025 Mower VRS,508911.97,4837896.266,L3B,MN_SEDriftless_3_2021,ok,239532,78426,0.0,0.0,1,0.0,0.0,5,0.004122,0.008321,9,0.017972,0.039426,13,0.077156,0.196111,29,0.155099,0.422081,81,0.155099,2021-05-08 16:00,2021-05-08 16:30,0.021,data/derived/control_boxes/gen1_2008_control__L3B-7025_Mower_VRS.laz,data/derived/control_structure/gen1_2008_control__L3B-7025_Mower_VRS.npz,ok,1719,1230,0.0,3.645
gen1_2008_control,L3B-7031 Mower VRS,508199.122,4831085.541,L3B,MN_SEDriftless_3_2021,ok,171409,72758,0.012686,0.025533,1,0.003626,0.007288,5,0.002015,0.004049,9,0.002075,0.004168,13,0.015667,0.036386,29,0.102077,0.279097,81,0.100062,2021-05-08 18:33,2021-05-08 18:45,0.008,data/derived/control_boxes/gen1_2008_control__L3B-7031_Mower_VRS.laz,data/derived/control_structure/gen1_2008_control__L3B-7031_Mower_VRS.npz,ok,1658,1425,0.0,1.2945
gen1_2008_control,L3B-7036 Mower VRS,503934.47,4822795.149,L3B,MN_SEDriftless_3_2021,ok,118801,75576,0.07332,0.152294,1,0.140288,0.310672,5,0.10422,0.22853,9,0.077496,0.16905,13,0.04881,0.106102,29,0.05973,0.138684,81,0.091478,2021-05-09 15:36,2021-05-09 16:04,0.02,data/derived/control_boxes/gen1_2008_control__L3B-7036_Mower_VRS.laz,data/derived/control_structure/gen1_2008_control__L3B-7036_Mower_VRS.npz,ok,1924,1014,0.0,0.4814
gen1_2008_control,L3B-7203 Mower VRS,513751.298,4851330.277,L3B,MN_SEDriftless_3_2021,ok,120134,61519,0.411125,1.059081,1,0.355796,0.905027,5,0.302461,0.776894,9,0.30808,0.799156,13,0.275375,0.713081,29,0.222004,0.591777,81,0.189121,2021-05-09 14:49,2021-05-09 14:49,0.0,data/derived/control_boxes/gen1_2008_control__L3B-7203_Mower_VRS.laz,data/derived/control_structure/gen1_2008_control__L3B-7203_Mower_VRS.npz,ok,2658,466,0.0,2.6672
gen1_2008_control,L3B-7214 Mower VRS,520199.091,4841378.198,L3B,MN_SEDriftless_3_2021,ok,128272,87258,0.0,0.0,1,0.014896,0.030959,5,0.011317,0.023336,9,0.042649,0.105249,13,0.040375,0.096511,29,0.042246,0.100651,81,0.042649,2021-05-08 15:16,2021-05-11 15:00,2.989,data/derived/control_boxes/gen1_2008_control__L3B-7214_Mower_VRS.laz,data/derived/control_structure/gen1_2008_control__L3B-7214_Mower_VRS.npz,ok,1632,1108,0.0,1.3523
gen1_2008_control,L3B-7217 Mower VRS,533132.471,4832834.512,L3B,MN_SEDriftless_3_2021,ok,396515,167054,0.38198,0.962468,1,0.316414,0.783726,5,0.294901,0.736331,9,0.248828,0.615378,13,0.18941,0.471837,29,0.193387,0.512877,81,0.19257,2022-05-06 21:53,2022-05-06 22:11,0.013,data/derived/control_boxes/gen1_2008_control__L3B-7217_Mower_VRS.laz,data/derived/control_structure/gen1_2008_control__L3B-7217_Mower_VRS.npz,ok,7750,2409,0.0,2.2165
gen1_2008_control,L3B-7223 Mower VRS,522759.248,4834041.656,L3B,MN_SEDriftless_3_2021,ok,292440,98267,0.346272,0.850127,1,0.317574,0.809413,5,0.326387,0.86519,9,0.300477,0.80316,13,0.28655,0.772962,29,0.271057,0.721605,81,0.075215,2021-05-08 17:19,2021-05-08 17:55,0.025,data/derived/control_boxes/gen1_2008_control__L3B-7223_Mower_VRS.laz,data/derived/control_structure/gen1_2008_control__L3B-7223_Mower_VRS.npz,ok,5245,1211,0.0,4.1327
gen1_2008_control,L3B-7227 Mower VRS,530000.944,4822785.648,L3B,MN_SEDriftless_3_2021,ok,327506,188829,0.174437,0.383378,1,0.171552,0.389767,5,0.155755,0.353956,9,0.176506,0.413069,13,0.171188,0.40029,29,0.099132,0.227296,81,0.077374,2022-04-27 18:41,2022-04-27 18:48,0.005,data/derived/control_boxes/gen1_2008_control__L3B-7227_Mower_VRS.laz,data/derived/control_structure/gen1_2008_control__L3B-7227_Mower_VRS.npz,ok,10089,3161,0.0,4.4123
gen1_2008_control,L3B-7231 Mower VRS,522723.549,4822851.757,L3B,MN_SEDriftless_3_2021,ok,108340,68891,0.190573,0.422857,1,0.247971,0.715853,5,0.247777,0.704101,9,0.232186,0.655945,13,0.186028,0.511048,29,0.146168,0.396187,81,0.101803,2021-05-09 15:32,2021-05-09 15:32,0.0,data/derived/control_boxes/gen1_2008_control__L3B-7231_Mower_VRS.laz,data/derived/control_structure/gen1_2008_control__L3B-7231_Mower_VRS.npz,ok,2503,996,0.0,4.3056
gen1_2008_control,L3B-7239 Mower VRS,534639.577,4841864.468,L3B,MN_SEDriftless_3_2021,ok,344675,142096,0.129569,0.277535,1,0.094178,0.210368,5,0.073874,0.161452,9,0.0796,0.174915,13,0.088092,0.198553,29,0.127294,0.304012,81,0.055695,2022-05-07 00:30,2022-05-07 00:55,0.018,data/derived/control_boxes/gen1_2008_control__L3B-7239_Mower_VRS.laz,data/derived/control_structure/gen1_2008_control__L3B-7239_Mower_VRS.npz,ok,11287,4246,0.0,4.9889
gen1_2008_control,L3B-7240 Mower VRS,534639.576,4841864.467,L3B,MN_SEDriftless_3_2021,ok,344654,142085,0.129569,0.277535,1,0.094178,0.210368,5,0.073874,0.161452,9,0.0796,0.174915,13,0.088092,0.198553,29,0.127294,0.304012,81,0.055695,2022-05-07 00:30,2022-05-07 00:55,0.018,data/derived/control_boxes/gen1_2008_control__L3B-7240_Mower_VRS.laz,data/derived/control_structure/gen1_2008_control__L3B-7240_Mower_VRS.npz,ok,11289,4248,0.0,4.9884
gen1_2008_control,L3B-7243 Mower VRS,536034.603,4837431.485,L3B,MN_SEDriftless_3_2021,ok,269095,154946,0.0,0.0,1,0.020528,0.042416,5,0.03989,0.086023,9,0.063542,0.141789,13,0.101905,0.246007,29,0.114892,0.280073,81,0.114892,2022-05-06 23:12,2022-05-06 23:21,0.007,data/derived/control_boxes/gen1_2008_control__L3B-7243_Mower_VRS.laz,data/derived/control_structure/gen1_2008_control__L3B-7243_Mower_VRS.npz,ok,4028,2442,0.0,1.607
gen1_2008_control,L3B-7253 Mower VRS,526610.73,4849139.505,L3B,MN_SEDriftless_3_2021,ok,110600,79383,0.101283,0.213574,1,0.177725,0.4038,5,0.184968,0.424155,9,0.192305,0.446945,13,0.177547,0.417884,29,0.118254,0.276558,81,0.091022,2021-05-09 15:32,2021-05-09 15:32,0.0,data/derived/control_boxes/gen1_2008_control__L3B-7253_Mower_VRS.laz,data/derived/control_structure/gen1_2008_control__L3B-7253_Mower_VRS.npz,ok,2295,1205,0.0,0.4722
gen1_2008_control,L3B-7263 Mower VRS,539658.495,4822586.329,L3B,MN_SEDriftless_3_2021,ok,298211,156652,0.166349,0.363881,1,0.14796,0.324387,5,0.135394,0.296259,9,0.121205,0.266688,13,0.111695,0.257441,29,0.113383,0.273844,81,0.054654,2022-04-27 18:38,2022-04-27 18:51,0.009,data/derived/control_boxes/gen1_2008_control__L3B-7263_Mower_VRS.laz,data/derived/control_structure/gen1_2008_control__L3B-7263_Mower_VRS.npz,ok,15264,4196,0.0,3.664
gen1_2008_control,L3B-7264 Mower VRS,539640.238,4826495.425,L3B,MN_SEDriftless_3_2021,ok,399207,160439,0.006826,0.013699,1,0.123642,0.27682,5,0.138816,0.318098,9,0.134748,0.307494,13,0.167489,0.404068,29,0.150325,0.364289,81,0.160663,2022-05-06 20:23,2022-05-06 20:36,0.008,data/derived/control_boxes/gen1_2008_control__L3B-7264_Mower_VRS.laz,data/derived/control_structure/gen1_2008_control__L3B-7264_Mower_VRS.npz,ok,10833,3780,0.0,0.6891
gen1_2008_control,L3B-7269 Mower VRS,505714.421,4819979.941,L3B,MN_SEDriftless_3_2021,ok,112053,69744,0.609809,1.882237,1,0.498149,1.46279,5,0.442537,1.279174,9,0.434541,1.266356,13,0.344786,0.972861,29,0.223418,0.618666,81,0.386391,2021-05-11 15:33,2021-05-11 15:34,0.0,data/derived/control_boxes/gen1_2008_control__L3B-7269_Mower_VRS.laz,data/derived/control_structure/gen1_2008_control__L3B-7269_Mower_VRS.npz,ok,1989,392,0.0,0.8776
gen1_2008_control,L3B-9000 Mower VRS - Secondary,502422.01,4831665.39,L3B,MN_SEDriftless_3_2021,ok,178050,79778,0.0,0.0,1,0.0,0.0,5,0.0,0.0,9,0.0,0.0,13,0.005456,0.011245,29,0.036803,0.088486,81,0.036803,2021-05-08 18:04,2021-05-08 18:32,0.019,data/derived/control_boxes/gen1_2008_control__L3B-9000_Mower_VRS_-_Secondary.laz,data/derived/control_structure/gen1_2008_control__L3B-9000_Mower_VRS_-_Secondary.npz,ok,1821,1465,0.0,2.6786
gen1_2008_control,L3B-9001 Mower VRS - Secondary,535432.23,4849596.16,L3B,MN_SEDriftless_3_2021,ok,106721,93526,0.012024,0.024195,1,0.008434,0.016993,5,0.004686,0.00944,9,0.004635,0.00933,13,0.004019,0.008135,29,0.002036,0.004114,81,0.009988,2022-05-08 00:07,2022-05-08 00:07,0.0,data/derived/control_boxes/gen1_2008_control__L3B-9001_Mower_VRS_-_Secondary.laz,data/derived/control_structure/gen1_2008_control__L3B-9001_Mower_VRS_-_Secondary.npz,ok,1744,1462,0.0,0.6081
gen1_2008_control,L4F-7108 Mower VRS,499302.959,4847250.061,L4F,MN_SEDriftless_3_2021,ok,227756,81476,0.260409,0.603315,1,0.404692,1.076672,5,0.427479,1.141656,9,0.447484,1.218501,13,0.471873,1.308709,29,0.447432,1.274536,81,0.211464,2021-05-09 15:41,2021-05-09 16:07,0.018,data/derived/control_boxes/gen1_2008_control__L4F-7108_Mower_VRS.laz,data/derived/control_structure/gen1_2008_control__L4F-7108_Mower_VRS.npz,ok,7202,1019,0.0,0.8575
gen1_2008_control,L4F-7115 Mower VRS,500867.344,4837246.472,L4F,MN_SEDriftless_3_2021,ok,390438,81318,0.393109,0.998812,1,0.450353,1.213399,5,0.46869,1.275648,9,0.461072,1.245239,13,0.468651,1.273717,29,0.459652,1.262667,81,0.075581,2021-05-08 16:28,2021-05-08 16:43,0.01,data/derived/control_boxes/gen1_2008_control__L4F-7115_Mower_VRS.laz,data/derived/control_structure/gen1_2008_control__L4F-7115_Mower_VRS.npz,ok,9406,1176,0.0,0.7233
gen1_2008_control,L4F-7121 Mower VRS,501931.492,4831652.218,L4F,MN_SEDriftless_3_2021,ok,278110,58832,0.455575,1.216049,1,0.449269,1.203442,5,0.452521,1.214289,9,0.446917,1.192171,13,0.443461,1.180005,29,0.335706,0.859364,81,0.119869,2021-05-08 18:05,2021-05-08 18:32,0.019,data/derived/control_boxes/gen1_2008_control__L4F-7121_Mower_VRS.laz,data/derived/control_structure/gen1_2008_control__L4F-7121_Mower_VRS.npz,ok,4585,620,0.0,0.5446
gen1_2008_control,L4F-7130 Mower VRS,508951.159,4837319.268,L4F,MN_SEDriftless_3_2021,ok,158732,61926,0.261154,0.605331,1,0.299762,0.722674,5,0.316002,0.768849,9,0.313331,0.760202,13,0.296031,0.717301,29,0.259044,0.651654,81,0.056958,2021-05-08 16:30,2021-05-08 16:30,0.0,data/derived/control_boxes/gen1_2008_control__L4F-7130_Mower_VRS.laz,data/derived/control_structure/gen1_2008_control__L4F-7130_Mower_VRS.npz,ok,3639,954,0.0,0.5522
gen1_2008_control,L4F-7134 Mower VRS,508228.245,4831098.514,L4F,MN_SEDriftless_3_2021,ok,202556,49506,0.51279,1.438119,1,0.492061,1.357021,5,0.504341,1.411316,9,0.501738,1.405842,13,0.493627,1.379189,29,0.448656,1.255731,81,0.064134,2021-05-08 18:33,2021-05-08 18:45,0.008,data/derived/control_boxes/gen1_2008_control__L4F-7134_Mower_VRS.laz,data/derived/control_structure/gen1_2008_control__L4F-7134_Mower_VRS.npz,ok,4799,503,0.0,0.7724
gen1_2008_control,L4F-7140 Mower VRS,502725.814,4822740.077,L4F,MN_SEDriftless_3_2021,ok,310112,77011,0.039839,0.081309,1,0.198762,0.465596,5,0.23276,0.555014,9,0.266186,0.645784,13,0.306551,0.759519,29,0.274011,0.692192,81,0.266712,2021-05-09 15:36,2021-05-09 16:04,0.019,data/derived/control_boxes/gen1_2008_control__L4F-7140_Mower_VRS.laz,data/derived/control_structure/gen1_2008_control__L4F-7140_Mower_VRS.npz,ok,5248,778,0.0,1.2202
gen1_2008_control,L4F-7201 Mower VRS,509360.331,4851813.619,L4F,MN_SEDriftless_3_2021,ok,135777,69626,0.48415,1.323877,1,0.509661,1.457173,5,0.523706,1.531665,9,0.481368,1.380151,13,0.448612,1.268998,29,0.343269,0.955312,81,0.180437,2021-05-09 14:18,2021-05-09 14:48,0.021,data/derived/control_boxes/gen1_2008_control__L4F-7201_Mower_VRS.laz,data/derived/control_structure/gen1_2008_control__L4F-7201_Mower_VRS.npz,ok,2994,455,0.0,1.0439
gen1_2008_control,L4F-7207 Mower VRS,517584.288,4851875.027,L4F,MN_SEDriftless_3_2021,ok,112431,77531,0.748808,2.763074,1,0.641425,2.353481,5,0.577708,1.948981,9,0.51908,1.687245,13,0.399653,1.217385,29,0.224407,0.662788,81,0.524401,2021-05-09 14:17,2021-05-09 14:17,0.0,data/derived/control_boxes/gen1_2008_control__L4F-7207_Mower_VRS.laz,data/derived/control_structure/gen1_2008_control__L4F-7207_Mower_VRS.npz,ok,2792,384,0.0,1.6208
gen1_2008_control,L4F-7212 Mower VRS,519581.143,4842985.505,L4F,MN_SEDriftless_3_2021,ok,102424,82600,0.093673,0.19671,1,0.094734,0.205545,5,0.081578,0.179797,9,0.068551,0.149749,13,0.064249,0.14648,29,0.06202,0.149636,81,0.032714,2021-05-11 14:53,2021-05-11 14:53,0.0,data/derived/control_boxes/gen1_2008_control__L4F-7212_Mower_VRS.laz,data/derived/control_structure/gen1_2008_control__L4F-7212_Mower_VRS.npz,ok,1777,1222,0.0,4.9003
gen1_2008_control,L4F-7216 Mower VRS,529924.129,4830683.497,L4F,MN_SEDriftless_3_2021,ok,144524,86362,0.015749,0.031749,1,0.119533,0.285512,5,0.116101,0.27643,9,0.13735,0.33371,13,0.146016,0.356048,29,0.12896,0.313777,81,0.130267,2022-05-06 21:25,2022-05-06 21:25,0.0,data/derived/control_boxes/gen1_2008_control__L4F-7216_Mower_VRS.laz,data/derived/control_structure/gen1_2008_control__L4F-7216_Mower_VRS.npz,ok,2161,1377,0.0,5.4528
gen1_2008_control,L4F-7221 Mower VRS,525069.706,4829093.485,L4F,MN_SEDriftless_3_2021,ok,108826,58861,0.0,0.0,1,0.054226,0.12122,5,0.097655,0.228549,9,0.116899,0.277157,13,0.134987,0.322421,29,0.105325,0.258096,81,0.134987,2021-05-08 19:18,2021-05-08 19:18,0.0,data/derived/control_boxes/gen1_2008_control__L4F-7221_Mower_VRS.laz,data/derived/control_structure/gen1_2008_control__L4F-7221_Mower_VRS.npz,ok,1530,1086,0.0,3.3417
gen1_2008_control,L4F-7229 Mower VRS,526752.972,4820144.242,L4F,MN_SEDriftless_3_2021,ok,106452,73524,0.406172,1.042331,1,0.381536,0.986723,5,0.371638,0.966336,9,0.347644,0.921038,13,0.274457,0.718151,29,0.200226,0.519585,81,0.205946,2021-05-11 15:37,2021-05-11 15:38,0.0,data/derived/control_boxes/gen1_2008_control__L4F-7229_Mower_VRS.laz,data/derived/control_structure/gen1_2008_control__L4F-7229_Mower_VRS.npz,ok,3307,897,0.0,1.64
gen1_2008_control,L4F-7230 Mower VRS,523909.087,4822832.006,L4F,MN_SEDriftless_3_2021,ok,142905,67908,0.0,0.0,1,0.016579,0.034612,5,0.017691,0.036873,9,0.037221,0.085916,13,0.055875,0.136596,29,0.075876,0.19165,81,0.075876,2021-05-09 15:31,2021-05-09 15:32,0.0,data/derived/control_boxes/gen1_2008_control__L4F-7230_Mower_VRS.laz,data/derived/control_structure/gen1_2008_control__L4F-7230_Mower_VRS.npz,ok,1618,1272,0.0,1.2297
gen1_2008_control,L4F-7237 Mower VRS,533048.614,4841740.839,L4F,MN_SEDriftless_3_2021,ok,175084,92486,0.015136,0.030503,1,0.025901,0.053084,5,0.046343,0.101414,9,0.052359,0.116266,13,0.104035,0.245632,29,0.137597,0.335488,81,0.122461,2022-05-07 00:29,2022-05-07 00:29,0.0,data/derived/control_boxes/gen1_2008_control__L4F-7237_Mower_VRS.laz,data/derived/control_structure/gen1_2008_control__L4F-7237_Mower_VRS.npz,ok,1888,1435,0.0,3.3189
gen1_2008_control,L4F-7244 Mower VRS,536737.84,4837411.476,L4F,MN_SEDriftless_3_2021,ok,308202,161460,0.333611,0.811763,1,0.197026,0.483129,5,0.150846,0.363438,9,0.122876,0.29186,13,0.111252,0.264695,29,0.100965,0.241278,81,0.232646,2022-05-06 23:12,2022-05-06 23:22,0.007,data/derived/control_boxes/gen1_2008_control__L4F-7244_Mower_VRS.laz,data/derived/control_structure/gen1_2008_control__L4F-7244_Mower_VRS.npz,ok,6788,2686,0.0,1.1061
gen1_2008_control,L4F-7248 Mower VRS,535412.892,4850275.009,L4F,MN_SEDriftless_3_2021,ok,371452,199025,0.021685,0.043847,1,0.080603,0.191793,5,0.085435,0.194391,9,0.094236,0.21411,13,0.09955,0.227674,29,0.123973,0.293573,81,0.102288,2022-05-07 23:30,2022-05-08 00:07,0.026,data/derived/control_boxes/gen1_2008_control__L4F-7248_Mower_VRS.laz,data/derived/control_structure/gen1_2008_control__L4F-7248_Mower_VRS.npz,ok,5669,3403,0.0,1.3067
gen1_2008_control,L4F-7255 Mower VRS,528175.332,4849655.833,L4F,MN_SEDriftless_3_2021,ok,139062,85743,0.199439,0.444885,1,0.181709,0.433034,5,0.147308,0.354782,9,0.154372,0.373438,13,0.134702,0.324314,29,0.115473,0.276262,81,0.083966,2022-05-08 00:09,2022-05-08 00:09,0.0,data/derived/control_boxes/gen1_2008_control__L4F-7255_Mower_VRS.laz,data/derived/control_structure/gen1_2008_control__L4F-7255_Mower_VRS.npz,ok,3617,1290,0.0,2.7303
gen1_2008_control,L4F-7257 Mower VRS,537268.003,4818951.093,L4F,MN_SEDriftless_3_2021,ok,438979,129595,0.430932,1.127512,1,0.35467,0.899883,5,0.318079,0.796334,9,0.287711,0.726133,13,0.254626,0.646922,29,0.212224,0.534515,81,0.218708,2022-04-27 17:04,2022-04-27 17:15,0.007,data/derived/control_boxes/gen1_2008_control__L4F-7257_Mower_VRS.laz,data/derived/control_structure/gen1_2008_control__L4F-7257_Mower_VRS.npz,ok,4090,1239,0.0,1.24
gen1_2008_control,L4F-7265 Mower VRS,539607.973,4830892.457,L4F,MN_SEDriftless_3_2021,ok,298068,158149,0.203114,0.454088,1,0.283518,0.679313,5,0.264635,0.624471,9,0.241581,0.568044,13,0.190817,0.446346,29,0.154805,0.361848,81,0.128713,2022-05-06 21:28,2022-05-06 21:43,0.01,data/derived/control_boxes/gen1_2008_control__L4F-7265_Mower_VRS.laz,data/derived/control_structure/gen1_2008_control__L4F-7265_Mower_VRS.npz,ok,6536,2503,0.0,1.833
gen1_2008_control,L4F-7268 Mower VRS,506318.356,4817912.559,L4F,MN_SEDriftless_3_2021,ok,150670,52953,0.43824,1.153363,1,0.363875,0.935178,5,0.357724,0.932679,9,0.317292,0.834554,13,0.278587,0.72227,29,0.253858,0.667811,81,0.184382,2021-05-11 16:14,2021-05-11 16:14,0.0,data/derived/control_boxes/gen1_2008_control__L4F-7268_Mower_VRS.laz,data/derived/control_structure/gen1_2008_control__L4F-7268_Mower_VRS.npz,ok,2831,781,0.0,1.6234
gen1_2008_control,L5U-7003 Mower VRS,499188.342,4846950.518,L5U,MN_SEDriftless_3_2021,ok,89806,82469,0.0,0.0,1,0.0,0.0,5,0.0,0.0,9,0.0,0.0,13,0.0,0.0,29,0.000151,0.000303,81,0.000151,2021-05-09 16:06,2021-05-09 16:07,0.0,data/derived/control_boxes/gen1_2008_control__L5U-7003_Mower_VRS.laz,data/derived/control_structure/gen1_2008_control__L5U-7003_Mower_VRS.npz,ok,1401,1361,0.0,0.4421
gen1_2008_control,L5U-7010 Mower VRS,500610.151,4837324.587,L5U,MN_SEDriftless_3_2021,ok,91257,77428,0.0,0.0,1,0.0,0.0,5,0.0,0.0,9,0.0,0.0,13,0.011927,0.027681,29,0.045855,0.123617,81,0.045855,2021-05-08 16:28,2021-05-08 16:43,0.01,data/derived/control_boxes/gen1_2008_control__L5U-7010_Mower_VRS.laz,data/derived/control_structure/gen1_2008_control__L5U-7010_Mower_VRS.npz,ok,1442,1327,0.0,0.5745
gen1_2008_control,L5U-7016 Mower VRS,502622.033,4831629.609,L5U,MN_SEDriftless_3_2021,ok,113672,85569,0.0,0.0,1,0.0,0.0,5,0.0,0.0,9,0.007627,0.016063,13,0.013729,0.028546,29,0.019176,0.040312,81,0.019176,2021-05-08 18:04,2021-05-08 18:32,0.019,data/derived/control_boxes/gen1_2008_control__L5U-7016_Mower_VRS.laz,data/derived/control_structure/gen1_2008_control__L5U-7016_Mower_VRS.npz,ok,1512,1242,0.0,2.1367
gen1_2008_control,L5U-7022 Mower VRS,509293.322,4838848.989,L5U,MN_SEDriftless_3_2021,ok,159466,57636,0.030777,0.06252,1,0.066411,0.150768,5,0.083682,0.20485,9,0.092342,0.220393,13,0.134714,0.328624,29,0.212095,0.583727,81,0.181318,2021-05-08 15:59,2021-05-08 16:00,0.0,data/derived/control_boxes/gen1_2008_control__L5U-7022_Mower_VRS.laz,data/derived/control_structure/gen1_2008_control__L5U-7022_Mower_VRS.npz,ok,1652,1285,0.0,2.0075
gen1_2008_control,L5U-7026 Mower VRS,500042.095,4847791.094,L5U,MN_SEDriftless_3_2021,ok,97688,83015,0.51864,1.46228,1,0.386258,1.075903,5,0.325698,0.907462,9,0.339393,0.965204,13,0.277472,0.776331,29,0.145341,0.401587,81,0.373299,2021-05-09 15:41,2021-05-09 15:41,0.0,data/derived/control_boxes/gen1_2008_control__L5U-7026_Mower_VRS.laz,data/derived/control_structure/gen1_2008_control__L5U-7026_Mower_VRS.npz,ok,1543,584,0.0,1.6732
gen1_2008_control,L5U-7027 Mower VRS,500883.815,4834795.41,L5U,MN_SEDriftless_3_2021,ok,147755,92716,0.0,0.0,1,0.0,0.0,5,0.001496,0.003011,9,0.015517,0.034174,13,0.10447,0.288133,29,0.167161,0.468786,81,0.167161,2021-05-08 17:09,2021-05-08 17:24,0.01,data/derived/control_boxes/gen1_2008_control__L5U-7027_Mower_VRS.laz,data/derived/control_structure/gen1_2008_control__L5U-7027_Mower_VRS.npz,ok,1474,1370,0.0,1.3452
gen1_2008_control,L5U-7030 Mower VRS,509167.393,4831648.49,L5U,MN_SEDriftless_3_2021,ok,169306,83491,0.0,0.0,1,0.0,0.0,5,0.0,0.0,9,0.003195,0.006526,13,0.02529,0.05686,29,0.113427,0.325176,81,0.113427,2021-05-08 18:03,2021-05-08 18:33,0.021,data/derived/control_boxes/gen1_2008_control__L5U-7030_Mower_VRS.laz,data/derived/control_structure/gen1_2008_control__L5U-7030_Mower_VRS.npz,ok,1506,1477,0.0,2.8487
gen1_2008_control,L5U-7040 Mower VRS,501557.841,4822992.924,L5U,MN_SEDriftless_3_2021,ok,114454,64356,0.0,0.0,1,0.0,0.0,5,0.0,0.0,9,0.0,0.0,13,0.001242,0.002524,29,0.090463,0.346582,81,0.090463,2021-05-09 15:36,2021-05-09 15:36,0.0,data/derived/control_boxes/gen1_2008_control__L5U-7040_Mower_VRS.laz,data/derived/control_structure/gen1_2008_control__L5U-7040_Mower_VRS.npz,ok,1457,1163,0.0,0.2106
gen1_2008_control,L5U-7202 Mower VRS,509858.878,4852041.261,L5U,MN_SEDriftless_3_2021,ok,93296,67312,0.0,0.0,1,0.0,0.0,5,0.0,0.0,9,0.0,0.0,13,0.025558,0.064204,29,0.04855,0.128779,81,0.04855,2021-05-09 14:18,2021-05-09 14:19,0.0,data/derived/control_boxes/gen1_2008_control__L5U-7202_Mower_VRS.laz,data/derived/control_structure/gen1_2008_control__L5U-7202_Mower_VRS.npz,ok,1459,1438,0.0,0.7184
gen1_2008_control,L5U-7205 Mower VRS,515689.998,4850248.243,L5U,MN_SEDriftless_3_2021,ok,94097,78002,0.0,0.0,1,0.0,0.0,5,0.001798,0.003626,9,0.002357,0.004751,13,0.013337,0.030891,29,0.047242,0.164315,81,0.047242,2021-05-09 14:58,2021-05-09 14:58,0.0,data/derived/control_boxes/gen1_2008_control__L5U-7205_Mower_VRS.laz,data/derived/control_structure/gen1_2008_control__L5U-7205_Mower_VRS.npz,ok,1489,1466,0.0,1.7179
gen1_2008_control,L5U-7211 Mower VRS,519458.216,4842971.292,L5U,MN_SEDriftless_3_2021,ok,91959,84907,0.0,0.0,1,0.0,0.0,5,0.0,0.0,9,0.0,0.0,13,0.0,0.0,29,0.0,0.0,81,0.0,2021-05-11 14:53,2021-05-11 14:53,0.0,data/derived/control_boxes/gen1_2008_control__L5U-7211_Mower_VRS.laz,data/derived/control_structure/gen1_2008_control__L5U-7211_Mower_VRS.npz,ok,1458,1397,0.0,7.2182
gen1_2008_control,L5U-7218 Mower VRS,533083.183,4827758.804,L5U,MN_SEDriftless_3_2021,ok,145939,78514,0.012475,0.025106,1,0.069183,0.166848,5,0.083971,0.199072,9,0.102613,0.247648,13,0.145949,0.357414,29,0.193762,0.582842,81,0.181287,2022-05-06 20:52,2022-05-06 20:52,0.0,data/derived/control_boxes/gen1_2008_control__L5U-7218_Mower_VRS.laz,data/derived/control_structure/gen1_2008_control__L5U-7218_Mower_VRS.npz,ok,2114,1601,0.0,2.3845
gen1_2008_control,L5U-7222 Mower VRS,523563.008,4834493.697,L5U,MN_SEDriftless_3_2021,ok,92543,54467,0.0,0.0,1,0.004256,0.008603,5,0.012753,0.026594,9,0.027716,0.061755,13,0.04259,0.096177,29,0.092751,0.296611,81,0.092751,2021-05-08 17:19,2021-05-08 17:19,0.0,data/derived/control_boxes/gen1_2008_control__L5U-7222_Mower_VRS.laz,data/derived/control_structure/gen1_2008_control__L5U-7222_Mower_VRS.npz,ok,1372,1291,0.0,1.3701
gen1_2008_control,L5U-7225 Mower VRS,528941.345,4822972.024,L5U,MN_SEDriftless_3_2021,ok,274588,189605,0.0,0.0,1,0.009491,0.019413,5,0.009326,0.019028,9,0.010194,0.020741,13,0.011087,0.022627,29,0.016536,0.035865,81,0.016536,2022-04-27 18:41,2022-04-27 18:48,0.004,data/derived/control_boxes/gen1_2008_control__L5U-7225_Mower_VRS.laz,data/derived/control_structure/gen1_2008_control__L5U-7225_Mower_VRS.npz,ok,3850,2844,0.0,1.4317
gen1_2008_control,L5U-7232 Mower VRS,523289.684,4823662.365,L5U,MN_SEDriftless_3_2021,ok,219992,120561,0.0,0.0,1,0.0,0.0,5,0.004069,0.00829,9,0.033556,0.084229,13,0.090709,0.301289,29,0.092772,0.322091,81,0.092772,2021-05-09 15:32,2021-05-26 12:46,16.885,data/derived/control_boxes/gen1_2008_control__L5U-7232_Mower_VRS.laz,data/derived/control_structure/gen1_2008_control__L5U-7232_Mower_VRS.npz,ok,3277,2215,0.0,3.3022
gen1_2008_control,L5U-7236 Mower VRS,534667.26,4839811.452,L5U,MN_SEDriftless_3_2021,ok,102092,58748,0.0,0.0,1,0.008474,0.017319,5,0.012668,0.025836,9,0.00877,0.017886,13,0.007644,0.015594,29,0.009579,0.019775,81,0.012668,2022-05-06 23:55,2022-05-06 23:55,0.0,data/derived/control_boxes/gen1_2008_control__L5U-7236_Mower_VRS.laz,data/derived/control_structure/gen1_2008_control__L5U-7236_Mower_VRS.npz,ok,1348,1207,0.0,0.1074
gen1_2008_control,L5U-7251 Mower VRS,541523.007,4847099.596,L5U,MN_SEDriftless_3_2021,ok,112679,77353,0.0,0.0,1,0.0,0.0,5,0.0,0.0,9,0.0,0.0,13,0.000637,0.001285,29,0.036589,0.116782,81,0.036589,2022-05-15 14:33,2022-05-15 14:33,0.0,data/derived/control_boxes/gen1_2008_control__L5U-7251_Mower_VRS.laz,data/derived/control_structure/gen1_2008_control__L5U-7251_Mower_VRS.npz,ok,1726,1567,0.0,0.9278
gen1_2008_control,L5U-7256 Mower VRS,528914.261,4849295.475,L5U,MN_SEDriftless_3_2021,ok,340015,171623,0.0,0.0,1,0.0,0.0,5,0.0,0.0,9,0.0,0.0,13,0.020491,0.048031,29,0.172213,0.527792,81,0.172213,2022-05-08 00:09,2022-05-08 00:15,0.004,data/derived/control_boxes/gen1_2008_control__L5U-7256_Mower_VRS.laz,data/derived/control_structure/gen1_2008_control__L5U-7256_Mower_VRS.npz,ok,5640,4182,0.0,1.0753
gen1_2008_control,L5U-7258 Mower VRS,537224.071,4818986.636,L5U,MN_SEDriftless_3_2021,ok,572468,158529,0.367544,0.916291,1,0.369743,0.970118,5,0.347048,0.906919,9,0.348086,0.918764,13,0.299856,0.779323,29,0.287698,0.78107,81,0.082045,2022-04-27 17:04,2022-04-27 17:15,0.007,data/derived/control_boxes/gen1_2008_control__L5U-7258_Mower_VRS.laz,data/derived/control_structure/gen1_2008_control__L5U-7258_Mower_VRS.npz,ok,13524,3856,0.0,1.2084
gen1_2008_control,L5U-7260 Mower VRS,535230.822,4821325.192,L5U,MN_SEDriftless_3_2021,ok,143081,88552,0.518988,1.463726,1,0.363539,1.07314,5,0.342709,1.10334,9,0.302398,0.917668,13,0.284513,0.819031,29,0.277497,0.74025,81,0.241491,2022-04-27 18:03,2022-04-27 18:03,0.0,data/derived/control_boxes/gen1_2008_control__L5U-7260_Mower_VRS.laz,data/derived/control_structure/gen1_2008_control__L5U-7260_Mower_VRS.npz,ok,1893,602,0.0,1.5769
gen1_2008_control,L5U-7262 Mower VRS,539553.811,4828407.969,L5U,MN_SEDriftless_3_2021,ok,115283,76796,0.0,0.0,1,0.013022,0.026931,5,0.018599,0.03865,9,0.05459,0.126032,13,0.092825,0.334674,29,0.129647,0.422472,81,0.129647,2022-05-06 21:02,2022-05-06 21:02,0.0,data/derived/control_boxes/gen1_2008_control__L5U-7262_Mower_VRS.laz,data/derived/control_structure/gen1_2008_control__L5U-7262_Mower_VRS.npz,ok,1621,1493,0.0,1.5797
gen1_2008_control,L5U-7270 Mower VRS,505504.61,4820714.265,L5U,MN_SEDriftless_3_2021,ok,120005,30939,0.0,0.0,1,0.049445,0.104819,5,0.113842,0.296767,9,0.113089,0.287412,13,0.254317,0.885827,29,0.349407,1.237998,81,0.349407,2021-05-26 13:20,2021-05-26 13:20,0.0,data/derived/control_boxes/gen1_2008_control__L5U-7270_Mower_VRS.laz,data/derived/control_structure/gen1_2008_control__L5U-7270_Mower_VRS.npz,ok,1532,848,0.0,0.7905
gen1_2008_control,FSA Target 1 Stewartville-1401 Olmsted VRS,533862.973,4861548.321,other,MN_SEDriftless_4_2021,ok,327638,166626,0.0,0.0,1,0.0,0.0,5,0.0,0.0,9,0.0,0.0,13,0.001404,0.002836,29,0.001139,0.002318,81,0.001404,2022-05-06 18:41,2022-05-06 19:05,0.017,data/derived/control_boxes/gen1_2008_control__FSA_Target_1_Stewartville-1401_Olmsted_VRS.laz,data/derived/control_structure/gen1_2008_control__FSA_Target_1_Stewartville-1401_Olmsted_VRS.npz,ok,5143,2597,0.0,0.2441
gen1_2008_control,FSA Target 2 Rochester-1402 Olmsted VRS,535423.24,4871973.241,other,MN_SEDriftless_4_2021,ok,424354,164038,0.0,0.0,1,0.0,0.0,5,0.000139,0.000277,9,9.6e-05,0.000192,13,0.002027,0.004173,29,0.037386,0.094005,81,0.037386,2022-05-13 15:12,2022-05-13 15:36,0.017,data/derived/control_boxes/gen1_2008_control__FSA_Target_2_Rochester-1402_Olmsted_VRS.laz,data/derived/control_structure/gen1_2008_control__FSA_Target_2_Rochester-1402_Olmsted_VRS.npz,ok,5539,2480,0.0,3.08
gen1_2008_control,FSA Target 3 Pine Island-1403 Olmsted VRS,535337.76,4888002.423,other,MN_SEDriftless_4_2021,ok,462199,134186,0.0,0.0,1,0.0,0.0,5,0.0,0.0,9,0.0,0.0,13,0.000821,0.001657,29,0.008347,0.022455,81,0.008347,2022-05-16 15:48,2022-05-16 16:12,0.017,data/derived/control_boxes/gen1_2008_control__FSA_Target_3_Pine_Island-1403_Olmsted_VRS.laz,data/derived/control_structure/gen1_2008_control__FSA_Target_3_Pine_Island-1403_Olmsted_VRS.npz,ok,8001,1568,0.0,0.8555
gen1_2008_control,FSA Target 4 Elgin-1404 Olmsted VRS,549658.557,4887258.234,other,MN_SEDriftless_4_2021,ok,347632,208353,0.0,0.0,1,0.0,0.0,5,0.0,0.0,9,0.0,0.0,13,0.00078,0.001575,29,0.00581,0.011793,81,0.00581,2022-05-16 15:38,2022-05-16 15:45,0.005,data/derived/control_boxes/gen1_2008_control__FSA_Target_4_Elgin-1404_Olmsted_VRS.laz,data/derived/control_structure/gen1_2008_control__FSA_Target_4_Elgin-1404_Olmsted_VRS.npz,ok,5437,3584,0.0,0.7925
gen1_2008_control,FSA Target 5 Eyota-1405 Olmsted VRS,564918.696,4880103.942,other,MN_SEDriftless_4_2021,ok,468275,156445,0.0,0.0,1,0.0,0.0,5,0.0,0.0,9,0.000481,0.000966,13,0.000216,0.000433,29,0.000879,0.00181,81,0.000879,2022-05-14 16:42,2022-05-14 17:16,0.024,data/derived/control_boxes/gen1_2008_control__FSA_Target_5_Eyota-1405_Olmsted_VRS.laz,data/derived/control_structure/gen1_2008_control__FSA_Target_5_Eyota-1405_Olmsted_VRS.npz,ok,8095,2173,0.0,2.0029
gen1_2008_control,FSA Target 6 Dover-1406 Olmsted VRS,565873.44,4866469.814,other,MN_SEDriftless_4_2021,ok,556608,232737,0.0,0.0,1,0.0,0.0,5,0.0,0.0,9,0.0,0.0,13,0.001818,0.003678,29,0.001908,0.003922,81,0.001908,2022-05-07 16:34,2022-05-07 17:31,0.039,data/derived/control_boxes/gen1_2008_control__FSA_Target_6_Dover-1406_Olmsted_VRS.laz,data/derived/control_structure/gen1_2008_control__FSA_Target_6_Dover-1406_Olmsted_VRS.npz,ok,8576,3657,0.0,0.7227
gen1_2008_control,FSA Target 601 Rochester-1601 Olmsted VRS,539407.317,4879891.9,other,MN_SEDriftless_4_2021,ok,345834,108514,0.0,0.0,1,0.0,0.0,5,0.0,0.0,9,0.0,0.0,13,0.0,0.0,29,0.001812,0.00385,81,0.001812,2022-05-14 16:36,2022-05-14 16:58,0.016,data/derived/control_boxes/gen1_2008_control__FSA_Target_601_Rochester-1601_Olmsted_VRS.laz,data/derived/control_structure/gen1_2008_control__FSA_Target_601_Rochester-1601_Olmsted_VRS.npz,ok,5179,2671,0.0,1.3678
gen1_2008_control,L10-1014 Olmsted VRS,561770.859,4871102.058,L1O,MN_SEDriftless_4_2021,ok,446490,104776,0.0,0.0,1,0.0,0.0,5,0.0,0.0,9,0.0,0.0,13,0.0,0.0,29,0.0,0.0,81,0.0,2022-05-10 15:50,2022-05-13 15:18,2.978,data/derived/control_boxes/gen1_2008_control__L10-1014_Olmsted_VRS.laz,data/derived/control_structure/gen1_2008_control__L10-1014_Olmsted_VRS.npz,ok,7941,1394,0.0,0.9501
gen1_2008_control,L10-1024 Olmsted VRS,568857.64,4869190.598,L1O,MN_SEDriftless_4_2021,ok,485232,133164,0.0,0.0,1,0.0,0.0,5,0.0,0.0,9,0.0,0.0,13,0.0,0.0,29,0.0,0.0,81,0.0,2022-05-07 18:35,2022-05-07 19:08,0.023,data/derived/control_boxes/gen1_2008_control__L10-1024_Olmsted_VRS.laz,data/derived/control_structure/gen1_2008_control__L10-1024_Olmsted_VRS.npz,ok,8174,2316,0.0,0.3868
gen1_2008_control,L10-1036 Olmsted VRS,565084.522,4855926.659,L1O,MN_SEDriftless_4_2021,ok,346690,205706,0.0,0.0,1,0.0,0.0,5,0.0,0.0,9,0.0,0.0,13,0.0,0.0,29,0.0,0.0,81,0.0,2022-05-06 15:36,2022-05-06 16:09,0.023,data/derived/control_boxes/gen1_2008_control__L10-1036_Olmsted_VRS.laz,data/derived/control_structure/gen1_2008_control__L10-1036_Olmsted_VRS.npz,ok,5270,3413,0.0,0.7694
gen1_2008_control,L10-1044 Olmsted VRS,569860.75,4864893.354,L1O,MN_SEDriftless_4_2021,ok,379308,170744,0.0,0.0,1,0.0,0.0,5,0.0,0.0,9,0.0,0.0,13,0.0,0.0,29,0.0,0.0,81,0.0,2022-05-07 15:54,2022-05-07 16:01,0.005,data/derived/control_boxes/gen1_2008_control__L10-1044_Olmsted_VRS.laz,data/derived/control_structure/gen1_2008_control__L10-1044_Olmsted_VRS.npz,ok,6107,2661,0.0,1.329
gen1_2008_control,L10-1052 Olmsted VRS,562039.845,4859184.016,L1O,MN_SEDriftless_4_2021,ok,319553,184977,0.0,0.0,1,0.0,0.0,5,0.0,0.0,9,0.0,0.0,13,0.0,0.0,29,0.0,0.0,81,0.0,2022-05-06 17:23,2022-05-06 17:44,0.015,data/derived/control_boxes/gen1_2008_control__L10-1052_Olmsted_VRS.laz,data/derived/control_structure/gen1_2008_control__L10-1052_Olmsted_VRS.npz,ok,5127,3300,0.0,0.2709
gen1_2008_control,L10-1068 Olmsted VRS,551124.85,4859298.673,L1O,MN_SEDriftless_4_2021,ok,411702,218049,0.0,0.0,1,0.0,0.0,5,0.0,0.0,9,0.0,0.0,13,0.000135,0.000272,29,4.9e-05,9.7e-05,81,0.000135,2022-05-06 17:26,2022-05-06 17:56,0.021,data/derived/control_boxes/gen1_2008_control__L10-1068_Olmsted_VRS.laz,data/derived/control_structure/gen1_2008_control__L10-1068_Olmsted_VRS.npz,ok,5473,3119,0.0,0.5363
gen1_2008_control,L10-1104 Olmsted VRS,531758.961,4871183.597,L1O,MN_SEDriftless_4_2021,ok,497483,161712,0.0,0.0,1,0.039634,0.082294,5,0.085133,0.195752,9,0.062633,0.143093,13,0.03424,0.077454,29,0.01777,0.0396,81,0.085133,2022-05-10 15:57,2022-05-13 15:11,2.968,data/derived/control_boxes/gen1_2008_control__L10-1104_Olmsted_VRS.laz,data/derived/control_structure/gen1_2008_control__L10-1104_Olmsted_VRS.npz,ok,8637,2274,0.0,2.4019
gen1_2008_control,L10-1112 Olmsted VRS,541912.795,4866529.437,L1O,MN_SEDriftless_4_2021,ok,459286,154092,0.0,0.0,1,0.0,0.0,5,0.0,0.0,9,0.0,0.0,13,0.0,0.0,29,0.001183,0.00243,81,0.001183,2022-05-07 16:40,2022-05-07 17:37,0.039,data/derived/control_boxes/gen1_2008_control__L10-1112_Olmsted_VRS.laz,data/derived/control_structure/gen1_2008_control__L10-1112_Olmsted_VRS.npz,ok,8506,2437,0.0,0.2747
gen1_2008_control,L10-1120 Olmsted VRS,546157.902,4874388.799,L1O,MN_SEDriftless_4_2021,ok,463851,131364,0.0,0.0,1,0.0,0.0,5,0.0,0.0,9,0.0,0.0,13,0.0,0.0,29,0.0,0.0,81,0.0,2022-05-13 16:41,2022-05-13 17:15,0.024,data/derived/control_boxes/gen1_2008_control__L10-1120_Olmsted_VRS.laz,data/derived/control_structure/gen1_2008_control__L10-1120_Olmsted_VRS.npz,ok,8547,1983,0.0,1.4964
gen1_2008_control,L10-1128 Olmsted VRS,547752.496,4872868.733,L1O,MN_SEDriftless_4_2021,ok,383078,186563,0.0,0.0,1,0.0,0.0,5,0.025856,0.058864,9,0.017901,0.040752,13,0.058191,0.136424,29,0.080457,0.200564,81,0.080457,2022-05-13 15:48,2022-05-13 16:06,0.013,data/derived/control_boxes/gen1_2008_control__L10-1128_Olmsted_VRS.laz,data/derived/control_structure/gen1_2008_control__L10-1128_Olmsted_VRS.npz,ok,5404,3119,0.0,2.038
gen1_2008_control,L10-1144 Olmsted VRS,531057.523,4880982.439,L1O,MN_SEDriftless_4_2021,ok,440873,139936,0.0,0.0,1,0.021322,0.045092,5,0.027633,0.058061,9,0.01913,0.040196,13,0.008672,0.018212,29,0.003231,0.006773,81,0.027633,2022-05-14 17:08,2022-05-14 17:34,0.018,data/derived/control_boxes/gen1_2008_control__L10-1144_Olmsted_VRS.laz,data/derived/control_structure/gen1_2008_control__L10-1144_Olmsted_VRS.npz,ok,6502,2306,0.0,6.9908
gen1_2008_control,L10-1152 Olmsted VRS,532937.565,4889499.618,L1O,MN_SEDriftless_4_2021,ok,377327,138741,0.0,0.0,1,0.0,0.0,5,0.0,0.0,9,0.0,0.0,13,0.0,0.0,29,0.0,0.0,81,0.0,2022-05-16 16:21,2022-05-16 16:44,0.016,data/derived/control_boxes/gen1_2008_control__L10-1152_Olmsted_VRS.laz,data/derived/control_structure/gen1_2008_control__L10-1152_Olmsted_VRS.npz,ok,5252,2127,0.0,1.0729
gen1_2008_control,L10-1162 Olmsted VRS,540981.015,4891995.38,L1O,MN_SEDriftless_4_2021,ok,335870,127210,0.0,0.0,1,0.0,0.0,5,0.0,0.0,9,0.0,0.0,13,0.0,0.0,29,0.0,0.0,81,0.0,2022-05-19 14:57,2022-05-19 15:09,0.008,data/derived/control_boxes/gen1_2008_control__L10-1162_Olmsted_VRS.laz,data/derived/control_structure/gen1_2008_control__L10-1162_Olmsted_VRS.npz,ok,5409,1837,0.0,2.7081
gen1_2008_control,L10-1168 Olmsted VRS,552751.804,4884076.525,L1O,MN_SEDriftless_4_2021,ok,500713,154364,0.0,0.0,1,0.001515,0.003041,5,0.00133,0.002668,9,0.005797,0.011869,13,0.005214,0.010598,29,0.003079,0.006235,81,0.005797,2022-05-15 16:08,2022-05-15 16:40,0.022,data/derived/control_boxes/gen1_2008_control__L10-1168_Olmsted_VRS.laz,data/derived/control_structure/gen1_2008_control__L10-1168_Olmsted_VRS.npz,ok,8015,2126,0.0,0.1294
gen1_2008_control,L10-1176 Olmsted VRS,545645.592,4874622.493,L1O,MN_SEDriftless_4_2021,ok,411125,129505,0.0,0.0,1,0.0,0.0,5,0.0,0.0,9,0.0,0.0,13,0.007243,0.016036,29,0.024131,0.069214,81,0.024131,2022-05-13 16:41,2022-05-13 17:15,0.024,data/derived/control_boxes/gen1_2008_control__L10-1176_Olmsted_VRS.laz,data/derived/control_structure/gen1_2008_control__L10-1176_Olmsted_VRS.npz,ok,5186,2139,0.0,1.2302
gen1_2008_control,L10-1186 Olmsted VRS,556867.616,4876069.271,L1O,MN_SEDriftless_4_2021,ok,332419,114125,0.0,0.0,1,0.0,0.0,5,0.0,0.0,9,0.0,0.0,13,0.0,0.0,29,0.000486,0.000992,81,0.000486,2022-05-13 17:47,2022-05-13 18:08,0.015,data/derived/control_boxes/gen1_2008_control__L10-1186_Olmsted_VRS.laz,data/derived/control_structure/gen1_2008_control__L10-1186_Olmsted_VRS.npz,ok,5324,2021,0.0,0.9313
gen1_2008_control,L10-1196 Olmsted VRS,567105.958,4880900.316,L1O,MN_SEDriftless_4_2021,ok,324273,166057,0.0,0.0,1,0.0,0.0,5,0.0,0.0,9,0.0,0.0,13,0.0,0.0,29,0.0,0.0,81,0.0,2022-05-14 17:17,2022-05-14 17:25,0.006,data/derived/control_boxes/gen1_2008_control__L10-1196_Olmsted_VRS.laz,data/derived/control_structure/gen1_2008_control__L10-1196_Olmsted_VRS.npz,ok,5133,2372,0.0,3.0661
gen1_2008_control,L1O-1078 Olmsted VRS,539966.482,4856643.59,L1O,MN_SEDriftless_4_2021,ok,418662,216958,0.0,0.0,1,0.0,0.0,5,0.0,0.0,9,0.002146,0.004352,13,0.006064,0.012755,29,0.004008,0.008544,81,0.006064,2022-05-06 15:51,2022-05-06 16:25,0.023,data/derived/control_boxes/gen1_2008_control__L1O-1078_Olmsted_VRS.laz,data/derived/control_structure/gen1_2008_control__L1O-1078_Olmsted_VRS.npz,ok,6195,3480,0.0,1.2085
gen1_2008_control,L1O-1134 Olmsted VRS,545108.113,4880052.398,L1O,MN_SEDriftless_4_2021,ok,417039,173099,0.0,0.0,1,0.0,0.0,5,0.0,0.0,9,0.0,0.0,13,0.0,0.0,29,0.002016,0.00432,81,0.002016,2022-05-14 16:37,2022-05-14 17:12,0.024,data/derived/control_boxes/gen1_2008_control__L1O-1134_Olmsted_VRS.laz,data/derived/control_structure/gen1_2008_control__L1O-1134_Olmsted_VRS.npz,ok,5527,3452,0.0,3.8295
gen1_2008_control,L1O-6118 Wabasha RTK,551939.75,4896224.857,L1O,MN_SEDriftless_2_2021,ok,234834,95814,0.0,0.0,1,0.0,0.0,5,0.00141,0.002837,9,0.001462,0.00294,13,0.011742,0.024733,29,0.016649,0.040316,81,0.016649,2021-05-01 18:07,2021-05-01 18:18,0.008,data/derived/control_boxes/gen1_2008_control__L1O-6118_Wabasha_RTK.laz,data/derived/control_structure/gen1_2008_control__L1O-6118_Wabasha_RTK.npz,ok,3232,1545,0.0,1.4685
gen1_2008_control,L2T-1000 Olmsted VRS,529198.788,4882086.915,L2T,MN_SEDriftless_4_2021,ok,700328,141052,0.0,0.0,1,0.00088,0.001764,5,0.000489,0.00098,9,0.00946,0.02,13,0.04375,0.118295,29,0.112857,0.278217,81,0.112857,2022-05-15 14:57,2022-05-15 15:30,0.023,data/derived/control_boxes/gen1_2008_control__L2T-1000_Olmsted_VRS.laz,data/derived/control_structure/gen1_2008_control__L2T-1000_Olmsted_VRS.npz,ok,7955,3387,0.0,3.847
gen1_2008_control,L2T-1002 Olmsted VRS,529262.156,4882105.402,L2T,MN_SEDriftless_4_2021,ok,719207,186640,0.0,0.0,1,0.000264,0.000528,5,0.007597,0.015718,9,0.015117,0.031978,13,0.05165,0.121943,29,0.1374,0.350147,81,0.1374,2022-05-15 14:57,2022-05-15 15:30,0.023,data/derived/control_boxes/gen1_2008_control__L2T-1002_Olmsted_VRS.laz,data/derived/control_structure/gen1_2008_control__L2T-1002_Olmsted_VRS.npz,ok,8112,3492,0.0,5.1231
gen1_2008_control,L2T-1006 Olmsted VRS,529220.119,4890562.13,L2T,MN_SEDriftless_4_2021,ok,370435,159742,0.0,0.0,1,0.008537,0.017426,5,0.006378,0.012977,9,0.033062,0.074619,13,0.041966,0.097543,29,0.045915,0.102985,81,0.045915,2022-05-16 17:00,2022-05-16 17:07,0.004,data/derived/control_boxes/gen1_2008_control__L2T-1006_Olmsted_VRS.laz,data/derived/control_structure/gen1_2008_control__L2T-1006_Olmsted_VRS.npz,ok,5391,2606,0.0,3.0555
gen1_2008_control,L2T-1018 Olmsted VRS,555043.255,4871945.326,L2T,MN_SEDriftless_4_2021,ok,384849,179145,0.0,0.0,1,0.0,0.0,5,0.0,0.0,9,0.0,0.0,13,0.0,0.0,29,0.001482,0.003157,81,0.001482,2022-05-13 15:16,2022-05-13 15:31,0.01,data/derived/control_boxes/gen1_2008_control__L2T-1018_Olmsted_VRS.laz,data/derived/control_structure/gen1_2008_control__L2T-1018_Olmsted_VRS.npz,ok,5390,3027,0.0,1.8887
gen1_2008_control,L2T-1026 Olmsted VRS,568955.043,4868466.174,L2T,MN_SEDriftless_4_2021,ok,384180,154567,0.0,0.0,1,0.0,0.0,5,0.0,0.0,9,0.0,0.0,13,0.0,0.0,29,0.000684,0.001406,81,0.000684,2022-05-07 18:03,2022-05-07 18:35,0.022,data/derived/control_boxes/gen1_2008_control__L2T-1026_Olmsted_VRS.laz,data/derived/control_structure/gen1_2008_control__L2T-1026_Olmsted_VRS.npz,ok,5447,2505,0.0,0.7293
gen1_2008_control,L2T-1032 Olmsted VRS,566704.63,4860817.929,L2T,MN_SEDriftless_4_2021,ok,494436,169132,0.0,0.0,1,0.0,0.0,5,0.0,0.0,9,0.0,0.0,13,2.9e-05,5.9e-05,29,0.002399,0.005266,81,0.002399,2022-05-06 18:16,2022-05-06 18:49,0.022,data/derived/control_boxes/gen1_2008_control__L2T-1032_Olmsted_VRS.laz,data/derived/control_structure/gen1_2008_control__L2T-1032_Olmsted_VRS.npz,ok,8319,2223,0.0,2.673
gen1_2008_control,L2T-1048 Olmsted VRS,564282.696,4864609.134,L2T,MN_SEDriftless_4_2021,ok,528858,225454,0.0,0.0,1,7.7e-05,0.000155,5,4.3e-05,8.6e-05,9,3e-05,6e-05,13,0.000509,0.001025,29,0.000197,0.000396,81,0.000509,2022-05-07 15:28,2022-05-07 16:02,0.024,data/derived/control_boxes/gen1_2008_control__L2T-1048_Olmsted_VRS.laz,data/derived/control_structure/gen1_2008_control__L2T-1048_Olmsted_VRS.npz,ok,9107,3887,0.0,3.0257
gen1_2008_control,L2T-1062 Olmsted VRS,550152.602,4857405.458,L2T,MN_SEDriftless_4_2021,ok,441658,171588,0.0,0.0,1,0.000868,0.001741,5,0.000845,0.001694,9,0.001154,0.002314,13,0.017175,0.03761,29,0.036113,0.08405,81,0.036113,2022-05-06 16:22,2022-05-06 16:54,0.022,data/derived/control_boxes/gen1_2008_control__L2T-1062_Olmsted_VRS.laz,data/derived/control_structure/gen1_2008_control__L2T-1062_Olmsted_VRS.npz,ok,5569,2383,0.0,1.9506
gen1_2008_control,L2T-1082 Olmsted VRS,536242.362,4856601.967,L2T,MN_SEDriftless_4_2021,ok,478908,142770,0.0,0.0,1,0.0,0.0,5,0.0,0.0,9,0.0,0.0,13,0.0,0.0,29,0.0,0.0,81,0.0,2022-05-06 15:52,2022-05-06 16:25,0.023,data/derived/control_boxes/gen1_2008_control__L2T-1082_Olmsted_VRS.laz,data/derived/control_structure/gen1_2008_control__L2T-1082_Olmsted_VRS.npz,ok,8052,2083,0.0,0.7888
gen1_2008_control,L2T-1090 Olmsted VRS,533841.245,4863898.654,L2T,MN_SEDriftless_4_2021,ok,349823,161826,0.0,0.0,1,0.0,0.0,5,0.0,0.0,9,0.0,0.0,13,0.0,0.0,29,0.0,0.0,81,0.0,2022-05-07 15:11,2022-05-07 15:36,0.017,data/derived/control_boxes/gen1_2008_control__L2T-1090_Olmsted_VRS.laz,data/derived/control_structure/gen1_2008_control__L2T-1090_Olmsted_VRS.npz,ok,5605,2575,0.0,1.7322
gen1_2008_control,L2T-1096 Olmsted VRS,528604.971,4866312.086,L2T,MN_SEDriftless_4_2021,ok,399298,129346,0.0,0.0,1,0.0,0.0,5,0.0,0.0,9,0.0,0.0,13,0.0,0.0,29,0.0,0.0,81,0.0,2022-05-07 16:43,2022-05-07 17:13,0.021,data/derived/control_boxes/gen1_2008_control__L2T-1096_Olmsted_VRS.laz,data/derived/control_structure/gen1_2008_control__L2T-1096_Olmsted_VRS.npz,ok,5655,1670,0.0,2.1604
gen1_2008_control,L2T-1108 Olmsted VRS,535535.294,4867981.682,L2T,MN_SEDriftless_4_2021,ok,397259,187214,0.0,0.0,1,0.000397,0.000794,5,0.00022,0.000441,9,0.00195,0.003923,13,0.002716,0.005469,29,0.003804,0.007769,81,0.003804,2022-05-07 17:48,2022-05-07 18:20,0.023,data/derived/control_boxes/gen1_2008_control__L2T-1108_Olmsted_VRS.laz,data/derived/control_structure/gen1_2008_control__L2T-1108_Olmsted_VRS.npz,ok,5289,3168,0.0,0.7006
gen1_2008_control,L2T-1124 Olmsted VRS,547338.91,4873915.487,L2T,MN_SEDriftless_4_2021,ok,523965,98480,0.0,0.0,1,0.009126,0.018682,5,0.008719,0.017798,9,0.014272,0.029744,13,0.02753,0.060318,29,0.044865,0.099812,81,0.044865,2022-05-13 16:22,2022-05-13 16:57,0.024,data/derived/control_boxes/gen1_2008_control__L2T-1124_Olmsted_VRS.laz,data/derived/control_structure/gen1_2008_control__L2T-1124_Olmsted_VRS.npz,ok,6333,1618,0.0,3.7433
gen1_2008_control,L2T-1132 Olmsted VRS,544288.009,4880043.722,L2T,MN_SEDriftless_4_2021,ok,441070,130241,0.0,0.0,1,0.0,0.0,5,0.0,0.0,9,0.0,0.0,13,0.0,0.0,29,0.000214,0.000429,81,0.000214,2022-05-14 16:37,2022-05-14 17:11,0.024,data/derived/control_boxes/gen1_2008_control__L2T-1132_Olmsted_VRS.laz,data/derived/control_structure/gen1_2008_control__L2T-1132_Olmsted_VRS.npz,ok,5716,2149,0.0,0.7454
gen1_2008_control,L2T-1158 Olmsted VRS,538561.051,4890418.861,L2T,MN_SEDriftless_4_2021,ok,444825,109148,0.0,0.0,1,0.0,0.0,5,0.0,0.0,9,0.000616,0.001237,13,0.000318,0.000638,29,0.000489,0.000991,81,0.000616,2022-05-16 16:45,2022-05-16 17:09,0.017,data/derived/control_boxes/gen1_2008_control__L2T-1158_Olmsted_VRS.laz,data/derived/control_structure/gen1_2008_control__L2T-1158_Olmsted_VRS.npz,ok,6922,1724,0.0,1.7638
gen1_2008_control,L2T-1172 Olmsted VRS,548064.162,4884424.168,L2T,MN_SEDriftless_4_2021,ok,521583,129771,0.1442,0.311436,1,0.051211,0.108552,5,0.038321,0.080599,9,0.03598,0.075889,13,0.054985,0.124676,29,0.11839,0.319121,81,0.10822,2022-05-15 16:24,2022-05-15 16:54,0.021,data/derived/control_boxes/gen1_2008_control__L2T-1172_Olmsted_VRS.laz,data/derived/control_structure/gen1_2008_control__L2T-1172_Olmsted_VRS.npz,ok,6366,2674,0.0,2.3048
gen1_2008_control,L2T-1182 Olmsted VRS,548999.074,4878436.862,L2T,MN_SEDriftless_4_2021,ok,418313,121023,0.0,0.0,1,0.0,0.0,5,0.0,0.0,9,0.0,0.0,13,0.005826,0.012763,29,0.025686,0.061315,81,0.025686,2022-05-14 15:48,2022-05-14 16:05,0.012,data/derived/control_boxes/gen1_2008_control__L2T-1182_Olmsted_VRS.laz,data/derived/control_structure/gen1_2008_control__L2T-1182_Olmsted_VRS.npz,ok,5555,1932,0.0,1.5955
gen1_2008_control,L2T-1194 Olmsted VRS,557803.363,4882495.052,L2T,MN_SEDriftless_4_2021,ok,415977,134704,0.0,0.0,1,0.0,0.0,5,0.0,0.0,9,0.002248,0.004563,13,0.007772,0.016168,29,0.032373,0.079533,81,0.032373,2022-05-15 15:17,2022-05-15 15:49,0.023,data/derived/control_boxes/gen1_2008_control__L2T-1194_Olmsted_VRS.laz,data/derived/control_structure/gen1_2008_control__L2T-1194_Olmsted_VRS.npz,ok,5546,2079,0.0,0.8129
gen1_2008_control,L2T-1202 Olmsted VRS,567713.47,4878598.656,L2T,MN_SEDriftless_4_2021,ok,337061,163137,0.0,0.0,1,0.0,0.0,5,0.0,0.0,9,0.0,0.0,13,0.0,0.0,29,0.0,0.0,81,0.0,2022-05-14 15:43,2022-05-14 16:17,0.023,data/derived/control_boxes/gen1_2008_control__L2T-1202_Olmsted_VRS.laz,data/derived/control_structure/gen1_2008_control__L2T-1202_Olmsted_VRS.npz,ok,5300,2807,0.0,1.2418
gen1_2008_control,L2T-6116 Wabasha RTK,551448.173,4893791.433,L2T,MN_SEDriftless_2_2021,ok,112206,81874,0.0,0.0,1,0.0,0.0,5,0.0,0.0,9,0.0,0.0,13,0.00072,0.001455,29,0.003095,0.006589,81,0.003095,2021-05-01 17:33,2021-05-01 17:33,0.0,data/derived/control_boxes/gen1_2008_control__L2T-6116_Wabasha_RTK.laz,data/derived/control_structure/gen1_2008_control__L2T-6116_Wabasha_RTK.npz,ok,1655,1377,0.0,5.1668
gen1_2008_control,L2T-6122 Wabasha RTK,554528.969,4884204.078,L2T,MN_SEDriftless_2_2021,ok,123067,94686,0.0,0.0,1,0.0,0.0,5,0.0,0.0,9,0.0,0.0,13,0.0,0.0,29,0.0,0.0,81,0.0,2021-05-01 15:18,2021-05-01 15:22,0.003,data/derived/control_boxes/gen1_2008_control__L2T-6122_Wabasha_RTK.laz,data/derived/control_structure/gen1_2008_control__L2T-6122_Wabasha_RTK.npz,ok,1676,1451,0.0,1.1062
gen1_2008_control,L2T-6126 Wabasha RTK,572067.588,4884169.798,L2T,MN_SEDriftless_2_2021,ok,123256,88201,0.0,0.0,1,0.0,0.0,5,0.0,0.0,9,0.010074,0.021595,13,0.027151,0.06074,29,0.018456,0.041153,81,0.027151,2021-05-01 15:14,2021-05-01 15:14,0.0,data/derived/control_boxes/gen1_2008_control__L2T-6126_Wabasha_RTK.laz,data/derived/control_structure/gen1_2008_control__L2T-6126_Wabasha_RTK.npz,ok,1719,1525,0.0,6.0593
gen1_2008_control,L3B-1004 Olmsted VRS,529242.595,4890511.186,L3B,MN_SEDriftless_4_2021,ok,378491,161748,0.142356,0.307132,1,0.102201,0.2168,5,0.112504,0.240854,9,0.111625,0.239483,13,0.111745,0.241123,29,0.095848,0.209817,81,0.046508,2022-05-16 17:00,2022-05-16 17:07,0.004,data/derived/control_boxes/gen1_2008_control__L3B-1004_Olmsted_VRS.laz,data/derived/control_structure/gen1_2008_control__L3B-1004_Olmsted_VRS.npz,ok,6480,2465,0.0,1.6937
gen1_2008_control,L3B-1016 Olmsted VRS,554815.499,4871989.544,L3B,MN_SEDriftless_4_2021,ok,389739,176779,0.0,0.0,1,0.027264,0.058501,5,0.016515,0.035247,9,0.042584,0.104267,13,0.05903,0.139513,29,0.059436,0.139953,81,0.059436,2022-05-13 15:16,2022-05-13 15:50,0.023,data/derived/control_boxes/gen1_2008_control__L3B-1016_Olmsted_VRS.laz,data/derived/control_structure/gen1_2008_control__L3B-1016_Olmsted_VRS.npz,ok,6237,3079,0.0,2.1161
gen1_2008_control,L3B-1030 Olmsted VRS,567720.121,4866408.685,L3B,MN_SEDriftless_4_2021,ok,642166,199520,0.105425,0.222813,1,0.120907,0.260111,5,0.124487,0.268997,9,0.147587,0.331928,13,0.1982,0.486586,29,0.248525,0.714601,81,0.1431,2022-05-07 16:34,2022-05-07 17:30,0.039,data/derived/control_boxes/gen1_2008_control__L3B-1030_Olmsted_VRS.laz,data/derived/control_structure/gen1_2008_control__L3B-1030_Olmsted_VRS.npz,ok,12148,3534,0.0,2.6011
gen1_2008_control,L3B-1040 Olmsted VRS,569177.846,4859674.504,L3B,MN_SEDriftless_4_2021,ok,403909,146884,0.026842,0.054418,1,0.097789,0.20772,5,0.100271,0.2148,9,0.09034,0.193779,13,0.080218,0.174608,29,0.101645,0.2285,81,0.074803,2022-05-06 17:46,2022-05-06 17:52,0.004,data/derived/control_boxes/gen1_2008_control__L3B-1040_Olmsted_VRS.laz,data/derived/control_structure/gen1_2008_control__L3B-1040_Olmsted_VRS.npz,ok,6261,2527,0.0,1.2771
gen1_2008_control,L3B-1046 Olmsted VRS,565114.818,4864827.172,L3B,MN_SEDriftless_4_2021,ok,514639,204047,0.337636,0.823881,1,0.281516,0.663217,5,0.254544,0.596675,9,0.231531,0.542086,13,0.200969,0.467777,29,0.142174,0.330408,81,0.195462,2022-05-07 15:52,2022-05-07 16:02,0.007,data/derived/control_boxes/gen1_2008_control__L3B-1046_Olmsted_VRS.laz,data/derived/control_structure/gen1_2008_control__L3B-1046_Olmsted_VRS.npz,ok,11792,3146,0.0,1.2221
gen1_2008_control,L3B-1050 Olmsted VRS,562278.443,4859465.425,L3B,MN_SEDriftless_4_2021,ok,557149,172410,0.138152,0.297352,1,0.208779,0.473521,5,0.174916,0.393517,9,0.207316,0.497039,13,0.183033,0.4371,29,0.114155,0.263866,81,0.094624,2022-05-06 17:23,2022-05-06 17:54,0.021,data/derived/control_boxes/gen1_2008_control__L3B-1050_Olmsted_VRS.laz,data/derived/control_structure/gen1_2008_control__L3B-1050_Olmsted_VRS.npz,ok,11400,2729,0.0,4.4288
gen1_2008_control,L3B-1060 Olmsted VRS,551363.149,4856942.603,L3B,MN_SEDriftless_4_2021,ok,508098,151448,0.089448,0.187409,1,0.092923,0.196187,5,0.085777,0.180412,9,0.078409,0.164358,13,0.074938,0.157079,29,0.070091,0.147998,81,0.022832,2022-05-06 16:06,2022-05-06 16:38,0.023,data/derived/control_boxes/gen1_2008_control__L3B-1060_Olmsted_VRS.laz,data/derived/control_structure/gen1_2008_control__L3B-1060_Olmsted_VRS.npz,ok,8865,2344,0.0,0.5831
gen1_2008_control,L3B-1074 Olmsted VRS,546149.922,4863528.429,L3B,MN_SEDriftless_4_2021,ok,484079,183393,0.0,0.0,1,0.0,0.0,5,0.0,0.0,9,0.017537,0.039806,13,0.04186,0.095145,29,0.062962,0.14195,81,0.062962,2022-05-07 15:00,2022-05-07 15:33,0.023,data/derived/control_boxes/gen1_2008_control__L3B-1074_Olmsted_VRS.laz,data/derived/control_structure/gen1_2008_control__L3B-1074_Olmsted_VRS.npz,ok,6120,2861,0.0,0.6823
gen1_2008_control,L3B-1080 Olmsted VRS,538820.625,4856768.979,L3B,MN_SEDriftless_4_2021,ok,350617,153205,0.0,0.0,1,0.0,0.0,5,0.002595,0.005252,9,0.001797,0.003636,13,0.00832,0.018215,29,0.009774,0.02169,81,0.009774,2022-05-06 16:03,2022-05-06 16:25,0.016,data/derived/control_boxes/gen1_2008_control__L3B-1080_Olmsted_VRS.laz,data/derived/control_structure/gen1_2008_control__L3B-1080_Olmsted_VRS.npz,ok,5440,2687,0.0,0.7194
gen1_2008_control,L3B-1088 Olmsted VRS,533836.528,4864066.938,L3B,MN_SEDriftless_4_2021,ok,790316,130107,0.20544,0.459934,1,0.171883,0.383494,5,0.168502,0.379479,9,0.15249,0.341878,13,0.13839,0.310918,29,0.136078,0.313399,81,0.069362,2022-05-07 15:11,2022-05-07 15:44,0.023,data/derived/control_boxes/gen1_2008_control__L3B-1088_Olmsted_VRS.laz,data/derived/control_structure/gen1_2008_control__L3B-1088_Olmsted_VRS.npz,ok,15856,1979,0.0,5.9155
gen1_2008_control,L3B-1100 Olmsted VRS,530097.288,4866335.241,L3B,MN_SEDriftless_4_2021,ok,576083,164726,0.0,0.0,1,0.026372,0.054928,5,0.059346,0.130566,9,0.05565,0.120786,13,0.078333,0.174879,29,0.084133,0.186797,81,0.084133,2022-05-07 16:43,2022-05-07 17:40,0.039,data/derived/control_boxes/gen1_2008_control__L3B-1100_Olmsted_VRS.laz,data/derived/control_structure/gen1_2008_control__L3B-1100_Olmsted_VRS.npz,ok,6969,2652,0.0,3.971
gen1_2008_control,L3B-1106 Olmsted VRS,535418.698,4870562.6,L3B,MN_SEDriftless_4_2021,ok,387561,148420,0.0,0.0,1,0.0,0.0,5,0.0,0.0,9,0.0,0.0,13,0.000136,0.000272,29,0.01196,0.027086,81,0.01196,2022-05-10 15:32,2022-05-10 16:05,0.023,data/derived/control_boxes/gen1_2008_control__L3B-1106_Olmsted_VRS.laz,data/derived/control_structure/gen1_2008_control__L3B-1106_Olmsted_VRS.npz,ok,5377,2296,0.0,2.8412
gen1_2008_control,L3B-1118 Olmsted VRS,550617.837,4871244.279,L3B,MN_SEDriftless_4_2021,ok,604743,133073,0.110292,0.233724,1,0.135994,0.306998,5,0.152042,0.357281,9,0.138905,0.322606,13,0.136873,0.321056,29,0.101983,0.242517,81,0.050059,2022-05-10 15:52,2022-05-13 15:16,2.974,data/derived/control_boxes/gen1_2008_control__L3B-1118_Olmsted_VRS.laz,data/derived/control_structure/gen1_2008_control__L3B-1118_Olmsted_VRS.npz,ok,12542,2358,0.0,1.3768
gen1_2008_control,L3B-1122 Olmsted VRS,547333.596,4874314.303,L3B,MN_SEDriftless_4_2021,ok,615888,115716,0.282127,0.662926,1,0.304703,0.73238,5,0.290032,0.697527,9,0.277604,0.671481,13,0.247484,0.597887,29,0.222388,0.546614,81,0.082315,2022-05-13 16:40,2022-05-13 16:57,0.011,data/derived/control_boxes/gen1_2008_control__L3B-1122_Olmsted_VRS.laz,data/derived/control_structure/gen1_2008_control__L3B-1122_Olmsted_VRS.npz,ok,10993,1837,0.0,6.6839
gen1_2008_control,L3B-1138 Olmsted VRS,543307.574,4880841.886,L3B,MN_SEDriftless_4_2021,ok,420524,75264,0.0,0.0,1,0.068524,0.165088,5,0.140453,0.366796,9,0.15394,0.459496,13,0.205645,0.648241,29,0.266675,0.949205,81,0.266675,2022-05-14 17:11,2022-05-14 17:31,0.014,data/derived/control_boxes/gen1_2008_control__L3B-1138_Olmsted_VRS.laz,data/derived/control_structure/gen1_2008_control__L3B-1138_Olmsted_VRS.npz,ok,5490,1500,0.0,2.7966
gen1_2008_control,L3B-1140 Olmsted VRS,533775.896,4882413.076,L3B,MN_SEDriftless_4_2021,ok,424830,172459,0.383894,0.968673,1,0.436702,1.157627,5,0.466789,1.285333,9,0.40987,1.118681,13,0.321069,0.880481,29,0.183655,0.486601,81,0.283134,2022-05-15 15:22,2022-05-15 15:31,0.006,data/derived/control_boxes/gen1_2008_control__L3B-1140_Olmsted_VRS.laz,data/derived/control_structure/gen1_2008_control__L3B-1140_Olmsted_VRS.npz,ok,12215,1118,0.0,2.6409
gen1_2008_control,L3B-1154 Olmsted VRS,536694.754,4891745.779,L3B,MN_SEDriftless_4_2021,ok,458977,138344,0.002736,0.005479,1,0.024196,0.049856,5,0.015453,0.031738,9,0.01257,0.025758,13,0.012725,0.026044,29,0.010924,0.0223,81,0.02146,2022-05-16 17:21,2022-05-19 15:08,2.908,data/derived/control_boxes/gen1_2008_control__L3B-1154_Olmsted_VRS.laz,data/derived/control_structure/gen1_2008_control__L3B-1154_Olmsted_VRS.npz,ok,5294,2507,0.0,5.1816
gen1_2008_control,L3B-1170 Olmsted VRS,549647.429,4886764.009,L3B,MN_SEDriftless_4_2021,ok,439963,104861,0.38491,0.971973,1,0.419987,1.154599,5,0.489247,1.458923,9,0.43255,1.243613,13,0.415908,1.20094,29,0.371296,1.118589,81,0.117951,2022-05-16 15:22,2022-05-16 15:38,0.012,data/derived/control_boxes/gen1_2008_control__L3B-1170_Olmsted_VRS.laz,data/derived/control_structure/gen1_2008_control__L3B-1170_Olmsted_VRS.npz,ok,9192,843,0.0,7.1792
gen1_2008_control,L3B-1174 Olmsted VRS,545839.425,4874993.291,L3B,MN_SEDriftless_4_2021,ok,670468,211795,0.137032,0.294755,1,0.088685,0.190444,5,0.050608,0.108495,9,0.043288,0.092109,13,0.024895,0.05324,29,0.059619,0.138975,81,0.112137,2022-05-13 16:56,2022-05-13 17:30,0.023,data/derived/control_boxes/gen1_2008_control__L3B-1174_Olmsted_VRS.laz,data/derived/control_structure/gen1_2008_control__L3B-1174_Olmsted_VRS.npz,ok,8662,3179,0.0,0.2505
gen1_2008_control,L3B-1192 Olmsted VRS,558563.822,4881715.805,L3B,MN_SEDriftless_4_2021,ok,584840,104493,0.181378,0.400265,1,0.26634,0.626304,5,0.281039,0.672924,9,0.263645,0.626904,13,0.223175,0.521472,29,0.188982,0.43746,81,0.099661,2022-05-14 17:27,2022-05-15 15:17,0.909,data/derived/control_boxes/gen1_2008_control__L3B-1192_Olmsted_VRS.laz,data/derived/control_structure/gen1_2008_control__L3B-1192_Olmsted_VRS.npz,ok,10006,1415,0.0,10.408
gen1_2008_control,L3B-1198 Olmsted VRS,567721.724,4879853.24,L3B,MN_SEDriftless_4_2021,ok,456643,103926,0.140901,0.303742,1,0.130942,0.29075,5,0.105272,0.230667,9,0.132525,0.303739,13,0.113043,0.257143,29,0.081868,0.182499,81,0.059033,2022-05-14 16:42,2022-05-14 16:51,0.006,data/derived/control_boxes/gen1_2008_control__L3B-1198_Olmsted_VRS.laz,data/derived/control_structure/gen1_2008_control__L3B-1198_Olmsted_VRS.npz,ok,7468,1504,0.0,6.1382
gen1_2008_control,L3B-6117 Wabasha RTK,551456.94,4895282.458,L3B,MN_SEDriftless_2_2021,ok,191911,97726,0.07033,0.145852,1,0.059549,0.124123,5,0.067734,0.144469,9,0.064721,0.137983,13,0.044721,0.097049,29,0.035197,0.078584,81,0.035133,2021-05-01 17:44,2021-05-01 18:07,0.016,data/derived/control_boxes/gen1_2008_control__L3B-6117_Wabasha_RTK.laz,data/derived/control_structure/gen1_2008_control__L3B-6117_Wabasha_RTK.npz,ok,3900,1327,0.0,3.239
gen1_2008_control,L3B-6120 Wabasha RTK,555564.876,4884045.058,L3B,MN_SEDriftless_2_2021,ok,157047,59283,0.238322,0.544464,1,0.171304,0.379346,5,0.185122,0.418617,9,0.163934,0.367756,13,0.145066,0.324569,29,0.160775,0.366941,81,0.093256,2021-05-01 15:17,2021-05-01 15:18,0.0,data/derived/control_boxes/gen1_2008_control__L3B-6120_Wabasha_RTK.laz,data/derived/control_structure/gen1_2008_control__L3B-6120_Wabasha_RTK.npz,ok,2683,641,0.0,2.2451
gen1_2008_control,L4F-1020 Olmsted VRS,554868.727,4871602.03,L4F,MN_SEDriftless_4_2021,ok,638804,118941,0.139433,0.300328,1,0.184887,0.430106,5,0.18219,0.436146,9,0.202618,0.486416,13,0.205339,0.495367,29,0.184784,0.441083,81,0.065906,2022-05-10 16:10,2022-05-13 15:31,2.973,data/derived/control_boxes/gen1_2008_control__L4F-1020_Olmsted_VRS.laz,data/derived/control_structure/gen1_2008_control__L4F-1020_Olmsted_VRS.npz,ok,14567,1973,0.0,1.718
gen1_2008_control,L4F-1028 Olmsted VRS,566494.895,4868105.797,L4F,MN_SEDriftless_4_2021,ok,523622,176702,0.317783,0.764814,1,0.27484,0.660833,5,0.276175,0.661668,9,0.267117,0.634891,13,0.230796,0.544571,29,0.211046,0.493021,81,0.106737,2022-05-07 18:03,2022-05-07 18:28,0.017,data/derived/control_boxes/gen1_2008_control__L4F-1028_Olmsted_VRS.laz,data/derived/control_structure/gen1_2008_control__L4F-1028_Olmsted_VRS.npz,ok,11836,2848,0.0,4.9619
gen1_2008_control,L4F-1038 Olmsted VRS,566826.985,4855716.975,L4F,MN_SEDriftless_4_2021,ok,523027,206714,0.031134,0.063257,1,0.12791,0.280601,5,0.109351,0.237901,9,0.126382,0.279395,13,0.105158,0.232023,29,0.097626,0.217164,81,0.096776,2022-05-06 15:12,2022-05-06 15:45,0.023,data/derived/control_boxes/gen1_2008_control__L4F-1038_Olmsted_VRS.laz,data/derived/control_structure/gen1_2008_control__L4F-1038_Olmsted_VRS.npz,ok,7204,3510,0.0,3.9577
gen1_2008_control,L4F-1054 Olmsted VRS,559520.409,4859229.684,L4F,MN_SEDriftless_4_2021,ok,455163,152801,0.150688,0.326656,1,0.134443,0.29509,5,0.119813,0.266446,9,0.110982,0.24652,13,0.113514,0.256278,29,0.127503,0.29167,81,0.039706,2022-05-06 17:24,2022-05-06 17:44,0.014,data/derived/control_boxes/gen1_2008_control__L4F-1054_Olmsted_VRS.laz,data/derived/control_structure/gen1_2008_control__L4F-1054_Olmsted_VRS.npz,ok,6556,2030,0.0,1.995
gen1_2008_control,L4F-1058 Olmsted VRS,557007.047,4856860.763,L4F,MN_SEDriftless_4_2021,ok,417742,151087,0.175518,0.386,1,0.120455,0.26215,5,0.109554,0.240312,9,0.132796,0.298724,13,0.114471,0.256435,29,0.101563,0.228276,81,0.073955,2022-05-06 16:07,2022-05-06 16:21,0.009,data/derived/control_boxes/gen1_2008_control__L4F-1058_Olmsted_VRS.laz,data/derived/control_structure/gen1_2008_control__L4F-1058_Olmsted_VRS.npz,ok,6786,2488,0.0,6.479
gen1_2008_control,L4F-1066 Olmsted VRS,550352.9,4858411.334,L4F,MN_SEDriftless_4_2021,ok,675233,131169,0.116594,0.247942,1,0.187849,0.437273,5,0.185658,0.442086,9,0.191269,0.453198,13,0.179412,0.426027,29,0.151178,0.35569,81,0.074675,2022-05-06 16:54,2022-05-06 17:26,0.022,data/derived/control_boxes/gen1_2008_control__L4F-1066_Olmsted_VRS.laz,data/derived/control_structure/gen1_2008_control__L4F-1066_Olmsted_VRS.npz,ok,12918,2257,0.0,0.3173
gen1_2008_control,L4F-1070 Olmsted VRS,551505.179,4861318.491,L4F,MN_SEDriftless_4_2021,ok,611139,135745,0.02616,0.053017,1,0.105743,0.231615,5,0.122001,0.278167,9,0.136982,0.315895,13,0.131549,0.304582,29,0.10329,0.24041,81,0.110822,2022-05-06 18:28,2022-05-06 19:00,0.022,data/derived/control_boxes/gen1_2008_control__L4F-1070_Olmsted_VRS.laz,data/derived/control_structure/gen1_2008_control__L4F-1070_Olmsted_VRS.npz,ok,12742,2074,0.0,3.3124
gen1_2008_control,L4F-1084 Olmsted VRS,536889.526,4855967.092,L4F,MN_SEDriftless_4_2021,ok,622871,118256,0.0,0.0,1,0.044839,0.09426,5,0.087277,0.192879,9,0.106435,0.240611,13,0.151713,0.35475,29,0.187406,0.438626,81,0.187406,2022-05-06 15:29,2022-05-06 16:02,0.023,data/derived/control_boxes/gen1_2008_control__L4F-1084_Olmsted_VRS.laz,data/derived/control_structure/gen1_2008_control__L4F-1084_Olmsted_VRS.npz,ok,6306,2111,0.0,0.2803
gen1_2008_control,L4F-1098 Olmsted VRS,529631.41,4866361.109,L4F,MN_SEDriftless_4_2021,ok,576698,190198,0.248622,0.571694,1,0.233388,0.543817,5,0.194445,0.447686,9,0.191894,0.442955,13,0.167113,0.382769,29,0.151199,0.345961,81,0.097423,2022-05-07 16:43,2022-05-07 17:40,0.039,data/derived/control_boxes/gen1_2008_control__L4F-1098_Olmsted_VRS.laz,data/derived/control_structure/gen1_2008_control__L4F-1098_Olmsted_VRS.npz,ok,9432,2683,0.0,19.4111
gen1_2008_control,L4F-1110 Olmsted VRS,541828.92,4867720.093,L4F,MN_SEDriftless_4_2021,ok,450955,155527,0.295254,0.699836,1,0.244469,0.570515,5,0.250149,0.596666,9,0.218338,0.516773,13,0.184681,0.430419,29,0.174477,0.409308,81,0.120777,2022-05-07 17:49,2022-05-07 18:22,0.023,data/derived/control_boxes/gen1_2008_control__L4F-1110_Olmsted_VRS.laz,data/derived/control_structure/gen1_2008_control__L4F-1110_Olmsted_VRS.npz,ok,9437,2553,0.0,0.6238
gen1_2008_control,L4F-1116 Olmsted VRS,553050.97,4869665.393,L4F,MN_SEDriftless_4_2021,ok,601911,145571,0.204491,0.457547,1,0.20014,0.484595,5,0.186134,0.452247,9,0.177399,0.431556,13,0.140326,0.338759,29,0.106975,0.255974,81,0.097516,2022-05-07 18:57,2022-05-10 15:36,2.861,data/derived/control_boxes/gen1_2008_control__L4F-1116_Olmsted_VRS.laz,data/derived/control_structure/gen1_2008_control__L4F-1116_Olmsted_VRS.npz,ok,11496,2416,0.0,4.4894
gen1_2008_control,L4F-1136 Olmsted VRS,542573.479,4880824.118,L4F,MN_SEDriftless_4_2021,ok,347420,113068,0.0,0.0,1,0.0,0.0,5,0.0,0.0,9,0.005537,0.011492,13,0.016249,0.033851,29,0.023285,0.048618,81,0.023285,2022-05-14 17:11,2022-05-14 17:31,0.014,data/derived/control_boxes/gen1_2008_control__L4F-1136_Olmsted_VRS.laz,data/derived/control_structure/gen1_2008_control__L4F-1136_Olmsted_VRS.npz,ok,5060,2193,0.0,0.9626
gen1_2008_control,L4F-1142 Olmsted VRS,532936.595,4882194.208,L4F,MN_SEDriftless_4_2021,ok,522995,145637,0.258565,0.598335,1,0.296309,0.735021,5,0.29133,0.736157,9,0.262978,0.666771,13,0.211472,0.532028,29,0.1676,0.423287,81,0.128709,2022-05-15 14:58,2022-05-15 15:31,0.023,data/derived/control_boxes/gen1_2008_control__L4F-1142_Olmsted_VRS.laz,data/derived/control_structure/gen1_2008_control__L4F-1142_Olmsted_VRS.npz,ok,11110,2007,0.0,4.5373
gen1_2008_control,L4F-1150 Olmsted VRS,531684.122,4889461.056,L4F,MN_SEDriftless_4_2021,ok,562241,115640,0.0,0.0,1,0.014787,0.030547,5,0.012359,0.025331,9,0.030518,0.06826,13,0.049074,0.112214,29,0.069197,0.163005,81,0.069197,2022-05-16 16:20,2022-05-16 16:44,0.016,data/derived/control_boxes/gen1_2008_control__L4F-1150_Olmsted_VRS.laz,data/derived/control_structure/gen1_2008_control__L4F-1150_Olmsted_VRS.npz,ok,5308,2441,0.0,3.6099
gen1_2008_control,L4F-1160 Olmsted VRS,541268.621,4890588.403,L4F,MN_SEDriftless_4_2021,ok,502566,106796,0.145585,0.314678,1,0.295633,0.784961,5,0.281868,0.771408,9,0.309257,0.850489,13,0.301021,0.847517,29,0.276039,0.76851,81,0.163672,2022-05-16 16:58,2022-05-16 17:10,0.009,data/derived/control_boxes/gen1_2008_control__L4F-1160_Olmsted_VRS.laz,data/derived/control_structure/gen1_2008_control__L4F-1160_Olmsted_VRS.npz,ok,9489,1505,0.0,6.3019
gen1_2008_control,L4F-1166 Olmsted VRS,552915.751,4884266.127,L4F,MN_SEDriftless_4_2021,ok,396016,125852,0.181125,0.399647,1,0.135999,0.298446,5,0.124431,0.276809,9,0.117651,0.26057,13,0.110336,0.248759,29,0.082992,0.185699,81,0.098133,2022-05-15 16:22,2022-05-15 16:40,0.012,data/derived/control_boxes/gen1_2008_control__L4F-1166_Olmsted_VRS.laz,data/derived/control_structure/gen1_2008_control__L4F-1166_Olmsted_VRS.npz,ok,6780,1638,0.0,3.2769
gen1_2008_control,L4F-1184 Olmsted VRS,549537.269,4880035.028,L4F,MN_SEDriftless_4_2021,ok,558675,122496,0.080519,0.167892,1,0.186888,0.437286,5,0.192108,0.46301,9,0.188044,0.449153,13,0.156604,0.374063,29,0.121113,0.290087,81,0.111589,2022-05-14 16:38,2022-05-14 16:55,0.012,data/derived/control_boxes/gen1_2008_control__L4F-1184_Olmsted_VRS.laz,data/derived/control_structure/gen1_2008_control__L4F-1184_Olmsted_VRS.npz,ok,9855,1925,0.0,4.4514
gen1_2008_control,L4F-1188 Olmsted VRS,559353.84,4876082.686,L4F,MN_SEDriftless_4_2021,ok,477879,177514,0.237788,0.543061,1,0.236974,0.568394,5,0.216975,0.531284,9,0.213456,0.517587,13,0.190441,0.467041,29,0.165232,0.413236,81,0.072556,2022-05-13 17:46,2022-05-13 18:08,0.016,data/derived/control_boxes/gen1_2008_control__L4F-1188_Olmsted_VRS.laz,data/derived/control_structure/gen1_2008_control__L4F-1188_Olmsted_VRS.npz,ok,10437,2908,0.0,2.9091
gen1_2008_control,L4F-1200 Olmsted VRS,568073.135,4878543.917,L4F,MN_SEDriftless_4_2021,ok,538672,133062,0.174195,0.382793,1,0.264117,0.646885,5,0.252626,0.625837,9,0.247996,0.621993,13,0.239511,0.611692,29,0.207399,0.532882,81,0.089922,2022-05-14 15:43,2022-05-14 16:10,0.018,data/derived/control_boxes/gen1_2008_control__L4F-1200_Olmsted_VRS.laz,data/derived/control_structure/gen1_2008_control__L4F-1200_Olmsted_VRS.npz,ok,9778,1789,0.0,7.9477
gen1_2008_control,L4F-6111 Wabasha RTK,551503.597,4893713.179,L4F,MN_SEDriftless_2_2021,ok,166590,61057,0.234868,0.535414,1,0.218549,0.495286,5,0.230468,0.527747,9,0.237782,0.547257,13,0.239758,0.552847,29,0.221679,0.514875,81,0.021209,2021-05-01 17:33,2021-05-01 17:33,0.0,data/derived/control_boxes/gen1_2008_control__L4F-6111_Wabasha_RTK.laz,data/derived/control_structure/gen1_2008_control__L4F-6111_Wabasha_RTK.npz,ok,2712,827,0.0,14.5767
gen1_2008_control,L4F-6121 Wabasha RTK,555274.341,4884087.357,L4F,MN_SEDriftless_2_2021,ok,166655,64775,0.42265,1.098612,1,0.356845,0.905951,5,0.295451,0.729819,9,0.286396,0.707464,13,0.246597,0.60669,29,0.217121,0.540967,81,0.205529,2021-05-01 15:17,2021-05-01 15:18,0.0,data/derived/control_boxes/gen1_2008_control__L4F-6121_Wabasha_RTK.laz,data/derived/control_structure/gen1_2008_control__L4F-6121_Wabasha_RTK.npz,ok,3566,768,0.0,6.6167
gen1_2008_control,L4F-6127 Wabasha RTK,572073.179,4884119.395,L4F,MN_SEDriftless_2_2021,ok,163896,74372,0.387177,0.979358,1,0.382893,0.967218,5,0.355475,0.883275,9,0.35605,0.884784,13,0.342214,0.848575,29,0.271267,0.668726,81,0.11591,2021-05-01 15:14,2021-05-01 15:14,0.0,data/derived/control_boxes/gen1_2008_control__L4F-6127_Wabasha_RTK.laz,data/derived/control_structure/gen1_2008_control__L4F-6127_Wabasha_RTK.npz,ok,4553,846,0.0,6.5047
gen1_2008_control,L4F-6145 Wabasha RTK,536590.043,4896035.15,L4F,MN_SEDriftless_2_2021,ok,286317,106699,0.0,0.0,1,0.023988,0.051105,5,0.025119,0.053325,9,0.037757,0.084235,13,0.072656,0.170352,29,0.108384,0.258202,81,0.108384,2021-05-01 18:10,2021-05-01 18:15,0.004,data/derived/control_boxes/gen1_2008_control__L4F-6145_Wabasha_RTK.laz,data/derived/control_structure/gen1_2008_control__L4F-6145_Wabasha_RTK.npz,ok,3413,2019,0.0,4.9158
gen1_2008_control,L5U-1012 Olmsted VRS,561687.103,4870811.017,L5U,MN_SEDriftless_4_2021,ok,363698,70569,0.0,0.0,1,0.001482,0.002975,5,0.000823,0.001653,9,0.004146,0.008458,13,0.019442,0.043705,29,0.12389,0.452774,81,0.12389,2022-05-10 15:39,2022-05-10 16:11,0.023,data/derived/control_boxes/gen1_2008_control__L5U-1012_Olmsted_VRS.laz,data/derived/control_structure/gen1_2008_control__L5U-1012_Olmsted_VRS.npz,ok,5121,1304,0.0,1.5114
gen1_2008_control,L5U-1022 Olmsted VRS,569133.415,4869515.845,L5U,MN_SEDriftless_4_2021,ok,359138,86187,0.0,0.0,1,0.0,0.0,5,0.0,0.0,9,0.010319,0.022161,13,0.069365,0.264772,29,0.201581,0.788769,81,0.201581,2022-05-07 19:01,2022-05-07 19:08,0.005,data/derived/control_boxes/gen1_2008_control__L5U-1022_Olmsted_VRS.laz,data/derived/control_structure/gen1_2008_control__L5U-1022_Olmsted_VRS.npz,ok,5405,2023,0.0,0.9759
gen1_2008_control,L5U-1056 Olmsted VRS,564821.825,4855678.021,L5U,MN_SEDriftless_3_2021,no points in the EPT box,,,,,,,,,,,,,,,,,,,,,,,,,,,,,,,
gen1_2008_control,L5U-1064 Olmsted VRS,549454.612,4857553.342,L5U,MN_SEDriftless_4_2021,ok,516603,149878,0.0,0.0,1,0.0,0.0,5,0.0,0.0,9,0.009053,0.019264,13,0.04663,0.146795,29,0.069766,0.200657,81,0.069766,2022-05-06 16:22,2022-05-06 16:54,0.022,data/derived/control_boxes/gen1_2008_control__L5U-1064_Olmsted_VRS.laz,data/derived/control_structure/gen1_2008_control__L5U-1064_Olmsted_VRS.npz,ok,8359,2628,0.0,0.5992
gen1_2008_control,L5U-1072 Olmsted VRS,547372.634,4863591.753,L5U,MN_SEDriftless_4_2021,ok,590188,97783,0.012112,0.024372,1,0.002422,0.004874,5,0.001346,0.002708,9,0.000932,0.001875,13,0.012157,0.027208,29,0.091123,0.297296,81,0.090191,2022-05-07 14:59,2022-05-07 15:32,0.023,data/derived/control_boxes/gen1_2008_control__L5U-1072_Olmsted_VRS.laz,data/derived/control_structure/gen1_2008_control__L5U-1072_Olmsted_VRS.npz,ok,8615,1620,0.0,3.7194
gen1_2008_control,L5U-1076 Olmsted VRS,541076.076,4856009.764,L5U,MN_SEDriftless_4_2021,ok,474621,78032,0.0,0.0,1,0.038684,0.081488,5,0.063974,0.13497,9,0.108246,0.351954,13,0.303326,1.495451,29,0.274696,1.22767,81,0.303326,2022-05-06 15:30,2022-05-06 16:03,0.023,data/derived/control_boxes/gen1_2008_control__L5U-1076_Olmsted_VRS.laz,data/derived/control_structure/gen1_2008_control__L5U-1076_Olmsted_VRS.npz,ok,8050,1691,0.0,0.528
gen1_2008_control,L5U-1086 Olmsted VRS,528914.378,4863109.476,L5U,MN_SEDriftless_4_2021,ok,542007,171483,0.0,0.0,1,0.018112,0.037971,5,0.024961,0.053089,9,0.046754,0.110849,13,0.075007,0.229077,29,0.104685,0.385537,81,0.104685,2022-05-06 19:37,2022-05-07 15:10,0.814,data/derived/control_boxes/gen1_2008_control__L5U-1086_Olmsted_VRS.laz,data/derived/control_structure/gen1_2008_control__L5U-1086_Olmsted_VRS.npz,ok,8623,2926,0.0,1.6659
gen1_2008_control,L5U-1102 Olmsted VRS,531509.193,4870378.437,L5U,MN_SEDriftless_4_2021,ok,370163,142990,0.010873,0.021866,1,0.00334,0.006707,5,0.002431,0.004878,9,0.004348,0.008803,13,0.019767,0.043673,29,0.075721,0.224729,81,0.07329,2022-05-10 15:31,2022-05-10 15:57,0.018,data/derived/control_boxes/gen1_2008_control__L5U-1102_Olmsted_VRS.laz,data/derived/control_structure/gen1_2008_control__L5U-1102_Olmsted_VRS.npz,ok,5447,2772,0.0,1.7423
gen1_2008_control,L5U-1114 Olmsted VRS,542963.749,4867079.322,L5U,MN_SEDriftless_4_2021,ok,321789,138841,0.0,0.0,1,0.0,0.0,5,0.0,0.0,9,0.0,0.0,13,4.8e-05,9.5e-05,29,0.00232,0.004815,81,0.00232,2022-05-07 17:36,2022-05-07 17:50,0.009,data/derived/control_boxes/gen1_2008_control__L5U-1114_Olmsted_VRS.laz,data/derived/control_structure/gen1_2008_control__L5U-1114_Olmsted_VRS.npz,ok,4790,2075,0.0,0.8658
gen1_2008_control,L5U-1126 Olmsted VRS,545014.449,4873001.006,L5U,MN_SEDriftless_4_2021,ok,476860,132289,0.0,0.0,1,0.001088,0.00218,5,0.001982,0.003984,9,0.00424,0.00857,13,0.00387,0.007844,29,0.002944,0.005977,81,0.00424,2022-05-13 15:48,2022-05-13 16:22,0.024,data/derived/control_boxes/gen1_2008_control__L5U-1126_Olmsted_VRS.laz,data/derived/control_structure/gen1_2008_control__L5U-1126_Olmsted_VRS.npz,ok,7383,2956,0.0,0.58
gen1_2008_control,L5U-1130 Olmsted VRS,543057.039,4875287.475,L5U,MN_SEDriftless_4_2021,ok,361382,131752,0.0,0.0,1,0.007307,0.014888,5,0.015635,0.032542,9,0.029265,0.064166,13,0.048911,0.140441,29,0.096427,0.324795,81,0.096427,2022-05-13 17:15,2022-05-13 17:50,0.024,data/derived/control_boxes/gen1_2008_control__L5U-1130_Olmsted_VRS.laz,data/derived/control_structure/gen1_2008_control__L5U-1130_Olmsted_VRS.npz,ok,4784,2585,0.0,0.582
gen1_2008_control,L5U-1146 Olmsted VRS,528412.015,4875526.231,L5U,MN_SEDriftless_4_2021,ok,424364,68784,0.0,0.0,1,0.017181,0.035929,5,0.018502,0.038448,9,0.078462,0.315333,13,0.132176,0.504274,29,0.14641,0.5005,81,0.14641,2022-05-13 17:19,2022-05-13 17:54,0.024,data/derived/control_boxes/gen1_2008_control__L5U-1146_Olmsted_VRS.laz,data/derived/control_structure/gen1_2008_control__L5U-1146_Olmsted_VRS.npz,ok,5692,1328,0.0,0.7464
gen1_2008_control,L5U-1148 Olmsted VRS,528319.242,4893394.148,L5U,MN_SEDriftless_4_2021,ok,519361,53331,0.0,0.0,1,0.033586,0.070867,5,0.042767,0.091389,9,0.085978,0.203859,13,0.090771,0.218808,29,0.122608,0.33288,81,0.122608,2022-05-19 15:23,2022-05-19 15:45,0.015,data/derived/control_boxes/gen1_2008_control__L5U-1148_Olmsted_VRS.laz,data/derived/control_structure/gen1_2008_control__L5U-1148_Olmsted_VRS.npz,ok,8667,1045,0.0,0.6226
gen1_2008_control,L5U-1156 Olmsted VRS,537140.129,4890439.25,L5U,MN_SEDriftless_4_2021,ok,503546,87449,0.0,0.0,1,0.019899,0.041919,5,0.061576,0.158045,9,0.056202,0.139282,13,0.052429,0.130415,29,0.117766,0.327943,81,0.117766,2022-05-16 16:45,2022-05-16 17:09,0.017,data/derived/control_boxes/gen1_2008_control__L5U-1156_Olmsted_VRS.laz,data/derived/control_structure/gen1_2008_control__L5U-1156_Olmsted_VRS.npz,ok,5206,1578,0.0,0.3683
gen1_2008_control,L5U-1164 Olmsted VRS,552849.037,4890501.32,L5U,MN_SEDriftless_4_2021,ok,445316,131079,0.0,0.0,1,0.0,0.0,5,0.0,0.0,9,0.000138,0.000276,13,0.008722,0.017961,29,0.035133,0.090196,81,0.035133,2022-05-16 16:55,2022-05-16 17:12,0.012,data/derived/control_boxes/gen1_2008_control__L5U-1164_Olmsted_VRS.laz,data/derived/control_structure/gen1_2008_control__L5U-1164_Olmsted_VRS.npz,ok,5851,2242,0.0,1.1319
gen1_2008_control,L5U-1178 Olmsted VRS,545554.432,4874545.121,L5U,MN_SEDriftless_4_2021,ok,602278,166879,0.0,0.0,1,0.0,0.0,5,4.9e-05,9.7e-05,9,0.009955,0.021312,13,0.036395,0.089937,29,0.038377,0.092484,81,0.038377,2022-05-13 16:41,2022-05-13 17:15,0.024,data/derived/control_boxes/gen1_2008_control__L5U-1178_Olmsted_VRS.laz,data/derived/control_structure/gen1_2008_control__L5U-1178_Olmsted_VRS.npz,ok,7990,2744,0.0,0.6584
gen1_2008_control,L5U-1180 Olmsted VRS,543373.55,4871384.611,L5U,MN_SEDriftless_4_2021,ok,306952,96950,0.007687,0.015432,1,0.009476,0.019152,5,0.009736,0.019769,9,0.010178,0.02072,13,0.048282,0.14192,29,0.139119,0.430598,81,0.131432,2022-05-10 16:07,2022-05-13 15:14,2.963,data/derived/control_boxes/gen1_2008_control__L5U-1180_Olmsted_VRS.laz,data/derived/control_structure/gen1_2008_control__L5U-1180_Olmsted_VRS.npz,ok,4934,1810,0.0,0.6428
gen1_2008_control,L5U-1190 Olmsted VRS,558714.696,4879207.521,L5U,MN_SEDriftless_4_2021,ok,667097,98047,0.230256,0.523395,1,0.181312,0.440554,5,0.162099,0.397175,9,0.14337,0.349436,13,0.120638,0.28925,29,0.113686,0.317533,81,0.11657,2022-05-14 16:07,2022-05-14 16:40,0.023,data/derived/control_boxes/gen1_2008_control__L5U-1190_Olmsted_VRS.laz,data/derived/control_structure/gen1_2008_control__L5U-1190_Olmsted_VRS.npz,ok,10892,1400,0.0,1.4381
gen1_2008_control,L1O-4001-Steele RTK,491379.226,4865430.973,L1O,MN_SEDriftless_1_2021,ok,147434,98515,0.0,0.0,1,0.0,0.0,5,0.0,0.0,9,0.001903,0.003854,13,0.000853,0.001728,29,0.000305,0.000619,81,0.001903,2021-05-08 15:26,2021-05-08 15:45,0.013,data/derived/control_boxes/gen1_2008_control__L1O-4001-Steele_RTK.laz,data/derived/control_structure/gen1_2008_control__L1O-4001-Steele_RTK.npz,ok,2923,1545,0.0,0.8071
gen1_2008_control,L1O-4005-Steele RTK,491372.317,4870366.714,L1O,MN_SEDriftless_1_2021,ok,386262,87832,0.0,0.0,1,0.022512,0.047767,5,0.032967,0.071763,9,0.049253,0.114446,13,0.084644,0.198881,29,0.164686,0.411101,81,0.164686,2021-05-08 14:07,2021-05-08 14:22,0.01,data/derived/control_boxes/gen1_2008_control__L1O-4005-Steele_RTK.laz,data/derived/control_structure/gen1_2008_control__L1O-4005-Steele_RTK.npz,ok,3260,1947,0.0,5.323
gen1_2008_control,L1O-4009-Steele RTK,481882.19,4878250.461,L1O,MN_SEDriftless_1_2021,ok,239749,74008,0.0,0.0,1,0.051542,0.119206,5,0.065892,0.147889,9,0.096083,0.266581,13,0.145799,0.424808,29,0.145581,0.41397,81,0.145799,2021-06-05 18:53,2021-06-05 19:09,0.011,data/derived/control_boxes/gen1_2008_control__L1O-4009-Steele_RTK.laz,data/derived/control_structure/gen1_2008_control__L1O-4009-Steele_RTK.npz,ok,3134,1707,0.0,7.4112
gen1_2008_control,L1O-4010-Steele RTK,481882.143,4878157.712,L1O,MN_SEDriftless_1_2021,ok,147923,56431,0.0,0.0,1,0.045989,0.104518,5,0.071898,0.171669,9,0.09845,0.272965,13,0.143652,0.410571,29,0.182787,0.5264,81,0.182787,2021-06-05 19:09,2021-06-05 19:09,0.0,data/derived/control_boxes/gen1_2008_control__L1O-4010-Steele_RTK.laz,data/derived/control_structure/gen1_2008_control__L1O-4010-Steele_RTK.npz,ok,1722,1298,0.0,7.0805
gen1_2008_control,L1O-4012-Steele RTK,484865.026,4878656.622,L1O,MN_SEDriftless_1_2021,ok,140946,82018,0.0,0.0,1,0.0,0.0,5,0.0,0.0,9,0.0,0.0,13,0.0,0.0,29,0.0,0.0,81,0.0,2021-06-05 18:53,2021-06-05 19:10,0.012,data/derived/control_boxes/gen1_2008_control__L1O-4012-Steele_RTK.laz,data/derived/control_structure/gen1_2008_control__L1O-4012-Steele_RTK.npz,ok,1912,1165,0.0,0.3782
gen1_2008_control,L1O-4014-Steele RTK,489199.832,4881258.239,L1O,MN_SEDriftless_1_2021,ok,220658,121270,0.0,0.0,1,0.0,0.0,5,0.0,0.0,9,0.0,0.0,13,0.0,0.0,29,0.0,0.0,81,0.0,2021-06-05 17:50,2021-06-05 18:11,0.015,data/derived/control_boxes/gen1_2008_control__L1O-4014-Steele_RTK.laz,data/derived/control_structure/gen1_2008_control__L1O-4014-Steele_RTK.npz,ok,3466,1766,0.0,0.8052
gen1_2008_control,L1O-4018-Steele RTK,488270.587,4877232.342,L1O,MN_SEDriftless_1_2021,ok,202061,101422,0.0,0.0,1,0.0,0.0,5,0.0,0.0,9,0.0,0.0,13,0.017433,0.048572,29,0.056072,0.174566,81,0.056072,2021-06-05 19:10,2021-06-05 19:33,0.016,data/derived/control_boxes/gen1_2008_control__L1O-4018-Steele_RTK.laz,data/derived/control_structure/gen1_2008_control__L1O-4018-Steele_RTK.npz,ok,1888,1692,0.0,6.3169
gen1_2008_control,L1O-4019-Steele RTK,488270.067,4877351.279,L1O,MN_SEDriftless_1_2021,ok,272203,120679,0.0,0.0,1,0.0,0.0,5,0.0,0.0,9,0.0,0.0,13,0.000457,0.00092,29,0.027762,0.085174,81,0.027762,2021-06-05 19:10,2021-06-05 19:33,0.016,data/derived/control_boxes/gen1_2008_control__L1O-4019-Steele_RTK.laz,data/derived/control_structure/gen1_2008_control__L1O-4019-Steele_RTK.npz,ok,3512,2137,0.0,6.0255
gen1_2008_control,L1O-4022-Steele RTK,488297.909,4877234.01,L1O,MN_SEDriftless_1_2021,ok,171374,117906,0.0,0.0,1,0.0,0.0,5,0.0,0.0,9,0.0,0.0,13,0.0,0.0,29,0.000317,0.000638,81,0.000317,2021-06-05 19:10,2021-06-05 19:33,0.016,data/derived/control_boxes/gen1_2008_control__L1O-4022-Steele_RTK.laz,data/derived/control_structure/gen1_2008_control__L1O-4022-Steele_RTK.npz,ok,1892,1843,0.0,1.0475
gen1_2008_control,L1O-4026-Steele RTK,479416.163,4878604.907,L1O,MN_SEDriftless_1_2021,ok,220729,97784,0.0,0.0,1,0.0,0.0,5,0.0,0.0,9,0.0,0.0,13,0.0,0.0,29,0.005063,0.011412,81,0.005063,2021-06-05 18:54,2021-06-05 19:09,0.01,data/derived/control_boxes/gen1_2008_control__L1O-4026-Steele_RTK.laz,data/derived/control_structure/gen1_2008_control__L1O-4026-Steele_RTK.npz,ok,3361,1616,0.0,1.7728
gen1_2008_control,L1O-4030-Steele RTK,473856.639,4880963.865,L1O,MN_SEDriftless_1_2021,ok,121317,49819,0.0,0.0,1,0.0,0.0,5,0.0,0.0,9,0.0,0.0,13,0.0,0.0,29,0.0,0.0,81,0.0,2021-06-05 18:15,2021-06-05 18:15,0.0,data/derived/control_boxes/gen1_2008_control__L1O-4030-Steele_RTK.laz,data/derived/control_structure/gen1_2008_control__L1O-4030-Steele_RTK.npz,ok,1691,1174,0.0,6.873
gen1_2008_control,L1O-4031-Steele RTK,473856.963,4881002.034,L1O,MN_SEDriftless_1_2021,ok,120473,47970,0.0,0.0,1,0.0,0.0,5,0.0,0.0,9,0.0,0.0,13,0.0,0.0,29,0.002767,0.0062,81,0.002767,2021-06-05 18:15,2021-06-05 18:15,0.0,data/derived/control_boxes/gen1_2008_control__L1O-4031-Steele_RTK.laz,data/derived/control_structure/gen1_2008_control__L1O-4031-Steele_RTK.npz,ok,1693,1149,0.0,6.7833
gen1_2008_control,L1O-4033-Steele RTK,473816.881,4881002.779,L1O,MN_SEDriftless_1_2021,ok,105261,46283,0.0,0.0,1,0.0,0.0,5,0.0,0.0,9,0.0,0.0,13,0.0,0.0,29,0.0,0.0,81,0.0,2021-06-05 18:15,2021-06-05 18:15,0.0,data/derived/control_boxes/gen1_2008_control__L1O-4033-Steele_RTK.laz,data/derived/control_structure/gen1_2008_control__L1O-4033-Steele_RTK.npz,ok,1699,579,0.0,2.5719
gen1_2008_control,L1O-4036-Steele RTK,469047.194,4874367.615,L1O,MN_SEDriftless_1_2021,ok,161304,83001,0.0,0.0,1,0.0,0.0,5,0.0,0.0,9,0.0,0.0,13,0.0,0.0,29,0.0,0.0,81,0.0,2021-06-05 20:40,2021-06-10 12:45,4.67,data/derived/control_boxes/gen1_2008_control__L1O-4036-Steele_RTK.laz,data/derived/control_structure/gen1_2008_control__L1O-4036-Steele_RTK.npz,ok,3239,1485,0.0,1.7381
gen1_2008_control,L1O-4037-Steele RTK,469056.204,4874428.872,L1O,MN_SEDriftless_1_2021,ok,202006,99039,0.0,0.0,1,0.0,0.0,5,0.0,0.0,9,0.0,0.0,13,7.4e-05,0.000149,29,2.7e-05,5.3e-05,81,7.4e-05,2021-06-05 20:40,2021-06-10 12:45,4.67,data/derived/control_boxes/gen1_2008_control__L1O-4037-Steele_RTK.laz,data/derived/control_structure/gen1_2008_control__L1O-4037-Steele_RTK.npz,ok,3253,1625,0.0,0.6984
gen1_2008_control,L1O-4038-Steele RTK,475502.406,4876301.127,L1O,MN_SEDriftless_1_2021,ok,159764,106651,0.0,0.0,1,0.0,0.0,5,0.0,0.0,9,0.0,0.0,13,0.0,0.0,29,0.0,0.0,81,0.0,2021-06-05 19:36,2021-06-10 12:36,4.708,data/derived/control_boxes/gen1_2008_control__L1O-4038-Steele_RTK.laz,data/derived/control_structure/gen1_2008_control__L1O-4038-Steele_RTK.npz,ok,2205,1467,0.0,1.3777
gen1_2008_control,L1O-4041-Steele RTK,479528.284,4889509.403,L1O,MN_SEDriftless_1_2021,ok,210701,123075,0.0,0.0,1,0.0,0.0,5,0.0,0.0,9,0.0,0.0,13,0.0,0.0,29,0.0,0.0,81,0.0,2021-04-22 17:32,2021-04-22 17:57,0.017,data/derived/control_boxes/gen1_2008_control__L1O-4041-Steele_RTK.laz,data/derived/control_structure/gen1_2008_control__L1O-4041-Steele_RTK.npz,ok,3505,1900,0.0,1.3089
gen1_2008_control,L1O-4045-Steele RTK,481491.85,4885691.92,L1O,MN_SEDriftless_1_2021,ok,139610,28625,0.0,0.0,1,0.053168,0.121119,5,0.060327,0.135538,9,0.132932,0.376346,13,0.255332,0.779469,29,0.372752,1.160483,81,0.372752,2021-05-26 23:05,2021-05-26 23:05,0.0,data/derived/control_boxes/gen1_2008_control__L1O-4045-Steele_RTK.laz,data/derived/control_structure/gen1_2008_control__L1O-4045-Steele_RTK.npz,ok,1811,1386,0.0,7.2625
gen1_2008_control,L1O-4046-Steele RTK,481529.155,4885691.667,L1O,MN_SEDriftless_1_2021,ok,139511,33083,0.0,0.0,1,0.011892,0.02452,5,0.053951,0.12579,9,0.090058,0.216947,13,0.199819,0.672398,29,0.308493,1.029125,81,0.308493,2021-05-26 23:05,2021-05-26 23:05,0.0,data/derived/control_boxes/gen1_2008_control__L1O-4046-Steele_RTK.laz,data/derived/control_structure/gen1_2008_control__L1O-4046-Steele_RTK.npz,ok,1454,1408,0.0,2.8191
gen1_2008_control,L1O-4050-Steele RTK,482674.303,4888947.554,L1O,MN_SEDriftless_1_2021,ok,118709,75749,0.0,0.0,1,0.0,0.0,5,0.0,0.0,9,0.0,0.0,13,0.0,0.0,29,0.002035,0.004419,81,0.002035,2021-04-22 17:56,2021-04-22 17:56,0.0,data/derived/control_boxes/gen1_2008_control__L1O-4050-Steele_RTK.laz,data/derived/control_structure/gen1_2008_control__L1O-4050-Steele_RTK.npz,ok,1923,1180,0.0,0.3699
gen1_2008_control,L1O-4051-Steele RTK,483518.132,4891043.755,L1O,MN_SEDriftless_1_2021,ok,114690,81194,0.0,0.0,1,0.0,0.0,5,0.0,0.0,9,0.0,0.0,13,0.0,0.0,29,0.0,0.0,81,0.0,2021-04-22 17:14,2021-04-22 17:14,0.0,data/derived/control_boxes/gen1_2008_control__L1O-4051-Steele_RTK.laz,data/derived/control_structure/gen1_2008_control__L1O-4051-Steele_RTK.npz,ok,1804,1382,0.0,3.7339
gen1_2008_control,L1O-4054-Steele RTK,475502.273,4890550.676,L1O,MN_SEDriftless_1_2021,ok,157584,128654,0.0,0.0,1,0.0,0.0,5,0.0,0.0,9,0.0,0.0,13,0.0,0.0,29,0.0,0.0,81,0.0,2021-04-22 17:16,2021-04-22 17:31,0.011,data/derived/control_boxes/gen1_2008_control__L1O-4054-Steele_RTK.laz,data/derived/control_structure/gen1_2008_control__L1O-4054-Steele_RTK.npz,ok,1952,1658,0.0,3.0645
gen1_2008_control,L1O-4055-Steele RTK,475499.791,4890598.733,L1O,MN_SEDriftless_1_2021,ok,105869,100979,0.0,0.0,1,0.0,0.0,5,0.0,0.0,9,0.0,0.0,13,7e-05,0.00014,29,0.000251,0.000507,81,0.000251,2021-04-22 17:16,2021-04-22 17:31,0.011,data/derived/control_boxes/gen1_2008_control__L1O-4055-Steele_RTK.laz,data/derived/control_structure/gen1_2008_control__L1O-4055-Steele_RTK.npz,ok,1663,1612,0.0,3.8536
gen1_2008_control,L1O-4057-Steele RTK,475459.332,4890606.575,L1O,MN_SEDriftless_1_2021,ok,105698,99779,0.0,0.0,1,0.0,0.0,5,0.0,0.0,9,0.0,0.0,13,0.0,0.0,29,0.0,0.0,81,0.0,2021-04-22 17:16,2021-04-22 17:16,0.0,data/derived/control_boxes/gen1_2008_control__L1O-4057-Steele_RTK.laz,data/derived/control_structure/gen1_2008_control__L1O-4057-Steele_RTK.npz,ok,1619,1566,0.0,2.0902
gen1_2008_control,L1O-4058-Steele RTK,471387.539,4890614.314,L1O,MN_SEDriftless_1_2021,ok,106296,100577,0.0,0.0,1,0.0,0.0,5,0.0,0.0,9,0.0,0.0,13,0.0,0.0,29,0.0,0.0,81,0.0,2021-04-22 17:17,2021-04-22 17:17,0.0,data/derived/control_boxes/gen1_2008_control__L1O-4058-Steele_RTK.laz,data/derived/control_structure/gen1_2008_control__L1O-4058-Steele_RTK.npz,ok,1744,1629,0.0,0.6135
gen1_2008_control,L1O-4061-Steele RTK,469919.575,4889716.618,L1O,MN_SEDriftless_1_2021,ok,103296,91360,0.0,0.0,1,0.0,0.0,5,0.0,0.0,9,0.0,0.0,13,0.0,0.0,29,0.0,0.0,81,0.0,2021-04-22 17:30,2021-04-22 17:30,0.0,data/derived/control_boxes/gen1_2008_control__L1O-4061-Steele_RTK.laz,data/derived/control_structure/gen1_2008_control__L1O-4061-Steele_RTK.npz,ok,1560,1429,0.0,0.9253
gen1_2008_control,L1O-4063-Steele RTK,491457.64,4888922.03,L1O,MN_SEDriftless_1_2021,ok,111172,68116,0.0,0.0,1,0.0,0.0,5,0.0,0.0,9,0.0,0.0,13,0.0,0.0,29,0.0,0.0,81,0.0,2021-04-22 17:54,2021-04-22 17:54,0.0,data/derived/control_boxes/gen1_2008_control__L1O-4063-Steele_RTK.laz,data/derived/control_structure/gen1_2008_control__L1O-4063-Steele_RTK.npz,ok,1785,1080,0.0,1.3657
gen1_2008_control,L1O-4064-Steele RTK,494606.857,4887997.282,L1O,MN_SEDriftless_1_2021,ok,80850,46230,0.0,0.0,1,0.0,0.0,5,0.0,0.0,9,0.0,0.0,13,0.0,0.0,29,0.0,0.0,81,0.0,2021-04-22 18:17,2021-04-22 18:17,0.0,data/derived/control_boxes/gen1_2008_control__L1O-4064-Steele_RTK.laz,data/derived/control_structure/gen1_2008_control__L1O-4064-Steele_RTK.npz,ok,1551,770,0.0,0.9075
gen1_2008_control,L1O-4065-Steele RTK,494726.821,4886303.715,L1O,MN_SEDriftless_1_2021,ok,274293,101853,0.0,0.0,1,0.100768,0.280344,5,0.15912,0.431779,9,0.18415,0.736163,13,0.270642,1.007156,29,0.307967,1.07179,81,0.307967,2021-05-26 22:47,2021-05-26 23:08,0.014,data/derived/control_boxes/gen1_2008_control__L1O-4065-Steele_RTK.laz,data/derived/control_structure/gen1_2008_control__L1O-4065-Steele_RTK.npz,ok,4031,1667,0.0,2.6853
gen1_2008_control,L1O-4066-Steele RTK,494727.004,4886253.537,L1O,MN_SEDriftless_1_2021,ok,313382,72401,0.029211,0.059293,1,0.152061,0.537216,5,0.181389,0.561686,9,0.197899,0.749852,13,0.269448,1.113384,29,0.317593,1.374195,81,0.288382,2021-05-26 22:47,2021-05-26 23:08,0.014,data/derived/control_boxes/gen1_2008_control__L1O-4066-Steele_RTK.laz,data/derived/control_structure/gen1_2008_control__L1O-4066-Steele_RTK.npz,ok,4160,1459,0.0,3.8021
gen1_2008_control,L1O-4070-Steele RTK,491679.243,4891369.103,L1O,MN_SEDriftless_1_2021,ok,205092,122371,0.0,0.0,1,0.0,0.0,5,0.0,0.0,9,0.0,0.0,13,0.0,0.0,29,0.0,0.0,81,0.0,2021-04-22 16:53,2021-04-22 17:12,0.014,data/derived/control_boxes/gen1_2008_control__L1O-4070-Steele_RTK.laz,data/derived/control_structure/gen1_2008_control__L1O-4070-Steele_RTK.npz,ok,3269,1944,0.0,0.5152
gen1_2008_control,L1O-4073-Steele RTK,489084.128,4885648.086,L1O,MN_SEDriftless_1_2021,ok,93618,88912,0.0,0.0,1,0.0,0.0,5,0.0,0.0,9,0.0,0.0,13,0.0,0.0,29,0.000495,0.001011,81,0.000495,2021-05-26 23:06,2021-05-26 23:07,0.0,data/derived/control_boxes/gen1_2008_control__L1O-4073-Steele_RTK.laz,data/derived/control_structure/gen1_2008_control__L1O-4073-Steele_RTK.npz,ok,1495,1452,0.0,0.4615
gen1_2008_control,L1O-4075-Steele RTK,489838.055,4872519.427,L1O,MN_SEDriftless_1_2021,ok,216478,122321,0.0,0.0,1,0.0,0.0,5,0.0,0.0,9,0.0,0.0,13,0.0,0.0,29,0.0,0.0,81,0.0,2021-06-05 21:05,2021-06-05 21:22,0.012,data/derived/control_boxes/gen1_2008_control__L1O-4075-Steele_RTK.laz,data/derived/control_structure/gen1_2008_control__L1O-4075-Steele_RTK.npz,ok,3477,2101,0.0,0.8387
gen1_2008_control,L1O-4077-Steele RTK,493181.399,4872746.477,L1O,MN_SEDriftless_1_2021,ok,112038,71022,0.0,0.0,1,0.0,0.0,5,0.0,0.0,9,0.0,0.0,13,0.0,0.0,29,0.0,0.0,81,0.0,2021-06-05 21:04,2021-06-05 21:04,0.0,data/derived/control_boxes/gen1_2008_control__L1O-4077-Steele_RTK.laz,data/derived/control_structure/gen1_2008_control__L1O-4077-Steele_RTK.npz,ok,1809,1012,0.0,0.6437
gen1_2008_control,L1O-4078-Steele RTK,481906.806,4874199.844,L1O,MN_SEDriftless_1_2021,ok,99542,65817,0.0,0.0,1,0.0,0.0,5,0.0,0.0,9,0.0,0.0,13,0.0,0.0,29,0.0,0.0,81,0.0,2021-06-05 20:43,2021-06-05 20:43,0.0,data/derived/control_boxes/gen1_2008_control__L1O-4078-Steele_RTK.laz,data/derived/control_structure/gen1_2008_control__L1O-4078-Steele_RTK.npz,ok,1513,1035,0.0,1.4976
gen1_2008_control,L1O-4081-Steele RTK,485052.647,4867668.345,L1O,MN_SEDriftless_1_2021,ok,90957,89091,0.0,0.0,1,0.0,0.0,5,0.0,0.0,9,0.0,0.0,13,0.0,0.0,29,0.002264,0.00468,81,0.002264,2021-05-08 14:53,2021-05-08 14:53,0.0,data/derived/control_boxes/gen1_2008_control__L1O-4081-Steele_RTK.laz,data/derived/control_structure/gen1_2008_control__L1O-4081-Steele_RTK.npz,ok,1456,1436,0.0,3.0711
gen1_2008_control,L1O-4083-Steele RTK,481928.495,4866490.405,L1O,MN_SEDriftless_1_2021,ok,115621,77088,0.0,0.0,1,0.0,0.0,5,0.0,0.0,9,0.0,0.0,13,0.0,0.0,29,0.0,0.0,81,0.0,2021-05-08 15:14,2021-05-08 15:25,0.007,data/derived/control_boxes/gen1_2008_control__L1O-4083-Steele_RTK.laz,data/derived/control_structure/gen1_2008_control__L1O-4083-Steele_RTK.npz,ok,1478,989,0.0,2.0981
gen1_2008_control,L1O-4087-Steele RTK,476632.975,4867170.333,L1O,MN_SEDriftless_1_2021,ok,150256,97730,0.0,0.0,1,0.0,0.0,5,0.0,0.0,9,0.0,0.0,13,0.0,0.0,29,0.0,0.0,81,0.0,2021-05-08 14:51,2021-05-08 15:15,0.017,data/derived/control_boxes/gen1_2008_control__L1O-4087-Steele_RTK.laz,data/derived/control_structure/gen1_2008_control__L1O-4087-Steele_RTK.npz,ok,2942,1748,0.0,1.8288
gen1_2008_control,L1O-4094-Steele RTK,470536.934,4866382.219,L1O,MN_SEDriftless_1_2021,ok,181992,96979,0.0,0.0,1,0.0,0.0,5,0.0,0.0,9,0.0,0.0,13,0.0,0.0,29,0.0,0.0,81,0.0,2021-05-08 15:16,2021-05-08 15:22,0.004,data/derived/control_boxes/gen1_2008_control__L1O-4094-Steele_RTK.laz,data/derived/control_structure/gen1_2008_control__L1O-4094-Steele_RTK.npz,ok,2919,1474,0.0,3.5642
gen1_2008_control,L1O-4096-Steele RTK,481894.052,4863919.181,L1O,MN_SEDriftless_1_2021,ok,90315,76023,0.0,0.0,1,0.0,0.0,5,0.0,0.0,9,0.0,0.0,13,0.0,0.0,29,8.8e-05,0.000176,81,8.8e-05,2021-05-08 15:57,2021-05-08 15:57,0.0,data/derived/control_boxes/gen1_2008_control__L1O-4096-Steele_RTK.laz,data/derived/control_structure/gen1_2008_control__L1O-4096-Steele_RTK.npz,ok,1457,1245,0.0,3.681
gen1_2008_control,L1O-4103-Steele RTK,485204.738,4859927.021,L1O,MN_SEDriftless_1_2021,ok,183774,142029,0.0,0.0,1,0.0,0.0,5,0.0,0.0,9,0.0,0.0,13,0.0,0.0,29,0.0,0.0,81,0.0,2021-05-08 16:51,2021-05-08 17:03,0.008,data/derived/control_boxes/gen1_2008_control__L1O-4103-Steele_RTK.laz,data/derived/control_structure/gen1_2008_control__L1O-4103-Steele_RTK.npz,ok,2938,2280,0.0,0.4902
gen1_2008_control,L1O-4107-Steele RTK,472114.061,4858446.546,L1O,MN_SEDriftless_1_2021,ok,93485,89254,0.0,0.0,1,0.0,0.0,5,0.0,0.0,9,0.0,0.0,13,0.0,0.0,29,0.0,0.0,81,0.0,2021-05-08 17:26,2021-05-08 17:26,0.0,data/derived/control_boxes/gen1_2008_control__L1O-4107-Steele_RTK.laz,data/derived/control_structure/gen1_2008_control__L1O-4107-Steele_RTK.npz,ok,1502,1443,0.0,3.1596
gen1_2008_control,L1O-4110-Steele RTK,467653.4,4863181.845,L1O,MN_SEDriftless_1_2021,ok,179708,137239,0.0,0.0,1,0.0,0.0,5,0.0,0.0,9,0.0,0.0,13,0.0,0.0,29,0.0,0.0,81,0.0,2021-05-08 15:54,2021-05-08 16:22,0.019,data/derived/control_boxes/gen1_2008_control__L1O-4110-Steele_RTK.laz,data/derived/control_structure/gen1_2008_control__L1O-4110-Steele_RTK.npz,ok,2881,2231,0.0,2.096
gen1_2008_control,L1O-4112-Steele RTK,473806.057,4861994.317,L1O,MN_SEDriftless_1_2021,ok,186653,120094,0.0,0.0,1,0.0,0.0,5,0.0,0.0,9,0.0,0.0,13,0.0,0.0,29,0.0,0.0,81,0.0,2021-05-08 16:20,2021-05-08 16:28,0.005,data/derived/control_boxes/gen1_2008_control__L1O-4112-Steele_RTK.laz,data/derived/control_structure/gen1_2008_control__L1O-4112-Steele_RTK.npz,ok,2987,1940,0.0,0.4858
gen1_2008_control,L1O-4117-Steele RTK,491114.19,4856578.052,L1O,MN_SEDriftless_1_2021,ok,92007,83633,0.0,0.0,1,0.0,0.0,5,0.0,0.0,9,0.0,0.0,13,0.0,0.0,29,0.0,0.0,81,0.0,2021-05-08 18:03,2021-05-08 18:03,0.0,data/derived/control_boxes/gen1_2008_control__L1O-4117-Steele_RTK.laz,data/derived/control_structure/gen1_2008_control__L1O-4117-Steele_RTK.npz,ok,1468,1333,0.0,0.7109
gen1_2008_control,L1O-4134-Steele RTK,491500.033,4889719.947,L1O,MN_SEDriftless_1_2021,ok,100217,93792,0.0,0.0,1,0.0,0.0,5,0.0,0.0,9,0.0,0.0,13,0.0,0.0,29,0.000781,0.001576,81,0.000781,2021-04-22 17:34,2021-04-22 17:35,0.0,data/derived/control_boxes/gen1_2008_control__L1O-4134-Steele_RTK.laz,data/derived/control_structure/gen1_2008_control__L1O-4134-Steele_RTK.npz,ok,1642,1582,0.0,0.4569
gen1_2008_control,L1O-4135-Steele RTK,489891.83,4889715.765,L1O,MN_SEDriftless_1_2021,ok,99459,85665,0.0,0.0,1,0.0,0.0,5,0.0,0.0,9,0.0,0.0,13,0.0,0.0,29,2.7e-05,5.3e-05,81,2.7e-05,2021-04-22 17:34,2021-04-22 17:34,0.0,data/derived/control_boxes/gen1_2008_control__L1O-4135-Steele_RTK.laz,data/derived/control_structure/gen1_2008_control__L1O-4135-Steele_RTK.npz,ok,1549,1315,0.0,0.2291
gen1_2008_control,L1O-4136-Steele RTK,477700.083,4857471.808,L1O,MN_SEDriftless_1_2021,ok,101825,63189,0.0,0.0,1,0.000484,0.000969,5,0.003099,0.006237,9,0.024052,0.051806,13,0.042459,0.098321,29,0.064297,0.156179,81,0.064297,2021-05-08 17:42,2021-05-08 17:42,0.0,data/derived/control_boxes/gen1_2008_control__L1O-4136-Steele_RTK.laz,data/derived/control_structure/gen1_2008_control__L1O-4136-Steele_RTK.npz,ok,1490,1012,0.0,8.0724
gen1_2008_control,L1O-4138-Steele RTK,481847.506,4859899.759,L1O,MN_SEDriftless_1_2021,ok,179561,118452,0.0,0.0,1,0.002871,0.005784,5,0.002125,0.004276,9,0.00212,0.004263,13,0.003177,0.006515,29,0.001574,0.003222,81,0.003177,2021-05-08 16:51,2021-05-08 17:02,0.007,data/derived/control_boxes/gen1_2008_control__L1O-4138-Steele_RTK.laz,data/derived/control_structure/gen1_2008_control__L1O-4138-Steele_RTK.npz,ok,2914,2178,0.0,4.1798
gen1_2008_control,L1O-4139-Steele RTK,489898.397,4861129.324,L1O,MN_SEDriftless_1_2021,ok,184859,126859,0.0,0.0,1,0.0,0.0,5,0.0,0.0,9,0.0,0.0,13,0.0,0.0,29,0.0,0.0,81,0.0,2021-05-08 16:31,2021-05-08 16:50,0.013,data/derived/control_boxes/gen1_2008_control__L1O-4139-Steele_RTK.laz,data/derived/control_structure/gen1_2008_control__L1O-4139-Steele_RTK.npz,ok,2948,2145,0.0,5.6097
gen1_2008_control,L1O-4141-Steele RTK,491117.854,4865924.546,L1O,MN_SEDriftless_1_2021,ok,92928,90518,0.0,0.0,1,0.005064,0.010259,5,0.002813,0.005699,9,0.001948,0.003946,13,0.000873,0.001769,29,0.000414,0.000836,81,0.005064,2021-05-08 15:26,2021-05-08 15:27,0.0,data/derived/control_boxes/gen1_2008_control__L1O-4141-Steele_RTK.laz,data/derived/control_structure/gen1_2008_control__L1O-4141-Steele_RTK.npz,ok,1507,1469,0.0,2.3811
gen1_2008_control,L1O-4142-Steele RTK,489440.558,4870393.942,L1O,MN_SEDriftless_1_2021,ok,188096,114431,0.0,0.0,1,0.005099,0.010331,5,0.002833,0.005739,9,0.002504,0.005062,13,0.001122,0.002269,29,0.000402,0.000812,81,0.005099,2021-05-08 14:08,2021-05-08 14:21,0.01,data/derived/control_boxes/gen1_2008_control__L1O-4142-Steele_RTK.laz,data/derived/control_structure/gen1_2008_control__L1O-4142-Steele_RTK.npz,ok,2951,1795,0.0,2.5379
gen1_2008_control,L1O-4145-Steele RTK,473887.054,4888815.235,L1O,MN_SEDriftless_1_2021,ok,93359,59419,0.0,0.0,1,0.0,0.0,5,0.0,0.0,9,0.0,0.0,13,0.0,0.0,29,0.0,0.0,81,0.0,2021-04-22 17:58,2021-04-22 17:58,0.0,data/derived/control_boxes/gen1_2008_control__L1O-4145-Steele_RTK.laz,data/derived/control_structure/gen1_2008_control__L1O-4145-Steele_RTK.npz,ok,1514,1066,0.0,3.8365
gen1_2008_control,L1O-4148-Steele RTK,491509.951,4888914.542,L1O,MN_SEDriftless_1_2021,ok,115658,71494,0.0,0.0,1,0.0,0.0,5,0.0,0.0,9,0.0,0.0,13,6.4e-05,0.000128,29,6.9e-05,0.000138,81,6.9e-05,2021-04-22 17:54,2021-04-22 17:54,0.0,data/derived/control_boxes/gen1_2008_control__L1O-4148-Steele_RTK.laz,data/derived/control_structure/gen1_2008_control__L1O-4148-Steele_RTK.npz,ok,1894,1180,0.0,4.3211
gen1_2008_control,L1O-4149-Steele RTK,484878.068,4878511.741,L1O,MN_SEDriftless_1_2021,ok,220055,107447,0.011674,0.023484,1,0.041797,0.09213,5,0.036583,0.079599,9,0.034208,0.07398,13,0.070751,0.199587,29,0.088412,0.243425,81,0.076738,2021-06-05 18:53,2021-06-05 19:10,0.012,data/derived/control_boxes/gen1_2008_control__L1O-4149-Steele_RTK.laz,data/derived/control_structure/gen1_2008_control__L1O-4149-Steele_RTK.npz,ok,3598,1853,0.0,2.7645
gen1_2008_control,L2T-4003-Steele RTK,490263.337,4865879.393,L2T,MN_SEDriftless_1_2021,ok,98095,88765,0.0,0.0,1,0.0,0.0,5,0.0,0.0,9,0.0,0.0,13,0.0,0.0,29,0.0,0.0,81,0.0,2021-05-08 15:26,2021-05-08 15:26,0.0,data/derived/control_boxes/gen1_2008_control__L2T-4003-Steele_RTK.laz,data/derived/control_structure/gen1_2008_control__L2T-4003-Steele_RTK.npz,ok,1517,1468,0.0,7.234
gen1_2008_control,L2T-4006-Steele RTK,491328.125,4870367.803,L2T,MN_SEDriftless_1_2021,ok,324940,105040,0.0,0.0,1,0.01058,0.021741,5,0.030307,0.065486,9,0.058052,0.14651,13,0.103235,0.266297,29,0.138085,0.350635,81,0.138085,2021-05-08 14:07,2021-05-08 14:22,0.01,data/derived/control_boxes/gen1_2008_control__L2T-4006-Steele_RTK.laz,data/derived/control_structure/gen1_2008_control__L2T-4006-Steele_RTK.npz,ok,2978,1976,0.0,9.2999
gen1_2008_control,L2T-4011-Steele RTK,482108.533,4877529.389,L2T,MN_SEDriftless_1_2021,ok,227245,141633,0.0,0.0,1,0.0,0.0,5,0.0,0.0,9,0.0,0.0,13,0.0,0.0,29,0.0,0.0,81,0.0,2021-06-05 19:09,2021-06-05 19:34,0.018,data/derived/control_boxes/gen1_2008_control__L2T-4011-Steele_RTK.laz,data/derived/control_structure/gen1_2008_control__L2T-4011-Steele_RTK.npz,ok,3607,2211,0.0,2.3574
gen1_2008_control,L2T-4016-Steele RTK,491756.678,4877654.014,L2T,MN_SEDriftless_1_2021,ok,104506,70732,0.0,0.0,1,0.0,0.0,5,0.0,0.0,9,0.0,0.0,13,0.0,0.0,29,0.0,0.0,81,0.0,2021-06-05 19:11,2021-06-05 19:32,0.014,data/derived/control_boxes/gen1_2008_control__L2T-4016-Steele_RTK.laz,data/derived/control_structure/gen1_2008_control__L2T-4016-Steele_RTK.npz,ok,1553,981,0.0,11.6615
gen1_2008_control,L2T-4023-Steele RTK,491428.824,4875980.54,L2T,MN_SEDriftless_1_2021,ok,108400,101322,0.0,0.0,1,0.0,0.0,5,0.0,0.0,9,0.0,0.0,13,0.0,0.0,29,0.0,0.0,81,0.0,2021-06-10 12:32,2021-06-10 12:32,0.0,data/derived/control_boxes/gen1_2008_control__L2T-4023-Steele_RTK.laz,data/derived/control_structure/gen1_2008_control__L2T-4023-Steele_RTK.npz,ok,1736,1648,0.0,0.7404
gen1_2008_control,L2T-4027-Steele RTK,480568.429,4877687.781,L2T,MN_SEDriftless_1_2021,ok,156185,61458,0.0,0.0,1,0.017142,0.035558,5,0.016587,0.034266,9,0.03065,0.067009,13,0.042297,0.093867,29,0.049862,0.111607,81,0.049862,2021-06-05 19:09,2021-06-05 19:35,0.018,data/derived/control_boxes/gen1_2008_control__L2T-4027-Steele_RTK.laz,data/derived/control_structure/gen1_2008_control__L2T-4027-Steele_RTK.npz,ok,1806,1059,0.0,0.5261
gen1_2008_control,L2T-4029-Steele RTK,473879.758,4879511.404,L2T,MN_SEDriftless_1_2021,ok,215864,110357,0.34315,0.8406,1,0.124263,0.297059,5,0.076386,0.180243,9,0.054086,0.127204,13,0.025293,0.059142,29,0.025286,0.063049,81,0.317864,2021-06-05 18:26,2021-06-05 18:56,0.02,data/derived/control_boxes/gen1_2008_control__L2T-4029-Steele_RTK.laz,data/derived/control_structure/gen1_2008_control__L2T-4029-Steele_RTK.npz,ok,3387,1349,0.0,4.9832
gen1_2008_control,L2T-4034-Steele RTK,468257.922,4882597.909,L2T,MN_SEDriftless_1_2021,ok,211270,97754,0.0,0.0,1,0.0,0.0,5,0.0,0.0,9,0.0,0.0,13,0.0,0.0,29,0.0,0.0,81,0.0,2021-06-05 17:35,2021-06-05 17:45,0.007,data/derived/control_boxes/gen1_2008_control__L2T-4034-Steele_RTK.laz,data/derived/control_structure/gen1_2008_control__L2T-4034-Steele_RTK.npz,ok,3398,1678,0.0,0.2807
gen1_2008_control,L2T-4049-Steele RTK,483192.457,4885701.719,L2T,MN_SEDriftless_1_2021,ok,121991,65008,0.068897,0.142771,1,0.071944,0.160791,5,0.095821,0.244549,9,0.077347,0.192672,13,0.08891,0.241193,29,0.089631,0.229045,81,0.026924,2021-05-26 23:05,2021-05-26 23:05,0.0,data/derived/control_boxes/gen1_2008_control__L2T-4049-Steele_RTK.laz,data/derived/control_structure/gen1_2008_control__L2T-4049-Steele_RTK.npz,ok,1680,1085,0.0,1.9023
gen1_2008_control,L2T-4052-Steele RTK,475431.7,4885142.643,L2T,MN_SEDriftless_1_2021,ok,124057,106397,0.0,0.0,1,0.0,0.0,5,0.0,0.0,9,0.0,0.0,13,0.0,0.0,29,0.0,0.0,81,0.0,2021-05-26 23:04,2021-05-26 23:30,0.018,data/derived/control_boxes/gen1_2008_control__L2T-4052-Steele_RTK.laz,data/derived/control_structure/gen1_2008_control__L2T-4052-Steele_RTK.npz,ok,1639,1625,0.0,1.1678
gen1_2008_control,L2T-4062-Steele RTK,469869.342,4891395.08,L2T,MN_SEDriftless_1_2021,ok,197076,110138,0.0,0.0,1,0.0,0.0,5,0.0,0.0,9,0.0,0.0,13,0.0,0.0,29,0.0,0.0,81,0.0,2021-04-22 16:49,2021-04-22 17:18,0.02,data/derived/control_boxes/gen1_2008_control__L2T-4062-Steele_RTK.laz,data/derived/control_structure/gen1_2008_control__L2T-4062-Steele_RTK.npz,ok,2981,1699,0.0,0.0536
gen1_2008_control,L2T-4072-Steele RTK,488252.196,4888555.051,L2T,MN_SEDriftless_1_2021,ok,118837,76979,0.0,0.0,1,0.0,0.0,5,0.0,0.0,9,0.0,0.0,13,0.0,0.0,29,0.0,0.0,81,0.0,2021-04-22 17:54,2021-04-22 17:55,0.0,data/derived/control_boxes/gen1_2008_control__L2T-4072-Steele_RTK.laz,data/derived/control_structure/gen1_2008_control__L2T-4072-Steele_RTK.npz,ok,1802,1167,0.0,3.3498
gen1_2008_control,L2T-4076-Steele RTK,490857.085,4872827.021,L2T,MN_SEDriftless_1_2021,ok,116072,71884,0.0,0.0,1,0.0,0.0,5,0.0,0.0,9,0.0,0.0,13,0.0,0.0,29,0.0,0.0,81,0.0,2021-06-05 21:05,2021-06-05 21:05,0.0,data/derived/control_boxes/gen1_2008_control__L2T-4076-Steele_RTK.laz,data/derived/control_structure/gen1_2008_control__L2T-4076-Steele_RTK.npz,ok,1854,1146,0.0,0.9597
gen1_2008_control,L2T-4080-Steele RTK,485191.38,4872761.999,L2T,MN_SEDriftless_1_2021,ok,126411,70378,0.0,0.0,1,0.0,0.0,5,0.0,0.0,9,0.0,0.0,13,0.0,0.0,29,0.0,0.0,81,0.0,2021-06-05 21:06,2021-06-05 21:21,0.01,data/derived/control_boxes/gen1_2008_control__L2T-4080-Steele_RTK.laz,data/derived/control_structure/gen1_2008_control__L2T-4080-Steele_RTK.npz,ok,1912,1087,0.0,1.2916
gen1_2008_control,L2T-4084-Steele RTK,481828.543,4869395.927,L2T,MN_SEDriftless_1_2021,ok,190171,124444,0.0,0.0,1,0.0,0.0,5,0.0,0.0,9,0.0,0.0,13,0.002007,0.004101,29,0.006232,0.013174,81,0.006232,2021-05-08 14:20,2021-05-08 14:42,0.015,data/derived/control_boxes/gen1_2008_control__L2T-4084-Steele_RTK.laz,data/derived/control_structure/gen1_2008_control__L2T-4084-Steele_RTK.npz,ok,2954,1914,0.0,3.9718
gen1_2008_control,L2T-4089-Steele RTK,476606.414,4871979.536,L2T,MN_SEDriftless_1_2021,ok,99322,51515,0.0,0.0,1,0.100477,0.279173,5,0.117567,0.300206,9,0.125356,0.338222,13,0.115848,0.29751,29,0.075368,0.197282,81,0.125356,2021-06-05 21:19,2021-06-05 21:20,0.0,data/derived/control_boxes/gen1_2008_control__L2T-4089-Steele_RTK.laz,data/derived/control_structure/gen1_2008_control__L2T-4089-Steele_RTK.npz,ok,1507,576,0.0,0.9582
gen1_2008_control,L2T-4091-Steele RTK,471798.419,4871900.635,L2T,MN_SEDriftless_1_2021,ok,100792,77675,0.0,0.0,1,0.0,0.0,5,0.0,0.0,9,0.0,0.0,13,0.0,0.0,29,0.0,0.0,81,0.0,2021-06-05 21:18,2021-06-05 21:19,0.0,data/derived/control_boxes/gen1_2008_control__L2T-4091-Steele_RTK.laz,data/derived/control_structure/gen1_2008_control__L2T-4091-Steele_RTK.npz,ok,1522,1409,0.0,4.1474
gen1_2008_control,L2T-4098-Steele RTK,479771.633,4863116.328,L2T,MN_SEDriftless_1_2021,ok,181678,134331,0.0,0.0,1,0.0,0.0,5,0.0,0.0,9,0.0,0.0,13,0.0,0.0,29,0.0,0.0,81,0.0,2021-05-08 15:57,2021-05-08 16:20,0.016,data/derived/control_boxes/gen1_2008_control__L2T-4098-Steele_RTK.laz,data/derived/control_structure/gen1_2008_control__L2T-4098-Steele_RTK.npz,ok,2920,2214,0.0,0.6052
gen1_2008_control,L2T-4100-Steele RTK,478254.138,4857452.454,L2T,MN_SEDriftless_1_2021,ok,108805,61499,0.0,0.0,1,0.0,0.0,5,0.0,0.0,9,0.0,0.0,13,0.0,0.0,29,0.0,0.0,81,0.0,2021-05-08 17:42,2021-05-08 17:42,0.0,data/derived/control_boxes/gen1_2008_control__L2T-4100-Steele_RTK.laz,data/derived/control_structure/gen1_2008_control__L2T-4100-Steele_RTK.npz,ok,1483,1038,0.0,3.2358
gen1_2008_control,L2T-4104-Steele RTK,479343.373,4861527.76,L2T,MN_SEDriftless_1_2021,ok,106451,80670,0.0,0.0,1,0.0,0.0,5,0.0,0.0,9,0.0,0.0,13,0.0,0.0,29,0.010117,0.021482,81,0.010117,2021-05-08 16:29,2021-05-08 16:29,0.0,data/derived/control_boxes/gen1_2008_control__L2T-4104-Steele_RTK.laz,data/derived/control_structure/gen1_2008_control__L2T-4104-Steele_RTK.npz,ok,1468,1329,0.0,0.4884
gen1_2008_control,L2T-4105-Steele RTK,474747.835,4858247.955,L2T,MN_SEDriftless_1_2021,ok,91506,84057,0.0,0.0,1,0.0,0.0,5,0.0,0.0,9,0.0,0.0,13,0.0,0.0,29,0.001052,0.00217,81,0.001052,2021-05-08 17:26,2021-05-08 17:26,0.0,data/derived/control_boxes/gen1_2008_control__L2T-4105-Steele_RTK.laz,data/derived/control_structure/gen1_2008_control__L2T-4105-Steele_RTK.npz,ok,1479,1357,0.0,2.754
gen1_2008_control,L2T-4111-Steele RTK,469752.675,4863167.199,L2T,MN_SEDriftless_1_2021,ok,181374,140199,0.0,0.0,1,0.0,0.0,5,0.0,0.0,9,0.0,0.0,13,0.0,0.0,29,0.0,0.0,81,0.0,2021-05-08 15:55,2021-05-08 16:21,0.019,data/derived/control_boxes/gen1_2008_control__L2T-4111-Steele_RTK.laz,data/derived/control_structure/gen1_2008_control__L2T-4111-Steele_RTK.npz,ok,2907,2211,0.0,1.8286
gen1_2008_control,L2T-4114-Steele RTK,489931.797,4859434.039,L2T,MN_SEDriftless_1_2021,ok,94029,92336,0.0,0.0,1,0.0,0.0,5,0.0,0.0,9,0.0,0.0,13,0.0,0.0,29,0.000229,0.000462,81,0.000229,2021-05-08 17:04,2021-05-08 17:04,0.0,data/derived/control_boxes/gen1_2008_control__L2T-4114-Steele_RTK.laz,data/derived/control_structure/gen1_2008_control__L2T-4114-Steele_RTK.npz,ok,1503,1481,0.0,2.762
gen1_2008_control,L2T-4120-Steele RTK,488793.171,4863158.735,L2T,MN_SEDriftless_1_2021,ok,190152,125009,0.0,0.0,1,0.0,0.0,5,0.0,0.0,9,0.0,0.0,13,0.0,0.0,29,0.0,0.0,81,0.0,2021-05-08 15:58,2021-05-08 16:18,0.013,data/derived/control_boxes/gen1_2008_control__L2T-4120-Steele_RTK.laz,data/derived/control_structure/gen1_2008_control__L2T-4120-Steele_RTK.npz,ok,2959,2026,0.0,2.4242
gen1_2008_control,L2T-4137-Steele RTK,472193.051,4858886.101,L2T,MN_SEDriftless_1_2021,ok,191467,130444,0.0,0.0,1,0.0,0.0,5,0.0,0.0,9,0.0,0.0,13,0.0,0.0,29,0.0,0.0,81,0.0,2021-05-08 17:00,2021-05-08 17:26,0.018,data/derived/control_boxes/gen1_2008_control__L2T-4137-Steele_RTK.laz,data/derived/control_structure/gen1_2008_control__L2T-4137-Steele_RTK.npz,ok,3083,2038,0.0,5.9944
gen1_2008_control,L2T-4146-Steele RTK,473868.933,4879471.84,L2T,MN_SEDriftless_1_2021,ok,213330,115570,0.0,0.0,1,0.0,0.0,5,0.0,0.0,9,0.0,0.0,13,0.0,0.0,29,0.0,0.0,81,0.0,2021-06-05 18:26,2021-06-05 18:56,0.02,data/derived/control_boxes/gen1_2008_control__L2T-4146-Steele_RTK.laz,data/derived/control_structure/gen1_2008_control__L2T-4146-Steele_RTK.npz,ok,3441,1578,0.0,6.5571
gen1_2008_control,L2T-4147-Steele RTK,479476.341,4889510.019,L2T,MN_SEDriftless_1_2021,ok,209753,123722,0.0,0.0,1,0.0,0.0,5,0.0,0.0,9,0.0,0.0,13,0.0,0.0,29,0.0,0.0,81,0.0,2021-04-22 17:32,2021-04-22 17:57,0.017,data/derived/control_boxes/gen1_2008_control__L2T-4147-Steele_RTK.laz,data/derived/control_structure/gen1_2008_control__L2T-4147-Steele_RTK.npz,ok,3257,2023,0.0,1.0012
gen1_2008_control,L3B-4004-Steele RTK,488979.993,4868011.372,L3B,MN_SEDriftless_1_2021,ok,113891,75467,0.222718,0.503905,1,0.144253,0.318039,5,0.14797,0.327492,9,0.118824,0.261219,13,0.105425,0.232379,29,0.082243,0.183264,81,0.140475,2021-05-08 14:53,2021-05-08 14:54,0.0,data/derived/control_boxes/gen1_2008_control__L3B-4004-Steele_RTK.laz,data/derived/control_structure/gen1_2008_control__L3B-4004-Steele_RTK.npz,ok,2251,1065,0.0,0.2364
gen1_2008_control,L3B-4013-Steele RTK,483668.85,4880778.239,L3B,MN_SEDriftless_1_2021,ok,216894,18414,0.178929,0.394292,1,0.319366,0.940491,5,0.345238,1.027013,9,0.413476,1.510187,13,0.439695,1.665071,29,0.442081,1.498647,81,0.263152,2021-06-05 18:12,2021-06-05 18:13,0.0,data/derived/control_boxes/gen1_2008_control__L3B-4013-Steele_RTK.laz,data/derived/control_structure/gen1_2008_control__L3B-4013-Steele_RTK.npz,ok,2872,469,0.0,3.2442
gen1_2008_control,L3B-4015-Steele RTK,489640.003,4881294.496,L3B,MN_SEDriftless_1_2021,ok,296116,94138,0.002969,0.005946,1,0.105905,0.253327,5,0.128865,0.304139,9,0.137455,0.337418,13,0.175125,0.460056,29,0.174936,0.460456,81,0.172156,2021-06-05 17:50,2021-06-05 18:11,0.015,data/derived/control_boxes/gen1_2008_control__L3B-4015-Steele_RTK.laz,data/derived/control_structure/gen1_2008_control__L3B-4015-Steele_RTK.npz,ok,5549,1113,0.0,2.5539
gen1_2008_control,L3B-4024-Steele RTK,493037.107,4879289.729,L3B,MN_SEDriftless_1_2021,ok,317970,63358,0.759228,2.847812,1,0.715813,2.716708,5,0.672403,2.393392,9,0.657137,2.42024,13,0.567244,1.955466,29,0.425004,1.38029,81,0.334224,2021-06-05 18:31,2021-06-05 18:51,0.014,data/derived/control_boxes/gen1_2008_control__L3B-4024-Steele_RTK.laz,data/derived/control_structure/gen1_2008_control__L3B-4024-Steele_RTK.npz,ok,6351,384,0.0,0.1377
gen1_2008_control,L3B-4028-Steele RTK,484380.469,4876462.05,L3B,MN_SEDriftless_1_2021,ok,263818,121953,0.0,0.0,1,0.0,0.0,5,0.0,0.0,9,0.0,0.0,13,0.0,0.0,29,0.011965,0.028979,81,0.011965,2021-06-05 19:33,2021-06-10 12:34,4.709,data/derived/control_boxes/gen1_2008_control__L3B-4028-Steele_RTK.laz,data/derived/control_structure/gen1_2008_control__L3B-4028-Steele_RTK.npz,ok,3341,2107,0.0,1.9462
gen1_2008_control,L3B-4040-Steele RTK,470640.79,4880898.186,L3B,MN_SEDriftless_1_2021,ok,141030,44797,0.626736,1.97094,1,0.639646,2.070584,5,0.64716,2.210208,9,0.656296,2.263696,13,0.581756,1.950812,29,0.479945,1.615442,81,0.176351,2021-06-05 18:15,2021-06-05 18:16,0.0,data/derived/control_boxes/gen1_2008_control__L3B-4040-Steele_RTK.laz,data/derived/control_structure/gen1_2008_control__L3B-4040-Steele_RTK.npz,ok,2931,176,0.0,0.3304
gen1_2008_control,L3B-4044-Steele RTK,479881.827,4888092.956,L3B,MN_SEDriftless_1_2021,ok,128432,95526,0.043213,0.088349,1,0.086339,0.18989,5,0.092591,0.203784,9,0.097582,0.215954,13,0.079961,0.177268,29,0.0689,0.154513,81,0.054369,2021-04-22 18:13,2021-04-22 18:14,0.0,data/derived/control_boxes/gen1_2008_control__L3B-4044-Steele_RTK.laz,data/derived/control_structure/gen1_2008_control__L3B-4044-Steele_RTK.npz,ok,2027,1553,0.0,0.5578
gen1_2008_control,L3B-4048-Steele RTK,481901.326,4885615.698,L3B,MN_SEDriftless_1_2021,ok,152181,34788,0.632888,2.004179,1,0.586514,1.804212,5,0.580098,1.76313,9,0.541322,1.610167,13,0.552396,1.655188,29,0.491316,1.433924,81,0.141572,2021-05-26 23:05,2021-05-26 23:05,0.0,data/derived/control_boxes/gen1_2008_control__L3B-4048-Steele_RTK.laz,data/derived/control_structure/gen1_2008_control__L3B-4048-Steele_RTK.npz,ok,2575,267,0.0,1.6732
gen1_2008_control,L3B-4053-Steele RTK,475534.204,4888532.16,L3B,MN_SEDriftless_1_2021,ok,186294,80222,0.0,0.0,1,0.088973,0.217472,5,0.089286,0.213019,9,0.124856,0.312147,13,0.124367,0.314364,29,0.066207,0.163808,81,0.124856,2021-04-22 17:58,2021-04-22 18:13,0.01,data/derived/control_boxes/gen1_2008_control__L3B-4053-Steele_RTK.laz,data/derived/control_structure/gen1_2008_control__L3B-4053-Steele_RTK.npz,ok,3389,1453,0.0,1.0823
gen1_2008_control,L3B-4069-Steele RTK,494681.797,4892311.074,L3B,MN_SEDriftless_1_2021,ok,246333,80427,0.502786,1.397468,1,0.491373,1.354967,5,0.457581,1.236907,9,0.455642,1.226451,13,0.374953,1.010222,29,0.281586,0.748439,81,0.2212,2021-04-22 16:53,2021-05-26 22:30,34.234,data/derived/control_boxes/gen1_2008_control__L3B-4069-Steele_RTK.laz,data/derived/control_structure/gen1_2008_control__L3B-4069-Steele_RTK.npz,ok,5677,566,0.0,0.5217
gen1_2008_control,L3B-4071-Steele RTK,490140.549,4891347.222,L3B,MN_SEDriftless_1_2021,ok,221309,107653,0.0,0.0,1,0.0,0.0,5,0.0,0.0,9,0.001216,0.002452,13,0.004992,0.010423,29,0.014075,0.02989,81,0.014075,2021-04-22 16:52,2021-04-22 17:13,0.014,data/derived/control_boxes/gen1_2008_control__L3B-4071-Steele_RTK.laz,data/derived/control_structure/gen1_2008_control__L3B-4071-Steele_RTK.npz,ok,3270,1474,0.0,2.3365
gen1_2008_control,L3B-4074-Steele RTK,489658.259,4870339.362,L3B,MN_SEDriftless_1_2021,ok,180344,89658,0.005764,0.011561,1,0.014707,0.030353,5,0.010637,0.021842,9,0.008608,0.017618,13,0.008023,0.016394,29,0.012707,0.027406,81,0.008943,2021-05-08 14:08,2021-05-08 14:22,0.01,data/derived/control_boxes/gen1_2008_control__L3B-4074-Steele_RTK.laz,data/derived/control_structure/gen1_2008_control__L3B-4074-Steele_RTK.npz,ok,3389,1422,0.0,0.6091
gen1_2008_control,L3B-4082-Steele RTK,485054.712,4867166.992,L3B,MN_SEDriftless_1_2021,ok,256480,99545,0.0,0.0,1,0.0,0.0,5,0.001017,0.002043,9,0.018726,0.042483,13,0.08911,0.235274,29,0.137105,0.377351,81,0.137105,2021-05-08 14:53,2021-05-08 15:14,0.015,data/derived/control_boxes/gen1_2008_control__L3B-4082-Steele_RTK.laz,data/derived/control_structure/gen1_2008_control__L3B-4082-Steele_RTK.npz,ok,2973,2085,0.0,0.9972
gen1_2008_control,L3B-4086-Steele RTK,478423.435,4869525.288,L3B,MN_SEDriftless_1_2021,ok,233214,93038,0.164185,0.358695,1,0.139834,0.307631,5,0.132682,0.291666,9,0.125913,0.27974,13,0.09931,0.220771,28,0.09163,0.20774,74,0.072555,2021-05-08 14:19,2021-05-08 14:43,0.016,data/derived/control_boxes/gen1_2008_control__L3B-4086-Steele_RTK.laz,data/derived/control_structure/gen1_2008_control__L3B-4086-Steele_RTK.npz,ok,4444,1887,0.0,0.2424
gen1_2008_control,L3B-4088-Steele RTK,475514.871,4868703.262,L3B,MN_SEDriftless_1_2021,ok,133773,68287,0.016414,0.0331,1,0.137966,0.335414,5,0.135659,0.3492,9,0.171056,0.43076,13,0.186863,0.463298,29,0.210157,0.548112,81,0.193743,2021-05-08 14:43,2021-05-08 14:43,0.0,data/derived/control_boxes/gen1_2008_control__L3B-4088-Steele_RTK.laz,data/derived/control_structure/gen1_2008_control__L3B-4088-Steele_RTK.npz,ok,2251,1200,0.0,3.4881
gen1_2008_control,L3B-4092-Steele RTK,471241.7,4871211.839,L3B,MN_SEDriftless_1_2021,ok,134477,65622,0.101364,0.213754,1,0.144955,0.327418,5,0.137871,0.308986,9,0.19453,0.5377,13,0.292979,0.851795,29,0.326551,0.950342,81,0.225187,2021-05-08 14:11,2021-05-08 14:12,0.0,data/derived/control_boxes/gen1_2008_control__L3B-4092-Steele_RTK.laz,data/derived/control_structure/gen1_2008_control__L3B-4092-Steele_RTK.npz,ok,1830,1312,0.0,3.888
gen1_2008_control,L3B-4095-Steele RTK,481862.064,4859937.727,L3B,MN_SEDriftless_1_2021,ok,206731,123718,0.0,0.0,1,0.052095,0.1207,5,0.052797,0.118639,9,0.057415,0.13081,13,0.072416,0.165902,29,0.060977,0.138818,81,0.072416,2021-05-08 16:51,2021-05-08 17:02,0.008,data/derived/control_boxes/gen1_2008_control__L3B-4095-Steele_RTK.laz,data/derived/control_structure/gen1_2008_control__L3B-4095-Steele_RTK.npz,ok,3393,2207,0.0,1.7278
gen1_2008_control,L3B-4097-Steele RTK,484699.794,4863065.532,L3B,MN_SEDriftless_1_2021,ok,246085,117300,0.177709,0.391323,1,0.174104,0.388896,5,0.168391,0.38227,9,0.187947,0.427673,13,0.179475,0.412809,29,0.17738,0.416747,81,0.019556,2021-05-08 15:58,2021-05-08 16:19,0.015,data/derived/control_boxes/gen1_2008_control__L3B-4097-Steele_RTK.laz,data/derived/control_structure/gen1_2008_control__L3B-4097-Steele_RTK.npz,ok,4420,1505,0.0,0.7502
gen1_2008_control,L3B-4109-Steele RTK,467371.673,4861045.741,L3B,MN_SEDriftless_1_2021,ok,229838,87212,0.22009,0.497152,1,0.123644,0.270162,5,0.102571,0.224448,9,0.079515,0.172996,13,0.066771,0.146051,29,0.057504,0.124462,79,0.162586,2021-05-08 16:27,2021-05-08 16:55,0.019,data/derived/control_boxes/gen1_2008_control__L3B-4109-Steele_RTK.laz,data/derived/control_structure/gen1_2008_control__L3B-4109-Steele_RTK.npz,ok,4142,1158,0.0,0.233
gen1_2008_control,L3B-4113-Steele RTK,489946.169,4859776.674,L3B,MN_SEDriftless_1_2021,ok,130074,93490,0.048095,0.098581,1,0.066512,0.138958,5,0.085586,0.180856,9,0.086543,0.183131,13,0.088943,0.187853,29,0.089421,0.1909,81,0.041326,2021-05-08 16:50,2021-05-08 17:04,0.01,data/derived/control_boxes/gen1_2008_control__L3B-4113-Steele_RTK.laz,data/derived/control_structure/gen1_2008_control__L3B-4113-Steele_RTK.npz,ok,1823,1465,0.0,1.6687
gen1_2008_control,L3B-4143-Steele RTK,481012.512,4871157.931,L3B,MN_SEDriftless_1_2021,ok,117845,76717,0.0,0.0,1,0.078001,0.197722,5,0.093572,0.242275,9,0.099049,0.258446,13,0.111418,0.287324,29,0.122237,0.32909,81,0.122237,2021-05-08 14:09,2021-05-08 14:10,0.0,data/derived/control_boxes/gen1_2008_control__L3B-4143-Steele_RTK.laz,data/derived/control_structure/gen1_2008_control__L3B-4143-Steele_RTK.npz,ok,1713,1316,0.0,2.0357
gen1_2008_control,L3B-4144-Steele RTK,469013.437,4879604.918,L3B,MN_SEDriftless_1_2021,ok,254577,86825,0.0,0.0,1,0.025405,0.05434,5,0.062793,0.158289,9,0.060292,0.146384,13,0.105274,0.302867,29,0.126537,0.393178,81,0.126537,2021-06-05 18:25,2021-06-05 18:57,0.022,data/derived/control_boxes/gen1_2008_control__L3B-4144-Steele_RTK.laz,data/derived/control_structure/gen1_2008_control__L3B-4144-Steele_RTK.npz,ok,3496,1376,0.0,2.7237
gen1_2008_control,L4F-4007-Steele RTK,491388.646,4870419.009,L4F,MN_SEDriftless_1_2021,ok,459578,75641,0.441089,1.163532,1,0.453339,1.210331,5,0.450699,1.201795,9,0.461563,1.242917,13,0.478172,1.314133,29,0.486611,1.352691,81,0.045522,2021-05-08 14:07,2021-05-08 14:22,0.01,data/derived/control_boxes/gen1_2008_control__L4F-4007-Steele_RTK.laz,data/derived/control_structure/gen1_2008_control__L4F-4007-Steele_RTK.npz,ok,8006,1152,0.0,2.1616
gen1_2008_control,L4F-4020-Steele RTK,481926.258,4878241.139,L4F,MN_SEDriftless_1_2021,ok,283907,43166,0.435498,1.143624,1,0.507212,1.447846,5,0.549363,1.65481,9,0.573155,1.773511,13,0.620462,2.071487,29,0.584178,1.952651,81,0.184964,2021-06-05 18:53,2021-06-05 19:09,0.011,data/derived/control_boxes/gen1_2008_control__L4F-4020-Steele_RTK.laz,data/derived/control_structure/gen1_2008_control__L4F-4020-Steele_RTK.npz,ok,3905,326,0.0,0.7543
gen1_2008_control,L4F-4021-Steele RTK,488233.169,4877243.85,L4F,MN_SEDriftless_1_2021,ok,274944,73492,0.40396,1.034896,1,0.456881,1.280001,5,0.42899,1.196838,9,0.449306,1.383451,13,0.493999,1.521062,29,0.480782,1.440768,81,0.090039,2021-06-05 19:10,2021-06-05 19:33,0.016,data/derived/control_boxes/gen1_2008_control__L4F-4021-Steele_RTK.laz,data/derived/control_structure/gen1_2008_control__L4F-4021-Steele_RTK.npz,ok,4673,750,0.0,1.9308
gen1_2008_control,L4F-4032-Steele RTK,473894.224,4881001.922,L4F,MN_SEDriftless_1_2021,ok,138593,41249,0.442781,1.169596,1,0.462886,1.292169,5,0.445343,1.238852,9,0.431158,1.196773,13,0.441993,1.371625,29,0.357157,1.091996,81,0.105729,2021-06-05 18:15,2021-06-05 18:15,0.0,data/derived/control_boxes/gen1_2008_control__L4F-4032-Steele_RTK.laz,data/derived/control_structure/gen1_2008_control__L4F-4032-Steele_RTK.npz,ok,3161,184,0.0,3.7725
gen1_2008_control,L4F-4047-Steele RTK,481487.987,4885726.884,L4F,MN_SEDriftless_1_2021,ok,145810,25456,0.507369,1.415991,1,0.578654,1.764245,5,0.594068,1.917682,9,0.599981,1.929427,13,0.618163,2.08359,29,0.612599,2.081468,81,0.110794,2021-05-26 23:05,2021-05-26 23:05,0.0,data/derived/control_boxes/gen1_2008_control__L4F-4047-Steele_RTK.laz,data/derived/control_structure/gen1_2008_control__L4F-4047-Steele_RTK.npz,ok,2973,256,0.0,4.7148
gen1_2008_control,L4F-4056-Steele RTK,475620.615,4890586.493,L4F,MN_SEDriftless_1_2021,ok,129397,102396,0.193304,0.429616,1,0.113463,0.24714,5,0.111223,0.241176,9,0.122463,0.266683,13,0.118258,0.262394,29,0.107477,0.241168,81,0.085827,2021-04-22 17:16,2021-04-22 17:31,0.011,data/derived/control_boxes/gen1_2008_control__L4F-4056-Steele_RTK.laz,data/derived/control_structure/gen1_2008_control__L4F-4056-Steele_RTK.npz,ok,2524,1307,0.0,2.6866
gen1_2008_control,L4F-4067-Steele RTK,494710.57,4886252.5,L4F,MN_SEDriftless_1_2021,ok,303134,79238,0.844926,3.727699,1,0.811761,3.447944,5,0.806638,3.420639,9,0.778959,3.16201,13,0.71334,2.936953,29,0.602473,2.616965,81,0.242453,2021-05-26 22:47,2021-05-26 23:08,0.014,data/derived/control_boxes/gen1_2008_control__L4F-4067-Steele_RTK.laz,data/derived/control_structure/gen1_2008_control__L4F-4067-Steele_RTK.npz,ok,6833,177,0.0,1.4828
gen1_2008_control,L4F-4079-Steele RTK,482849.895,4872809.176,L4F,MN_SEDriftless_1_2021,ok,182557,33779,0.404542,1.036848,1,0.434455,1.27976,5,0.526267,1.736482,9,0.500773,1.641942,13,0.558298,1.908346,29,0.513445,1.853496,81,0.153756,2021-06-05 21:07,2021-06-05 21:07,0.0,data/derived/control_boxes/gen1_2008_control__L4F-4079-Steele_RTK.laz,data/derived/control_structure/gen1_2008_control__L4F-4079-Steele_RTK.npz,ok,2828,425,0.0,2.2134
gen1_2008_control,L4F-4090-Steele RTK,474241.871,4873528.86,L4F,MN_SEDriftless_1_2021,ok,328702,64818,0.016462,0.033198,1,0.02693,0.055385,5,0.053589,0.121121,9,0.081155,0.192447,13,0.216037,0.678191,29,0.335967,1.198675,81,0.319505,2021-06-05 20:41,2021-06-05 21:09,0.02,data/derived/control_boxes/gen1_2008_control__L4F-4090-Steele_RTK.laz,data/derived/control_structure/gen1_2008_control__L4F-4090-Steele_RTK.npz,ok,3602,1366,0.0,2.2161
gen1_2008_control,L4F-4101-Steele RTK,480195.608,4857438.494,L4F,MN_SEDriftless_1_2021,ok,122182,60163,0.0,0.0,1,0.0,0.0,5,0.0,0.0,9,0.0,0.0,13,0.035403,0.083905,29,0.079372,0.196898,81,0.079372,2021-05-08 17:42,2021-05-08 17:42,0.0,data/derived/control_boxes/gen1_2008_control__L4F-4101-Steele_RTK.laz,data/derived/control_structure/gen1_2008_control__L4F-4101-Steele_RTK.npz,ok,1478,1135,0.0,0.306
gen1_2008_control,L4F-4106-Steele RTK,472190.92,4858182.282,L4F,MN_SEDriftless_1_2021,ok,155942,69160,0.187898,0.416259,1,0.214029,0.520891,5,0.24642,0.600757,9,0.264874,0.669991,13,0.284455,0.733239,29,0.235219,0.59511,81,0.096557,2021-05-08 17:26,2021-05-08 17:26,0.0,data/derived/control_boxes/gen1_2008_control__L4F-4106-Steele_RTK.laz,data/derived/control_structure/gen1_2008_control__L4F-4106-Steele_RTK.npz,ok,2847,1270,0.0,7.0568
gen1_2008_control,L4F-4108-Steele RTK,470521.652,4858358.126,L4F,MN_SEDriftless_1_2021,ok,182353,74542,0.366313,0.9124,1,0.283848,0.70439,5,0.28985,0.730512,9,0.283313,0.712585,13,0.282034,0.714652,29,0.249924,0.634004,81,0.116389,2021-05-08 17:26,2021-05-08 17:27,0.0,data/derived/control_boxes/gen1_2008_control__L4F-4108-Steele_RTK.laz,data/derived/control_structure/gen1_2008_control__L4F-4108-Steele_RTK.npz,ok,3336,1235,0.0,0.6716
gen1_2008_control,L4F-4116-Steele RTK,493326.268,4856763.747,L4F,MN_SEDriftless_1_2021,ok,333143,87377,0.159313,0.347072,1,0.188748,0.464261,5,0.217871,0.575818,9,0.214995,0.565233,13,0.21891,0.605355,29,0.253849,0.737123,81,0.094536,2021-05-08 17:45,2021-05-08 18:03,0.012,data/derived/control_boxes/gen1_2008_control__L4F-4116-Steele_RTK.laz,data/derived/control_structure/gen1_2008_control__L4F-4116-Steele_RTK.npz,ok,5909,1556,0.0,2.0245
gen1_2008_control,L5U-4002-Steele RTK,492139.692,4865825.168,L5U,MN_SEDriftless_1_2021,ok,118185,57407,0.0,0.0,1,0.05603,0.131486,5,0.06524,0.148837,9,0.124299,0.325369,13,0.195236,0.61886,29,0.278684,0.846621,81,0.278684,2021-05-08 15:27,2021-05-08 15:27,0.0,data/derived/control_boxes/gen1_2008_control__L5U-4002-Steele_RTK.laz,data/derived/control_structure/gen1_2008_control__L5U-4002-Steele_RTK.npz,ok,1728,1119,0.0,1.071
gen1_2008_control,L5U-4008-Steele RTK,481908.552,4881661.638,L5U,MN_SEDriftless_1_2021,ok,93190,31993,0.0,0.0,1,0.0,0.0,5,0.0,0.0,9,0.0,0.0,13,0.009721,0.020423,29,0.072218,0.218144,81,0.072218,2021-06-05 17:48,2021-06-05 17:48,0.0,data/derived/control_boxes/gen1_2008_control__L5U-4008-Steele_RTK.laz,data/derived/control_structure/gen1_2008_control__L5U-4008-Steele_RTK.npz,ok,1482,966,0.0,0.1061
gen1_2008_control,L5U-4017-Steele RTK,488448.825,4879234.973,L5U,MN_SEDriftless_1_2021,ok,256022,75617,0.535918,1.535387,1,0.344145,0.958529,5,0.297019,0.854929,9,0.256551,0.722402,13,0.216771,0.584192,29,0.244312,0.697405,81,0.319147,2021-06-05 18:30,2021-06-05 18:52,0.016,data/derived/control_boxes/gen1_2008_control__L5U-4017-Steele_RTK.laz,data/derived/control_structure/gen1_2008_control__L5U-4017-Steele_RTK.npz,ok,5128,1309,0.0,0.4824
gen1_2008_control,L5U-4025-Steele RTK,480023.666,4881856.65,L5U,MN_SEDriftless_1_2021,ok,98829,36646,0.0,0.0,1,0.0,0.0,5,0.0,0.0,9,0.0,0.0,13,0.004413,0.009356,29,0.053133,0.148521,81,0.053133,2021-06-05 17:48,2021-06-05 17:48,0.0,data/derived/control_boxes/gen1_2008_control__L5U-4025-Steele_RTK.laz,data/derived/control_structure/gen1_2008_control__L5U-4025-Steele_RTK.npz,ok,1532,1079,0.0,1.7829
gen1_2008_control,L5U-4035-Steele RTK,469180.116,4880110.626,L5U,MN_SEDriftless_1_2021,ok,115281,34672,0.0,0.0,1,0.050507,0.116427,5,0.101876,0.244987,9,0.127664,0.378486,13,0.188475,0.583138,29,0.226428,0.655469,81,0.226428,2021-06-05 18:25,2021-06-05 18:26,0.0,data/derived/control_boxes/gen1_2008_control__L5U-4035-Steele_RTK.laz,data/derived/control_structure/gen1_2008_control__L5U-4035-Steele_RTK.npz,ok,1787,763,0.0,0.9896
gen1_2008_control,L5U-4039-Steele RTK,469037.363,4880102.931,L5U,MN_SEDriftless_1_2021,ok,107334,49294,0.0,0.0,1,0.0,0.0,5,0.017453,0.037972,9,0.012083,0.026288,13,0.060498,0.177631,29,0.053911,0.148865,81,0.060498,2021-06-05 18:25,2021-06-05 18:26,0.0,data/derived/control_boxes/gen1_2008_control__L5U-4039-Steele_RTK.laz,data/derived/control_structure/gen1_2008_control__L5U-4039-Steele_RTK.npz,ok,1574,974,0.0,1.2459
gen1_2008_control,L5U-4042-Steele RTK,479005.28,4890786.686,L5U,MN_SEDriftless_1_2021,ok,105346,69418,0.0,0.0,1,0.000435,0.000871,5,0.018452,0.038885,9,0.012774,0.02692,13,0.008318,0.017373,29,0.00674,0.01395,81,0.018452,2021-04-22 17:15,2021-04-22 17:15,0.0,data/derived/control_boxes/gen1_2008_control__L5U-4042-Steele_RTK.laz,data/derived/control_structure/gen1_2008_control__L5U-4042-Steele_RTK.npz,ok,1585,1133,0.0,0.977
gen1_2008_control,L5U-4043-Steele RTK,480280.189,4891176.284,L5U,MN_SEDriftless_1_2021,ok,185438,75161,0.047696,0.097742,1,0.062763,0.132272,5,0.129906,0.334782,9,0.113688,0.284053,13,0.102717,0.251284,29,0.067756,0.163106,81,0.08221,2021-04-22 16:51,2021-04-22 17:15,0.017,data/derived/control_boxes/gen1_2008_control__L5U-4043-Steele_RTK.laz,data/derived/control_structure/gen1_2008_control__L5U-4043-Steele_RTK.npz,ok,3548,1329,0.0,0.5568
gen1_2008_control,L5U-4059-Steele RTK,471603.482,4887061.442,L5U,MN_SEDriftless_1_2021,ok,111252,50605,0.0,0.0,1,0.0,0.0,5,0.01187,0.025106,9,0.022399,0.048732,13,0.069902,0.167862,29,0.212396,0.739733,81,0.212396,2021-05-26 22:52,2021-05-26 22:52,0.0,data/derived/control_boxes/gen1_2008_control__L5U-4059-Steele_RTK.laz,data/derived/control_structure/gen1_2008_control__L5U-4059-Steele_RTK.npz,ok,1613,1264,0.0,0.6787
gen1_2008_control,L5U-4060-Steele RTK,469919.131,4887320.226,L5U,MN_SEDriftless_1_2021,ok,197016,85635,0.0,0.0,1,0.0,0.0,5,0.0,0.0,9,0.0,0.0,13,0.039207,0.11891,29,0.068556,0.215795,81,0.068556,2021-04-22 18:11,2021-05-26 22:52,34.195,data/derived/control_boxes/gen1_2008_control__L5U-4060-Steele_RTK.laz,data/derived/control_structure/gen1_2008_control__L5U-4060-Steele_RTK.npz,ok,3156,1657,0.0,2.6468
gen1_2008_control,L5U-4068-Steele RTK,494766.639,4886069.615,L5U,MN_SEDriftless_1_2021,ok,107058,66550,0.693378,2.364279,1,0.439263,1.244885,5,0.374792,1.091487,9,0.298567,0.864488,13,0.221629,0.61942,29,0.232385,0.647831,81,0.471749,2021-05-26 23:07,2021-05-26 23:08,0.0,data/derived/control_boxes/gen1_2008_control__L5U-4068-Steele_RTK.laz,data/derived/control_structure/gen1_2008_control__L5U-4068-Steele_RTK.npz,ok,2173,600,0.0,1.4412
gen1_2008_control,L5U-4085-Steele RTK,477842.699,4867550.818,L5U,MN_SEDriftless_1_2021,ok,163862,80376,0.0,0.0,1,0.0,0.0,5,0.0,0.0,9,0.010941,0.023603,13,0.043897,0.160101,29,0.060237,0.183672,81,0.060237,2021-05-08 14:51,2021-05-08 15:15,0.017,data/derived/control_boxes/gen1_2008_control__L5U-4085-Steele_RTK.laz,data/derived/control_structure/gen1_2008_control__L5U-4085-Steele_RTK.npz,ok,2163,1683,0.0,0.2852
gen1_2008_control,L5U-4093-Steele RTK,470429.874,4869477.599,L5U,MN_SEDriftless_1_2021,ok,188365,93319,0.0,0.0,1,0.01704,0.03535,5,0.016436,0.033855,9,0.020693,0.043121,13,0.013707,0.028513,29,0.032621,0.077208,81,0.032621,2021-05-08 14:17,2021-05-08 14:44,0.019,data/derived/control_boxes/gen1_2008_control__L5U-4093-Steele_RTK.laz,data/derived/control_structure/gen1_2008_control__L5U-4093-Steele_RTK.npz,ok,3028,1909,0.0,3.0601
gen1_2008_control,L5U-4099-Steele RTK,475822.509,4857822.958,L5U,MN_SEDriftless_1_2021,ok,190144,59624,0.0,0.0,1,0.00392,0.007917,5,0.002178,0.004398,9,0.032653,0.072743,13,0.074524,0.178031,29,0.107709,0.345797,81,0.107709,2021-05-08 17:25,2021-05-08 17:42,0.011,data/derived/control_boxes/gen1_2008_control__L5U-4099-Steele_RTK.laz,data/derived/control_structure/gen1_2008_control__L5U-4099-Steele_RTK.npz,ok,2899,1537,0.0,2.3956
gen1_2008_control,L5U-4102-Steele RTK,483505.916,4857402.82,L5U,MN_SEDriftless_1_2021,ok,110964,51547,0.0,0.0,1,0.0,0.0,5,0.001586,0.003188,9,0.016208,0.034238,13,0.074169,0.180075,29,0.177197,0.489954,81,0.177197,2021-05-08 17:43,2021-05-08 17:43,0.0,data/derived/control_boxes/gen1_2008_control__L5U-4102-Steele_RTK.laz,data/derived/control_structure/gen1_2008_control__L5U-4102-Steele_RTK.npz,ok,1473,1069,0.0,0.9621
gen1_2008_control,L2T-6102 Wabasha RTK,585047.334,4896232.695,L2T,MN_SEDriftless_2_2021,ok,231196,102453,0.0,0.0,1,0.002759,0.005538,5,0.013489,0.028316,9,0.010037,0.021004,13,0.008008,0.016631,29,0.008323,0.017815,81,0.013489,2021-05-01 18:00,2021-05-01 18:25,0.018,data/derived/control_boxes/gen1_2008_control__L2T-6102_Wabasha_RTK.laz,data/derived/control_structure/gen1_2008_control__L2T-6102_Wabasha_RTK.npz,ok,3117,1886,0.0,2.7385
gen1_2008_control,L4F-6133 Wabasha RTK,536140.96,4910929.432,L4F,MN_SEDriftless_2_2021,ok,192576,40879,0.230341,0.523615,1,0.201762,0.5217,5,0.212528,0.557641,9,0.203585,0.525035,13,0.200112,0.512723,29,0.19809,0.508744,81,0.032251,2021-05-01 19:19,2021-05-01 19:19,0.0,data/derived/control_boxes/gen1_2008_control__L4F-6133_Wabasha_RTK.laz,data/derived/control_structure/gen1_2008_control__L4F-6133_Wabasha_RTK.npz,ok,3040,629,0.0,2.6772
gen1_2008_control,L2T-6165 Wabasha RTK,563723.107,4917806.174,L2T,MN_SEDriftless_2_2021,ok,113184,99055,0.0,0.0,1,0.0,0.0,5,0.0,0.0,9,0.0,0.0,13,0.0,0.0,29,0.0,0.0,81,0.0,2021-05-01 17:41,2021-05-01 17:53,0.009,data/derived/control_boxes/gen1_2008_control__L2T-6165_Wabasha_RTK.laz,data/derived/control_structure/gen1_2008_control__L2T-6165_Wabasha_RTK.npz,ok,1748,1589,0.0,3.4386
gen1_2008_control,L3B-6146 Wabasha RTK,536280.969,4897591.693,L3B,MN_SEDriftless_2_2021,ok,118665,47316,0.253326,0.584253,1,0.153619,0.339021,5,0.126128,0.280839,9,0.109102,0.240188,13,0.080847,0.179629,29,0.064775,0.142506,81,0.188551,2021-05-01 18:43,2021-05-01 18:44,0.0,data/derived/control_boxes/gen1_2008_control__L3B-6146_Wabasha_RTK.laz,data/derived/control_structure/gen1_2008_control__L3B-6146_Wabasha_RTK.npz,ok,2230,532,0.0,3.5558
gen1_2008_control,L3B-6108 Wabasha RTK,583282.496,4907198.718,L3B,MN_SEDriftless_2_2021,ok,132920,63547,0.233304,0.531331,1,0.214087,0.504111,5,0.204576,0.479773,9,0.191638,0.452429,13,0.210073,0.497906,29,0.239216,0.586171,81,0.047578,2021-05-02 14:44,2021-05-02 14:44,0.0,data/derived/control_boxes/gen1_2008_control__L3B-6108_Wabasha_RTK.laz,data/derived/control_structure/gen1_2008_control__L3B-6108_Wabasha_RTK.npz,ok,2362,953,0.0,2.1624
gen1_2008_control,L3B-6140 Wabasha RTK,546430.359,4904591.986,L3B,MN_SEDriftless_2_2021,ok,104456,68065,0.366068,0.911629,1,0.280757,0.731583,5,0.24541,0.62587,9,0.21186,0.531694,13,0.139614,0.338604,29,0.067784,0.1606,81,0.298284,2021-05-02 15:29,2021-05-02 15:29,0.0,data/derived/control_boxes/gen1_2008_control__L3B-6140_Wabasha_RTK.laz,data/derived/control_structure/gen1_2008_control__L3B-6140_Wabasha_RTK.npz,ok,2999,749,0.0,7.614
gen1_2008_control,L4F-6174 Wabasha RTK,555849.067,4908504.927,L4F,MN_SEDriftless_2_2021,ok,130451,50965,0.0,0.0,1,0.021773,0.046105,5,0.024655,0.052268,9,0.0488,0.118012,13,0.073286,0.180659,29,0.084623,0.202507,81,0.084623,2021-05-01 20:14,2021-05-01 20:15,0.0,data/derived/control_boxes/gen1_2008_control__L4F-6174_Wabasha_RTK.laz,data/derived/control_structure/gen1_2008_control__L4F-6174_Wabasha_RTK.npz,ok,1735,967,0.0,5.5344
gen1_2008_control,L3B-6134 Wabasha RTK,536142.025,4910237.247,L3B,MN_SEDriftless_2_2021,ok,138779,61562,0.410376,1.056541,1,0.381198,1.006867,5,0.303903,0.781147,9,0.280583,0.729097,13,0.219385,0.573301,29,0.165959,0.436116,81,0.244417,2021-05-01 19:47,2021-05-01 19:48,0.0,data/derived/control_boxes/gen1_2008_control__L3B-6134_Wabasha_RTK.laz,data/derived/control_structure/gen1_2008_control__L3B-6134_Wabasha_RTK.npz,ok,4115,697,0.0,2.3474
gen1_2008_control,L4F-6150 Wabasha RTK,560427.933,4901405.052,L4F,MN_SEDriftless_2_2021,ok,153725,72720,0.079813,0.166358,1,0.089752,0.191526,5,0.085915,0.185085,9,0.107147,0.237762,13,0.132931,0.305883,29,0.140022,0.328686,81,0.060209,2021-05-02 16:12,2021-05-02 16:12,0.0,data/derived/control_boxes/gen1_2008_control__L4F-6150_Wabasha_RTK.laz,data/derived/control_structure/gen1_2008_control__L4F-6150_Wabasha_RTK.npz,ok,2199,1067,0.0,0.8051
gen1_2008_control,L3B-6179 Wabasha RTK,563829.121,4908923.108,L3B,MN_SEDriftless_2_2021,ok,239943,73489,0.127931,0.273774,1,0.204972,0.514332,5,0.26823,0.812974,9,0.251277,0.75853,13,0.210317,0.623088,29,0.117453,0.322872,81,0.150777,2021-05-01 19:58,2021-05-01 20:13,0.01,data/derived/control_boxes/gen1_2008_control__L3B-6179_Wabasha_RTK.laz,data/derived/control_structure/gen1_2008_control__L3B-6179_Wabasha_RTK.npz,ok,4057,1194,0.0,1.55
gen1_2008_control,L5U-6128 Wabasha RTK,536241.127,4902020.862,L5U,MN_SEDriftless_2_2021,ok,251929,88332,0.063245,0.130667,1,0.021307,0.043836,5,0.013595,0.027897,9,0.010231,0.02096,13,0.039035,0.092941,29,0.082534,0.219965,81,0.072303,2021-05-02 16:02,2021-05-02 16:07,0.003,data/derived/control_boxes/gen1_2008_control__L5U-6128_Wabasha_RTK.laz,data/derived/control_structure/gen1_2008_control__L5U-6128_Wabasha_RTK.npz,ok,3259,1622,0.0,0.289
gen1_2008_control,L3B-6192 Wabasha RTK,568615.176,4908731.727,L3B,MN_SEDriftless_2_2021,ok,409114,59216,0.023454,0.047467,1,0.136368,0.320751,5,0.183418,0.429576,9,0.179964,0.417097,13,0.216794,0.511666,29,0.270706,0.655395,81,0.247252,2021-05-01 19:59,2021-05-01 20:12,0.009,data/derived/control_boxes/gen1_2008_control__L3B-6192_Wabasha_RTK.laz,data/derived/control_structure/gen1_2008_control__L3B-6192_Wabasha_RTK.npz,ok,5469,750,0.0,2.0147
gen1_2008_control,L3B-6149 Wabasha RTK,561861.457,4901697.411,L3B,MN_SEDriftless_2_2021,ok,149242,62715,0.281368,0.660812,1,0.313804,0.757732,5,0.310643,0.751728,9,0.322157,0.785146,13,0.327268,0.803707,29,0.252621,0.617636,81,0.074647,2021-05-02 16:12,2021-05-02 16:12,0.0,data/derived/control_boxes/gen1_2008_control__L3B-6149_Wabasha_RTK.laz,data/derived/control_structure/gen1_2008_control__L3B-6149_Wabasha_RTK.npz,ok,3475,995,0.0,5.1899
gen1_2008_control,L5U-6129 Wabasha RTK,536177.981,4902408.601,L5U,MN_SEDriftless_2_2021,ok,102630,62082,0.0,0.0,1,0.028857,0.059946,5,0.05365,0.125156,9,0.066638,0.158071,13,0.107397,0.363813,29,0.075299,0.230882,81,0.107397,2021-05-02 16:02,2021-05-02 16:03,0.0,data/derived/control_boxes/gen1_2008_control__L5U-6129_Wabasha_RTK.laz,data/derived/control_structure/gen1_2008_control__L5U-6129_Wabasha_RTK.npz,ok,1640,1152,0.0,1.8146
gen1_2008_control,L2T-6135 Wabasha RTK,544580.251,4912860.624,L2T,MN_SEDriftless_2_2021,ok,130182,66914,0.0,0.0,1,0.0,0.0,5,0.0,0.0,9,0.0,0.0,13,0.0,0.0,29,0.0,0.0,81,0.0,2021-05-01 18:49,2021-05-01 19:13,0.016,data/derived/control_boxes/gen1_2008_control__L2T-6135_Wabasha_RTK.laz,data/derived/control_structure/gen1_2008_control__L2T-6135_Wabasha_RTK.npz,ok,1854,1034,0.0,1.2107
gen1_2008_control,L2T-6130 Wabasha RTK,537348.62,4912740.013,L2T,MN_SEDriftless_2_2021,ok,216801,90879,0.0,0.0,1,0.0,0.0,5,0.0,0.0,9,0.0,0.0,13,0.0,0.0,29,0.0,0.0,81,0.0,2021-05-01 18:48,2021-05-01 19:14,0.018,data/derived/control_boxes/gen1_2008_control__L2T-6130_Wabasha_RTK.laz,data/derived/control_structure/gen1_2008_control__L2T-6130_Wabasha_RTK.npz,ok,3345,1475,0.0,2.8917
gen1_2008_control,L3B-6170 Wabasha RTK,546457.767,4920177.845,L3B,MN_SEDriftless_2_2021,ok,143442,86086,0.204864,0.458483,1,0.169213,0.378256,5,0.146818,0.331446,9,0.154939,0.358683,13,0.17301,0.4263,29,0.140603,0.362773,81,0.064261,2021-05-01 17:22,2021-05-01 17:22,0.0,data/derived/control_boxes/gen1_2008_control__L3B-6170_Wabasha_RTK.laz,data/derived/control_structure/gen1_2008_control__L3B-6170_Wabasha_RTK.npz,ok,2595,1523,0.0,2.3448
gen1_2008_control,L3B-6173 Wabasha RTK,554999.461,4909468.066,L3B,MN_SEDriftless_2_2021,ok,162469,61142,0.223729,0.506506,1,0.257482,0.597246,5,0.269375,0.63719,9,0.23151,0.540506,13,0.168363,0.393122,29,0.137123,0.3253,81,0.132252,2021-05-01 19:43,2021-05-01 19:56,0.009,data/derived/control_boxes/gen1_2008_control__L3B-6173_Wabasha_RTK.laz,data/derived/control_structure/gen1_2008_control__L3B-6173_Wabasha_RTK.npz,ok,4030,823,0.0,8.5419
gen1_2008_control,L2T-6107 Wabasha RTK,582956.826,4907116.642,L2T,MN_SEDriftless_2_2021,ok,110272,87537,0.0,0.0,1,0.0,0.0,5,0.0,0.0,9,0.0,0.0,13,0.0,0.0,29,0.0,0.0,81,0.0,2021-05-02 14:44,2021-05-02 14:50,0.005,data/derived/control_boxes/gen1_2008_control__L2T-6107_Wabasha_RTK.laz,data/derived/control_structure/gen1_2008_control__L2T-6107_Wabasha_RTK.npz,ok,1480,1285,0.0,0.0908
gen1_2008_control,L3B-6198 Wabasha RTK,578676.269,4904603.405,L3B,MN_SEDriftless_2_2021,ok,199445,45655,0.335312,0.816875,1,0.294882,0.742678,5,0.262438,0.674223,9,0.24195,0.615087,13,0.228639,0.593683,29,0.223478,0.57602,81,0.111834,2021-05-02 15:22,2021-05-02 15:22,0.0,data/derived/control_boxes/gen1_2008_control__L3B-6198_Wabasha_RTK.laz,data/derived/control_structure/gen1_2008_control__L3B-6198_Wabasha_RTK.npz,ok,3743,732,0.0,9.3507
gen1_2008_control,L1O-6153 Wabasha RTK,560171.988,4905866.989,L1O,MN_SEDriftless_2_2021,ok,205253,111245,0.0,0.0,1,0.0,0.0,5,0.0,0.0,9,0.0,0.0,13,0.0,0.0,29,0.0,0.0,81,0.0,2021-05-02 14:55,2021-05-02 15:10,0.01,data/derived/control_boxes/gen1_2008_control__L1O-6153_Wabasha_RTK.laz,data/derived/control_structure/gen1_2008_control__L1O-6153_Wabasha_RTK.npz,ok,2979,1895,0.0,2.2167
gen1_2008_control,L2T-6138 Wabasha RTK,546477.28,4904533.243,L2T,MN_SEDriftless_2_2021,ok,123916,64530,0.455534,1.215901,1,0.363977,0.917974,5,0.319525,0.801412,9,0.277041,0.690199,13,0.205652,0.505372,29,0.138309,0.338532,81,0.317225,2021-05-02 15:29,2021-05-02 15:29,0.0,data/derived/control_boxes/gen1_2008_control__L2T-6138_Wabasha_RTK.laz,data/derived/control_structure/gen1_2008_control__L2T-6138_Wabasha_RTK.npz,ok,3035,759,0.0,2.1065
gen1_2008_control,L4F-6171 Wabasha RTK,548561.906,4916954.108,L4F,MN_SEDriftless_2_2021,ok,147990,80360,0.261715,0.606851,1,0.32712,0.795741,5,0.32562,0.790741,9,0.312454,0.759042,13,0.301355,0.737286,29,0.209181,0.505181,81,0.117939,2021-05-01 17:50,2021-05-01 17:50,0.0,data/derived/control_boxes/gen1_2008_control__L4F-6171_Wabasha_RTK.laz,data/derived/control_structure/gen1_2008_control__L4F-6171_Wabasha_RTK.npz,ok,3813,1061,0.0,0.9573
gen1_2008_control,L3B-6159 Wabasha RTK,555374.313,4921615.561,L3B,MN_SEDriftless_2_2021,ok,305646,81488,0.295125,0.69947,1,0.315483,0.78329,5,0.304968,0.748289,9,0.288133,0.706853,13,0.257992,0.635206,29,0.220259,0.541464,81,0.095224,2021-05-01 16:57,2021-05-01 17:07,0.006,data/derived/control_boxes/gen1_2008_control__L3B-6159_Wabasha_RTK.laz,data/derived/control_structure/gen1_2008_control__L3B-6159_Wabasha_RTK.npz,ok,8142,1012,0.0,0.2873
gen1_2008_control,L3B-6163 Wabasha RTK,560832.634,4919170.586,L3B,MN_SEDriftless_2_2021,ok,140050,74539,0.1651,0.360885,1,0.209624,0.486222,5,0.238922,0.571017,9,0.23823,0.570742,13,0.238057,0.57976,29,0.211106,0.516159,81,0.073822,2021-05-01 17:30,2021-05-01 17:30,0.0,data/derived/control_boxes/gen1_2008_control__L3B-6163_Wabasha_RTK.laz,data/derived/control_structure/gen1_2008_control__L3B-6163_Wabasha_RTK.npz,ok,2728,877,0.0,2.1812
gen1_2008_control,L4F-6168 Wabasha RTK,545354.915,4922304.654,L4F,MN_SEDriftless_2_2021,ok,139377,77298,0.344934,0.846038,1,0.390207,1.119506,5,0.340074,0.952119,9,0.311387,0.858827,13,0.236637,0.654575,29,0.181944,0.50342,81,0.208263,2021-05-01 17:00,2021-05-01 17:00,0.0,data/derived/control_boxes/gen1_2008_control__L4F-6168_Wabasha_RTK.laz,data/derived/control_structure/gen1_2008_control__L4F-6168_Wabasha_RTK.npz,ok,3909,450,0.0,8.4336
gen1_2008_control,L3B-6103 Wabasha RTK,585052.413,4896285.907,L3B,MN_SEDriftless_2_2021,ok,253088,90664,0.0,0.0,1,0.034137,0.070963,5,0.053324,0.113252,9,0.092944,0.217077,13,0.154475,0.379534,29,0.147321,0.367516,81,0.154475,2021-05-01 18:00,2021-05-01 18:25,0.018,data/derived/control_boxes/gen1_2008_control__L3B-6103_Wabasha_RTK.laz,data/derived/control_structure/gen1_2008_control__L3B-6103_Wabasha_RTK.npz,ok,3365,1085,0.0,13.2474
gen1_2008_control,L1O-6132 Wabasha RTK,536239.909,4909679.814,L1O,MN_SEDriftless_2_2021,ok,186205,98918,0.0,0.0,1,0.0,0.0,5,0.0,0.0,9,0.0,0.0,13,0.0,0.0,29,0.00014,0.000282,81,0.00014,2021-05-01 19:47,2021-05-01 19:52,0.003,data/derived/control_boxes/gen1_2008_control__L1O-6132_Wabasha_RTK.laz,data/derived/control_structure/gen1_2008_control__L1O-6132_Wabasha_RTK.npz,ok,3042,1626,0.0,0.8884
gen1_2008_control,L2T-6143 Wabasha RTK,541303.272,4897971.994,L2T,MN_SEDriftless_2_2021,ok,224142,94441,0.0,0.0,1,0.0,0.0,5,0.0,0.0,9,0.0,0.0,13,0.00421,0.008914,29,0.003203,0.006626,81,0.00421,2021-05-01 18:42,2021-05-01 18:50,0.005,data/derived/control_boxes/gen1_2008_control__L2T-6143_Wabasha_RTK.laz,data/derived/control_structure/gen1_2008_control__L2T-6143_Wabasha_RTK.npz,ok,3157,1584,0.0,0.8993
gen1_2008_control,L4F-6154 Wabasha RTK,572051.427,4892917.559,L4F,MN_SEDriftless_2_2021,ok,172477,48469,0.301714,0.718253,1,0.318934,0.769032,5,0.330533,0.806236,9,0.318494,0.775616,13,0.283246,0.688461,29,0.253879,0.626008,81,0.076654,2021-05-01 17:14,2021-05-01 17:15,0.0,data/derived/control_boxes/gen1_2008_control__L4F-6154_Wabasha_RTK.laz,data/derived/control_structure/gen1_2008_control__L4F-6154_Wabasha_RTK.npz,ok,3645,543,0.0,1.8497
gen1_2008_control,L5U-6160 Wabasha RTK,556896.808,4922574.398,L5U,MN_SEDriftless_2_2021,ok,226238,73249,0.055868,0.114978,1,0.098549,0.221328,5,0.104823,0.256079,9,0.072995,0.178137,13,0.037537,0.089868,29,0.016563,0.039172,81,0.08826,2021-05-01 16:24,2021-05-01 16:57,0.023,data/derived/control_boxes/gen1_2008_control__L5U-6160_Wabasha_RTK.laz,data/derived/control_structure/gen1_2008_control__L5U-6160_Wabasha_RTK.npz,ok,3951,1304,0.0,1.1375
gen1_2008_control,L4F-6139 Wabasha RTK,546526.336,4904495.867,L4F,MN_SEDriftless_2_2021,ok,149516,61192,0.42045,1.091008,1,0.377613,0.953818,5,0.386693,0.985025,9,0.39994,1.028058,13,0.409859,1.062482,29,0.362505,0.934338,81,0.057945,2021-05-02 15:29,2021-05-02 15:29,0.0,data/derived/control_boxes/gen1_2008_control__L4F-6139_Wabasha_RTK.laz,data/derived/control_structure/gen1_2008_control__L4F-6139_Wabasha_RTK.npz,ok,3812,588,0.0,8.451
gen1_2008_control,L2T-6177 Wabasha RTK,562623.768,4909765.197,L2T,MN_SEDriftless_2_2021,ok,209134,82254,0.0,0.0,1,0.0,0.0,5,0.001336,0.002688,9,0.000925,0.001861,13,0.000415,0.000834,29,0.000148,0.000299,81,0.001336,2021-05-01 19:42,2021-05-01 19:58,0.011,data/derived/control_boxes/gen1_2008_control__L2T-6177_Wabasha_RTK.laz,data/derived/control_structure/gen1_2008_control__L2T-6177_Wabasha_RTK.npz,ok,3462,1380,0.0,3.0745
gen1_2008_control,L5U-6152 Wabasha RTK,564525.985,4904265.561,L5U,MN_SEDriftless_2_2021,ok,107272,59253,0.070348,0.145889,1,0.132463,0.36574,5,0.151956,0.433484,9,0.155289,0.458906,13,0.17685,0.49614,29,0.242542,0.742061,81,0.172194,2021-05-02 15:25,2021-05-02 15:25,0.0,data/derived/control_boxes/gen1_2008_control__L5U-6152_Wabasha_RTK.laz,data/derived/control_structure/gen1_2008_control__L5U-6152_Wabasha_RTK.npz,ok,1537,991,0.0,2.7184
gen1_2008_control,L5U-6119 Wabasha RTK,559306.37,4886646.438,L5U,MN_SEDriftless_2_2021,ok,119404,75980,0.015749,0.031749,1,0.056397,0.124999,5,0.135273,0.396127,9,0.095708,0.278387,13,0.086562,0.220374,29,0.065078,0.15773,81,0.119524,2021-05-01 15:48,2021-05-01 15:48,0.0,data/derived/control_boxes/gen1_2008_control__L5U-6119_Wabasha_RTK.laz,data/derived/control_structure/gen1_2008_control__L5U-6119_Wabasha_RTK.npz,ok,1606,1167,0.0,1.7147
gen1_2008_control,L1O-6167 Wabasha RTK,546033.08,4922215.528,L1O,MN_SEDriftless_2_2021,ok,120959,71773,0.0,0.0,1,0.0,0.0,5,0.0,0.0,9,0.0,0.0,13,0.0,0.0,29,0.023889,0.055859,81,0.023889,2021-05-01 17:00,2021-05-01 17:00,0.0,data/derived/control_boxes/gen1_2008_control__L1O-6167_Wabasha_RTK.laz,data/derived/control_structure/gen1_2008_control__L1O-6167_Wabasha_RTK.npz,ok,1829,1262,0.0,1.951
gen1_2008_control,L4F-6156 Wabasha RTK,556012.306,4920799.134,L4F,MN_SEDriftless_2_2021,ok,148860,59611,0.39603,1.008461,1,0.371273,0.962367,5,0.38313,0.992697,9,0.385194,1.000338,13,0.34933,0.899022,29,0.279498,0.710028,81,0.116532,2021-05-01 17:07,2021-05-01 17:07,0.0,data/derived/control_boxes/gen1_2008_control__L4F-6156_Wabasha_RTK.laz,data/derived/control_structure/gen1_2008_control__L4F-6156_Wabasha_RTK.npz,ok,3538,768,0.0,3.1206
gen1_2008_control,L3B-6115 Wabasha RTK,567383.901,4892189.831,L3B,MN_SEDriftless_2_2021,ok,230300,92898,0.029112,0.059089,1,0.134774,0.317971,5,0.167248,0.394569,9,0.142082,0.328649,13,0.110751,0.249312,29,0.068791,0.150664,81,0.138136,2021-05-01 16:56,2021-05-01 17:14,0.012,data/derived/control_boxes/gen1_2008_control__L3B-6115_Wabasha_RTK.laz,data/derived/control_structure/gen1_2008_control__L3B-6115_Wabasha_RTK.npz,ok,4162,1464,0.0,1.5761
gen1_2008_control,L1O-6110 Wabasha RTK,583640.625,4908720.357,L1O,MN_SEDriftless_2_2021,ok,190848,66418,0.0,0.0,1,0.0,0.0,5,0.0,0.0,9,0.0,0.0,13,0.0,0.0,29,0.0,0.0,81,0.0,2021-05-01 20:02,2021-05-01 20:09,0.005,data/derived/control_boxes/gen1_2008_control__L1O-6110_Wabasha_RTK.laz,data/derived/control_structure/gen1_2008_control__L1O-6110_Wabasha_RTK.npz,ok,2652,1213,0.0,0.8143
gen1_2008_control,L5U-6162 Wabasha RTK,558537.849,4922091.122,L5U,MN_SEDriftless_2_2021,ok,113171,33628,0.0,0.0,1,0.005144,0.010423,5,0.021309,0.044423,9,0.02941,0.063123,13,0.058887,0.16504,29,0.087782,0.237428,81,0.087782,2021-05-01 16:57,2021-05-01 16:57,0.0,data/derived/control_boxes/gen1_2008_control__L5U-6162_Wabasha_RTK.laz,data/derived/control_structure/gen1_2008_control__L5U-6162_Wabasha_RTK.npz,ok,1749,692,0.0,3.7539
gen1_2008_control,L4F-6193 Wabasha RTK,568655.901,4909311.351,L4F,MN_SEDriftless_2_2021,ok,119925,52125,0.20397,0.456237,1,0.190316,0.443392,5,0.183088,0.419163,9,0.177385,0.407721,13,0.149444,0.339664,29,0.110666,0.248652,81,0.093304,2021-05-01 19:59,2021-05-01 19:59,0.0,data/derived/control_boxes/gen1_2008_control__L4F-6193_Wabasha_RTK.laz,data/derived/control_structure/gen1_2008_control__L4F-6193_Wabasha_RTK.npz,ok,2445,637,0.0,1.0704
gen1_2008_control,L3B-6190 Wabasha RTK,576890.099,4911655.566,L3B,MN_SEDriftless_2_2021,ok,411809,79122,0.387986,0.982,1,0.397332,1.037688,5,0.370824,0.946099,9,0.359763,0.907019,13,0.316935,0.78806,29,0.27948,0.704162,81,0.117852,2021-05-01 19:05,2021-05-01 19:28,0.016,data/derived/control_boxes/gen1_2008_control__L3B-6190_Wabasha_RTK.laz,data/derived/control_structure/gen1_2008_control__L3B-6190_Wabasha_RTK.npz,ok,8039,1240,0.0,5.2861
gen1_2008_control,L1O-6113 Wabasha RTK,566615.135,4890359.799,L1O,MN_SEDriftless_2_2021,ok,232052,106519,0.0,0.0,1,0.0,0.0,5,0.0,0.0,9,0.0,0.0,13,0.0,0.0,29,1.2e-05,2.3e-05,81,1.2e-05,2021-05-01 16:31,2021-05-01 16:41,0.007,data/derived/control_boxes/gen1_2008_control__L1O-6113_Wabasha_RTK.laz,data/derived/control_structure/gen1_2008_control__L1O-6113_Wabasha_RTK.npz,ok,3361,1966,0.0,0.7539
gen1_2008_control,L4F-6105 Wabasha RTK,584631.274,4899376.869,L4F,MN_SEDriftless_2_2021,ok,128391,37701,0.456786,1.220502,1,0.45463,1.214128,5,0.459059,1.229964,9,0.461957,1.24178,13,0.450369,1.199873,29,0.474259,1.311528,81,0.02389,2021-05-01 19:06,2021-05-01 19:06,0.0,data/derived/control_boxes/gen1_2008_control__L4F-6105_Wabasha_RTK.laz,data/derived/control_structure/gen1_2008_control__L4F-6105_Wabasha_RTK.npz,ok,2665,414,0.0,5.2391
gen1_2008_control,L5U-6157 Wabasha RTK,555677.824,4920948.767,L5U,MN_SEDriftless_2_2021,ok,106623,69340,0.0,0.0,1,0.017562,0.036763,5,0.02367,0.050011,9,0.017977,0.037836,13,0.009426,0.019736,29,0.004864,0.010123,81,0.02367,2021-05-01 17:07,2021-05-01 17:07,0.0,data/derived/control_boxes/gen1_2008_control__L5U-6157_Wabasha_RTK.laz,data/derived/control_structure/gen1_2008_control__L5U-6157_Wabasha_RTK.npz,ok,1545,1177,0.0,1.7564
gen1_2008_control,L4F-6180 Wabasha RTK,560471.761,4908675.989,L4F,MN_SEDriftless_2_2021,ok,463666,69305,0.233809,0.532647,1,0.351561,0.917252,5,0.415791,1.126933,9,0.411344,1.116588,13,0.427988,1.161337,29,0.428699,1.150998,81,0.19489,2021-05-01 19:57,2021-05-01 20:14,0.012,data/derived/control_boxes/gen1_2008_control__L4F-6180_Wabasha_RTK.laz,data/derived/control_structure/gen1_2008_control__L4F-6180_Wabasha_RTK.npz,ok,8637,1502,0.0,26.4381
gen1_2008_control,L1O-6182 Wabasha RTK,578965.248,4911890.605,L1O,MN_SEDriftless_2_2021,ok,201641,78868,0.0,0.0,1,0.0,0.0,5,0.0,0.0,9,0.0,0.0,13,0.0,0.0,29,0.0,0.0,81,0.0,2021-05-01 19:05,2021-05-01 19:28,0.016,data/derived/control_boxes/gen1_2008_control__L1O-6182_Wabasha_RTK.laz,data/derived/control_structure/gen1_2008_control__L1O-6182_Wabasha_RTK.npz,ok,2974,1469,0.0,0.311
gen1_2008_control,L5U-6151 Wabasha RTK,556945.107,4905542.489,L5U,MN_SEDriftless_2_2021,ok,98475,61758,0.0,0.0,1,0.004167,0.008422,5,0.004317,0.00872,9,0.018625,0.040996,13,0.012271,0.026626,29,0.027688,0.071279,81,0.027688,2021-05-02 15:09,2021-05-02 15:09,0.0,data/derived/control_boxes/gen1_2008_control__L5U-6151_Wabasha_RTK.laz,data/derived/control_structure/gen1_2008_control__L5U-6151_Wabasha_RTK.npz,ok,1398,1145,0.0,1.1893
gen1_2008_control,L1O-6144 Wabasha RTK,541413.946,4897410.111,L1O,MN_SEDriftless_2_2021,ok,112196,66856,0.0,0.0,1,0.0,0.0,5,0.0,0.0,9,0.0,0.0,13,7.2e-05,0.000144,29,0.000329,0.000662,81,0.000329,2021-05-01 18:42,2021-05-01 18:43,0.0,data/derived/control_boxes/gen1_2008_control__L1O-6144_Wabasha_RTK.laz,data/derived/control_structure/gen1_2008_control__L1O-6144_Wabasha_RTK.npz,ok,1678,1063,0.0,1.7214
gen1_2008_control,L3B-6148 Wabasha RTK,562653.863,4899035.271,L3B,MN_SEDriftless_2_2021,ok,238476,75705,0.0,0.0,1,0.0,0.0,5,0.0,0.0,9,0.0,0.0,13,0.0,0.0,29,0.017287,0.04289,81,0.017287,2021-05-01 18:54,2021-05-01 19:11,0.012,data/derived/control_boxes/gen1_2008_control__L3B-6148_Wabasha_RTK.laz,data/derived/control_structure/gen1_2008_control__L3B-6148_Wabasha_RTK.npz,ok,3170,1248,0.0,4.2038
gen1_2008_control,L2T-6183 Wabasha RTK,577881.189,4912775.455,L2T,MN_SEDriftless_2_2021,ok,210227,102313,0.0,0.0,1,0.0,0.0,5,0.0,0.0,9,0.0,0.0,13,0.0,0.0,29,9.9e-05,0.000199,81,9.9e-05,2021-05-01 18:56,2021-05-01 19:05,0.006,data/derived/control_boxes/gen1_2008_control__L2T-6183_Wabasha_RTK.laz,data/derived/control_structure/gen1_2008_control__L2T-6183_Wabasha_RTK.npz,ok,2856,1721,0.0,1.2845
gen1_2008_control,L1O-6155 Wabasha RTK,554614.486,4917540.403,L1O,MN_SEDriftless_2_2021,ok,215204,98519,0.0,0.0,1,0.0,0.0,5,0.0,0.0,9,0.0,0.0,13,0.000115,0.00023,29,0.015469,0.037783,81,0.015469,2021-05-01 17:43,2021-05-01 17:52,0.006,data/derived/control_boxes/gen1_2008_control__L1O-6155_Wabasha_RTK.laz,data/derived/control_structure/gen1_2008_control__L1O-6155_Wabasha_RTK.npz,ok,3179,1713,0.0,0.405
gen1_2008_control,L2T-6114 Wabasha RTK,566940.849,4891873.683,L2T,MN_SEDriftless_2_2021,ok,107848,72098,0.0,0.0,1,0.0,0.0,5,0.0,0.0,9,0.0,0.0,13,0.0,0.0,29,0.0,0.0,81,0.0,2021-05-01 16:56,2021-05-01 16:57,0.0,data/derived/control_boxes/gen1_2008_control__L2T-6114_Wabasha_RTK.laz,data/derived/control_structure/gen1_2008_control__L2T-6114_Wabasha_RTK.npz,ok,1720,1389,0.0,5.9983
gen1_2008_control,L1O-6158 Wabasha RTK,555431.901,4921544.996,L1O,MN_SEDriftless_2_2021,ok,251896,80577,0.0,0.0,1,0.0,0.0,5,0.0,0.0,9,0.0,0.0,13,0.0,0.0,29,0.002283,0.00505,81,0.002283,2021-05-01 16:57,2021-05-01 17:07,0.006,data/derived/control_boxes/gen1_2008_control__L1O-6158_Wabasha_RTK.laz,data/derived/control_structure/gen1_2008_control__L1O-6158_Wabasha_RTK.npz,ok,3210,1565,0.0,1.8532
gen1_2008_control,L4F-6176 Wabasha RTK,555474.952,4905593.103,L4F,MN_SEDriftless_2_2021,ok,169454,38063,0.566309,1.670847,1,0.499996,1.394193,5,0.492568,1.373753,9,0.49969,1.41054,13,0.49365,1.414391,29,0.439535,1.294588,81,0.126774,2021-05-02 14:56,2021-05-02 15:09,0.009,data/derived/control_boxes/gen1_2008_control__L4F-6176_Wabasha_RTK.laz,data/derived/control_structure/gen1_2008_control__L4F-6176_Wabasha_RTK.npz,ok,2827,441,0.0,6.3286
gen1_2008_control,L5U-6184 Wabasha RTK,570509.565,4917743.702,L5U,MN_SEDriftless_2_2021,ok,321444,76383,0.004301,0.008621,1,0.09135,0.209933,5,0.120369,0.283231,9,0.147576,0.369355,13,0.181015,0.487049,29,0.233061,0.737959,81,0.22876,2021-05-01 17:40,2021-05-01 17:55,0.011,data/derived/control_boxes/gen1_2008_control__L5U-6184_Wabasha_RTK.laz,data/derived/control_structure/gen1_2008_control__L5U-6184_Wabasha_RTK.npz,ok,4368,1232,0.0,10.7309
gen1_2008_control,L5U-6186 Wabasha RTK,573381.359,4917025.895,L5U,MN_SEDriftless_2_2021,ok,116870,61507,0.0,0.0,1,0.0,0.0,5,0.001264,0.002536,9,0.000875,0.001756,13,0.001548,0.003132,29,0.009058,0.019099,81,0.009058,2021-05-01 17:55,2021-05-01 17:56,0.0,data/derived/control_boxes/gen1_2008_control__L5U-6186_Wabasha_RTK.laz,data/derived/control_structure/gen1_2008_control__L5U-6186_Wabasha_RTK.npz,ok,1430,1229,0.0,3.0531
gen1_2008_control,L1O-6195 Wabasha RTK,568622.764,4910403.765,L1O,MN_SEDriftless_2_2021,ok,110533,51475,0.0,0.0,1,0.0,0.0,5,0.0,0.0,9,0.0,0.0,13,0.0,0.0,29,2.8e-05,5.5e-05,81,2.8e-05,2021-05-01 19:40,2021-05-01 19:41,0.0,data/derived/control_boxes/gen1_2008_control__L1O-6195_Wabasha_RTK.laz,data/derived/control_structure/gen1_2008_control__L1O-6195_Wabasha_RTK.npz,ok,1611,898,0.0,0.2684
gen1_2008_control,L2T-6169 Wabasha RTK,545352.185,4920776.605,L2T,MN_SEDriftless_2_2021,ok,100227,86664,0.0,0.0,1,0.0,0.0,5,0.0,0.0,9,0.0,0.0,13,0.0,0.0,29,0.0,0.0,81,0.0,2021-05-01 17:04,2021-05-01 17:05,0.0,data/derived/control_boxes/gen1_2008_control__L2T-6169_Wabasha_RTK.laz,data/derived/control_structure/gen1_2008_control__L2T-6169_Wabasha_RTK.npz,ok,1607,1460,0.0,14.1431
gen1_2008_control,L1O-6104 Wabasha RTK,586875.193,4895071.287,L1O,MN_SEDriftless_2_2021,ok,219914,87644,0.0,0.0,1,0.0,0.0,5,0.0,0.0,9,0.005799,0.012058,13,0.023601,0.051371,29,0.050764,0.123502,81,0.050764,2021-05-01 17:51,2021-05-01 17:59,0.006,data/derived/control_boxes/gen1_2008_control__L1O-6104_Wabasha_RTK.laz,data/derived/control_structure/gen1_2008_control__L1O-6104_Wabasha_RTK.npz,ok,3158,1602,0.0,3.883
gen1_2008_control,L4F-6166 Wabasha RTK,561502.444,4916054.667,L4F,MN_SEDriftless_2_2021,ok,146024,74539,0.276026,0.646,1,0.223551,0.518494,5,0.21544,0.497221,9,0.218668,0.509996,13,0.166843,0.382533,29,0.142928,0.331677,81,0.133098,2021-05-01 18:07,2021-05-01 18:07,0.0,data/derived/control_boxes/gen1_2008_control__L4F-6166_Wabasha_RTK.laz,data/derived/control_structure/gen1_2008_control__L4F-6166_Wabasha_RTK.npz,ok,2803,1108,0.0,5.1979
gen1_2008_control,L4F-6191 Wabasha RTK,574370.666,4910942.073,L4F,MN_SEDriftless_2_2021,ok,173719,70509,0.126196,0.269799,1,0.200135,0.451279,5,0.2114,0.478231,9,0.20709,0.469993,13,0.216554,0.495183,29,0.197679,0.460154,81,0.090358,2021-05-01 19:27,2021-05-01 19:27,0.0,data/derived/control_boxes/gen1_2008_control__L4F-6191_Wabasha_RTK.laz,data/derived/control_structure/gen1_2008_control__L4F-6191_Wabasha_RTK.npz,ok,3035,897,0.0,5.2499
gen1_2008_control,L1O-6164 Wabasha RTK,563943.575,4916953.818,L1O,MN_SEDriftless_2_2021,ok,103915,93512,0.0,0.0,1,0.0,0.0,5,0.0,0.0,9,0.001277,0.002575,13,0.000718,0.001447,29,0.000257,0.000518,81,0.001277,2021-05-01 17:53,2021-05-01 17:54,0.0,data/derived/control_boxes/gen1_2008_control__L1O-6164_Wabasha_RTK.laz,data/derived/control_structure/gen1_2008_control__L1O-6164_Wabasha_RTK.npz,ok,1670,1542,0.0,1.2714
gen1_2008_control,L5U-6187 Wabasha RTK,576968.584,4915047.613,L5U,MN_SEDriftless_2_2021,ok,95771,40166,0.002328,0.004662,1,0.000466,0.000932,5,0.000259,0.000518,9,0.000179,0.000359,13,0.04475,0.112361,29,0.156024,0.483954,81,0.155845,2021-05-01 18:25,2021-05-01 18:26,0.0,data/derived/control_boxes/gen1_2008_control__L5U-6187_Wabasha_RTK.laz,data/derived/control_structure/gen1_2008_control__L5U-6187_Wabasha_RTK.npz,ok,1482,1208,0.0,0.8621
gen1_2008_control,L5U-6142 Wabasha RTK,546101.594,4903473.099,L5U,MN_SEDriftless_2_2021,ok,107128,79666,0.0,0.0,1,0.0,0.0,5,0.0,0.0,9,0.0,0.0,13,0.003009,0.006204,29,0.001784,0.003648,81,0.003009,2021-05-02 15:37,2021-05-02 15:38,0.0,data/derived/control_boxes/gen1_2008_control__L5U-6142_Wabasha_RTK.laz,data/derived/control_structure/gen1_2008_control__L5U-6142_Wabasha_RTK.npz,ok,1535,1424,0.0,0.9023
gen1_2008_control,L2T-6194 Wabasha RTK,568609.519,4909747.421,L2T,MN_SEDriftless_2_2021,ok,187556,78540,0.0,0.0,1,0.0,0.0,5,0.0,0.0,9,0.0,0.0,13,0.0,0.0,29,0.0,0.0,81,0.0,2021-05-01 19:40,2021-05-01 19:59,0.013,data/derived/control_boxes/gen1_2008_control__L2T-6194_Wabasha_RTK.laz,data/derived/control_structure/gen1_2008_control__L2T-6194_Wabasha_RTK.npz,ok,2865,1277,0.0,0.2583
gen1_2008_control,L1O-6178 Wabasha RTK,563009.11,4909076.254,L1O,MN_SEDriftless_2_2021,ok,107298,55869,0.0,0.0,1,0.0,0.0,5,0.0,0.0,9,0.0,0.0,13,0.0,0.0,29,0.0,0.0,81,0.0,2021-05-01 19:58,2021-05-01 19:58,0.0,data/derived/control_boxes/gen1_2008_control__L1O-6178_Wabasha_RTK.laz,data/derived/control_structure/gen1_2008_control__L1O-6178_Wabasha_RTK.npz,ok,1673,997,0.0,1.6469
gen1_2008_control,L3B-6181 Wabasha RTK,576206.48,4913701.415,L3B,MN_SEDriftless_2_2021,ok,271058,77791,0.45784,1.22439,1,0.366419,0.961291,5,0.31107,0.795698,9,0.298952,0.764892,13,0.259615,0.652323,29,0.176495,0.433317,81,0.281345,2021-05-01 18:34,2021-05-01 18:56,0.015,data/derived/control_boxes/gen1_2008_control__L3B-6181_Wabasha_RTK.laz,data/derived/control_structure/gen1_2008_control__L3B-6181_Wabasha_RTK.npz,ok,6638,1224,0.0,9.819
gen1_2008_control,L5U-6137 Wabasha RTK,547743.212,4911359.555,L5U,MN_SEDriftless_2_2021,ok,111588,41934,0.0,0.0,1,0.015985,0.033321,5,0.036614,0.082321,9,0.058365,0.143261,13,0.105744,0.393655,29,0.105114,0.34164,81,0.105744,2021-05-01 19:21,2021-05-01 19:22,0.0,data/derived/control_boxes/gen1_2008_control__L5U-6137_Wabasha_RTK.laz,data/derived/control_structure/gen1_2008_control__L5U-6137_Wabasha_RTK.npz,ok,1344,814,0.0,2.0404
gen1_2008_control,L5U-6141 Wabasha RTK,545864.618,4903478.448,L5U,MN_SEDriftless_2_2021,ok,89659,61028,0.0,0.0,1,0.021115,0.044629,5,0.012825,0.026994,9,0.040825,0.101249,13,0.068131,0.21826,29,0.08654,0.289901,81,0.08654,2021-05-02 15:37,2021-05-02 15:38,0.0,data/derived/control_boxes/gen1_2008_control__L5U-6141_Wabasha_RTK.laz,data/derived/control_structure/gen1_2008_control__L5U-6141_Wabasha_RTK.npz,ok,1527,1413,0.0,1.6521
gen1_2008_control,L1O-6172 Wabasha RTK,553426.981,4910523.207,L1O,MN_SEDriftless_2_2021,ok,114524,62687,0.0,0.0,1,0.0,0.0,5,0.0,0.0,9,0.0,0.0,13,0.001932,0.003923,29,0.000692,0.001404,81,0.001932,2021-05-01 19:44,2021-05-01 19:44,0.0,data/derived/control_boxes/gen1_2008_control__L1O-6172_Wabasha_RTK.laz,data/derived/control_structure/gen1_2008_control__L1O-6172_Wabasha_RTK.npz,ok,1861,1076,0.0,1.468
gen1_2008_control,L2T-6175 Wabasha RTK,555021.336,4907198.911,L2T,MN_SEDriftless_2_2021,ok,97564,56561,0.0,0.0,1,0.0,0.0,5,0.0,0.0,9,0.0,0.0,13,0.0,0.0,29,0.0,0.0,81,0.0,2021-05-02 14:38,2021-05-02 14:38,0.0,data/derived/control_boxes/gen1_2008_control__L2T-6175_Wabasha_RTK.laz,data/derived/control_structure/gen1_2008_control__L2T-6175_Wabasha_RTK.npz,ok,1529,909,0.0,3.8234
gen1_2008_control,L5U-6112 Wabasha RTK,566486.727,4890520.873,L5U,MN_SEDriftless_2_2021,ok,97948,56300,0.0,0.0,1,0.010967,0.022559,5,0.039399,0.091715,9,0.036619,0.083416,13,0.057477,0.15631,29,0.079308,0.217884,81,0.079308,2021-05-01 16:40,2021-05-01 16:41,0.0,data/derived/control_boxes/gen1_2008_control__L5U-6112_Wabasha_RTK.laz,data/derived/control_structure/gen1_2008_control__L5U-6112_Wabasha_RTK.npz,ok,1582,1298,0.0,1.465
gen1_2008_control,L5U-6106 Wabasha RTK,580020.431,4906525.976,L5U,MN_SEDriftless_2_2021,ok,93363,36216,0.0,0.0,1,0.004191,0.008472,5,0.021311,0.046339,9,0.021582,0.046381,13,0.062353,0.229006,29,0.111236,0.39098,81,0.111236,2021-05-02 14:51,2021-05-02 14:51,0.0,data/derived/control_boxes/gen1_2008_control__L5U-6106_Wabasha_RTK.laz,data/derived/control_structure/gen1_2008_control__L5U-6106_Wabasha_RTK.npz,ok,1489,812,0.0,0.6366
gen1_2008_control,L2T-6124 Wabasha RTK,569044.618,4902777.411,L2T,MN_SEDriftless_2_2021,ok,134850,105400,0.0,0.0,1,0.0,0.0,5,0.0,0.0,9,0.0,0.0,13,0.0,0.0,29,0.0,0.0,81,0.0,2021-05-02 15:42,2021-05-02 15:56,0.009,data/derived/control_boxes/gen1_2008_control__L2T-6124_Wabasha_RTK.laz,data/derived/control_structure/gen1_2008_control__L2T-6124_Wabasha_RTK.npz,ok,1683,1514,0.0,3.4941
gen1_2008_control,L2T-6147 Wabasha RTK,564512.052,4901721.919,L2T,MN_SEDriftless_2_2021,ok,100463,88280,0.0,0.0,1,0.0,0.0,5,0.0,0.0,9,0.0,0.0,13,0.0,0.0,29,0.0,0.0,81,0.0,2021-05-02 16:13,2021-05-02 16:13,0.0,data/derived/control_boxes/gen1_2008_control__L2T-6147_Wabasha_RTK.laz,data/derived/control_structure/gen1_2008_control__L2T-6147_Wabasha_RTK.npz,ok,1595,1430,0.0,0.4927
gen1_2008_control,L2T-6199 Wabasha RTK,577859.603,4903484.053,L2T,MN_SEDriftless_2_2021,ok,106029,66471,0.0,0.0,1,0.0,0.0,5,0.0,0.0,9,0.011933,0.025933,13,0.030257,0.068721,29,0.044097,0.103277,81,0.044097,2021-05-02 15:44,2021-05-02 15:44,0.0,data/derived/control_boxes/gen1_2008_control__L2T-6199_Wabasha_RTK.laz,data/derived/control_structure/gen1_2008_control__L2T-6199_Wabasha_RTK.npz,ok,1495,1184,0.0,1.4874
gen1_2008_control,L5U-6188 Wabasha RTK,577585.386,4913818.452,L5U,MN_SEDriftless_2_2021,ok,222428,53016,0.005647,0.011325,1,0.092379,0.231912,5,0.077655,0.185183,9,0.083454,0.200799,13,0.073942,0.181892,29,0.110489,0.353707,81,0.104842,2021-05-01 18:34,2021-05-01 18:56,0.016,data/derived/control_boxes/gen1_2008_control__L5U-6188_Wabasha_RTK.laz,data/derived/control_structure/gen1_2008_control__L5U-6188_Wabasha_RTK.npz,ok,3478,976,0.0,2.6151
gen1_2008_control,L4F-6197 Wabasha RTK,578193.054,4908048.385,L4F,MN_SEDriftless_2_2021,ok,237153,55437,0.305602,0.729421,1,0.28297,0.683125,5,0.245721,0.58119,9,0.245553,0.577535,13,0.213161,0.503774,29,0.172531,0.411879,81,0.133071,2021-05-01 20:10,2021-05-02 14:43,0.773,data/derived/control_boxes/gen1_2008_control__L4F-6197_Wabasha_RTK.laz,data/derived/control_structure/gen1_2008_control__L4F-6197_Wabasha_RTK.npz,ok,5278,726,0.0,3.1616
gen1_2008_control,L3B-6125 Wabasha RTK,572601.02,4901985.945,L3B,MN_SEDriftless_2_2021,ok,257571,106828,0.0,0.0,1,0.0,0.0,5,0.0,0.0,9,0.010951,0.023626,13,0.019285,0.045119,29,0.098504,0.284224,81,0.098504,2021-05-02 15:55,2021-05-02 16:15,0.014,data/derived/control_boxes/gen1_2008_control__L3B-6125_Wabasha_RTK.laz,data/derived/control_structure/gen1_2008_control__L3B-6125_Wabasha_RTK.npz,ok,3261,1776,0.0,3.2721
gen1_2008_control,L1O-6185 Wabasha RTK,571072.727,4917809.572,L1O,MN_SEDriftless_2_2021,ok,297529,57360,0.0,0.0,1,0.0,0.0,5,0.0,0.0,9,0.003724,0.007635,13,0.019427,0.040964,29,0.122026,0.317311,81,0.122026,2021-05-01 17:39,2021-05-01 17:55,0.011,data/derived/control_boxes/gen1_2008_control__L1O-6185_Wabasha_RTK.laz,data/derived/control_structure/gen1_2008_control__L1O-6185_Wabasha_RTK.npz,ok,3086,1180,0.0,0.9124
gen1_2008_control,L1O-6189 Wabasha RTK,576972.861,4911884.603,L1O,MN_SEDriftless_2_2021,ok,239250,66769,0.0,0.0,1,0.0,0.0,5,0.0,0.0,9,0.0,0.0,13,0.0,0.0,29,0.008761,0.021127,81,0.008761,2021-05-01 19:05,2021-05-01 19:28,0.016,data/derived/control_boxes/gen1_2008_control__L1O-6189_Wabasha_RTK.laz,data/derived/control_structure/gen1_2008_control__L1O-6189_Wabasha_RTK.npz,ok,3110,1147,0.0,3.7961
gen1_2008_control,L5U-6161 Wabasha RTK,558060.847,4921238.348,L5U,MN_SEDriftless_2_2021,ok,97158,39918,0.0,0.0,1,0.0,0.0,5,0.0,0.0,9,0.0,0.0,13,0.005317,0.01124,29,0.035594,0.107792,81,0.035594,2021-05-01 16:57,2021-05-01 17:07,0.007,data/derived/control_boxes/gen1_2008_control__L5U-6161_Wabasha_RTK.laz,data/derived/control_structure/gen1_2008_control__L5U-6161_Wabasha_RTK.npz,ok,1472,864,0.0,2.7125
gen1_2008_control,L1O-6196 Wabasha RTK,575677.11,4908773.307,L1O,MN_SEDriftless_2_2021,ok,370891,68003,0.0,0.0,1,0.056339,0.132344,5,0.079044,0.184808,9,0.088969,0.218584,13,0.10823,0.269659,29,0.154241,0.376814,81,0.154241,2021-05-01 20:00,2021-05-01 20:10,0.007,data/derived/control_boxes/gen1_2008_control__L1O-6196_Wabasha_RTK.laz,data/derived/control_structure/gen1_2008_control__L1O-6196_Wabasha_RTK.npz,ok,4200,1218,0.0,0.9472
gen1_2008_control,L1O-6136 Wabasha RTK,547744.122,4913027.174,L1O,MN_SEDriftless_2_2021,ok,114208,51340,0.0,0.0,1,0.004026,0.008134,5,0.003681,0.007427,9,0.011344,0.023823,13,0.013545,0.028546,29,0.025151,0.057266,81,0.025151,2021-05-01 18:50,2021-05-01 18:50,0.0,data/derived/control_boxes/gen1_2008_control__L1O-6136_Wabasha_RTK.laz,data/derived/control_structure/gen1_2008_control__L1O-6136_Wabasha_RTK.npz,ok,1805,942,0.0,1.3712
gen1_2008_control,L5U-6101 Wabasha RTK,585568.953,4896315.614,L5U,MN_SEDriftless_2_2021,ok,235885,80350,0.0,0.0,1,0.048446,0.110951,5,0.054595,0.123882,9,0.067409,0.160545,13,0.088197,0.216852,29,0.0987,0.241235,81,0.0987,2021-05-01 18:00,2021-05-01 18:25,0.018,data/derived/control_boxes/gen1_2008_control__L5U-6101_Wabasha_RTK.laz,data/derived/control_structure/gen1_2008_control__L5U-6101_Wabasha_RTK.npz,ok,3707,1578,0.0,2.7423
gen1_2008_control,L4F-6109 Wabasha RTK,584150.618,4906317.231,L4F,MN_SEDriftless_2_2021,ok,194388,34969,0.466406,1.256241,1,0.499095,1.392771,5,0.501732,1.406055,9,0.494533,1.37489,13,0.485826,1.344232,29,0.484227,1.335087,81,0.035326,2021-05-02 14:50,2021-05-02 14:50,0.0,data/derived/control_boxes/gen1_2008_control__L4F-6109_Wabasha_RTK.laz,data/derived/control_structure/gen1_2008_control__L4F-6109_Wabasha_RTK.npz,ok,3178,419,0.0,0.454
gen1_2008_control,L1O-6123 Wabasha RTK,575643.627,4898562.284,L1O,MN_SEDriftless_2_2021,ok,88787,56382,0.0,0.0,1,0.0,0.0,5,0.0,0.0,9,0.0,0.0,13,0.0,0.0,29,6.7e-05,0.000135,81,6.7e-05,2021-05-01 18:56,2021-05-01 18:56,0.0,data/derived/control_boxes/gen1_2008_control__L1O-6123_Wabasha_RTK.laz,data/derived/control_structure/gen1_2008_control__L1O-6123_Wabasha_RTK.npz,ok,1400,829,0.0,3.3713
gen1_2008_control,L2T-6100 Wabasha RTK,576707.916,4898604.51,L2T,MN_SEDriftless_2_2021,ok,91008,54907,0.0,0.0,1,0.0,0.0,5,0.0,0.0,9,0.0,0.0,13,0.0,0.0,29,0.0,0.0,81,0.0,2021-05-01 18:56,2021-05-01 18:57,0.0,data/derived/control_boxes/gen1_2008_control__L2T-6100_Wabasha_RTK.laz,data/derived/control_structure/gen1_2008_control__L2T-6100_Wabasha_RTK.npz,ok,1519,891,0.0,3.4968
gen1_2008_control,L1O0,604760.34,4878787.629,L1O,MN_SEDriftless_2_2021,ok,84757,74870,0.0,0.0,1,0.0,0.0,5,0.0,0.0,9,0.0,0.0,13,0.0,0.0,29,0.008889,0.019371,81,0.008889,2021-04-30 16:38,2021-04-30 16:39,0.0,data/derived/control_boxes/gen1_2008_control__L1O0.laz,data/derived/control_structure/gen1_2008_control__L1O0.npz,ok,1431,1357,0.0,1.1563
gen1_2008_control,L1O101,578790.555,4882696.274,L1O,MN_SEDriftless_2_2021,ok,176030,71391,0.0,0.0,1,0.0,0.0,5,0.0,0.0,9,0.0,0.0,13,0.0,0.0,29,0.0,0.0,81,0.0,2021-05-01 14:47,2021-05-01 15:02,0.01,data/derived/control_boxes/gen1_2008_control__L1O101.laz,data/derived/control_structure/gen1_2008_control__L1O101.npz,ok,3032,1344,0.0,0.2848
gen1_2008_control,L1O11,614825.937,4863377.426,L1O,MN_SEDriftless_2_2021,ok,223312,124305,0.0,0.0,1,0.0,0.0,5,0.0,0.0,9,0.0,0.0,13,0.0,0.0,29,0.0,0.0,81,0.0,2021-04-30 20:13,2021-04-30 20:38,0.017,data/derived/control_boxes/gen1_2008_control__L1O11.laz,data/derived/control_structure/gen1_2008_control__L1O11.npz,ok,3275,2358,0.0,2.187
gen1_2008_control,L1O111,615988.716,4866068.88,L1O,MN_SEDriftless_2_2021,ok,105251,91530,0.0,0.0,1,0.0,0.0,5,0.0,0.0,9,0.0,0.0,13,0.0,0.0,29,0.000352,0.000712,81,0.000352,2021-04-30 20:47,2021-04-30 20:47,0.0,data/derived/control_boxes/gen1_2008_control__L1O111.laz,data/derived/control_structure/gen1_2008_control__L1O111.npz,ok,1642,1542,0.0,1.6352
gen1_2008_control,L1O114,615264.021,4859470.263,L1O,MN_SEDriftless_2_2021,ok,113834,96024,0.0,0.0,1,0.0,0.0,5,0.0,0.0,9,0.000163,0.000327,13,7.3e-05,0.000146,29,0.029746,0.077006,81,0.029746,2021-04-30 20:36,2021-04-30 20:37,0.0,data/derived/control_boxes/gen1_2008_control__L1O114.laz,data/derived/control_structure/gen1_2008_control__L1O114.npz,ok,1625,1580,0.0,3.2779
gen1_2008_control,L1O117,605504.592,4868935.384,L1O,MN_SEDriftless_2_2021,ok,112359,81612,0.0,0.0,1,0.0,0.0,5,0.0,0.0,9,0.00016,0.00032,13,0.005697,0.012048,29,0.022979,0.052222,81,0.022979,2021-04-30 17:07,2021-04-30 17:08,0.0,data/derived/control_boxes/gen1_2008_control__L1O117.laz,data/derived/control_structure/gen1_2008_control__L1O117.npz,ok,1702,1420,0.0,6.1892
gen1_2008_control,L1O120,597828.559,4873147.726,L1O,MN_SEDriftless_2_2021,ok,104163,96611,0.0,0.0,1,0.0,0.0,5,0.0,0.0,9,0.0,0.0,13,0.0,0.0,29,0.031685,0.080896,81,0.031685,2021-04-25 16:16,2021-04-25 16:16,0.0,data/derived/control_boxes/gen1_2008_control__L1O120.laz,data/derived/control_structure/gen1_2008_control__L1O120.npz,ok,1649,1601,0.0,1.7916
gen1_2008_control,L1O124,590028.453,4861863.186,L1O,MN_SEDriftless_2_2021,ok,109325,85145,0.0,0.0,1,0.0,0.0,5,0.0,0.0,9,0.0,0.0,13,0.0,0.0,29,7.9e-05,0.000158,81,7.9e-05,2021-05-12 14:14,2021-05-12 14:14,0.0,data/derived/control_boxes/gen1_2008_control__L1O124.laz,data/derived/control_structure/gen1_2008_control__L1O124.npz,ok,1656,1544,0.0,1.3156
gen1_2008_control,L1O125,590506.397,4870052.739,L1O,MN_SEDriftless_2_2021,ok,113011,90307,0.0,0.0,1,0.0,0.0,5,0.0,0.0,9,0.0,0.0,13,0.0,0.0,29,7.7e-05,0.000155,81,7.7e-05,2021-05-11 15:12,2021-05-11 15:12,0.0,data/derived/control_boxes/gen1_2008_control__L1O125.laz,data/derived/control_structure/gen1_2008_control__L1O125.npz,ok,1669,1576,0.0,0.6672
gen1_2008_control,L1O132,574827.369,4859633.617,L1O,MN_SEDriftless_2_2021,ok,152858,108408,0.0,0.0,1,0.0,0.0,5,0.0,0.0,9,0.0,0.0,13,0.0,0.0,29,0.0,0.0,81,0.0,2021-05-12 14:33,2021-05-12 14:57,0.017,data/derived/control_boxes/gen1_2008_control__L1O132.laz,data/derived/control_structure/gen1_2008_control__L1O132.npz,ok,3039,2175,0.0,0.4755
gen1_2008_control,L1O138,583932.007,4869558.929,L1O,MN_SEDriftless_2_2021,ok,228208,109478,0.0,0.0,1,0.0,0.0,5,0.0,0.0,9,0.0,0.0,13,0.0,0.0,29,0.000396,0.000805,81,0.000396,2021-05-11 15:14,2021-05-11 15:22,0.006,data/derived/control_boxes/gen1_2008_control__L1O138.laz,data/derived/control_structure/gen1_2008_control__L1O138.npz,ok,3297,1842,0.0,0.8421
gen1_2008_control,L1O140,581777.686,4872232.981,L1O,MN_SEDriftless_2_2021,ok,94592,69358,0.0,0.0,1,0.0,0.0,5,0.0,0.0,9,0.0,0.0,13,0.0,0.0,29,0.000357,0.00072,81,0.000357,2021-04-30 22:20,2021-04-30 22:21,0.0,data/derived/control_boxes/gen1_2008_control__L1O140.laz,data/derived/control_structure/gen1_2008_control__L1O140.npz,ok,1582,1190,0.0,2.1316
gen1_2008_control,L1O144,586435.458,4885896.405,L1O,MN_SEDriftless_2_2021,ok,98979,65739,0.0,0.0,1,0.0,0.0,5,0.0,0.0,9,0.0,0.0,13,0.0,0.0,29,0.001752,0.003779,81,0.001752,2021-05-01 15:36,2021-05-01 15:36,0.0,data/derived/control_boxes/gen1_2008_control__L1O144.laz,data/derived/control_structure/gen1_2008_control__L1O144.npz,ok,1542,965,0.0,2.2535
gen1_2008_control,L1O148,586585.168,4874495.978,L1O,MN_SEDriftless_2_2021,ok,129949,77488,0.0,0.0,1,0.0,0.0,5,0.0,0.0,9,0.0,0.0,13,0.0,0.0,29,0.03337,0.115314,81,0.03337,2021-04-30 22:38,2021-04-30 22:48,0.007,data/derived/control_boxes/gen1_2008_control__L1O148.laz,data/derived/control_structure/gen1_2008_control__L1O148.npz,ok,1611,1231,0.0,0.4401
gen1_2008_control,L1O15,605978.247,4861882.925,L1O,MN_SEDriftless_2_2021,ok,196337,122957,0.0,0.0,1,0.0,0.0,5,0.0,0.0,9,0.0,0.0,13,0.0,0.0,29,5.5e-05,0.000111,81,5.5e-05,2021-04-30 17:06,2021-04-30 17:21,0.01,data/derived/control_boxes/gen1_2008_control__L1O15.laz,data/derived/control_structure/gen1_2008_control__L1O15.npz,ok,3106,1931,0.0,0.9226
gen1_2008_control,L1O154,594517.431,4883848.081,L1O,MN_SEDriftless_2_2021,ok,110281,65405,0.0,0.0,1,0.0,0.0,5,0.0,0.0,9,0.0,0.0,13,0.0,0.0,29,0.0,0.0,81,0.0,2021-05-01 15:09,2021-05-01 15:09,0.0,data/derived/control_boxes/gen1_2008_control__L1O154.laz,data/derived/control_structure/gen1_2008_control__L1O154.npz,ok,1615,922,0.0,0.3046
gen1_2008_control,L1O173,580353.145,4888640.9,L1O,MN_SEDriftless_2_2021,ok,128120,57407,0.0,0.0,1,0.0,0.0,5,0.00135,0.002717,9,0.009411,0.019641,13,0.047652,0.104946,29,0.133944,0.31024,81,0.133944,2021-05-01 16:17,2021-05-01 16:18,0.0,data/derived/control_boxes/gen1_2008_control__L1O173.laz,data/derived/control_structure/gen1_2008_control__L1O173.npz,ok,1443,1258,0.0,1.4665
gen1_2008_control,L1O2,610991.353,4876621.369,L1O,MN_SEDriftless_2_2021,ok,190836,115839,0.0,0.0,1,0.0,0.0,5,0.0,0.0,9,0.0,0.0,13,0.0,0.0,29,0.000257,0.000517,81,0.000257,2021-04-30 19:00,2021-04-30 19:30,0.021,data/derived/control_boxes/gen1_2008_control__L1O2.laz,data/derived/control_structure/gen1_2008_control__L1O2.npz,ok,2884,1849,0.0,0.8008
gen1_2008_control,L1O25,597964.546,4861967.932,L1O,MN_SEDriftless_2_2021,ok,111063,93563,0.0,0.0,1,0.0,0.0,5,0.0,0.0,9,0.0,0.0,13,0.0,0.0,29,0.029648,0.080078,81,0.029648,2021-04-25 16:18,2021-04-25 16:19,0.0,data/derived/control_boxes/gen1_2008_control__L1O25.laz,data/derived/control_structure/gen1_2008_control__L1O25.npz,ok,1607,1580,0.0,1.9119
gen1_2008_control,L1O3,607292.402,4874401.804,L1O,MN_SEDriftless_2_2021,ok,204311,105454,0.0,0.0,1,0.0,0.0,5,0.0,0.0,9,0.0,0.0,13,0.002251,0.004656,29,0.053,0.128228,81,0.053,2021-04-30 17:18,2021-04-30 17:47,0.02,data/derived/control_boxes/gen1_2008_control__L1O3.laz,data/derived/control_structure/gen1_2008_control__L1O3.npz,ok,2937,2294,0.0,0.9522
gen1_2008_control,L1O31,592891.798,4857439.796,L1O,MN_SEDriftless_2_2021,ok,277075,159507,0.0,0.0,1,0.0,0.0,5,0.0,0.0,9,0.0085,0.018015,13,0.013353,0.028621,29,0.038191,0.088785,81,0.038191,2022-05-07 20:41,2022-05-07 20:57,0.011,data/derived/control_boxes/gen1_2008_control__L1O31.laz,data/derived/control_structure/gen1_2008_control__L1O31.npz,ok,2888,2143,0.0,6.0878
gen1_2008_control,L1O4,622397.772,4873262.387,L1O,MN_SEDriftless_2_2021,ok,186200,119980,0.0,0.0,1,0.0,0.0,5,0.0,0.0,9,0.0,0.0,13,0.0,0.0,29,0.000216,0.000435,81,0.000216,2021-04-29 16:57,2021-05-01 14:50,1.912,data/derived/control_boxes/gen1_2008_control__L1O4.laz,data/derived/control_structure/gen1_2008_control__L1O4.npz,ok,2909,1973,0.0,1.17
gen1_2008_control,L1O43,574938.4,4866679.521,L1O,MN_SEDriftless_2_2021,ok,106903,90891,0.0,0.0,1,0.0,0.0,5,0.0,0.0,9,0.0,0.0,13,0.0,0.0,29,0.0,0.0,81,0.0,2021-05-11 15:36,2021-05-11 15:36,0.0,data/derived/control_boxes/gen1_2008_control__L1O43.laz,data/derived/control_structure/gen1_2008_control__L1O43.npz,ok,1682,1505,0.0,2.831
gen1_2008_control,L1O44,574523.748,4869477.484,L1O,MN_SEDriftless_2_2021,ok,209742,125267,0.0,0.0,1,0.0,0.0,5,0.0,0.0,9,0.0,0.0,13,0.0,0.0,29,0.001123,0.00229,81,0.001123,2021-05-11 15:16,2021-05-11 15:20,0.003,data/derived/control_boxes/gen1_2008_control__L1O44.laz,data/derived/control_structure/gen1_2008_control__L1O44.npz,ok,3328,2170,0.0,0.9228
gen1_2008_control,L1O5,626922.206,4869248.81,L1O,MN_SEDriftless_2_2021,ok,83122,71583,0.0,0.0,1,0.0,0.0,5,0.0,0.0,9,0.0,0.0,13,0.0,0.0,29,0.000559,0.001134,81,0.000559,2021-04-29 16:30,2021-04-29 16:31,0.0,data/derived/control_boxes/gen1_2008_control__L1O5.laz,data/derived/control_structure/gen1_2008_control__L1O5.npz,ok,1268,1230,0.0,1.7628
gen1_2008_control,L1O50,585266.064,4880186.837,L1O,MN_SEDriftless_2_2021,ok,111914,77350,0.0,0.0,1,0.0,0.0,5,0.0,0.0,9,0.0,0.0,13,0.0,0.0,29,0.0,0.0,81,0.0,2021-04-30 23:29,2021-04-30 23:30,0.0,data/derived/control_boxes/gen1_2008_control__L1O50.laz,data/derived/control_structure/gen1_2008_control__L1O50.npz,ok,1572,1228,0.0,0.6088
gen1_2008_control,L1O52,573718.227,4880915.819,L1O,MN_SEDriftless_2_2021,ok,92749,75749,0.0,0.0,1,0.0,0.0,5,0.0,0.0,9,0.0,0.0,13,0.0,0.0,29,0.0,0.0,81,0.0,2021-05-01 14:35,2021-05-01 14:36,0.0,data/derived/control_boxes/gen1_2008_control__L1O52.laz,data/derived/control_structure/gen1_2008_control__L1O52.npz,ok,1541,1352,0.0,5.417
gen1_2008_control,L1O59,586592.989,4883128.072,L1O,MN_SEDriftless_2_2021,ok,106847,84719,0.0,0.0,1,0.0,0.0,5,0.0,0.0,9,0.0,0.0,13,0.000608,0.001226,29,0.002632,0.005601,81,0.002632,2021-05-01 15:04,2021-05-01 15:04,0.0,data/derived/control_boxes/gen1_2008_control__L1O59.laz,data/derived/control_structure/gen1_2008_control__L1O59.npz,ok,1567,1446,0.0,0.3581
gen1_2008_control,L1O6,631669.497,4863815.331,L1O,MN_SEDriftless_2_2021,ok,98652,61412,0.0,0.0,1,0.049388,0.113444,5,0.050124,0.113775,9,0.034895,0.079155,13,0.032813,0.075517,29,0.019338,0.043728,81,0.050124,2021-04-26 16:45,2021-04-26 16:45,0.0,data/derived/control_boxes/gen1_2008_control__L1O6.laz,data/derived/control_structure/gen1_2008_control__L1O6.npz,ok,1449,1184,0.0,2.9787
gen1_2008_control,L1O62,600282.438,4882625.991,L1O,MN_SEDriftless_2_2021,ok,206576,119863,0.0,0.0,1,0.0,0.0,5,0.0,0.0,9,0.0,0.0,13,0.0,0.0,29,0.000102,0.000205,81,0.000102,2021-04-25 16:53,2021-04-30 15:18,4.934,data/derived/control_boxes/gen1_2008_control__L1O62.laz,data/derived/control_structure/gen1_2008_control__L1O62.npz,ok,2972,1959,0.0,0.1306
gen1_2008_control,L1O63,597230.715,4887299.479,L1O,MN_SEDriftless_2_2021,ok,210014,107651,0.0,0.0,1,0.0,0.0,5,0.0,0.0,9,0.0,0.0,13,4.1e-05,8.2e-05,29,0.032254,0.077424,81,0.032254,2021-04-25 16:07,2021-04-25 16:13,0.004,data/derived/control_boxes/gen1_2008_control__L1O63.laz,data/derived/control_structure/gen1_2008_control__L1O63.npz,ok,3005,2004,0.0,3.1769
gen1_2008_control,L1O64,594985.964,4890286.484,L1O,MN_SEDriftless_2_2021,ok,129736,60500,0.0,0.0,1,0.0,0.0,5,0.0,0.0,9,0.0,0.0,13,0.027704,0.063838,29,0.040305,0.094406,81,0.040305,2021-04-25 15:27,2021-05-01 16:46,6.055,data/derived/control_boxes/gen1_2008_control__L1O64.laz,data/derived/control_structure/gen1_2008_control__L1O64.npz,ok,2307,1266,0.0,1.2275
gen1_2008_control,L1O65,590435.529,4893848.902,L1O,MN_SEDriftless_2_2021,ok,95824,68344,0.0,0.0,1,0.0,0.0,5,0.0,0.0,9,0.0,0.0,13,0.0,0.0,29,0.000834,0.001685,81,0.000834,2021-05-01 17:24,2021-05-01 17:25,0.0,data/derived/control_boxes/gen1_2008_control__L1O65.laz,data/derived/control_structure/gen1_2008_control__L1O65.npz,ok,1516,1253,0.0,2.4606
gen1_2008_control,L1O69,593038.099,4874853.238,L1O,MN_SEDriftless_2_2021,ok,159305,107744,0.0,0.0,1,0.0,0.0,5,0.0,0.0,9,0.0,0.0,13,0.0,0.0,29,0.0,0.0,81,0.0,2021-04-30 22:36,2021-04-30 22:49,0.009,data/derived/control_boxes/gen1_2008_control__L1O69.laz,data/derived/control_structure/gen1_2008_control__L1O69.npz,ok,3070,1951,0.0,2.3644
gen1_2008_control,L1O7,635439.901,4857649.19,L1O,MN_SEDriftless_2_2021,ok,180226,107571,0.0,0.0,1,0.0,0.0,5,0.0,0.0,9,0.0,0.0,13,0.0,0.0,29,0.015684,0.033804,81,0.015684,2021-04-25 16:43,2021-04-25 16:51,0.005,data/derived/control_boxes/gen1_2008_control__L1O7.laz,data/derived/control_structure/gen1_2008_control__L1O7.npz,ok,3125,2220,0.0,0.8632
gen1_2008_control,L1O8,625518.897,4864620.423,L1O,MN_SEDriftless_2_2021,ok,206826,123074,0.0,0.0,1,0.0,0.0,5,0.0,0.0,9,0.0,0.0,13,0.000149,0.000298,29,0.003248,0.006971,81,0.003248,2021-05-01 15:21,2021-05-01 15:29,0.006,data/derived/control_boxes/gen1_2008_control__L1O8.laz,data/derived/control_structure/gen1_2008_control__L1O8.npz,ok,3302,2288,0.0,1.829
gen1_2008_control,L1O84,628353.835,4856065.831,L1O,MN_SEDriftless_2_2021,ok,181808,131521,0.0,0.0,1,0.0,0.0,5,0.0,0.0,9,0.0,0.0,13,0.0,0.0,29,0.000192,0.000387,81,0.000192,2021-04-29 16:00,2021-04-29 16:21,0.014,data/derived/control_boxes/gen1_2008_control__L1O84.laz,data/derived/control_structure/gen1_2008_control__L1O84.npz,ok,2910,2153,0.0,2.2177
gen1_2008_control,L1O88,598901.184,4875433.483,L1O,MN_SEDriftless_2_2021,ok,96746,71556,0.0,0.0,1,0.0,0.0,5,0.0,0.0,9,0.0,0.0,13,0.0,0.0,29,0.0,0.0,81,0.0,2021-04-25 16:44,2021-04-25 16:45,0.0,data/derived/control_boxes/gen1_2008_control__L1O88.laz,data/derived/control_structure/gen1_2008_control__L1O88.npz,ok,1511,1323,0.0,0.2814
gen1_2008_control,L2T10,620283.975,4857065.579,L2T,MN_SEDriftless_2_2021,ok,107802,84366,0.0,0.0,1,0.002444,0.004918,5,0.012557,0.026342,9,0.008693,0.018237,13,0.004777,0.009958,29,0.002428,0.005024,81,0.012557,2021-05-01 14:25,2021-05-01 14:26,0.0,data/derived/control_boxes/gen1_2008_control__L2T10.laz,data/derived/control_structure/gen1_2008_control__L2T10.npz,ok,1687,1349,0.0,4.1102
gen1_2008_control,L2T102,583054.295,4882726.848,L2T,MN_SEDriftless_2_2021,ok,154766,53939,0.0,0.0,1,0.0,0.0,5,0.0,0.0,9,0.0,0.0,13,0.0,0.0,29,0.012031,0.026875,81,0.012031,2021-05-01 14:46,2021-05-01 15:03,0.012,data/derived/control_boxes/gen1_2008_control__L2T102.laz,data/derived/control_structure/gen1_2008_control__L2T102.npz,ok,1437,830,0.0,0.5507
gen1_2008_control,L2T12,610534.648,4858142.88,L2T,MN_SEDriftless_2_2021,ok,94829,82250,0.0,0.0,1,0.0,0.0,5,0.0,0.0,9,0.0,0.0,13,0.0,0.0,29,0.0,0.0,81,0.0,2021-04-30 19:04,2021-04-30 19:05,0.0,data/derived/control_boxes/gen1_2008_control__L2T12.laz,data/derived/control_structure/gen1_2008_control__L2T12.npz,ok,1505,1438,0.0,2.5709
gen1_2008_control,L2T13,612793.571,4868101.994,L2T,MN_SEDriftless_2_2021,ok,209555,126375,0.0,0.0,1,0.0,0.0,5,0.0,0.0,9,0.0,0.0,13,0.0,0.0,29,0.0,0.0,81,0.0,2021-04-30 19:38,2021-04-30 20:04,0.018,data/derived/control_boxes/gen1_2008_control__L2T13.laz,data/derived/control_structure/gen1_2008_control__L2T13.npz,ok,3332,1971,0.0,3.8851
gen1_2008_control,L2T17,601856.138,4857219.331,L2T,MN_SEDriftless_2_2021,ok,105943,73218,0.0,0.0,1,0.0,0.0,5,0.0,0.0,9,0.0,0.0,13,0.0,0.0,29,0.000101,0.000203,81,0.000101,2021-04-30 15:45,2021-04-30 15:46,0.0,data/derived/control_boxes/gen1_2008_control__L2T17.laz,data/derived/control_structure/gen1_2008_control__L2T17.npz,ok,1683,1188,0.0,6.2386
gen1_2008_control,L2T18,600850.168,4867337.535,L2T,MN_SEDriftless_2_2021,ok,97634,82971,0.0,0.0,1,0.0,0.0,5,0.0,0.0,9,0.0,0.0,13,0.0,0.0,29,0.0,0.0,81,0.0,2021-04-30 15:21,2021-04-30 15:21,0.0,data/derived/control_boxes/gen1_2008_control__L2T18.laz,data/derived/control_structure/gen1_2008_control__L2T18.npz,ok,1464,1206,0.0,3.8202
gen1_2008_control,L2T19,607296.689,4871769.937,L2T,MN_SEDriftless_2_2021,ok,125354,103642,0.0,0.0,1,0.0,0.0,5,0.0,0.0,9,0.0,0.0,13,0.0,0.0,29,0.0,0.0,81,0.0,2021-04-30 17:18,2021-04-30 17:46,0.019,data/derived/control_boxes/gen1_2008_control__L2T19.laz,data/derived/control_structure/gen1_2008_control__L2T19.npz,ok,1663,1628,0.0,2.7071
gen1_2008_control,L2T20,605736.234,4875331.948,L2T,MN_SEDriftless_2_2021,ok,101477,72638,0.0,0.0,1,0.0,0.0,5,0.0,0.0,9,0.0,0.0,13,0.0,0.0,29,0.005483,0.013646,81,0.005483,2021-04-30 17:09,2021-04-30 17:09,0.0,data/derived/control_boxes/gen1_2008_control__L2T20.laz,data/derived/control_structure/gen1_2008_control__L2T20.npz,ok,1621,1227,0.0,6.2382
gen1_2008_control,L2T21,599205.097,4865985.484,L2T,MN_SEDriftless_2_2021,ok,197020,88671,0.0,0.0,1,0.0,0.0,5,0.0,0.0,9,0.0,0.0,13,0.0,0.0,29,1.3e-05,2.7e-05,81,1.3e-05,2021-04-25 16:42,2021-04-25 16:57,0.01,data/derived/control_boxes/gen1_2008_control__L2T21.laz,data/derived/control_structure/gen1_2008_control__L2T21.npz,ok,3283,1369,0.0,1.4904
gen1_2008_control,L2T22,598647.107,4870791.754,L2T,MN_SEDriftless_2_2021,ok,101997,73637,0.0,0.0,1,0.0,0.0,5,0.0,0.0,9,0.0,0.0,13,0.0,0.0,29,0.0,0.0,81,0.0,2021-04-25 16:43,2021-04-25 16:44,0.0,data/derived/control_boxes/gen1_2008_control__L2T22.laz,data/derived/control_structure/gen1_2008_control__L2T22.npz,ok,1611,1161,0.0,2.4027
gen1_2008_control,L2T24,595491.711,4864971.362,L2T,MN_SEDriftless_2_2021,ok,207476,110897,0.0,0.0,1,0.0,0.0,5,0.0,0.0,9,0.000559,0.001123,13,0.000981,0.001972,29,0.000589,0.001186,81,0.000981,2021-04-25 15:22,2021-04-25 15:38,0.011,data/derived/control_boxes/gen1_2008_control__L2T24.laz,data/derived/control_structure/gen1_2008_control__L2T24.npz,ok,3322,1802,0.0,3.867
gen1_2008_control,L2T26,596888.894,4857210.179,L2T,MN_SEDriftless_2_2021,ok,106417,83462,0.0,0.0,1,0.0,0.0,5,0.0,0.0,9,0.0,0.0,13,0.0,0.0,29,0.00011,0.00022,81,0.00011,2021-04-25 16:01,2021-04-25 16:01,0.0,data/derived/control_boxes/gen1_2008_control__L2T26.laz,data/derived/control_structure/gen1_2008_control__L2T26.npz,ok,1568,1365,0.0,6.1391
gen1_2008_control,L2T27,594681.209,4859904.892,L2T,MN_SEDriftless_2_2021,ok,124133,63922,0.0,0.0,1,0.0,0.0,5,0.0,0.0,9,0.0,0.0,13,0.0,0.0,29,0.003016,0.00623,81,0.003016,2021-05-12 14:29,2021-05-12 14:29,0.0,data/derived/control_boxes/gen1_2008_control__L2T27.laz,data/derived/control_structure/gen1_2008_control__L2T27.npz,ok,1609,1240,0.0,2.323
gen1_2008_control,L2T28,593103.58,4868068.484,L2T,MN_SEDriftless_2_2021,ok,111584,97701,0.0,0.0,1,0.0,0.0,5,0.0,0.0,9,0.0,0.0,13,0.0,0.0,29,0.0,0.0,81,0.0,2021-05-11 15:27,2021-05-11 15:28,0.0,data/derived/control_boxes/gen1_2008_control__L2T28.laz,data/derived/control_structure/gen1_2008_control__L2T28.npz,ok,1781,1507,0.0,1.795
gen1_2008_control,L2T29,589992.87,4864854.524,L2T,MN_SEDriftless_2_2021,ok,108108,74875,0.0,0.0,1,0.0,0.0,5,0.0,0.0,9,0.0,0.0,13,0.0,0.0,29,0.0,0.0,81,0.0,2021-05-11 15:56,2021-05-11 15:56,0.0,data/derived/control_boxes/gen1_2008_control__L2T29.laz,data/derived/control_structure/gen1_2008_control__L2T29.npz,ok,1838,1266,0.0,2.5044
gen1_2008_control,L2T34,586286.014,4857799.756,L2T,MN_SEDriftless_2_2021,ok,191028,123707,0.0,0.0,1,0.0,0.0,5,0.0,0.0,9,0.0,0.0,13,0.0,0.0,29,0.0,0.0,81,0.0,2022-05-07 20:43,2022-05-07 20:55,0.008,data/derived/control_boxes/gen1_2008_control__L2T34.laz,data/derived/control_structure/gen1_2008_control__L2T34.npz,ok,1639,1204,0.0,1.3379
gen1_2008_control,L2T35,582572.962,4863446.428,L2T,MN_SEDriftless_2_2021,ok,211349,78210,0.0,0.0,1,0.0,0.0,5,0.0,0.0,9,0.0,0.0,13,0.0,0.0,29,0.0,0.0,81,0.0,2021-05-12 14:07,2021-05-26 12:50,13.946,data/derived/control_boxes/gen1_2008_control__L2T35.laz,data/derived/control_structure/gen1_2008_control__L2T35.npz,ok,3442,1443,0.0,0.9755
gen1_2008_control,L2T36,583728.045,4866673.878,L2T,MN_SEDriftless_2_2021,ok,133855,98856,0.0,0.0,1,0.0,0.0,5,0.0,0.0,9,0.0,0.0,13,0.0,0.0,29,0.0,0.0,81,0.0,2021-05-11 15:38,2021-05-11 15:47,0.006,data/derived/control_boxes/gen1_2008_control__L2T36.laz,data/derived/control_structure/gen1_2008_control__L2T36.npz,ok,1607,1479,0.0,2.0281
gen1_2008_control,L2T37,579949.798,4865246.739,L2T,MN_SEDriftless_2_2021,ok,133488,96376,0.0,0.0,1,0.0,0.0,5,0.0,0.0,9,0.0,0.0,13,0.0,0.0,29,0.000216,0.000436,81,0.000216,2021-05-11 15:47,2021-05-11 15:54,0.004,data/derived/control_boxes/gen1_2008_control__L2T37.laz,data/derived/control_structure/gen1_2008_control__L2T37.npz,ok,1837,1628,0.0,4.5733
gen1_2008_control,L2T38,582018.443,4860768.379,L2T,MN_SEDriftless_2_2021,ok,101810,81708,0.006244,0.012526,1,0.003879,0.007785,5,0.002155,0.004325,9,0.002428,0.004878,13,0.005095,0.010515,29,0.005475,0.011205,81,0.004089,2021-05-12 14:23,2021-05-12 14:23,0.0,data/derived/control_boxes/gen1_2008_control__L2T38.laz,data/derived/control_structure/gen1_2008_control__L2T38.npz,ok,1631,1329,0.0,2.6324
gen1_2008_control,L2T39,582072.262,4855458.928,L2T,MN_SEDriftless_2_2021,ok,111386,96410,0.0,0.0,1,0.0,0.0,5,0.0,0.0,9,0.0,0.0,13,0.0,0.0,29,2.6e-05,5.1e-05,81,2.6e-05,2022-05-07 21:31,2022-05-07 21:31,0.0,data/derived/control_boxes/gen1_2008_control__L2T39.laz,data/derived/control_structure/gen1_2008_control__L2T39.npz,ok,2270,1665,0.0,1.0627
gen1_2008_control,L2T40,577388.044,4856115.158,L2T,MN_SEDriftless_2_2021,ok,117866,95482,0.003656,0.007326,1,0.003209,0.006433,5,0.003554,0.007131,9,0.003987,0.008006,13,0.00436,0.008761,29,0.004118,0.008278,81,0.001151,2022-05-07 21:05,2022-05-07 21:05,0.0,data/derived/control_boxes/gen1_2008_control__L2T40.laz,data/derived/control_structure/gen1_2008_control__L2T40.npz,ok,1963,1710,0.0,5.8436
gen1_2008_control,L2T41,573798.922,4857424.72,L2T,MN_SEDriftless_2_2021,no points in the EPT box,,,,,,,,,,,,,,,,,,,,,,,,,,,,,,,
gen1_2008_control,L2T42,574748.377,4861518.285,L2T,MN_SEDriftless_2_2021,ok,199387,128100,0.0,0.0,1,0.0,0.0,5,0.0,0.0,9,0.0,0.0,13,0.0,0.0,29,0.0,0.0,81,0.0,2021-05-12 14:17,2021-05-12 14:22,0.003,data/derived/control_boxes/gen1_2008_control__L2T42.laz,data/derived/control_structure/gen1_2008_control__L2T42.npz,ok,3167,2129,0.0,0.619
gen1_2008_control,L2T45,578435.912,4872171.583,L2T,MN_SEDriftless_2_2021,ok,92165,81258,0.0,0.0,1,0.0,0.0,5,0.0,0.0,9,0.0,0.0,13,0.0,0.0,29,0.0,0.0,81,0.0,2021-04-30 22:21,2021-04-30 22:21,0.0,data/derived/control_boxes/gen1_2008_control__L2T45.laz,data/derived/control_structure/gen1_2008_control__L2T45.npz,ok,1563,1366,0.0,1.5133
gen1_2008_control,L2T46,582601.335,4874179.326,L2T,MN_SEDriftless_2_2021,ok,100168,73610,0.0,0.0,1,0.0,0.0,5,0.0,0.0,9,0.0,0.0,13,0.0,0.0,29,0.0,0.0,81,0.0,2021-04-30 22:38,2021-04-30 22:39,0.0,data/derived/control_boxes/gen1_2008_control__L2T46.laz,data/derived/control_structure/gen1_2008_control__L2T46.npz,ok,1406,1164,0.0,2.6904
gen1_2008_control,L2T47,574550.941,4875714.956,L2T,MN_SEDriftless_2_2021,ok,202156,118566,0.0,0.0,1,0.0,0.0,5,0.0,0.0,9,0.0,0.0,13,0.0,0.0,29,0.0,0.0,81,0.0,2021-04-30 22:45,2021-04-30 22:58,0.009,data/derived/control_boxes/gen1_2008_control__L2T47.laz,data/derived/control_structure/gen1_2008_control__L2T47.npz,ok,3210,2007,0.0,1.5159
gen1_2008_control,L2T48,578397.869,4878594.06,L2T,MN_SEDriftless_2_2021,ok,200226,121725,0.0,0.0,1,0.0,0.0,5,0.0,0.0,9,0.0,0.0,13,0.0,0.0,29,0.0,0.0,81,0.0,2021-04-30 23:14,2021-04-30 23:20,0.005,data/derived/control_boxes/gen1_2008_control__L2T48.laz,data/derived/control_structure/gen1_2008_control__L2T48.npz,ok,3231,2051,0.0,1.2888
gen1_2008_control,L2T49,585061.454,4870905.87,L2T,MN_SEDriftless_2_2021,ok,203723,102942,0.0,0.0,1,0.0,0.0,5,0.0,0.0,9,0.0,0.0,13,0.0,0.0,29,0.0,0.0,81,0.0,2021-04-30 22:11,2021-05-11 15:06,10.705,data/derived/control_boxes/gen1_2008_control__L2T49.laz,data/derived/control_structure/gen1_2008_control__L2T49.npz,ok,3279,1418,0.0,1.0265
gen1_2008_control,L2T51,576507.634,4883540.432,L2T,MN_SEDriftless_2_2021,ok,200068,117481,0.0,0.0,1,0.0,0.0,5,0.0,0.0,9,0.0,0.0,13,0.0,0.0,29,0.0,0.0,81,0.0,2021-05-01 15:02,2021-05-01 15:13,0.008,data/derived/control_boxes/gen1_2008_control__L2T51.laz,data/derived/control_structure/gen1_2008_control__L2T51.npz,ok,3190,2011,0.0,2.5763
gen1_2008_control,L2T53,573823.387,4886700.248,L2T,MN_SEDriftless_2_2021,ok,98267,91295,0.0,0.0,1,0.0,0.0,5,0.0,0.0,9,0.0,0.0,13,0.0,0.0,29,0.0,0.0,81,0.0,2021-05-01 15:51,2021-05-01 15:51,0.0,data/derived/control_boxes/gen1_2008_control__L2T53.laz,data/derived/control_structure/gen1_2008_control__L2T53.npz,ok,1569,1449,0.0,0.7993
gen1_2008_control,L2T54,578026.226,4887983.296,L2T,MN_SEDriftless_2_2021,ok,106362,96121,0.0,0.0,1,0.0,0.0,5,0.0,0.0,9,0.0,0.0,13,0.0,0.0,29,0.000304,0.000614,81,0.000304,2021-05-01 16:03,2021-05-01 16:03,0.0,data/derived/control_boxes/gen1_2008_control__L2T54.laz,data/derived/control_structure/gen1_2008_control__L2T54.npz,ok,1728,1548,0.0,2.9995
gen1_2008_control,L2T55,573596.268,4893065.88,L2T,MN_SEDriftless_2_2021,ok,188158,88890,0.0,0.0,1,0.0,0.0,5,0.0,0.0,9,0.0,0.0,13,0.0,0.0,29,0.0,0.0,81,0.0,2021-05-01 17:15,2021-05-01 17:28,0.009,data/derived/control_boxes/gen1_2008_control__L2T55.laz,data/derived/control_structure/gen1_2008_control__L2T55.npz,ok,3347,1447,0.0,1.605
gen1_2008_control,L2T56,578279.551,4890938.349,L2T,MN_SEDriftless_2_2021,ok,99513,86944,0.0,0.0,1,0.0,0.0,5,0.0,0.0,9,0.0,0.0,13,0.0,0.0,29,0.0,0.0,81,0.0,2021-05-01 16:43,2021-05-01 16:43,0.0,data/derived/control_boxes/gen1_2008_control__L2T56.laz,data/derived/control_structure/gen1_2008_control__L2T56.npz,ok,1585,1395,0.0,5.8191
gen1_2008_control,L2T57,582258.207,4889535.962,L2T,MN_SEDriftless_2_2021,ok,153415,50788,0.0,0.0,1,0.000798,0.0016,5,0.004226,0.008586,9,0.002926,0.005944,13,0.001312,0.002665,29,0.003931,0.008407,81,0.004226,2021-05-01 16:18,2021-05-01 16:28,0.007,data/derived/control_boxes/gen1_2008_control__L2T57.laz,data/derived/control_structure/gen1_2008_control__L2T57.npz,ok,1760,786,0.0,3.9351
gen1_2008_control,L2T58,582437.928,4886155.606,L2T,MN_SEDriftless_2_2021,ok,111263,98083,0.0,0.0,1,0.0,0.0,5,0.0,0.0,9,0.0,0.0,13,0.0,0.0,29,0.0,0.0,81,0.0,2021-05-01 15:37,2021-05-01 15:53,0.011,data/derived/control_boxes/gen1_2008_control__L2T58.laz,data/derived/control_structure/gen1_2008_control__L2T58.npz,ok,1691,1514,0.0,2.1083
gen1_2008_control,L2T60,587167.334,4875746.022,L2T,MN_SEDriftless_2_2021,ok,197682,116058,0.0,0.0,1,0.0,0.0,5,0.0,0.0,9,0.0,0.0,13,0.0,0.0,29,0.0,0.0,81,0.0,2021-04-30 22:48,2021-04-30 22:55,0.005,data/derived/control_boxes/gen1_2008_control__L2T60.laz,data/derived/control_structure/gen1_2008_control__L2T60.npz,ok,3186,1968,0.0,1.0831
gen1_2008_control,L2T61,588259.088,4870754.63,L2T,MN_SEDriftless_2_2021,ok,208019,109317,0.0,0.0,1,0.0,0.0,5,0.0,0.0,9,0.0,0.0,13,0.0,0.0,29,0.0,0.0,81,0.0,2021-04-30 22:12,2021-05-11 15:07,10.705,data/derived/control_boxes/gen1_2008_control__L2T61.laz,data/derived/control_structure/gen1_2008_control__L2T61.npz,ok,3335,1775,0.0,2.3088
gen1_2008_control,L2T66,588356.328,4892185.154,L2T,MN_SEDriftless_2_2021,ok,210160,112252,0.0,0.0,1,0.0,0.0,5,0.0,0.0,9,0.0,0.0,13,0.0,0.0,29,0.0,0.0,81,0.0,2021-05-01 16:52,2021-05-01 17:18,0.018,data/derived/control_boxes/gen1_2008_control__L2T66.laz,data/derived/control_structure/gen1_2008_control__L2T66.npz,ok,3401,1776,0.0,2.3346
gen1_2008_control,L2T67,590510.853,4887577.161,L2T,MN_SEDriftless_2_2021,ok,129472,96737,0.0,0.0,1,0.0,0.0,5,0.0,0.0,9,0.0,0.0,13,0.0,0.0,29,0.000204,0.00041,81,0.000204,2021-05-01 15:54,2021-05-01 16:00,0.004,data/derived/control_boxes/gen1_2008_control__L2T67.laz,data/derived/control_structure/gen1_2008_control__L2T67.npz,ok,1743,1617,0.0,0.4432
gen1_2008_control,L2T68,594198.217,4881094.798,L2T,MN_SEDriftless_2_2021,ok,92613,62799,0.0,0.0,1,0.0,0.0,5,0.0,0.0,9,0.0,0.0,13,0.0,0.0,29,0.0,0.0,81,0.0,2021-05-01 14:40,2021-05-01 14:40,0.0,data/derived/control_boxes/gen1_2008_control__L2T68.laz,data/derived/control_structure/gen1_2008_control__L2T68.npz,ok,1470,978,0.0,4.0801
gen1_2008_control,L2T70,602055.008,4877311.226,L2T,MN_SEDriftless_2_2021,ok,169636,107091,0.0,0.0,1,0.0,0.0,5,0.0,0.0,9,0.0,0.0,13,0.0,0.0,29,0.0,0.0,81,0.0,2021-04-30 15:50,2021-04-30 16:00,0.007,data/derived/control_boxes/gen1_2008_control__L2T70.laz,data/derived/control_structure/gen1_2008_control__L2T70.npz,ok,3319,1978,0.0,0.8407
gen1_2008_control,L2T71,602650.176,4871662.655,L2T,MN_SEDriftless_2_2021,ok,100840,92974,0.0,0.0,1,0.0,0.0,5,0.0,0.0,9,0.0,0.0,13,0.0,0.0,29,0.0,0.0,81,0.0,2021-04-30 16:01,2021-04-30 16:01,0.0,data/derived/control_boxes/gen1_2008_control__L2T71.laz,data/derived/control_structure/gen1_2008_control__L2T71.npz,ok,1646,1554,0.0,2.0315
gen1_2008_control,L2T72,605643.786,4868262.298,L2T,MN_SEDriftless_2_2021,ok,106181,87029,0.0,0.0,1,0.0,0.0,5,0.0,0.0,9,0.0,0.0,13,0.0,0.0,29,0.0,0.0,81,0.0,2021-04-30 17:07,2021-04-30 17:07,0.0,data/derived/control_boxes/gen1_2008_control__L2T72.laz,data/derived/control_structure/gen1_2008_control__L2T72.npz,ok,1697,1488,0.0,1.5819
gen1_2008_control,L2T73,613723.991,4873093.634,L2T,MN_SEDriftless_2_2021,ok,202266,136098,0.0,0.0,1,0.0,0.0,5,0.0,0.0,9,0.0,0.0,13,0.0,0.0,29,0.0,0.0,81,0.0,2021-04-30 20:05,2021-04-30 20:12,0.005,data/derived/control_boxes/gen1_2008_control__L2T73.laz,data/derived/control_structure/gen1_2008_control__L2T73.npz,ok,3123,2014,0.0,2.6788
gen1_2008_control,L2T74,617198.129,4872561.777,L2T,MN_SEDriftless_2_2021,ok,103985,95335,0.0,0.0,1,0.0,0.0,5,0.0,0.0,9,0.0,0.0,13,0.000577,0.001159,29,0.000768,0.001564,81,0.000768,2021-04-30 21:13,2021-04-30 21:14,0.0,data/derived/control_boxes/gen1_2008_control__L2T74.laz,data/derived/control_structure/gen1_2008_control__L2T74.npz,ok,1691,1633,0.0,1.6953
gen1_2008_control,L2T75,618726.735,4868875.052,L2T,MN_SEDriftless_2_2021,ok,218179,113524,0.0,0.0,1,0.0,0.0,5,0.0,0.0,9,0.0,0.0,13,0.0,0.0,29,0.0,0.0,81,0.0,2021-04-30 21:20,2021-04-30 21:46,0.018,data/derived/control_boxes/gen1_2008_control__L2T75.laz,data/derived/control_structure/gen1_2008_control__L2T75.npz,ok,3259,1590,0.0,0.5945
gen1_2008_control,L2T76,622537.01,4866054.658,L2T,MN_SEDriftless_2_2021,ok,197548,130885,0.0,0.0,1,0.0,0.0,5,0.0,0.0,9,0.0,0.0,13,0.0,0.0,29,0.0,0.0,81,0.0,2021-04-29 16:55,2021-05-01 14:49,1.912,data/derived/control_boxes/gen1_2008_control__L2T76.laz,data/derived/control_structure/gen1_2008_control__L2T76.npz,ok,3163,2194,0.0,1.5428
gen1_2008_control,L2T77,627450.152,4866307.885,L2T,MN_SEDriftless_2_2021,ok,192506,116260,0.0,0.0,1,0.0,0.0,5,0.0,0.0,9,0.0,0.0,13,0.0,0.0,29,0.0,0.0,81,0.0,2021-04-29 16:23,2021-04-29 16:31,0.006,data/derived/control_boxes/gen1_2008_control__L2T77.laz,data/derived/control_structure/gen1_2008_control__L2T77.npz,ok,3092,2048,0.0,1.3843
gen1_2008_control,L2T78,632294.561,4859290.244,L2T,MN_SEDriftless_2_2021,ok,193737,141997,0.0,0.0,1,0.0,0.0,5,0.0,0.0,9,0.0,0.0,13,0.0,0.0,29,0.0,0.0,81,0.0,2021-04-26 16:22,2021-04-26 16:44,0.015,data/derived/control_boxes/gen1_2008_control__L2T78.laz,data/derived/control_structure/gen1_2008_control__L2T78.npz,ok,3100,2176,0.0,1.6643
gen1_2008_control,L2T79,627227.449,4860688.983,L2T,MN_SEDriftless_2_2021,ok,117723,96605,0.0,0.0,1,0.0,0.0,5,0.0,0.0,9,0.0,0.0,13,0.007491,0.016646,29,0.002742,0.006079,81,0.007491,2021-04-29 16:22,2021-04-29 16:32,0.007,data/derived/control_boxes/gen1_2008_control__L2T79.laz,data/derived/control_structure/gen1_2008_control__L2T79.npz,ok,1536,1449,0.0,3.1546
gen1_2008_control,L2T80,626117.401,4858565.863,L2T,MN_SEDriftless_2_2021,ok,105705,95110,0.0,0.0,1,0.0,0.0,5,0.0,0.0,9,0.0,0.0,13,0.000217,0.000434,29,0.004016,0.008486,81,0.004016,2021-05-01 15:30,2021-05-01 15:31,0.0,data/derived/control_boxes/gen1_2008_control__L2T80.laz,data/derived/control_structure/gen1_2008_control__L2T80.npz,ok,1603,1557,0.0,3.6651
gen1_2008_control,L2T81,618882.304,4860822.546,L2T,MN_SEDriftless_2_2021,ok,108624,90375,0.0,0.0,1,0.0,0.0,5,0.0,0.0,9,0.0,0.0,13,0.0,0.0,29,0.0,0.0,81,0.0,2021-04-30 21:22,2021-04-30 21:45,0.016,data/derived/control_boxes/gen1_2008_control__L2T81.laz,data/derived/control_structure/gen1_2008_control__L2T81.npz,ok,1688,1386,0.0,1.7237
gen1_2008_control,L2T82,614021.043,4858720.553,L2T,MN_SEDriftless_2_2021,ok,128880,111881,0.0,0.0,1,0.0,0.0,5,0.0,0.0,9,0.0,0.0,13,0.0,0.0,29,0.0,0.0,81,0.0,2021-04-30 20:02,2021-04-30 20:15,0.009,data/derived/control_boxes/gen1_2008_control__L2T82.laz,data/derived/control_structure/gen1_2008_control__L2T82.npz,ok,1558,1535,0.0,1.5073
gen1_2008_control,L2T83,603026.699,4862088.87,L2T,MN_SEDriftless_2_2021,ok,143629,115241,0.0,0.0,1,0.0,0.0,5,0.0,0.0,9,0.0,0.0,13,0.0,0.0,29,0.0,0.0,81,0.0,2021-04-30 16:03,2021-04-30 16:27,0.017,data/derived/control_boxes/gen1_2008_control__L2T83.laz,data/derived/control_structure/gen1_2008_control__L2T83.npz,ok,1618,1559,0.0,1.7467
gen1_2008_control,L2T85,622723.001,4860974.172,L2T,MN_SEDriftless_2_2021,ok,191267,112157,0.0,0.0,1,0.0,0.0,5,0.0,0.0,9,0.0,0.0,13,0.0,0.0,29,0.000145,0.000292,81,0.000145,2021-04-29 16:54,2021-05-01 14:48,1.912,data/derived/control_boxes/gen1_2008_control__L2T85.laz,data/derived/control_structure/gen1_2008_control__L2T85.npz,ok,2960,2048,0.0,0.3049
gen1_2008_control,L2T86,619660.786,4857538.068,L2T,MN_SEDriftless_2_2021,ok,292677,104296,0.0,0.0,1,0.0,0.0,5,0.0,0.0,9,0.0,0.0,13,0.0,0.0,29,0.010386,0.024099,81,0.010386,2021-04-30 21:44,2021-05-01 14:26,0.696,data/derived/control_boxes/gen1_2008_control__L2T86.laz,data/derived/control_structure/gen1_2008_control__L2T86.npz,ok,3049,2193,0.0,1.6311
gen1_2008_control,L2T87,614680.713,4856101.432,L2T,MN_SEDriftless_2_2021,ok,191278,142629,0.0,0.0,1,0.0,0.0,5,0.0,0.0,9,0.0,0.0,13,0.0,0.0,29,0.0,0.0,81,0.0,2021-04-30 20:15,2021-04-30 20:36,0.015,data/derived/control_boxes/gen1_2008_control__L2T87.laz,data/derived/control_structure/gen1_2008_control__L2T87.npz,ok,3184,2358,0.0,4.4137
gen1_2008_control,L2T89,599372.214,4879317.353,L2T,MN_SEDriftless_2_2021,ok,184468,95825,0.0,0.0,1,0.0,0.0,5,0.0,0.0,9,0.0,0.0,13,0.0,0.0,29,0.0,0.0,81,0.0,2021-04-25 16:45,2021-04-25 16:54,0.006,data/derived/control_boxes/gen1_2008_control__L2T89.laz,data/derived/control_structure/gen1_2008_control__L2T89.npz,ok,3048,1658,0.0,0.9264
gen1_2008_control,L2T9,621174.012,4864494.226,L2T,MN_SEDriftless_2_2021,ok,109060,81746,0.0,0.0,1,0.0,0.0,5,0.0,0.0,9,0.011182,0.024166,13,0.034485,0.078699,29,0.044017,0.101699,81,0.044017,2021-04-29 17:04,2021-04-29 17:05,0.0,data/derived/control_boxes/gen1_2008_control__L2T9.laz,data/derived/control_structure/gen1_2008_control__L2T9.npz,ok,1649,1197,0.0,0.2618
gen1_2008_control,L2T90,593809.902,4885271.212,L2T,MN_SEDriftless_2_2021,ok,260374,93841,0.0,0.0,1,0.0,0.0,5,0.0,0.0,9,0.0,0.0,13,0.0,0.0,29,0.021001,0.050862,81,0.021001,2021-05-01 15:30,2021-05-01 15:34,0.003,data/derived/control_boxes/gen1_2008_control__L2T90.laz,data/derived/control_structure/gen1_2008_control__L2T90.npz,ok,3123,1673,0.0,0.957
gen1_2008_control,L2T91,590696.481,4882442.277,L2T,MN_SEDriftless_2_2021,ok,238308,88067,0.0,0.0,1,0.0,0.0,5,0.013167,0.02803,9,0.009201,0.019576,13,0.012742,0.027604,29,0.020643,0.047563,81,0.020643,2021-05-01 14:45,2021-05-01 15:05,0.014,data/derived/control_boxes/gen1_2008_control__L2T91.laz,data/derived/control_structure/gen1_2008_control__L2T91.npz,ok,3198,1390,0.0,3.1901
gen1_2008_control,L2T92,590502.08,4878829.021,L2T,MN_SEDriftless_2_2021,ok,96811,88177,0.0,0.0,1,0.0,0.0,5,0.0,0.0,9,0.0,0.0,13,0.0,0.0,29,0.0,0.0,81,0.0,2021-04-30 23:23,2021-04-30 23:23,0.0,data/derived/control_boxes/gen1_2008_control__L2T92.laz,data/derived/control_structure/gen1_2008_control__L2T92.npz,ok,1549,1426,0.0,0.5031
gen1_2008_control,L2T93,596062.903,4877654.096,L2T,MN_SEDriftless_2_2021,ok,101292,93650,0.0,0.0,1,0.0,0.0,5,0.0,0.0,9,0.0,0.0,13,0.0,0.0,29,0.0,0.0,81,0.0,2021-04-25 15:35,2021-04-25 15:35,0.0,data/derived/control_boxes/gen1_2008_control__L2T93.laz,data/derived/control_structure/gen1_2008_control__L2T93.npz,ok,1639,1495,0.0,2.1934
gen1_2008_control,L2T95,585018.292,4889844.188,L2T,MN_SEDriftless_2_2021,ok,102344,53081,0.0,0.0,1,0.0,0.0,5,0.0,0.0,9,0.0,0.0,13,0.0,0.0,29,0.0,0.0,81,0.0,2021-05-01 16:27,2021-05-01 16:27,0.0,data/derived/control_boxes/gen1_2008_control__L2T95.laz,data/derived/control_structure/gen1_2008_control__L2T95.npz,ok,1645,856,0.0,3.8323
gen1_2008_control,L2T96,586057.259,4886651.738,L2T,MN_SEDriftless_2_2021,ok,95028,86882,0.0,0.0,1,0.0,0.0,5,0.0,0.0,9,0.0,0.0,13,0.0,0.0,29,0.0,0.0,81,0.0,2021-05-01 15:53,2021-05-01 15:54,0.0,data/derived/control_boxes/gen1_2008_control__L2T96.laz,data/derived/control_structure/gen1_2008_control__L2T96.npz,ok,1549,1425,0.0,2.9242
gen1_2008_control,L2T98,576286.909,4890360.418,L2T,MN_SEDriftless_2_2021,ok,300104,88377,0.0,0.0,1,0.0,0.0,5,0.0,0.0,9,0.0,0.0,13,0.007437,0.016754,29,0.020102,0.045682,81,0.020102,2021-05-01 16:29,2021-05-01 16:43,0.009,data/derived/control_boxes/gen1_2008_control__L2T98.laz,data/derived/control_structure/gen1_2008_control__L2T98.npz,ok,3149,1481,0.0,2.4583
gen1_2008_control,L3B100,575921.468,4878313.362,L3B,MN_SEDriftless_2_2021,ok,109528,82322,0.00663,0.013304,1,0.062699,0.133437,5,0.051386,0.108542,9,0.054816,0.116179,13,0.06801,0.148689,29,0.057211,0.124876,81,0.06138,2021-04-30 23:14,2021-04-30 23:14,0.0,data/derived/control_boxes/gen1_2008_control__L3B100.laz,data/derived/control_structure/gen1_2008_control__L3B100.npz,ok,1719,1376,0.0,2.6906
gen1_2008_control,L3B106,622563.607,4873125.215,L3B,MN_SEDriftless_2_2021,ok,199458,97246,0.0,0.0,1,0.000241,0.000483,5,0.000134,0.000268,9,9.3e-05,0.000186,13,4.2e-05,8.3e-05,29,0.006233,0.013996,81,0.006233,2021-04-29 16:57,2021-05-01 14:50,1.912,data/derived/control_boxes/gen1_2008_control__L3B106.laz,data/derived/control_structure/gen1_2008_control__L3B106.npz,ok,2950,1608,0.0,2.5847
gen1_2008_control,L3B110,621162.521,4870228.398,L3B,MN_SEDriftless_2_2021,ok,150279,73939,0.053061,0.10904,1,0.051396,0.110661,5,0.042409,0.089886,9,0.041238,0.087059,13,0.066247,0.144116,29,0.127142,0.285779,81,0.085904,2021-04-29 17:03,2021-04-29 17:03,0.0,data/derived/control_boxes/gen1_2008_control__L3B110.laz,data/derived/control_structure/gen1_2008_control__L3B110.npz,ok,1756,1382,0.0,6.9714
gen1_2008_control,L3B112,612612.891,4857991.095,L3B,MN_SEDriftless_2_2021,ok,102369,99255,0.0,0.0,1,0.0,0.0,5,0.0,0.0,9,0.0,0.0,13,0.0,0.0,29,0.0,0.0,81,0.0,2021-04-30 19:40,2021-04-30 20:02,0.015,data/derived/control_boxes/gen1_2008_control__L3B112.laz,data/derived/control_structure/gen1_2008_control__L3B112.npz,ok,1606,1573,0.0,2.2954
gen1_2008_control,L3B118,607488.401,4872923.729,L3B,MN_SEDriftless_2_2021,ok,138170,82255,0.078676,0.163888,1,0.054418,0.114932,5,0.039419,0.082992,9,0.047908,0.101247,13,0.061504,0.132519,29,0.060868,0.133746,81,0.039257,2021-04-30 17:46,2021-04-30 17:46,0.0,data/derived/control_boxes/gen1_2008_control__L3B118.laz,data/derived/control_structure/gen1_2008_control__L3B118.npz,ok,1792,1342,0.0,4.9956
gen1_2008_control,L3B128,585354.025,4857041.271,L3B,MN_SEDriftless_2_2021,ok,96791,86379,0.0,0.0,1,0.016664,0.034798,5,0.016519,0.034352,9,0.012829,0.026592,13,0.008922,0.018482,29,0.004679,0.00976,81,0.016664,2022-05-07 20:54,2022-05-07 20:54,0.0,data/derived/control_boxes/gen1_2008_control__L3B128.laz,data/derived/control_structure/gen1_2008_control__L3B128.npz,ok,1668,1286,0.0,4.076
gen1_2008_control,L3B130,581002.771,4856974.291,L3B,MN_SEDriftless_2_2021,ok,147266,75606,0.261146,0.605309,1,0.174289,0.391686,5,0.198225,0.496569,9,0.151608,0.373826,13,0.145696,0.373912,29,0.104325,0.255015,81,0.156821,2022-05-07 20:53,2022-05-07 21:04,0.008,data/derived/control_boxes/gen1_2008_control__L3B130.laz,data/derived/control_structure/gen1_2008_control__L3B130.npz,ok,2176,956,0.0,4.0223
gen1_2008_control,L3B134,574616.921,4860206.512,L3B,MN_SEDriftless_2_2021,ok,133235,85707,0.105573,0.223144,1,0.13986,0.318084,5,0.13633,0.304894,9,0.137214,0.312848,13,0.118833,0.27301,29,0.077581,0.182442,81,0.062279,2021-05-12 14:21,2021-05-12 14:34,0.008,data/derived/control_boxes/gen1_2008_control__L3B134.laz,data/derived/control_structure/gen1_2008_control__L3B134.npz,ok,2441,928,0.0,1.501
gen1_2008_control,L3B137,579782.702,4868723.755,L3B,MN_SEDriftless_2_2021,ok,144850,81301,0.514853,1.446608,1,0.378033,1.053055,5,0.339457,0.935315,9,0.285289,0.784944,13,0.189764,0.514216,29,0.117411,0.310918,81,0.397442,2021-05-11 15:21,2021-05-11 15:21,0.0,data/derived/control_boxes/gen1_2008_control__L3B137.laz,data/derived/control_structure/gen1_2008_control__L3B137.npz,ok,3772,681,0.0,2.6624
gen1_2008_control,L3B14,609064.929,4869274.85,L3B,MN_SEDriftless_2_2021,ok,290133,123969,0.35613,0.880517,1,0.299036,0.717512,5,0.266165,0.626847,9,0.26176,0.623035,13,0.218959,0.519309,29,0.186986,0.444714,81,0.169144,2021-04-30 17:56,2021-04-30 18:52,0.039,data/derived/control_boxes/gen1_2008_control__L3B14.laz,data/derived/control_structure/gen1_2008_control__L3B14.npz,ok,6075,1716,0.0,4.0127
gen1_2008_control,L3B141,578173.619,4875841.803,L3B,MN_SEDriftless_2_2021,ok,185311,72998,0.514458,1.444978,1,0.432978,1.14892,5,0.385353,0.990494,9,0.385682,1.029776,13,0.318156,0.843564,29,0.225254,0.600406,81,0.289204,2021-04-30 22:46,2021-04-30 22:57,0.008,data/derived/control_boxes/gen1_2008_control__L3B141.laz,data/derived/control_structure/gen1_2008_control__L3B141.npz,ok,2486,653,0.0,0.6394
gen1_2008_control,L3B143,575323.711,4881784.825,L3B,MN_SEDriftless_2_2021,ok,106391,90012,0.0,0.0,1,0.0,0.0,5,0.0,0.0,9,0.0,0.0,13,0.0,0.0,29,0.002207,0.004594,81,0.002207,2021-05-01 14:48,2021-05-01 14:48,0.0,data/derived/control_boxes/gen1_2008_control__L3B143.laz,data/derived/control_structure/gen1_2008_control__L3B143.npz,ok,1727,1486,0.0,2.0809
gen1_2008_control,L3B146,581389.166,4886329.432,L3B,MN_SEDriftless_2_2021,ok,205712,121014,0.0,0.0,1,0.0,0.0,5,0.0,0.0,9,0.0,0.0,13,0.0,0.0,29,0.0,0.0,81,0.0,2021-05-01 15:37,2021-05-01 15:53,0.011,data/derived/control_boxes/gen1_2008_control__L3B146.laz,data/derived/control_structure/gen1_2008_control__L3B146.npz,ok,3309,1957,0.0,1.405
gen1_2008_control,L3B151,594122.018,4888505.729,L3B,MN_SEDriftless_2_2021,ok,201325,108064,0.0,0.0,1,0.0,0.0,5,0.0,0.0,9,0.000239,0.000479,13,0.01982,0.044673,29,0.031422,0.072794,81,0.031422,2021-05-01 15:59,2021-05-01 16:20,0.015,data/derived/control_boxes/gen1_2008_control__L3B151.laz,data/derived/control_structure/gen1_2008_control__L3B151.npz,ok,3312,2072,0.0,4.9041
gen1_2008_control,L3B152,590252.102,4893841.083,L3B,MN_SEDriftless_2_2021,ok,158936,47538,0.213461,0.480225,1,0.212088,0.481178,5,0.212357,0.485361,9,0.230338,0.532626,13,0.248885,0.585104,29,0.258447,0.60903,81,0.046359,2021-05-01 17:25,2021-05-01 17:25,0.0,data/derived/control_boxes/gen1_2008_control__L3B152.laz,data/derived/control_structure/gen1_2008_control__L3B152.npz,ok,2351,923,0.0,0.881
gen1_2008_control,L3B155,592506.616,4884943.624,L3B,MN_SEDriftless_2_2021,ok,115926,68372,0.072387,0.150282,1,0.055047,0.115898,5,0.054607,0.114352,9,0.043961,0.091813,13,0.035635,0.076209,29,0.02117,0.045038,81,0.051217,2021-05-01 15:29,2021-05-01 15:30,0.0,data/derived/control_boxes/gen1_2008_control__L3B155.laz,data/derived/control_structure/gen1_2008_control__L3B155.npz,ok,1863,1223,0.0,2.5692
gen1_2008_control,L3B160,600535.256,4883114.98,L3B,MN_SEDriftless_2_2021,ok,154346,80844,0.013922,0.028039,1,0.046543,0.09711,5,0.086919,0.190733,9,0.093769,0.207325,13,0.12295,0.281065,29,0.108832,0.251391,81,0.109028,2021-04-25 16:53,2021-04-30 15:18,4.934,data/derived/control_boxes/gen1_2008_control__L3B160.laz,data/derived/control_structure/gen1_2008_control__L3B160.npz,ok,1697,1422,0.0,1.3992
gen1_2008_control,L3B163,611139.953,4876755.075,L3B,MN_SEDriftless_2_2021,ok,155093,84937,0.021107,0.042666,1,0.027092,0.056396,5,0.018616,0.038562,9,0.023924,0.050521,13,0.06229,0.139783,29,0.048466,0.108441,81,0.043674,2021-04-30 19:01,2021-04-30 19:31,0.021,data/derived/control_boxes/gen1_2008_control__L3B163.laz,data/derived/control_structure/gen1_2008_control__L3B163.npz,ok,2859,1872,0.0,2.6205
gen1_2008_control,L3B166,599849.258,4858775.053,L3B,MN_SEDriftless_2_2021,ok,101349,63602,0.107695,0.227894,1,0.245801,0.933542,5,0.314356,1.260458,9,0.239526,0.920037,13,0.186047,0.612437,29,0.10079,0.299253,81,0.213566,2021-04-25 16:58,2021-04-25 16:58,0.0,data/derived/control_boxes/gen1_2008_control__L3B166.laz,data/derived/control_structure/gen1_2008_control__L3B166.npz,ok,1631,859,0.0,3.5653
gen1_2008_control,L3B169,575272.865,4865200.295,L3B,MN_SEDriftless_2_2021,ok,136626,85711,0.085573,0.178914,1,0.125196,0.272001,5,0.13217,0.290856,9,0.137531,0.319254,13,0.112147,0.265172,29,0.058117,0.136781,81,0.079414,2021-05-11 15:48,2021-05-11 15:53,0.003,data/derived/control_boxes/gen1_2008_control__L3B169.laz,data/derived/control_structure/gen1_2008_control__L3B169.npz,ok,2261,1310,0.0,2.4622
gen1_2008_control,L3B174,582256.364,4889861.537,L3B,MN_SEDriftless_2_2021,ok,134061,50167,0.11828,0.251762,1,0.073372,0.153694,5,0.11479,0.250881,9,0.124244,0.27158,13,0.130913,0.289111,29,0.147643,0.337704,81,0.074271,2021-05-01 16:28,2021-05-01 16:28,0.0,data/derived/control_boxes/gen1_2008_control__L3B174.laz,data/derived/control_structure/gen1_2008_control__L3B174.npz,ok,2264,643,0.0,1.0178
gen1_2008_control,L3B23,597064.04,4868316.126,L3B,MN_SEDriftless_2_2021,ok,108042,81419,0.262606,0.609266,1,0.211972,0.498704,5,0.223367,0.526884,9,0.221692,0.525806,13,0.175306,0.408413,29,0.097084,0.222275,81,0.165522,2021-04-25 16:03,2021-04-25 16:04,0.0,data/derived/control_boxes/gen1_2008_control__L3B23.laz,data/derived/control_structure/gen1_2008_control__L3B23.npz,ok,2262,1170,0.0,2.2976
gen1_2008_control,L3B32,589223.697,4857792.359,L3B,MN_SEDriftless_2_2021,ok,202035,90538,0.114105,0.242313,1,0.118459,0.268663,5,0.129618,0.292213,9,0.138182,0.310437,13,0.145497,0.327227,29,0.147742,0.335162,81,0.033637,2022-05-07 20:42,2022-05-07 20:56,0.009,data/derived/control_boxes/gen1_2008_control__L3B32.laz,data/derived/control_structure/gen1_2008_control__L3B32.npz,ok,5097,1939,0.0,1.3278
gen1_2008_control,L3B94,585440.273,4893780.737,L3B,MN_SEDriftless_2_2021,ok,142387,50602,0.231294,0.526093,1,0.233131,0.532408,5,0.225423,0.512824,9,0.209127,0.472875,13,0.193786,0.436059,29,0.160211,0.361753,81,0.07292,2021-05-01 17:26,2021-05-01 17:26,0.0,data/derived/control_boxes/gen1_2008_control__L3B94.laz,data/derived/control_structure/gen1_2008_control__L3B94.npz,ok,2836,701,0.0,3.1006
gen1_2008_control,L3B99,580050.679,4885346.715,L3B,MN_SEDriftless_2_2021,ok,289002,81641,0.003486,0.006985,1,0.108506,0.253933,5,0.122343,0.285422,9,0.135184,0.319436,13,0.125073,0.292407,29,0.155144,0.361672,81,0.151658,2021-05-01 15:27,2021-05-01 15:37,0.007,data/derived/control_boxes/gen1_2008_control__L3B99.laz,data/derived/control_structure/gen1_2008_control__L3B99.npz,ok,4049,1375,0.0,1.6667
gen1_2008_control,L4F103,582088.444,4879350.152,L4F,MN_SEDriftless_2_2021,ok,196121,50266,0.016261,0.03279,1,0.076922,0.167934,5,0.110399,0.243241,9,0.139579,0.314657,13,0.168422,0.382256,29,0.18112,0.411173,81,0.164859,2021-04-30 23:21,2021-04-30 23:30,0.006,data/derived/control_boxes/gen1_2008_control__L4F103.laz,data/derived/control_structure/gen1_2008_control__L4F103.npz,ok,1741,894,0.0,1.4722
gen1_2008_control,L4F105,608059.459,4876537.137,L4F,MN_SEDriftless_2_2021,ok,502973,94524,0.172543,0.378797,1,0.249048,0.598052,5,0.289834,0.711297,9,0.31231,0.784671,13,0.374186,0.978023,29,0.407109,1.089782,81,0.234566,2021-04-30 17:47,2021-04-30 17:54,0.005,data/derived/control_boxes/gen1_2008_control__L4F105.laz,data/derived/control_structure/gen1_2008_control__L4F105.npz,ok,7155,1860,0.0,1.6244
gen1_2008_control,L4F107,626279.861,4870007.885,L4F,MN_SEDriftless_2_2021,ok,330693,96546,0.401047,1.025145,1,0.445055,1.194034,5,0.454249,1.22579,9,0.462202,1.2527,13,0.456986,1.237612,29,0.413973,1.113484,81,0.061155,2021-04-29 16:30,2021-05-01 15:28,1.957,data/derived/control_boxes/gen1_2008_control__L4F107.laz,data/derived/control_structure/gen1_2008_control__L4F107.npz,ok,7530,1205,0.0,6.6364
gen1_2008_control,L4F113,614109.182,4859039.045,L4F,MN_SEDriftless_2_2021,ok,132633,87869,0.341453,0.835439,1,0.420545,1.106493,5,0.416998,1.101215,9,0.423322,1.119208,13,0.38132,1.019051,29,0.303603,0.806915,81,0.119719,2021-04-30 20:14,2021-04-30 20:15,0.0,data/derived/control_boxes/gen1_2008_control__L4F113.laz,data/derived/control_structure/gen1_2008_control__L4F113.npz,ok,4256,803,0.0,6.1204
gen1_2008_control,L4F119,600768.753,4867656.552,L4F,MN_SEDriftless_2_2021,ok,105391,86101,0.012904,0.025975,1,0.013193,0.026664,5,0.01069,0.021638,9,0.024726,0.051681,13,0.025275,0.0525,29,0.039428,0.084057,81,0.028738,2021-04-30 15:21,2021-04-30 15:21,0.0,data/derived/control_boxes/gen1_2008_control__L4F119.laz,data/derived/control_structure/gen1_2008_control__L4F119.npz,ok,1606,1351,0.0,4.9049
gen1_2008_control,L4F122,592662.591,4865673.994,L4F,MN_SEDriftless_2_2021,ok,169425,111754,0.0,0.0,1,0.0,0.0,5,0.0,0.0,9,0.0,0.0,13,0.0,0.0,29,0.0,0.0,81,0.0,2021-05-11 15:45,2021-05-11 15:56,0.008,data/derived/control_boxes/gen1_2008_control__L4F122.laz,data/derived/control_structure/gen1_2008_control__L4F122.npz,ok,3126,1787,0.0,3.0218
gen1_2008_control,L4F123,596795.44,4857131.685,L4F,MN_SEDriftless_2_2021,ok,108811,79027,0.0,0.0,1,0.0,0.0,5,0.0,0.0,9,0.012595,0.027508,13,0.035252,0.079619,29,0.070918,0.181476,81,0.070918,2021-04-25 16:01,2021-04-25 16:01,0.0,data/derived/control_boxes/gen1_2008_control__L4F123.laz,data/derived/control_structure/gen1_2008_control__L4F123.npz,ok,1577,1485,0.0,5.5029
gen1_2008_control,L4F126,589191.845,4858024.239,L4F,MN_SEDriftless_2_2021,ok,206618,70257,0.113104,0.240054,1,0.23093,0.54037,5,0.261243,0.62009,9,0.273884,0.65254,13,0.295359,0.712084,29,0.312286,0.76148,81,0.199182,2021-05-12 15:05,2022-05-07 20:42,360.235,data/derived/control_boxes/gen1_2008_control__L4F126.laz,data/derived/control_structure/gen1_2008_control__L4F126.npz,ok,3187,865,0.0,4.6659
gen1_2008_control,L4F127,588898.883,4856349.289,L4F,MN_SEDriftless_2_2021,ok,243734,78101,0.357538,0.884894,1,0.366186,0.915609,5,0.383633,0.972379,9,0.368527,0.924611,13,0.352236,0.878734,29,0.360133,0.903943,81,0.031397,2022-05-07 21:02,2022-05-07 21:02,0.0,data/derived/control_boxes/gen1_2008_control__L4F127.laz,data/derived/control_structure/gen1_2008_control__L4F127.npz,ok,4302,1127,0.0,3.2835
gen1_2008_control,L4F131,575545.102,4856131.964,L4F,MN_SEDriftless_2_2021,ok,181687,75408,0.420725,1.091957,1,0.336749,0.833368,5,0.328131,0.807243,9,0.320871,0.785521,13,0.305211,0.750933,29,0.24817,0.607464,81,0.172555,2022-05-07 21:06,2022-05-07 21:06,0.0,data/derived/control_boxes/gen1_2008_control__L4F131.laz,data/derived/control_structure/gen1_2008_control__L4F131.npz,ok,3276,1103,0.0,1.4935
gen1_2008_control,L4F136,574169.645,4869204.302,L4F,MN_SEDriftless_2_2021,ok,190964,108334,0.0,0.0,1,0.0,0.0,5,0.0,0.0,9,0.0,0.0,13,0.002495,0.005099,29,0.010683,0.025818,81,0.010683,2021-05-11 15:16,2021-05-11 15:20,0.003,data/derived/control_boxes/gen1_2008_control__L4F136.laz,data/derived/control_structure/gen1_2008_control__L4F136.npz,ok,2502,1791,0.0,0.5677
gen1_2008_control,L4F142,574561.291,4876981.413,L4F,MN_SEDriftless_2_2021,ok,116972,77551,0.409409,1.053264,1,0.335753,0.824914,5,0.324683,0.799097,9,0.320379,0.784662,13,0.290446,0.713731,29,0.182236,0.445135,81,0.227173,2021-04-30 23:02,2021-04-30 23:03,0.0,data/derived/control_boxes/gen1_2008_control__L4F142.laz,data/derived/control_structure/gen1_2008_control__L4F142.npz,ok,3177,1005,0.0,3.1283
gen1_2008_control,L4F145,580141.719,4886840.016,L4F,MN_SEDriftless_2_2021,ok,135181,74801,0.378008,0.949656,1,0.361958,0.902514,5,0.346899,0.858464,9,0.351671,0.873438,13,0.369356,0.932932,29,0.319732,0.805386,81,0.058276,2021-05-01 15:52,2021-05-01 15:52,0.0,data/derived/control_boxes/gen1_2008_control__L4F145.laz,data/derived/control_structure/gen1_2008_control__L4F145.npz,ok,4240,598,0.0,2.1268
gen1_2008_control,L4F149,591629.755,4871138.625,L4F,MN_SEDriftless_2_2021,ok,328900,85732,0.326545,0.790668,1,0.339482,0.84123,5,0.368015,0.929622,9,0.362017,0.913627,13,0.37605,0.957494,29,0.327688,0.829989,81,0.049505,2021-04-30 22:13,2021-05-11 15:08,10.705,data/derived/control_boxes/gen1_2008_control__L4F149.laz,data/derived/control_structure/gen1_2008_control__L4F149.npz,ok,8048,1151,0.0,0.3879
gen1_2008_control,L4F150,597735.854,4883426.842,L4F,MN_SEDriftless_2_2021,ok,114916,71191,0.119281,0.254034,1,0.089925,0.194279,5,0.089003,0.191142,9,0.080299,0.171378,13,0.069991,0.1505,29,0.100516,0.224989,81,0.04929,2021-04-25 16:14,2021-04-25 16:14,0.0,data/derived/control_boxes/gen1_2008_control__L4F150.laz,data/derived/control_structure/gen1_2008_control__L4F150.npz,ok,1773,1254,0.0,1.6608
gen1_2008_control,L4F156,592709.812,4891696.068,L4F,MN_SEDriftless_2_2021,ok,182218,46961,0.313919,0.753519,1,0.266423,0.631541,5,0.242468,0.564665,9,0.237211,0.551803,13,0.271584,0.648304,29,0.272085,0.648347,81,0.076708,2021-05-01 16:51,2021-05-01 16:51,0.0,data/derived/control_boxes/gen1_2008_control__L4F156.laz,data/derived/control_structure/gen1_2008_control__L4F156.npz,ok,2903,728,0.0,1.5833
gen1_2008_control,L4F158,593105.004,4889618.4,L4F,MN_SEDriftless_2_2021,ok,193871,42502,0.396977,1.011601,1,0.36512,0.915791,5,0.37775,0.957307,9,0.345871,0.86877,13,0.306642,0.764954,29,0.233039,0.579394,81,0.163938,2021-05-01 16:25,2021-05-01 16:25,0.0,data/derived/control_boxes/gen1_2008_control__L4F158.laz,data/derived/control_structure/gen1_2008_control__L4F158.npz,ok,4189,577,0.0,0.6501
gen1_2008_control,L4F161,604608.147,4881698.496,L4F,MN_SEDriftless_2_2021,ok,148598,67754,0.296988,0.704762,1,0.309787,0.744803,5,0.323092,0.787711,9,0.307926,0.746472,13,0.303322,0.735691,29,0.278561,0.674295,81,0.044531,2021-04-30 16:38,2021-04-30 16:38,0.0,data/derived/control_boxes/gen1_2008_control__L4F161.laz,data/derived/control_structure/gen1_2008_control__L4F161.npz,ok,3148,1266,0.0,0.2102
gen1_2008_control,L4F167,593827.909,4858769.889,L4F,MN_SEDriftless_2_2021,ok,219361,60176,0.60653,1.865503,1,0.491956,1.398598,5,0.517809,1.508124,9,0.485004,1.380264,13,0.424134,1.228737,29,0.332783,0.938587,81,0.273747,2021-05-12 14:53,2021-05-12 14:53,0.0,data/derived/control_boxes/gen1_2008_control__L4F167.laz,data/derived/control_structure/gen1_2008_control__L4F167.npz,ok,5398,493,0.0,2.7677
gen1_2008_control,L4F170,576611.965,4878960.882,L4F,MN_SEDriftless_2_2021,ok,98745,67567,0.0,0.0,1,0.0,0.0,5,0.006578,0.013561,9,0.012527,0.025764,13,0.024537,0.051505,29,0.036954,0.079476,81,0.036954,2021-04-30 23:20,2021-04-30 23:20,0.0,data/derived/control_boxes/gen1_2008_control__L4F170.laz,data/derived/control_structure/gen1_2008_control__L4F170.npz,ok,1431,1045,0.0,1.099
gen1_2008_control,L4F30,589964.265,4862930.363,L4F,MN_SEDriftless_2_2021,ok,213935,50028,0.365662,0.910347,1,0.372254,0.940728,5,0.37682,0.95185,9,0.379531,0.961443,13,0.378689,0.958945,29,0.354304,0.898841,81,0.025227,2021-05-12 14:09,2021-05-12 14:09,0.0,data/derived/control_boxes/gen1_2008_control__L4F30.laz,data/derived/control_structure/gen1_2008_control__L4F30.npz,ok,4850,570,0.0,0.8786
gen1_2008_control,L4F97,581340.181,4893399.094,L4F,MN_SEDriftless_2_2021,ok,299655,81010,0.250609,0.576989,1,0.186982,0.419001,5,0.200243,0.459717,9,0.182222,0.415963,13,0.166429,0.376328,29,0.152778,0.342927,81,0.097831,2021-05-01 17:16,2021-05-01 17:27,0.007,data/derived/control_boxes/gen1_2008_control__L4F97.laz,data/derived/control_structure/gen1_2008_control__L4F97.npz,ok,5670,1321,0.0,2.1147
gen1_2008_control,L5U1,608921.294,4878065.35,L5U,MN_SEDriftless_2_2021,ok,242613,61742,0.0,0.0,1,0.120411,0.340798,5,0.200054,0.615332,9,0.207764,0.683724,13,0.20265,0.71812,29,0.18958,0.704763,81,0.207764,2021-04-30 17:54,2021-04-30 18:54,0.042,data/derived/control_boxes/gen1_2008_control__L5U1.laz,data/derived/control_structure/gen1_2008_control__L5U1.npz,ok,2985,1088,0.0,2.0006
gen1_2008_control,L5U10,603121.154,4879914.162,L5U,MN_SEDriftless_2_2021,ok,188880,84095,0.0,0.0,1,0.0,0.0,5,0.002238,0.004508,9,0.003524,0.007119,13,0.054201,0.15077,29,0.110271,0.407805,81,0.110271,2021-04-30 15:59,2021-04-30 16:31,0.022,data/derived/control_boxes/gen1_2008_control__L5U10.laz,data/derived/control_structure/gen1_2008_control__L5U10.npz,ok,3101,2053,0.0,1.5584
gen1_2008_control,L5U108,631703.102,4863564.325,L5U,MN_SEDriftless_2_2021,ok,94098,48393,0.0,0.0,1,0.049693,0.109804,5,0.068802,0.162684,9,0.06269,0.146143,13,0.064834,0.1792,29,0.100259,0.264028,81,0.100259,2021-04-26 16:45,2021-04-26 16:45,0.0,data/derived/control_boxes/gen1_2008_control__L5U108.laz,data/derived/control_structure/gen1_2008_control__L5U108.npz,ok,1446,962,0.0,1.3361
gen1_2008_control,L5U109,625876.794,4862487.668,L5U,MN_SEDriftless_2_2021,ok,105109,75534,0.0,0.0,1,0.031999,0.069739,5,0.055965,0.12282,9,0.03908,0.085701,13,0.054031,0.123275,29,0.067174,0.166837,81,0.067174,2021-05-01 15:30,2021-05-01 15:30,0.0,data/derived/control_boxes/gen1_2008_control__L5U109.laz,data/derived/control_structure/gen1_2008_control__L5U109.npz,ok,1552,1373,0.0,0.3229
gen1_2008_control,L5U115,615546.711,4863132.629,L5U,MN_SEDriftless_2_2021,ok,183526,84851,0.001978,0.00396,1,0.034144,0.074552,5,0.058379,0.130531,9,0.08696,0.233301,13,0.137683,0.4918,29,0.13234,0.427037,81,0.135705,2021-04-30 20:37,2021-04-30 20:48,0.007,data/derived/control_boxes/gen1_2008_control__L5U115.laz,data/derived/control_structure/gen1_2008_control__L5U115.npz,ok,1636,961,0.0,1.6098
gen1_2008_control,L5U116,610753.071,4865365.522,L5U,MN_SEDriftless_2_2021,ok,219099,89496,0.0,0.0,1,0.0,0.0,5,0.001498,0.003017,9,0.040066,0.111013,13,0.081027,0.295082,29,0.099611,0.297875,81,0.099611,2021-04-30 19:03,2021-04-30 19:28,0.018,data/derived/control_boxes/gen1_2008_control__L5U116.laz,data/derived/control_structure/gen1_2008_control__L5U116.npz,ok,1701,1491,0.0,0.8853
gen1_2008_control,L5U121,591272.673,4870881.609,L5U,MN_SEDriftless_2_2021,ok,256238,91592,0.0,0.0,1,0.0,0.0,5,0.0,0.0,9,0.034226,0.08843,13,0.131144,0.37555,29,0.223548,0.729926,81,0.223548,2021-04-30 22:13,2021-05-11 15:08,10.705,data/derived/control_boxes/gen1_2008_control__L5U121.laz,data/derived/control_structure/gen1_2008_control__L5U121.npz,ok,3281,1980,0.0,1.5198
gen1_2008_control,L5U129,588379.2,4862657.432,L5U,MN_SEDriftless_2_2021,ok,230198,83641,0.135858,0.292037,1,0.210674,0.549534,5,0.185149,0.516244,9,0.158958,0.426144,13,0.126645,0.365422,29,0.079792,0.218441,81,0.130882,2021-05-12 14:09,2021-05-12 14:15,0.004,data/derived/control_boxes/gen1_2008_control__L5U129.laz,data/derived/control_structure/gen1_2008_control__L5U129.npz,ok,3544,1217,0.0,4.7151
gen1_2008_control,L5U133,574659.304,4860321.884,L5U,MN_SEDriftless_2_2021,ok,304937,81408,0.0,0.0,1,0.108651,0.313451,5,0.112501,0.302526,9,0.151028,0.672969,13,0.196535,0.743637,29,0.144828,0.445575,81,0.196535,2021-05-12 14:21,2021-05-12 14:34,0.008,data/derived/control_boxes/gen1_2008_control__L5U133.laz,data/derived/control_structure/gen1_2008_control__L5U133.npz,ok,3222,1486,0.0,1.0351
gen1_2008_control,L5U135,575053.554,4868378.265,L5U,MN_SEDriftless_2_2021,ok,238813,72152,0.0,0.0,1,0.0,0.0,5,0.008117,0.016857,9,0.005619,0.01167,13,0.045973,0.163571,29,0.126608,0.473238,81,0.126608,2021-05-11 15:20,2021-05-11 15:32,0.008,data/derived/control_boxes/gen1_2008_control__L5U135.laz,data/derived/control_structure/gen1_2008_control__L5U135.npz,ok,3470,1739,0.0,2.0048
gen1_2008_control,L5U138,583695.74,4869678.688,L5U,MN_SEDriftless_2_2021,ok,110438,70407,0.0,0.0,1,0.0,0.0,5,0.0,0.0,9,0.000544,0.001091,13,0.025166,0.060781,29,0.099884,0.37083,81,0.099884,2021-05-11 15:14,2021-05-11 15:22,0.006,data/derived/control_boxes/gen1_2008_control__L5U138.laz,data/derived/control_structure/gen1_2008_control__L5U138.npz,ok,1641,1450,0.0,0.4791
gen1_2008_control,L5U147,584903.223,4880337.607,L5U,MN_SEDriftless_2_2021,ok,102493,53016,0.0,0.0,1,0.0,0.0,5,0.0,0.0,9,0.012219,0.026612,13,0.053539,0.139907,29,0.068547,0.220016,81,0.068547,2021-04-30 23:29,2021-05-01 14:38,0.631,data/derived/control_boxes/gen1_2008_control__L5U147.laz,data/derived/control_structure/gen1_2008_control__L5U147.npz,ok,1618,1447,0.0,1.703
gen1_2008_control,L5U153,594584.505,4883454.064,L5U,MN_SEDriftless_2_2021,ok,224987,84671,0.212714,0.478326,1,0.244226,0.708026,5,0.222211,0.613307,9,0.193937,0.523065,13,0.194695,0.589053,29,0.138663,0.414847,81,0.105563,2021-05-01 15:05,2021-05-01 15:09,0.003,data/derived/control_boxes/gen1_2008_control__L5U153.laz,data/derived/control_structure/gen1_2008_control__L5U153.npz,ok,3086,1424,0.0,1.7421
gen1_2008_control,L5U157,590541.553,4893734.416,L5U,MN_SEDriftless_2_2021,ok,107516,57806,0.0,0.0,1,0.021011,0.0435,5,0.066835,0.161202,9,0.064735,0.150753,13,0.154988,0.485592,29,0.155073,0.503229,81,0.155073,2021-05-01 17:24,2021-05-01 17:25,0.0,data/derived/control_boxes/gen1_2008_control__L5U157.laz,data/derived/control_structure/gen1_2008_control__L5U157.npz,ok,1487,928,0.0,1.3516
gen1_2008_control,L5U159,600082.907,4882885.497,L5U,MN_SEDriftless_2_2021,ok,209293,76599,0.02509,0.050819,1,0.114784,0.326793,5,0.124007,0.329192,9,0.133219,0.375066,13,0.156736,0.486192,29,0.205306,0.673239,81,0.180216,2021-04-25 16:53,2021-04-30 15:18,4.934,data/derived/control_boxes/gen1_2008_control__L5U159.laz,data/derived/control_structure/gen1_2008_control__L5U159.npz,ok,3005,1375,0.0,1.1506
gen1_2008_control,L5U162,610186.537,4878225.104,L5U,MN_SEDriftless_2_2021,ok,172531,56400,0.0,0.0,1,0.037463,0.082965,5,0.069925,0.175465,9,0.081733,0.203494,13,0.131205,0.37544,29,0.162327,0.450436,81,0.162327,2021-04-30 18:54,2021-04-30 19:00,0.004,data/derived/control_boxes/gen1_2008_control__L5U162.laz,data/derived/control_structure/gen1_2008_control__L5U162.npz,ok,2933,1088,0.0,0.9943
gen1_2008_control,L5U164,601238.004,4866242.59,L5U,MN_SEDriftless_2_2021,ok,221407,118887,0.0,0.0,1,0.007601,0.015497,5,0.06159,0.170013,9,0.087459,0.241165,13,0.122537,0.397555,29,0.090831,0.313791,81,0.122537,2021-04-30 15:21,2021-04-30 15:48,0.019,data/derived/control_boxes/gen1_2008_control__L5U164.laz,data/derived/control_structure/gen1_2008_control__L5U164.npz,ok,3388,1909,0.0,2.151
gen1_2008_control,L5U165,601302.397,4858767.535,L5U,MN_SEDriftless_2_2021,ok,210404,123834,0.0,0.0,1,0.00118,0.002367,5,0.001027,0.002059,9,0.089922,0.277355,13,0.13289,0.409269,29,0.144682,0.409109,81,0.144682,2021-04-30 15:22,2021-04-30 15:46,0.016,data/derived/control_boxes/gen1_2008_control__L5U165.laz,data/derived/control_structure/gen1_2008_control__L5U165.npz,ok,3254,2106,0.0,0.2328
gen1_2008_control,L5U168,581968.7,4860639.585,L5U,MN_SEDriftless_2_2021,ok,200120,108839,0.0,0.0,1,0.0,0.0,5,0.0,0.0,9,0.0,0.0,13,0.0,0.0,29,0.0,0.0,81,0.0,2021-05-12 14:23,2021-05-12 14:32,0.006,data/derived/control_boxes/gen1_2008_control__L5U168.laz,data/derived/control_structure/gen1_2008_control__L5U168.npz,ok,3246,1909,0.0,3.3962
gen1_2008_control,L5U171,578582.791,4882169.886,L5U,MN_SEDriftless_2_2021,ok,108205,62685,0.007018,0.014085,1,0.119009,0.350815,5,0.183222,0.538473,9,0.170532,0.499346,13,0.170247,0.528884,29,0.110849,0.336977,81,0.176204,2021-05-01 14:47,2021-05-01 14:48,0.0,data/derived/control_boxes/gen1_2008_control__L5U171.laz,data/derived/control_structure/gen1_2008_control__L5U171.npz,ok,1551,909,0.0,0.5525
gen1_2008_control,L5U172,575891.38,4892143.512,L5U,MN_SEDriftless_2_2021,ok,254833,112643,0.0,0.0,1,0.080801,0.207008,5,0.11326,0.280638,9,0.131031,0.371552,13,0.097361,0.273749,29,0.09264,0.24966,81,0.131031,2021-05-01 16:54,2021-05-01 17:15,0.015,data/derived/control_boxes/gen1_2008_control__L5U172.laz,data/derived/control_structure/gen1_2008_control__L5U172.npz,ok,3499,1458,0.0,3.1068
gen1_2008_control,L5U175,599037.521,4875638.117,L5U,MN_SEDriftless_2_2021,ok,134408,81150,0.0,0.0,1,0.0,0.0,5,0.005921,0.012169,9,0.004305,0.008837,13,0.095653,0.328619,29,0.120146,0.355051,81,0.120146,2021-04-25 16:44,2021-04-25 16:55,0.007,data/derived/control_boxes/gen1_2008_control__L5U175.laz,data/derived/control_structure/gen1_2008_control__L5U175.npz,ok,1508,1425,0.0,0.7367
gen2_2021_control,1001_2021_MN,439009.326,4935101.44,LCP,,outside the MN_SEDriftless_*_2021 acquisition,,,,,,,,,,,,,,,,,,,,,,,,,,,,,,,
gen2_2021_control,1002_2021_MN,438979.893,4932805.245,LCP,MN_SEDriftless_5_2021,ok,332472,267030,0.0,0.0,1,0.0,0.0,5,0.0,0.0,9,0.0,0.0,13,0.002377,0.004926,29,0.005262,0.010818,81,0.005262,2021-04-16 16:44,2021-04-16 16:45,0.0,data/derived/control_boxes/gen2_2021_control__1002_2021_MN.laz,data/derived/control_structure/gen2_2021_control__1002_2021_MN.npz,ok,5418,4516,0.0,5.8652
gen2_2021_control,1003_2021_MN,438955.728,4930167.506,LCP,MN_SEDriftless_5_2021,ok,406398,313640,0.0,0.0,1,0.0,0.0,5,0.0,0.0,9,0.002629,0.005351,13,0.003953,0.008047,29,0.001689,0.003429,81,0.003953,2021-04-16 18:12,2021-04-16 18:12,0.0,data/derived/control_boxes/gen2_2021_control__1003_2021_MN.laz,data/derived/control_structure/gen2_2021_control__1003_2021_MN.npz,ok,5960,5221,0.0,4.287
gen2_2021_control,1004_2021_MN,436507.644,4927638.472,LCP,MN_SEDriftless_5_2021,ok,350029,300836,0.0,0.0,1,0.0,0.0,5,0.0,0.0,9,0.002449,0.004978,13,0.0072,0.014746,29,0.004275,0.008739,81,0.0072,2021-04-16 19:33,2021-04-16 19:33,0.0,data/derived/control_boxes/gen2_2021_control__1004_2021_MN.laz,data/derived/control_structure/gen2_2021_control__1004_2021_MN.npz,ok,5487,5056,0.0,6.9446
gen2_2021_control,1005_2021_MN,436471.028,4925038.446,LCP,MN_SEDriftless_5_2021,ok,826678,224124,0.0,0.0,1,0.0,0.0,5,0.0,0.0,9,0.011127,0.024039,13,0.037791,0.093239,29,0.133755,0.354565,81,0.133755,2021-04-17 15:24,2021-04-17 15:24,0.0,data/derived/control_boxes/gen2_2021_control__1005_2021_MN.laz,data/derived/control_structure/gen2_2021_control__1005_2021_MN.npz,ok,5734,4813,0.0,5.4879
gen2_2021_control,1006_2021_MN,436471.231,4922406.552,LCP,MN_SEDriftless_5_2021,ok,347505,306470,0.0,0.0,1,0.0,0.0,5,0.0,0.0,9,0.004828,0.009973,13,0.010896,0.022553,29,0.006138,0.012705,81,0.010896,2021-04-20 15:40,2021-04-20 15:40,0.0,data/derived/control_boxes/gen2_2021_control__1006_2021_MN.laz,data/derived/control_structure/gen2_2021_control__1006_2021_MN.npz,ok,5536,5037,0.0,5.466
gen2_2021_control,1007_2021_MN,433999.785,4919899.737,LCP,MN_SEDriftless_5_2021,ok,342135,278201,0.0,0.0,1,0.0,0.0,5,0.0,0.0,9,0.0,0.0,13,0.001225,0.002494,29,0.008213,0.017055,81,0.008213,2021-04-22 15:23,2021-04-22 15:23,0.0,data/derived/control_boxes/gen2_2021_control__1007_2021_MN.laz,data/derived/control_structure/gen2_2021_control__1007_2021_MN.npz,ok,4451,3950,0.0,5.2289
gen2_2021_control,1008_2021_MN,433963.582,4917304.495,LCP,MN_SEDriftless_5_2021,ok,359077,269869,0.0,0.0,1,0.0,0.0,5,0.006485,0.013363,9,0.012363,0.025701,13,0.022391,0.047294,29,0.013435,0.028274,81,0.022391,2021-04-22 16:52,2021-04-22 16:52,0.0,data/derived/control_boxes/gen2_2021_control__1008_2021_MN.laz,data/derived/control_structure/gen2_2021_control__1008_2021_MN.npz,ok,5729,4239,0.0,6.9615
gen2_2021_control,1009_2021_MN,433957.994,4914717.976,LCP,MN_SEDriftless_5_2021,ok,785191,241099,0.0,0.0,1,0.0,0.0,5,0.0,0.0,9,0.00525,0.010875,13,0.013598,0.028319,29,0.04915,0.114607,81,0.04915,2021-04-16 16:13,2021-04-16 16:13,0.0,data/derived/control_boxes/gen2_2021_control__1009_2021_MN.laz,data/derived/control_structure/gen2_2021_control__1009_2021_MN.npz,ok,6279,5728,0.0,2.7274
gen2_2021_control,1010_2021_MN,433953.507,4912170.414,LCP,MN_SEDriftless_5_2021,ok,401255,297878,0.0,0.0,1,0.0,0.0,5,0.0,0.0,9,0.003823,0.007843,13,0.013298,0.027612,29,0.009467,0.019555,81,0.013298,2021-04-16 17:49,2021-04-16 17:49,0.0,data/derived/control_boxes/gen2_2021_control__1010_2021_MN.laz,data/derived/control_structure/gen2_2021_control__1010_2021_MN.npz,ok,6421,5609,0.0,3.5522
gen2_2021_control,1011_2021_MN,433932.108,4909578.307,LCP,MN_SEDriftless_5_2021,ok,349891,310951,0.0,0.0,1,0.0,0.0,5,0.0,0.0,9,0.0,0.0,13,0.0,0.0,29,0.0,0.0,81,0.0,2021-04-16 19:15,2021-04-16 19:15,0.0,data/derived/control_boxes/gen2_2021_control__1011_2021_MN.laz,data/derived/control_structure/gen2_2021_control__1011_2021_MN.npz,ok,5581,5136,0.0,4.4297
gen2_2021_control,1012_2021_MN,433904.248,4906989.898,LCP,MN_SEDriftless_5_2021,ok,394461,137724,0.0,0.0,1,0.0,0.0,5,0.0,0.0,9,0.005831,0.012127,13,0.018029,0.037751,29,0.02281,0.047364,81,0.02281,2021-04-17 14:53,2021-04-17 14:53,0.0,data/derived/control_boxes/gen2_2021_control__1012_2021_MN.laz,data/derived/control_structure/gen2_2021_control__1012_2021_MN.npz,ok,6156,2443,0.0,4.4053
gen2_2021_control,1013_2021_MN,427372.676,4904257.629,LCP,MN_SEDriftless_5_2021,ok,600176,267758,0.0,0.0,1,0.0,0.0,5,0.0,0.0,9,0.001662,0.003361,13,0.017976,0.040151,29,0.087781,0.230236,81,0.087781,2021-04-17 16:39,2021-04-17 16:39,0.0,data/derived/control_boxes/gen2_2021_control__1013_2021_MN.laz,data/derived/control_structure/gen2_2021_control__1013_2021_MN.npz,ok,6024,5347,0.0,4.1193
gen2_2021_control,1014_2021_MN,427901.088,4901603.2,LCP,MN_SEDriftless_5_2021,ok,435431,305415,0.0,0.0,1,0.002441,0.004912,5,0.001356,0.002729,9,0.001611,0.00324,13,0.000814,0.001636,29,0.00465,0.009495,81,0.00465,2021-04-20 15:12,2021-04-20 15:12,0.0,data/derived/control_boxes/gen2_2021_control__1014_2021_MN.laz,data/derived/control_structure/gen2_2021_control__1014_2021_MN.npz,ok,6548,5190,0.0,3.9719
gen2_2021_control,1015_2021_MN,428246.889,4898996.501,LCP,MN_SEDriftless_5_2021,ok,384368,313254,0.0,0.0,1,0.0,0.0,5,0.0,0.0,9,0.0,0.0,13,0.0,0.0,29,0.0,0.0,81,0.0,2021-04-21 15:08,2021-04-21 15:08,0.0,data/derived/control_boxes/gen2_2021_control__1015_2021_MN.laz,data/derived/control_structure/gen2_2021_control__1015_2021_MN.npz,ok,6193,5690,0.0,3.3565
gen2_2021_control,1016_2021_MN,430612.247,4896354.763,LCP,,outside the MN_SEDriftless_*_2021 acquisition,,,,,,,,,,,,,,,,,,,,,,,,,,,,,,,
gen2_2021_control,1017_2021_MN,443443.562,4893322.08,LCP,MN_SEDriftless_5_2021,no points in the EPT box,,,,,,,,,,,,,,,,,,,,,,,,,,,,,,,
gen2_2021_control,1018_2021_MN,443225.978,4891480.947,LCP,,outside the MN_SEDriftless_*_2021 acquisition,,,,,,,,,,,,,,,,,,,,,,,,,,,,,,,
gen2_2021_control,1019_2021_MN,545188.792,4895170.409,LCP,MN_SEDriftless_2_2021,ok,203308,101377,0.0,0.0,1,0.0,0.0,5,0.0,0.0,9,0.0,0.0,13,0.000145,0.000291,29,0.000322,0.000651,81,0.000322,2021-05-01 17:43,2021-05-01 18:08,0.018,data/derived/control_boxes/gen2_2021_control__1019_2021_MN.laz,data/derived/control_structure/gen2_2021_control__1019_2021_MN.npz,ok,3244,1613,0.0,6.2387
gen2_2021_control,1020_2022_MN,546400.068,4892535.055,LCP,MN_SEDriftless_4_2021,ok,339779,107459,0.0,0.0,1,0.0,0.0,5,0.0,0.0,9,0.0,0.0,13,0.000523,0.001054,29,0.001887,0.003846,81,0.001887,2022-05-19 15:10,2022-05-19 15:19,0.006,data/derived/control_boxes/gen2_2021_control__1020_2022_MN.laz,data/derived/control_structure/gen2_2021_control__1020_2022_MN.npz,ok,5370,1641,0.0,5.0853
gen2_2021_control,1021_2022_MN,546426.665,4889511.929,LCP,MN_SEDriftless_4_2021,ok,393817,95604,0.0,0.0,1,0.0,0.0,5,0.0,0.0,9,0.0,0.0,13,0.0,0.0,29,0.002782,0.005966,81,0.002782,2022-05-16 16:32,2022-05-16 16:47,0.011,data/derived/control_boxes/gen2_2021_control__1021_2022_MN.laz,data/derived/control_structure/gen2_2021_control__1021_2022_MN.npz,ok,5351,1528,0.0,2.4681
gen2_2021_control,1022_2022_MN,546598.082,4886685.147,LCP,MN_SEDriftless_4_2021,ok,357588,137271,0.0,0.0,1,0.001177,0.002361,5,0.001662,0.003337,9,0.001201,0.002412,13,0.010094,0.023461,29,0.030725,0.078589,81,0.030725,2022-05-16 15:22,2022-05-16 15:38,0.011,data/derived/control_boxes/gen2_2021_control__1022_2022_MN.laz,data/derived/control_structure/gen2_2021_control__1022_2022_MN.npz,ok,5328,2194,0.0,0.0527
gen2_2021_control,1023_2022_MN,545759.955,4884656.922,LCP,MN_SEDriftless_4_2021,ok,397524,152725,0.0,0.0,1,0.0,0.0,5,0.0,0.0,9,0.0,0.0,13,0.00167,0.003374,29,0.003859,0.007908,81,0.003859,2022-05-15 16:24,2022-05-15 16:55,0.022,data/derived/control_boxes/gen2_2021_control__1023_2022_MN.laz,data/derived/control_structure/gen2_2021_control__1023_2022_MN.npz,ok,5379,2627,0.0,2.361
gen2_2021_control,1024_2022_MN,545007.53,4882916.515,LCP,MN_SEDriftless_4_2021,ok,452843,102061,0.0,0.0,1,0.0,0.0,5,0.0,0.0,9,0.001089,0.002193,13,0.001285,0.002583,29,0.01301,0.035005,81,0.01301,2022-05-15 15:34,2022-05-15 15:52,0.013,data/derived/control_boxes/gen2_2021_control__1024_2022_MN.laz,data/derived/control_structure/gen2_2021_control__1024_2022_MN.npz,ok,5368,1556,0.0,2.0224
gen2_2021_control,1025_2022_MN,544174.672,4881071.388,LCP,MN_SEDriftless_4_2021,ok,619620,117394,0.0,0.0,1,0.0,0.0,5,0.0,0.0,9,0.0,0.0,13,0.001185,0.002383,29,0.026029,0.062159,81,0.026029,2022-05-14 17:11,2022-05-15 15:01,0.91,data/derived/control_boxes/gen2_2021_control__1025_2022_MN.laz,data/derived/control_structure/gen2_2021_control__1025_2022_MN.npz,ok,7821,1958,0.0,1.336
gen2_2021_control,1026_2022_MN,543982.736,4879238.961,LCP,MN_SEDriftless_4_2021,ok,556980,129184,0.0,0.0,1,0.0,0.0,5,0.0,0.0,9,0.000541,0.001085,13,0.005328,0.01149,29,0.046314,0.116373,81,0.046314,2022-05-14 16:04,2022-05-14 16:37,0.023,data/derived/control_boxes/gen2_2021_control__1026_2022_MN.laz,data/derived/control_structure/gen2_2021_control__1026_2022_MN.npz,ok,8180,2089,0.0,2.5044
gen2_2021_control,1027_2022_MN,543575.629,4877449.823,LCP,MN_SEDriftless_4_2021,ok,402968,108859,0.0,0.0,1,0.0,0.0,5,0.002914,0.005906,9,0.002018,0.004089,13,0.000904,0.001833,29,0.01258,0.029238,81,0.01258,2022-05-14 14:56,2022-05-14 15:30,0.024,data/derived/control_boxes/gen2_2021_control__1027_2022_MN.laz,data/derived/control_structure/gen2_2021_control__1027_2022_MN.npz,ok,5243,1926,0.0,4.5007
gen2_2021_control,1028_2022_MN,543016.915,4875706.444,LCP,MN_SEDriftless_4_2021,ok,333938,80060,0.0,0.0,1,0.003198,0.006448,5,0.009357,0.01898,9,0.006879,0.013944,13,0.003741,0.007575,29,0.028471,0.071529,81,0.028471,2022-05-13 17:29,2022-05-13 17:50,0.015,data/derived/control_boxes/gen2_2021_control__1028_2022_MN.laz,data/derived/control_structure/gen2_2021_control__1028_2022_MN.npz,ok,5395,1960,0.0,0.797
gen2_2021_control,1029_2022_MN,542975.741,4873885.888,LCP,MN_SEDriftless_4_2021,ok,421561,154994,0.0,0.0,1,0.011775,0.024272,5,0.027143,0.058995,9,0.029966,0.064994,13,0.045343,0.104575,29,0.026443,0.060112,81,0.045343,2022-05-13 16:21,2022-05-13 16:56,0.024,data/derived/control_boxes/gen2_2021_control__1029_2022_MN.laz,data/derived/control_structure/gen2_2021_control__1029_2022_MN.npz,ok,5522,2544,0.0,0.4183
gen2_2021_control,1030_2022_MN,542888.789,4872145.688,LCP,MN_SEDriftless_4_2021,ok,605604,101753,0.0,0.0,1,0.0,0.0,5,0.0,0.0,9,0.000412,0.000827,13,0.003078,0.006313,29,0.056734,0.143395,81,0.056734,2022-05-13 15:13,2022-05-13 15:47,0.023,data/derived/control_boxes/gen2_2021_control__1030_2022_MN.laz,data/derived/control_structure/gen2_2021_control__1030_2022_MN.npz,ok,7957,2631,0.0,4.4796
gen2_2021_control,1031_2022_MN,543097.41,4870275.6,LCP,MN_SEDriftless_4_2021,ok,560158,107223,0.0,0.0,1,0.0,0.0,5,0.000545,0.001092,9,0.011313,0.024348,13,0.02828,0.065984,29,0.057966,0.139066,81,0.057966,2022-05-07 19:14,2022-05-10 15:54,2.861,data/derived/control_boxes/gen2_2021_control__1031_2022_MN.laz,data/derived/control_structure/gen2_2021_control__1031_2022_MN.npz,ok,7861,1806,0.0,3.155
gen2_2021_control,1032_2022_MN,542988.198,4868541.43,LCP,MN_SEDriftless_4_2021,ok,346807,171703,0.0,0.0,1,0.0,0.0,5,0.0,0.0,9,0.0,0.0,13,4.2e-05,8.4e-05,29,0.010696,0.030726,81,0.010696,2022-05-07 18:22,2022-05-07 18:42,0.014,data/derived/control_boxes/gen2_2021_control__1032_2022_MN.laz,data/derived/control_structure/gen2_2021_control__1032_2022_MN.npz,ok,5480,3825,0.0,0.4691
gen2_2021_control,1033_2022_MN,542705.497,4866599.611,LCP,MN_SEDriftless_4_2021,ok,345595,133091,0.0,0.0,1,0.0,0.0,5,0.0,0.0,9,0.017694,0.040216,13,0.020609,0.048058,29,0.013684,0.031633,81,0.020609,2022-05-07 17:16,2022-05-07 17:37,0.014,data/derived/control_boxes/gen2_2021_control__1033_2022_MN.laz,data/derived/control_structure/gen2_2021_control__1033_2022_MN.npz,ok,5395,1944,0.0,1.5817
gen2_2021_control,1034_2022_MN,542865.552,4864958.884,LCP,MN_SEDriftless_4_2021,ok,537860,105672,0.0,0.0,1,0.011569,0.023514,5,0.020885,0.042962,9,0.01547,0.031779,13,0.024003,0.051588,29,0.04672,0.103925,81,0.04672,2022-05-07 15:46,2022-05-07 16:20,0.023,data/derived/control_boxes/gen2_2021_control__1034_2022_MN.laz,data/derived/control_structure/gen2_2021_control__1034_2022_MN.npz,ok,8471,1468,0.0,3.7938
gen2_2021_control,1035_2022_MN,542035.152,4863217.998,LCP,MN_SEDriftless_4_2021,ok,476370,147974,0.0,0.0,1,0.001542,0.003096,5,0.00113,0.002267,9,0.002198,0.004428,13,0.002113,0.004257,29,0.022811,0.05165,81,0.022811,2022-05-06 19:34,2022-05-07 15:13,0.819,data/derived/control_boxes/gen2_2021_control__1035_2022_MN.laz,data/derived/control_structure/gen2_2021_control__1035_2022_MN.npz,ok,8591,2251,0.0,1.1491
gen2_2021_control,1036_2022_MN,541687.433,4861588.754,LCP,MN_SEDriftless_4_2021,ok,369975,183701,0.0,0.0,1,0.0,0.0,5,0.0,0.0,9,0.0,0.0,13,0.000786,0.001589,29,0.001645,0.003343,81,0.001645,2022-05-06 18:42,2022-05-06 19:03,0.014,data/derived/control_boxes/gen2_2021_control__1036_2022_MN.laz,data/derived/control_structure/gen2_2021_control__1036_2022_MN.npz,ok,5587,2851,0.0,3.252
gen2_2021_control,1037_2022_MN,541155.128,4859579.631,LCP,MN_SEDriftless_4_2021,ok,343130,173910,0.0,0.0,1,0.0,0.0,5,7.6e-05,0.000153,9,5.3e-05,0.000106,13,2.4e-05,4.7e-05,29,5.9e-05,0.000119,81,7.6e-05,2022-05-06 17:39,2022-05-06 17:59,0.014,data/derived/control_boxes/gen2_2021_control__1037_2022_MN.laz,data/derived/control_structure/gen2_2021_control__1037_2022_MN.npz,ok,5367,2577,0.0,1.7254
gen2_2021_control,1038_2022_MN,539348.361,4858055.875,LCP,MN_SEDriftless_4_2021,ok,446144,122004,0.0,0.0,1,0.000178,0.000357,5,0.000842,0.00169,9,0.000583,0.00117,13,0.000375,0.000752,29,0.000315,0.000631,81,0.000842,2022-05-06 16:35,2022-05-06 17:07,0.022,data/derived/control_boxes/gen2_2021_control__1038_2022_MN.laz,data/derived/control_structure/gen2_2021_control__1038_2022_MN.npz,ok,5119,1928,0.0,1.0088
gen2_2021_control,1039_2022_MN,537841.23,4856042.985,LCP,MN_SEDriftless_4_2021,ok,573099,149201,0.0,0.0,1,0.0,0.0,5,0.0,0.0,9,0.000706,0.001419,13,0.00048,0.000964,29,0.012403,0.027303,81,0.012403,2022-05-06 15:29,2022-05-06 16:03,0.023,data/derived/control_boxes/gen2_2021_control__1039_2022_MN.laz,data/derived/control_structure/gen2_2021_control__1039_2022_MN.npz,ok,8118,2077,0.0,4.8794
gen2_2021_control,1040_2022_MN,536698.276,4854340.687,LCP,MN_SEDriftless_4_2021,ok,354284,186175,0.0,0.0,1,0.0,0.0,5,0.0,0.0,9,0.0,0.0,13,0.0,0.0,29,0.000267,0.000535,81,0.000267,2022-05-06 14:48,2022-05-06 14:58,0.007,data/derived/control_boxes/gen2_2021_control__1040_2022_MN.laz,data/derived/control_structure/gen2_2021_control__1040_2022_MN.npz,ok,5634,3025,0.0,2.3554
gen2_2021_control,1041_2021_MN,535674.434,4853238.704,LCP,MN_SEDriftless_3_2021,ok,110216,93827,0.0,0.0,1,0.0,0.0,5,0.0,0.0,9,0.0,0.0,13,0.0,0.0,29,3.4e-05,6.8e-05,81,3.4e-05,2022-05-07 22:36,2022-05-07 22:36,0.0,data/derived/control_boxes/gen2_2021_control__1041_2021_MN.laz,data/derived/control_structure/gen2_2021_control__1041_2021_MN.npz,ok,1502,1428,0.0,6.1515
gen2_2021_control,1042_2021_MN,534334.847,4851857.438,LCP,MN_SEDriftless_3_2021,ok,154349,101450,0.0,0.0,1,0.0,0.0,5,0.0,0.0,9,0.0,0.0,13,0.0,0.0,29,0.004982,0.011313,81,0.004982,2022-05-07 22:45,2022-05-07 23:22,0.026,data/derived/control_boxes/gen2_2021_control__1042_2021_MN.laz,data/derived/control_structure/gen2_2021_control__1042_2021_MN.npz,ok,1399,1304,0.0,5.788
gen2_2021_control,1043_2021_MN,511653.775,4941452.06,LCP,,outside the MN_SEDriftless_*_2021 acquisition,,,,,,,,,,,,,,,,,,,,,,,,,,,,,,,
gen2_2021_control,1044_2021_MN,476272.178,4934380.104,LCP,MN_SEDriftless_1_2021,ok,97437,78228,0.0,0.0,1,0.0,0.0,5,0.0,0.0,9,0.0,0.0,13,0.004517,0.009682,29,0.021415,0.05851,81,0.021415,2021-06-12 14:00,2021-06-12 14:00,0.0,data/derived/control_boxes/gen2_2021_control__1044_2021_MN.laz,data/derived/control_structure/gen2_2021_control__1044_2021_MN.npz,ok,1520,1331,0.0,4.7731
gen2_2021_control,1045_2021_MN,476778.793,4926242.627,LCP,MN_SEDriftless_1_2021,ok,94314,72313,0.0,0.0,1,0.0,0.0,5,0.0,0.0,9,0.000185,0.000371,13,8.3e-05,0.000166,29,0.001129,0.002294,81,0.001129,2021-06-12 16:21,2021-06-12 16:21,0.0,data/derived/control_boxes/gen2_2021_control__1045_2021_MN.laz,data/derived/control_structure/gen2_2021_control__1045_2021_MN.npz,ok,1457,1135,0.0,5.3261
gen2_2021_control,1046_2021_MN,476686.577,4918079.06,LCP,MN_SEDriftless_1_2021,ok,94633,76884,0.0,0.0,1,0.0,0.0,5,0.0,0.0,9,0.0,0.0,13,0.0,0.0,29,0.0,0.0,81,0.0,2021-06-13 14:11,2021-06-13 14:11,0.0,data/derived/control_boxes/gen2_2021_control__1046_2021_MN.laz,data/derived/control_structure/gen2_2021_control__1046_2021_MN.npz,ok,1520,1372,0.0,5.2621
gen2_2021_control,1047_2021_MN,476611.188,4909950.548,LCP,MN_SEDriftless_1_2021,ok,89707,72942,0.0,0.0,1,0.002041,0.004103,5,0.002079,0.004179,9,0.00144,0.002893,13,0.000645,0.001297,29,0.000231,0.000464,81,0.002079,2021-06-13 15:50,2021-06-13 15:50,0.0,data/derived/control_boxes/gen2_2021_control__1047_2021_MN.laz,data/derived/control_structure/gen2_2021_control__1047_2021_MN.npz,ok,1410,1173,0.0,4.9887
gen2_2021_control,1048_2021_MN,476410.116,4901906.86,LCP,MN_SEDriftless_1_2021,ok,118163,50854,0.0,0.0,1,0.0,0.0,5,0.0,0.0,9,0.024217,0.058166,13,0.075816,0.22011,29,0.152083,0.502438,81,0.152083,2021-06-13 17:32,2021-06-13 17:32,0.0,data/derived/control_boxes/gen2_2021_control__1048_2021_MN.laz,data/derived/control_structure/gen2_2021_control__1048_2021_MN.npz,ok,1471,1081,0.0,7.838
gen2_2021_control,1049_2021_MN,477795.464,4897877.864,LCP,MN_SEDriftless_1_2021,ok,103863,63798,0.0,0.0,1,0.0,0.0,5,0.0,0.0,9,0.0,0.0,13,0.003894,0.008189,29,0.013565,0.030867,81,0.013565,2021-06-13 18:25,2021-06-13 18:25,0.0,data/derived/control_boxes/gen2_2021_control__1049_2021_MN.laz,data/derived/control_structure/gen2_2021_control__1049_2021_MN.npz,ok,1473,1316,0.0,4.3403
gen2_2021_control,1050_2021_MN,479544.01,4893951.926,LCP,MN_SEDriftless_1_2021,ok,102499,91516,0.0,0.0,1,0.0,0.0,5,0.0,0.0,9,0.0,0.0,13,0.0,0.0,29,0.0,0.0,81,0.0,2021-05-26 22:10,2021-05-26 22:10,0.0,data/derived/control_boxes/gen2_2021_control__1050_2021_MN.laz,data/derived/control_structure/gen2_2021_control__1050_2021_MN.npz,ok,1636,1414,0.0,4.8379
gen2_2021_control,1051_2021_MN,479349.684,4889850.058,LCP,MN_SEDriftless_1_2021,ok,96869,86110,0.0,0.0,1,0.0,0.0,5,0.021805,0.048548,9,0.015096,0.03361,13,0.017785,0.039039,29,0.007459,0.016228,81,0.021805,2021-04-22 17:32,2021-04-22 17:32,0.0,data/derived/control_boxes/gen2_2021_control__1051_2021_MN.laz,data/derived/control_structure/gen2_2021_control__1051_2021_MN.npz,ok,1583,1441,0.0,4.1684
gen2_2021_control,1052_2021_MN,480233.419,4885823.501,LCP,MN_SEDriftless_1_2021,ok,92513,89633,0.0,0.0,1,0.005431,0.011012,5,0.003017,0.006118,9,0.005288,0.01077,13,0.002701,0.005492,29,0.001601,0.00326,81,0.005431,2021-05-26 23:05,2021-05-26 23:05,0.0,data/derived/control_boxes/gen2_2021_control__1052_2021_MN.laz,data/derived/control_structure/gen2_2021_control__1052_2021_MN.npz,ok,1501,1443,0.0,4.994
gen2_2021_control,1053_2021_MN,480367.438,4881914.557,LCP,MN_SEDriftless_1_2021,ok,96249,62949,0.0,0.0,1,0.0,0.0,5,0.0,0.0,9,0.0,0.0,13,0.006962,0.014868,29,0.002493,0.005323,81,0.006962,2021-06-05 17:48,2021-06-05 17:48,0.0,data/derived/control_boxes/gen2_2021_control__1053_2021_MN.laz,data/derived/control_structure/gen2_2021_control__1053_2021_MN.npz,ok,1499,962,0.0,2.6299
gen2_2021_control,1054_2021_MN,479449.106,4877901.952,LCP,MN_SEDriftless_1_2021,ok,151395,42903,0.0,0.0,1,0.001462,0.002934,5,0.003955,0.007969,9,0.040968,0.111234,13,0.084005,0.239877,29,0.207742,0.765034,81,0.207742,2021-06-05 19:08,2021-06-05 19:09,0.0,data/derived/control_boxes/gen2_2021_control__1054_2021_MN.laz,data/derived/control_structure/gen2_2021_control__1054_2021_MN.npz,ok,1637,1024,0.0,4.8658
gen2_2021_control,1055_2021_MN,479897.895,4873998.801,LCP,MN_SEDriftless_1_2021,ok,94745,61503,0.0,0.0,1,0.0,0.0,5,0.0,0.0,9,0.0,0.0,13,0.0,0.0,29,0.0,0.0,81,0.0,2021-06-05 20:42,2021-06-05 20:42,0.0,data/derived/control_boxes/gen2_2021_control__1055_2021_MN.laz,data/derived/control_structure/gen2_2021_control__1055_2021_MN.npz,ok,1523,876,0.0,6.0532
gen2_2021_control,1056_2021_MN,479519.969,4869962.188,LCP,MN_SEDriftless_1_2021,ok,90449,82023,0.0,0.0,1,0.0,0.0,5,0.0,0.0,9,0.0,0.0,13,0.0,0.0,29,0.0,0.0,81,0.0,2021-05-08 14:19,2021-05-08 14:20,0.0,data/derived/control_boxes/gen2_2021_control__1056_2021_MN.laz,data/derived/control_structure/gen2_2021_control__1056_2021_MN.npz,ok,1432,1295,0.0,5.7328
gen2_2021_control,1057_2021_MN,478553.452,4865783.848,LCP,MN_SEDriftless_1_2021,ok,88177,86316,0.0,0.0,1,0.0,0.0,5,0.0,0.0,9,0.0,0.0,13,0.0,0.0,29,0.0,0.0,81,0.0,2021-05-08 15:24,2021-05-08 15:24,0.0,data/derived/control_boxes/gen2_2021_control__1057_2021_MN.laz,data/derived/control_structure/gen2_2021_control__1057_2021_MN.npz,ok,1424,1386,0.0,4.8167
gen2_2021_control,1058_2021_MN,477732.112,4861617.901,LCP,MN_SEDriftless_1_2021,ok,97982,64204,0.0,0.0,1,0.018073,0.037885,5,0.014655,0.030474,9,0.010146,0.021097,13,0.006621,0.013711,29,0.062226,0.166024,81,0.062226,2021-05-08 16:29,2021-05-08 16:29,0.0,data/derived/control_boxes/gen2_2021_control__1058_2021_MN.laz,data/derived/control_structure/gen2_2021_control__1058_2021_MN.npz,ok,1492,934,0.0,4.7926
gen2_2021_control,1059_2021_MN,477727.479,4857435.026,LCP,MN_SEDriftless_1_2021,ok,97430,60162,0.0,0.0,1,0.0,0.0,5,0.0,0.0,9,0.0,0.0,13,0.0,0.0,29,0.005005,0.010768,81,0.005005,2021-05-08 17:42,2021-05-08 17:42,0.0,data/derived/control_boxes/gen2_2021_control__1059_2021_MN.laz,data/derived/control_structure/gen2_2021_control__1059_2021_MN.npz,ok,1477,1027,0.0,5.8468
gen2_2021_control,1060_2021_MN,476757.067,4853228.789,LCP,MN_SEDriftless_3_2021,no points in the EPT box,,,,,,,,,,,,,,,,,,,,,,,,,,,,,,,
gen2_2021_control,1061_2021_MN,475313.012,4848904.024,LCP,MN_SEDriftless_3_2021,ok,95040,60621,0.0,0.0,1,0.0,0.0,5,0.0,0.0,9,0.0,0.0,13,0.0,0.0,29,0.00109,0.002283,81,0.00109,2021-05-09 15:22,2021-05-09 15:22,0.0,data/derived/control_boxes/gen2_2021_control__1061_2021_MN.laz,data/derived/control_structure/gen2_2021_control__1061_2021_MN.npz,ok,1430,1058,0.0,4.8303
gen2_2021_control,1062_2021_MN,474497.578,4844886.739,LCP,MN_SEDriftless_3_2021,ok,98652,74286,0.0,0.0,1,0.0,0.0,5,0.0,0.0,9,0.0,0.0,13,0.0,0.0,29,0.0,0.0,81,0.0,2021-05-09 16:42,2021-05-09 16:42,0.0,data/derived/control_boxes/gen2_2021_control__1062_2021_MN.laz,data/derived/control_structure/gen2_2021_control__1062_2021_MN.npz,ok,1500,1193,0.0,5.0825
gen2_2021_control,1063_2021_MN,474240.018,4840758.902,LCP,MN_SEDriftless_3_2021,ok,93900,68633,0.0,0.0,1,0.0,0.0,5,0.0,0.0,9,0.0,0.0,13,0.0,0.0,29,0.0,0.0,81,0.0,2021-05-08 15:25,2021-05-08 15:25,0.0,data/derived/control_boxes/gen2_2021_control__1063_2021_MN.laz,data/derived/control_structure/gen2_2021_control__1063_2021_MN.npz,ok,1501,1031,0.0,6.1757
gen2_2021_control,1064_2021_MN,474112.961,4836628.411,LCP,MN_SEDriftless_3_2021,ok,100084,95410,0.0,0.0,1,0.0,0.0,5,0.0,0.0,9,0.0,0.0,13,0.0,0.0,29,0.000267,0.000536,81,0.000267,2021-05-08 16:48,2021-05-08 16:48,0.0,data/derived/control_boxes/gen2_2021_control__1064_2021_MN.laz,data/derived/control_structure/gen2_2021_control__1064_2021_MN.npz,ok,1588,1554,0.0,4.1808
gen2_2021_control,1065_2021_MN,473942.23,4832449.238,LCP,MN_SEDriftless_3_2021,ok,97731,88237,0.0,0.0,1,0.0,0.0,5,0.0,0.0,9,0.0,0.0,13,0.0,0.0,29,0.0,0.0,81,0.0,2021-05-08 18:10,2021-05-08 18:10,0.0,data/derived/control_boxes/gen2_2021_control__1065_2021_MN.laz,data/derived/control_structure/gen2_2021_control__1065_2021_MN.npz,ok,1693,1518,0.0,5.2996
gen2_2021_control,1066_2021_MN,473012.41,4828319.375,LCP,MN_SEDriftless_3_2021,ok,124632,93305,0.0,0.0,1,0.0,0.0,5,0.0,0.0,9,0.0,0.0,13,0.001091,0.002201,29,0.008725,0.018893,81,0.008725,2021-05-08 19:33,2021-05-08 19:33,0.0,data/derived/control_boxes/gen2_2021_control__1066_2021_MN.laz,data/derived/control_structure/gen2_2021_control__1066_2021_MN.npz,ok,1738,1695,0.0,3.4346
gen2_2021_control,1067_2021_MN,477227.19,4824168.038,LCP,MN_SEDriftless_3_2021,ok,141807,62215,0.022531,0.045578,1,0.154128,0.386911,5,0.168995,0.456141,9,0.221627,0.598362,13,0.291378,0.85013,29,0.306448,0.920273,81,0.283917,2021-05-26 12:56,2021-05-26 12:56,0.0,data/derived/control_boxes/gen2_2021_control__1067_2021_MN.laz,data/derived/control_structure/gen2_2021_control__1067_2021_MN.npz,ok,1928,980,0.0,0.8988
gen2_2021_control,1068_2021_MN,479225.928,4819986.767,LCP,MN_SEDriftless_3_2021,ok,90633,76642,0.0,0.0,1,0.012037,0.024451,5,0.007641,0.0155,9,0.009591,0.019582,13,0.006823,0.014007,29,0.002443,0.005015,81,0.012037,2021-05-11 15:28,2021-05-11 15:28,0.0,data/derived/control_boxes/gen2_2021_control__1068_2021_MN.laz,data/derived/control_structure/gen2_2021_control__1068_2021_MN.npz,ok,1474,1016,0.0,4.1001
gen2_2021_control,1069_2021_MN,480156.357,4815773.076,LCP,MN_SEDriftless_3_2021,ok,89759,85258,0.0,0.0,1,0.0,0.0,5,0.0,0.0,9,0.0,0.0,13,0.0,0.0,29,0.0,0.0,81,0.0,2021-05-11 16:49,2021-05-11 16:49,0.0,data/derived/control_boxes/gen2_2021_control__1069_2021_MN.laz,data/derived/control_structure/gen2_2021_control__1069_2021_MN.npz,ok,1442,1381,0.0,4.2994
gen2_2021_control,1070_2021_MN,480542.126,4814446.734,LCP,,outside the MN_SEDriftless_*_2021 acquisition,,,,,,,,,,,,,,,,,,,,,,,,,,,,,,,
gen2_2021_control,1071_2021_MN,556131.329,4923979.271,LCP,MN_SEDriftless_2_2021,no points in the EPT box,,,,,,,,,,,,,,,,,,,,,,,,,,,,,,,
gen2_2021_control,1072_2021_MN,559278.904,4920037.033,LCP,MN_SEDriftless_2_2021,ok,158144,43754,0.0,0.0,1,0.0,0.0,5,0.0,0.0,9,0.0,0.0,13,0.0,0.0,29,0.01529,0.036965,81,0.01529,2021-05-01 17:19,2021-05-01 17:19,0.0,data/derived/control_boxes/gen2_2021_control__1072_2021_MN.laz,data/derived/control_structure/gen2_2021_control__1072_2021_MN.npz,ok,1641,803,0.0,7.5355
gen2_2021_control,1073_2021_MN,554056.134,4915133.986,LCP,MN_SEDriftless_2_2021,ok,102112,66966,0.0,0.0,1,0.0,0.0,5,0.0,0.0,9,0.0,0.0,13,0.001305,0.00266,29,0.007864,0.017128,81,0.007864,2021-05-01 18:21,2021-05-01 18:21,0.0,data/derived/control_boxes/gen2_2021_control__1073_2021_MN.laz,data/derived/control_structure/gen2_2021_control__1073_2021_MN.npz,ok,1641,964,0.0,0.7058
gen2_2021_control,1074_2021_MN,546886.617,4910232.424,LCP,MN_SEDriftless_2_2021,ok,115654,64235,0.0,0.0,1,0.0,0.0,5,0.0,0.0,9,0.0,0.0,13,0.0,0.0,29,0.0,0.0,81,0.0,2021-05-01 19:45,2021-05-01 19:45,0.0,data/derived/control_boxes/gen2_2021_control__1074_2021_MN.laz,data/derived/control_structure/gen2_2021_control__1074_2021_MN.npz,ok,2023,861,0.0,5.9718
gen2_2021_control,1075_2021_MN,546920.637,4905384.315,LCP,MN_SEDriftless_2_2021,ok,108213,57375,0.0,0.0,1,0.0,0.0,5,0.0,0.0,9,0.002002,0.004048,13,0.034372,0.091422,29,0.071971,0.197086,81,0.071971,2021-05-02 15:07,2021-05-02 15:07,0.0,data/derived/control_boxes/gen2_2021_control__1075_2021_MN.laz,data/derived/control_structure/gen2_2021_control__1075_2021_MN.npz,ok,1590,996,0.0,3.158
gen2_2021_control,1076_2021_MN,545436.084,4900523.842,LCP,MN_SEDriftless_2_2021,ok,109136,54665,0.0,0.0,1,0.0,0.0,5,0.0,0.0,9,0.0,0.0,13,0.0,0.0,29,0.0,0.0,81,0.0,2021-05-02 16:31,2021-05-02 16:32,0.0,data/derived/control_boxes/gen2_2021_control__1076_2021_MN.laz,data/derived/control_structure/gen2_2021_control__1076_2021_MN.npz,ok,1615,931,0.0,6.3385
gen2_2021_control,1077_2021_MN,544897.029,4895620.467,LCP,MN_SEDriftless_2_2021,ok,110211,74543,0.072638,0.150823,1,0.045888,0.095308,5,0.038708,0.080066,9,0.030291,0.062521,13,0.024692,0.051027,29,0.033707,0.07194,81,0.047946,2021-05-01 18:08,2021-05-01 18:08,0.0,data/derived/control_boxes/gen2_2021_control__1077_2021_MN.laz,data/derived/control_structure/gen2_2021_control__1077_2021_MN.npz,ok,1730,1158,0.0,11.8778
gen2_2021_control,1078_2021_MN,579942.236,4888142.038,LCP,MN_SEDriftless_2_2021,ok,260781,82108,0.0,0.0,1,0.0,0.0,5,0.001242,0.002497,9,0.017835,0.040087,13,0.044556,0.10452,29,0.074771,0.175087,81,0.074771,2021-05-01 16:02,2021-05-01 16:18,0.011,data/derived/control_boxes/gen2_2021_control__1078_2021_MN.laz,data/derived/control_structure/gen2_2021_control__1078_2021_MN.npz,ok,3057,1587,0.0,2.1634
gen2_2021_control,1079_2021_MN,579659.824,4885857.071,LCP,MN_SEDriftless_2_2021,ok,149081,69285,0.0,0.0,1,0.0,0.0,5,0.003957,0.008058,9,0.019182,0.042577,13,0.027128,0.06103,29,0.057874,0.133235,81,0.057874,2021-05-01 15:37,2021-05-01 15:38,0.0,data/derived/control_boxes/gen2_2021_control__1079_2021_MN.laz,data/derived/control_structure/gen2_2021_control__1079_2021_MN.npz,ok,1649,1362,0.0,5.0257
gen2_2021_control,1080_2021_MN,577786.52,4881178.962,LCP,MN_SEDriftless_2_2021,ok,124083,45816,0.0,0.0,1,0.0,0.0,5,0.0,0.0,9,0.0,0.0,13,0.021579,0.050678,29,0.052106,0.124546,81,0.052106,2021-05-01 14:36,2021-05-01 14:36,0.0,data/derived/control_boxes/gen2_2021_control__1080_2021_MN.laz,data/derived/control_structure/gen2_2021_control__1080_2021_MN.npz,ok,1498,882,0.0,4.9409
gen2_2021_control,1081_2021_MN,574596.513,4872136.429,LCP,MN_SEDriftless_2_2021,ok,119839,86156,0.0,0.0,1,0.0,0.0,5,0.0,0.0,9,0.0,0.0,13,0.0,0.0,29,0.018775,0.046499,81,0.018775,2021-04-30 22:22,2021-04-30 22:22,0.0,data/derived/control_boxes/gen2_2021_control__1081_2021_MN.laz,data/derived/control_structure/gen2_2021_control__1081_2021_MN.npz,ok,1637,1484,0.0,1.4945
gen2_2021_control,1082_2021_MN,583677.256,4869939.641,LCP,MN_SEDriftless_2_2021,ok,151016,72227,0.0,0.0,1,0.0,0.0,5,0.018363,0.040144,9,0.035713,0.082445,13,0.084114,0.230965,29,0.149589,0.44464,81,0.149589,2021-05-11 15:14,2021-05-11 15:14,0.0,data/derived/control_boxes/gen2_2021_control__1082_2021_MN.laz,data/derived/control_structure/gen2_2021_control__1082_2021_MN.npz,ok,1686,1439,0.0,8.7649
gen2_2021_control,1083_2021_MN,574738.288,4860011.991,LCP,MN_SEDriftless_2_2021,ok,97587,77820,0.0,0.0,1,0.0,0.0,5,0.0,0.0,9,0.0,0.0,13,0.0,0.0,29,0.0,0.0,81,0.0,2021-05-12 14:33,2021-05-12 14:34,0.0,data/derived/control_boxes/gen2_2021_control__1083_2021_MN.laz,data/derived/control_structure/gen2_2021_control__1083_2021_MN.npz,ok,1555,1151,0.0,4.2545
gen2_2021_control,1084_2022_MN,541324.24,4854814.408,LCP,MN_SEDriftless_4_2021,ok,383428,136754,0.04541,0.092946,1,0.019948,0.040649,5,0.030184,0.064504,9,0.025311,0.053749,13,0.027295,0.058024,29,0.140268,0.52878,81,0.12032,2022-05-06 14:58,2022-05-06 15:18,0.014,data/derived/control_boxes/gen2_2021_control__1084_2022_MN.laz,data/derived/control_structure/gen2_2021_control__1084_2022_MN.npz,ok,5432,2421,0.0,0.2764
gen2_2021_control,1085_2021_MN,541054.789,4849918.782,LCP,MN_SEDriftless_3_2021,ok,206738,132013,0.0,0.0,1,0.0,0.0,5,0.0,0.0,9,0.0,0.0,13,0.0,0.0,29,0.0,0.0,81,0.0,2022-05-07 23:32,2022-05-08 00:06,0.024,data/derived/control_boxes/gen2_2021_control__1085_2021_MN.laz,data/derived/control_structure/gen2_2021_control__1085_2021_MN.npz,ok,1746,1504,0.0,4.5387
gen2_2021_control,1086_2021_MN,541939.884,4845035.059,LCP,MN_SEDriftless_3_2021,ok,88484,83562,0.0,0.0,1,0.0,0.0,5,0.0,0.0,9,0.0,0.0,13,0.0,0.0,29,0.0,0.0,81,0.0,2022-05-15 15:18,2022-05-15 15:18,0.0,data/derived/control_boxes/gen2_2021_control__1086_2021_MN.laz,data/derived/control_structure/gen2_2021_control__1086_2021_MN.npz,ok,1514,1434,0.0,4.6826
gen2_2021_control,1087_2021_MN,541932.815,4840166.381,LCP,MN_SEDriftless_3_2021,ok,207821,141992,0.0,0.0,1,0.0,0.0,5,0.0,0.0,9,0.0,0.0,13,0.0,0.0,29,0.000589,0.0012,81,0.000589,2022-05-06 23:57,2022-05-07 00:19,0.015,data/derived/control_boxes/gen2_2021_control__1087_2021_MN.laz,data/derived/control_structure/gen2_2021_control__1087_2021_MN.npz,ok,1612,1434,0.0,3.8268
gen2_2021_control,1088_2022_MN,549212.504,4835301.433,LCP,MN_SEDriftless_3_2021,ok,261829,184991,0.0,0.0,1,0.0,0.0,5,0.0,0.0,9,0.0,0.0,13,7.3e-05,0.000146,29,0.000129,0.000258,81,0.000129,2022-05-06 22:33,2022-05-06 22:51,0.012,data/derived/control_boxes/gen2_2021_control__1088_2022_MN.laz,data/derived/control_structure/gen2_2021_control__1088_2022_MN.npz,ok,4203,2767,0.0,2.9484
gen2_2021_control,1089_2022_MN,549262.408,4830417.285,LCP,MN_SEDriftless_3_2021,ok,164345,95156,0.0,0.0,1,0.0,0.0,5,0.0,0.0,9,0.0,0.0,13,0.023799,0.054372,29,0.077596,0.189786,81,0.077596,2022-05-06 21:31,2022-05-06 21:31,0.0,data/derived/control_boxes/gen2_2021_control__1089_2022_MN.laz,data/derived/control_structure/gen2_2021_control__1089_2022_MN.npz,ok,1609,1505,0.0,2.3851
gen2_2021_control,1090_2022_MN,549304.949,4825673.104,LCP,MN_SEDriftless_3_2021,ok,106962,96014,0.0,0.0,1,0.0,0.0,5,0.0,0.0,9,0.0,0.0,13,0.0,0.0,29,0.0,0.0,81,0.0,2022-05-06 20:21,2022-05-06 20:21,0.0,data/derived/control_boxes/gen2_2021_control__1090_2022_MN.laz,data/derived/control_structure/gen2_2021_control__1090_2022_MN.npz,ok,1844,1740,0.0,2.4197
gen2_2021_control,1091_2022_MN,550944.257,4820837.156,LCP,MN_SEDriftless_3_2021,ok,189037,130088,0.009756,0.019608,1,0.006763,0.013589,5,0.005632,0.011308,9,0.005009,0.010055,13,0.004725,0.00949,29,0.00432,0.008673,81,0.005436,2022-04-27 17:48,2022-04-27 18:07,0.013,data/derived/control_boxes/gen2_2021_control__1091_2022_MN.laz,data/derived/control_structure/gen2_2021_control__1091_2022_MN.npz,ok,1474,1349,0.0,2.2384
gen2_2021_control,1092_2022_MN,550966.788,4816730.791,LCP,MN_SEDriftless_3_2021,ok,164132,99939,0.0,0.0,1,0.000352,0.000705,5,0.000196,0.000392,9,0.000736,0.001476,13,0.00033,0.000662,29,0.024395,0.055455,81,0.024395,2022-04-27 16:10,2022-04-27 16:10,0.0,data/derived/control_boxes/gen2_2021_control__1092_2022_MN.laz,data/derived/control_structure/gen2_2021_control__1092_2022_MN.npz,ok,2111,1769,0.0,1.4302
gen2_2021_control,1094_2021_MN,594089.037,4865197.302,LCP,MN_SEDriftless_2_2021,ok,108010,104420,0.0,0.0,1,0.0,0.0,5,0.0,0.0,9,0.0,0.0,13,0.0,0.0,29,0.0,0.0,81,0.0,2021-05-11 15:56,2021-05-11 15:57,0.0,data/derived/control_boxes/gen2_2021_control__1094_2021_MN.laz,data/derived/control_structure/gen2_2021_control__1094_2021_MN.npz,ok,1678,1649,0.0,5.3961
gen2_2021_control,1095_2021_MN,597912.417,4865770.706,LCP,MN_SEDriftless_2_2021,ok,102916,98257,0.0,0.0,1,0.0,0.0,5,0.0,0.0,9,0.0,0.0,13,0.0,0.0,29,0.0,0.0,81,0.0,2021-04-25 16:18,2021-04-25 16:18,0.0,data/derived/control_boxes/gen2_2021_control__1095_2021_MN.laz,data/derived/control_structure/gen2_2021_control__1095_2021_MN.npz,ok,1638,1590,0.0,4.6056
gen2_2021_control,1096_2021_MN,602718.546,4866499.249,LCP,MN_SEDriftless_2_2021,ok,95928,73599,0.0,0.0,1,0.0,0.0,5,0.0,0.0,9,0.0,0.0,13,0.0,0.0,29,0.00091,0.001839,81,0.00091,2021-04-30 16:02,2021-04-30 16:02,0.0,data/derived/control_boxes/gen2_2021_control__1096_2021_MN.laz,data/derived/control_structure/gen2_2021_control__1096_2021_MN.npz,ok,1510,1111,0.0,5.9608
gen2_2021_control,1097_2021_MN,607570.225,4867879.923,LCP,MN_SEDriftless_2_2021,ok,102947,90916,0.0,0.0,1,0.0,0.0,5,0.0,0.0,9,0.0,0.0,13,0.0,0.0,29,0.0,0.0,81,0.0,2021-04-30 17:45,2021-04-30 17:45,0.0,data/derived/control_boxes/gen2_2021_control__1097_2021_MN.laz,data/derived/control_structure/gen2_2021_control__1097_2021_MN.npz,ok,1649,1413,0.0,6.9644
gen2_2021_control,1098_2021_MN,612353.147,4863484.283,LCP,MN_SEDriftless_2_2021,ok,106570,80670,0.0,0.0,1,0.00135,0.002709,5,0.000993,0.001991,9,0.000859,0.001723,13,0.001241,0.002489,29,0.001492,0.003011,81,0.001492,2021-04-30 19:39,2021-04-30 19:39,0.0,data/derived/control_boxes/gen2_2021_control__1098_2021_MN.laz,data/derived/control_structure/gen2_2021_control__1098_2021_MN.npz,ok,1432,1203,0.0,3.8666
gen2_2021_control,1099_2021_MN,617000.639,4863023.387,LCP,MN_SEDriftless_2_2021,ok,103495,97366,0.0,0.0,1,0.0,0.0,5,0.0,0.0,9,0.0,0.0,13,0.0,0.0,29,0.0,0.0,81,0.0,2021-04-30 21:11,2021-04-30 21:12,0.0,data/derived/control_boxes/gen2_2021_control__1099_2021_MN.laz,data/derived/control_structure/gen2_2021_control__1099_2021_MN.npz,ok,1652,1437,0.0,5.1059
gen2_2021_control,1100_2021_MN,622052.99,4864701.132,LCP,MN_SEDriftless_2_2021,ok,84793,75958,0.0,0.0,1,0.0,0.0,5,0.0,0.0,9,0.0,0.0,13,0.0,0.0,29,0.0,0.0,81,0.0,2021-04-29 16:55,2021-04-29 16:55,0.0,data/derived/control_boxes/gen2_2021_control__1100_2021_MN.laz,data/derived/control_structure/gen2_2021_control__1100_2021_MN.npz,ok,1195,1080,0.0,5.3243
gen2_2021_control,1101_2021_MN,626908.286,4865557.179,LCP,MN_SEDriftless_2_2021,ok,148965,69409,0.0,0.0,1,0.013633,0.028241,5,0.011704,0.024107,9,0.029594,0.067098,13,0.07558,0.17942,29,0.133269,0.340968,81,0.133269,2021-04-29 16:31,2021-04-29 16:31,0.0,data/derived/control_boxes/gen2_2021_control__1101_2021_MN.laz,data/derived/control_structure/gen2_2021_control__1101_2021_MN.npz,ok,1550,1252,0.0,7.9477
gen2_2021_control,1102_2021_MN,633826.654,4859042.732,LCP,MN_SEDriftless_2_2021,ok,118028,91027,0.0,0.0,1,0.0,0.0,5,0.0,0.0,9,0.0,0.0,13,0.000236,0.000472,29,0.029468,0.070267,81,0.029468,2021-04-25 17:12,2021-04-25 17:12,0.0,data/derived/control_boxes/gen2_2021_control__1102_2021_MN.laz,data/derived/control_structure/gen2_2021_control__1102_2021_MN.npz,ok,1544,1500,0.0,2.275
gen2_2021_control,1103_2021_MN,640868.353,4850808.881,LCP,MN_SEDriftless_2_2021,no points in the EPT box,,,,,,,,,,,,,,,,,,,,,,,,,,,,,,,
gen2_2021_control,1104_2021_MN,646079.85,4824448.593,LCP,,outside the MN_SEDriftless_*_2021 acquisition,,,,,,,,,,,,,,,,,,,,,,,,,,,,,,,
gen2_2021_control,1105_2021_MN,458248.27,4919584.722,LCP,MN_SEDriftless_1_2021,ok,231528,101069,0.0,0.0,1,0.0,0.0,5,0.0,0.0,9,0.0,0.0,13,0.001906,0.003872,29,0.002826,0.005783,81,0.002826,2021-06-13 13:41,2021-06-13 14:03,0.015,data/derived/control_boxes/gen2_2021_control__1105_2021_MN.laz,data/derived/control_structure/gen2_2021_control__1105_2021_MN.npz,ok,3340,1703,0.0,7.6059
gen2_2021_control,1106_2021_MN,458760.695,4905942.228,LCP,MN_SEDriftless_1_2021,ok,98234,69638,0.0,0.0,1,0.0,0.0,5,0.0,0.0,9,0.0,0.0,13,0.02826,0.070629,29,0.076849,0.21196,81,0.076849,2021-06-13 16:37,2021-06-13 16:37,0.0,data/derived/control_boxes/gen2_2021_control__1106_2021_MN.laz,data/derived/control_structure/gen2_2021_control__1106_2021_MN.npz,ok,1438,1236,0.0,3.6982
gen2_2021_control,1107_2021_MN,439002.952,4934095.663,LCP,MN_SEDriftless_5_2021,no points in the EPT box,,,,,,,,,,,,,,,,,,,,,,,,,,,,,,,
gen2_2021_control,1108_2021_MN,438966.583,4931654.688,LCP,MN_SEDriftless_5_2021,ok,393914,310146,0.0,0.0,1,0.0,0.0,5,0.0,0.0,9,0.0,0.0,13,0.0,0.0,29,0.001258,0.002538,81,0.001258,2021-04-16 17:23,2021-04-16 17:23,0.0,data/derived/control_boxes/gen2_2021_control__1108_2021_MN.laz,data/derived/control_structure/gen2_2021_control__1108_2021_MN.npz,ok,5462,4891,0.0,4.8099
gen2_2021_control,1109_2021_MN,438945.318,4928967.92,LCP,MN_SEDriftless_5_2021,ok,428379,320004,0.0,0.0,1,0.0,0.0,5,0.0,0.0,9,0.0,0.0,13,0.0,0.0,29,0.00297,0.006049,81,0.00297,2021-04-16 18:46,2021-04-16 19:00,0.01,data/derived/control_boxes/gen2_2021_control__1109_2021_MN.laz,data/derived/control_structure/gen2_2021_control__1109_2021_MN.npz,ok,5701,5097,0.0,4.9581
gen2_2021_control,1110_2021_MN,436493.173,4926142.979,LCP,MN_SEDriftless_5_2021,ok,379507,326325,0.0,0.0,1,0.0,0.0,5,0.0,0.0,9,0.0,0.0,13,0.001216,0.002456,29,0.00411,0.008656,81,0.00411,2021-04-17 14:44,2021-04-17 14:44,0.0,data/derived/control_boxes/gen2_2021_control__1110_2021_MN.laz,data/derived/control_structure/gen2_2021_control__1110_2021_MN.npz,ok,6147,5390,0.0,7.4815
gen2_2021_control,1111_2021_MN,436476.413,4923706.155,LCP,MN_SEDriftless_5_2021,ok,746874,394244,0.032578,0.066242,1,0.044046,0.091206,5,0.038273,0.079203,9,0.031881,0.065808,13,0.01953,0.040145,29,0.010118,0.020725,81,0.033928,2021-04-20 15:05,2021-05-13 15:02,22.998,data/derived/control_boxes/gen2_2021_control__1111_2021_MN.laz,data/derived/control_structure/gen2_2021_control__1111_2021_MN.npz,ok,12745,6073,0.0,6.2467
gen2_2021_control,1112_2021_MN,436462.303,4921300.167,LCP,MN_SEDriftless_5_2021,ok,342133,255852,0.0,0.0,1,0.021146,0.044109,5,0.037434,0.078774,9,0.02674,0.056192,13,0.016298,0.034192,29,0.008616,0.018037,81,0.037434,2021-04-21 15:09,2021-04-21 15:09,0.0,data/derived/control_boxes/gen2_2021_control__1112_2021_MN.laz,data/derived/control_structure/gen2_2021_control__1112_2021_MN.npz,ok,5447,3524,0.0,5.3964
gen2_2021_control,1113_2021_MN,433978.257,4918776.174,LCP,MN_SEDriftless_5_2021,ok,312282,196929,0.0,0.0,1,0.0,0.0,5,0.0,0.0,9,0.0,0.0,13,0.000834,0.001688,29,0.009417,0.019436,81,0.009417,2021-04-22 16:00,2021-04-22 16:00,0.0,data/derived/control_boxes/gen2_2021_control__1113_2021_MN.laz,data/derived/control_structure/gen2_2021_control__1113_2021_MN.npz,ok,5701,2898,0.0,5.9843
gen2_2021_control,1115_2021_MN,433957.758,4915870.26,LCP,MN_SEDriftless_5_2021,ok,376767,312620,0.0,0.0,1,0.0,0.0,5,0.0,0.0,9,0.00703,0.014745,13,0.015661,0.032845,29,0.010078,0.021149,81,0.015661,2021-04-16 15:36,2021-04-16 15:36,0.0,data/derived/control_boxes/gen2_2021_control__1115_2021_MN.laz,data/derived/control_structure/gen2_2021_control__1115_2021_MN.npz,ok,5990,4568,0.0,5.0755
gen2_2021_control,1116_2021_MN,433957.079,4913742.875,LCP,MN_SEDriftless_5_2021,ok,658116,410579,0.0,0.0,1,0.0,0.0,5,0.0,0.0,9,0.0,0.0,13,0.0,0.0,29,0.00394,0.008083,81,0.00394,2021-04-16 16:40,2021-04-16 16:56,0.012,data/derived/control_boxes/gen2_2021_control__1116_2021_MN.laz,data/derived/control_structure/gen2_2021_control__1116_2021_MN.npz,ok,12505,7715,0.0,4.374
gen2_2021_control,1118_2021_MN,433945.255,4910859.588,LCP,MN_SEDriftless_5_2021,ok,764974,476413,0.0,0.0,1,0.0,0.0,5,0.0,0.0,9,0.0,0.0,13,0.0,0.0,29,0.000971,0.001971,81,0.000971,2021-04-16 18:24,2021-04-16 18:40,0.011,data/derived/control_boxes/gen2_2021_control__1118_2021_MN.laz,data/derived/control_structure/gen2_2021_control__1118_2021_MN.npz,ok,12297,8241,0.0,3.2468
gen2_2021_control,1119_2021_MN,433888.959,4908226.591,LCP,MN_SEDriftless_5_2021,ok,743156,317766,0.0,0.0,1,0.011977,0.024701,5,0.019719,0.040673,9,0.019046,0.039343,13,0.021304,0.043881,29,0.045149,0.139263,81,0.045149,2021-04-16 19:57,2021-04-16 20:06,0.006,data/derived/control_boxes/gen2_2021_control__1119_2021_MN.laz,data/derived/control_structure/gen2_2021_control__1119_2021_MN.npz,ok,11223,7004,0.0,0.4004
gen2_2021_control,1120_2021_MN,433886.661,4905509.41,LCP,MN_SEDriftless_5_2021,ok,440420,286244,0.0,0.0,1,0.0,0.0,5,0.0,0.0,9,0.005007,0.010354,13,0.014744,0.030784,29,0.021387,0.045357,81,0.021387,2021-04-17 15:45,2021-04-17 15:45,0.0,data/derived/control_boxes/gen2_2021_control__1120_2021_MN.laz,data/derived/control_structure/gen2_2021_control__1120_2021_MN.npz,ok,6113,5610,0.0,3.7393
gen2_2021_control,1121_2021_MN,427665.559,4902697.945,LCP,MN_SEDriftless_5_2021,ok,369619,247482,0.0,0.0,1,0.0,0.0,5,0.0,0.0,9,0.000821,0.00165,13,0.002353,0.004762,29,0.00293,0.005918,81,0.00293,2021-04-20 14:26,2021-04-20 14:26,0.0,data/derived/control_boxes/gen2_2021_control__1121_2021_MN.laz,data/derived/control_structure/gen2_2021_control__1121_2021_MN.npz,ok,5507,4452,0.0,3.7334
gen2_2021_control,1122_2021_MN,428261.851,4900477.173,LCP,MN_SEDriftless_5_2021,ok,389123,251752,0.007968,0.016,1,0.005196,0.010438,5,0.002887,0.005799,9,0.002218,0.004453,13,0.000994,0.001996,29,0.006167,0.012671,81,0.006974,2021-04-20 15:49,2021-04-20 15:49,0.0,data/derived/control_boxes/gen2_2021_control__1122_2021_MN.laz,data/derived/control_structure/gen2_2021_control__1122_2021_MN.npz,ok,6239,4031,0.0,7.5434
gen2_2021_control,1123_2021_MN,430616.582,4897446.844,LCP,MN_SEDriftless_5_2021,no points in the EPT box,,,,,,,,,,,,,,,,,,,,,,,,,,,,,,,
gen2_2021_control,1124_2021_MN,443490.169,4894507.286,LCP,MN_SEDriftless_5_2021,ok,567430,275624,0.0,0.0,1,0.005986,0.012154,5,0.012961,0.026494,9,0.013202,0.026927,13,0.01377,0.028157,29,0.030399,0.067173,81,0.030399,2021-04-22 15:15,2021-04-22 15:27,0.008,data/derived/control_boxes/gen2_2021_control__1124_2021_MN.laz,data/derived/control_structure/gen2_2021_control__1124_2021_MN.npz,ok,6143,4830,0.0,6.1374
gen2_2021_control,1125_2021_MN,443427.951,4892575.249,LCP,MN_SEDriftless_5_2021,no points in the EPT box,,,,,,,,,,,,,,,,,,,,,,,,,,,,,,,
gen2_2021_control,1126_2021_MN,546021.541,4893858.161,LCP,MN_SEDriftless_2_2021,ok,110379,89025,0.0,0.0,1,0.0,0.0,5,0.0,0.0,9,0.000488,0.00098,13,0.001183,0.002394,29,0.000423,0.000857,81,0.001183,2021-05-01 17:34,2021-05-01 17:34,0.0,data/derived/control_boxes/gen2_2021_control__1126_2021_MN.laz,data/derived/control_structure/gen2_2021_control__1126_2021_MN.npz,ok,1673,1526,0.0,6.6203
gen2_2021_control,1127_2022_MN,546428.475,4891019.25,LCP,MN_SEDriftless_4_2021,ok,374198,129967,0.0,0.0,1,0.0,0.0,5,0.0,0.0,9,0.0,0.0,13,0.000318,0.000639,29,0.049242,0.128348,81,0.049242,2022-05-16 17:11,2022-05-16 17:19,0.005,data/derived/control_boxes/gen2_2021_control__1127_2022_MN.laz,data/derived/control_structure/gen2_2021_control__1127_2022_MN.npz,ok,5395,2138,0.0,7.5095
gen2_2021_control,1128_2022_MN,546707.099,4888060.094,LCP,MN_SEDriftless_4_2021,ok,418313,112869,0.0,0.0,1,0.0,0.0,5,0.0,0.0,9,0.000925,0.001861,13,0.008573,0.017837,29,0.02096,0.044156,81,0.02096,2022-05-16 16:00,2022-05-16 16:09,0.006,data/derived/control_boxes/gen2_2021_control__1128_2022_MN.laz,data/derived/control_structure/gen2_2021_control__1128_2022_MN.npz,ok,5344,1701,0.0,2.0059
gen2_2021_control,1129_2022_MN,546333.483,4885632.636,LCP,MN_SEDriftless_4_2021,ok,446953,119730,0.0,0.0,1,0.0,0.0,5,0.0,0.0,9,0.0,0.0,13,0.010175,0.024115,29,0.058977,0.15162,81,0.058977,2022-05-15 17:09,2022-05-15 17:17,0.006,data/derived/control_boxes/gen2_2021_control__1129_2022_MN.laz,data/derived/control_structure/gen2_2021_control__1129_2022_MN.npz,ok,5738,1950,0.0,2.1176
gen2_2021_control,1130_2022_MN,545514.761,4883993.058,LCP,MN_SEDriftless_4_2021,ok,503136,194448,0.0,0.0,1,0.0,0.0,5,0.0,0.0,9,0.0,0.0,13,0.001638,0.003326,29,0.002265,0.004577,81,0.002265,2022-05-15 16:06,2022-05-15 16:38,0.023,data/derived/control_boxes/gen2_2021_control__1130_2022_MN.laz,data/derived/control_structure/gen2_2021_control__1130_2022_MN.npz,ok,8146,3335,0.0,1.8702
gen2_2021_control,1131_2022_MN,544624.341,4882079.27,LCP,MN_SEDriftless_4_2021,ok,762967,107332,0.0,0.0,1,0.0,0.0,5,0.004123,0.008359,9,0.002855,0.005787,13,0.002067,0.004177,29,0.03626,0.091212,81,0.03626,2022-05-15 15:01,2022-05-15 15:34,0.023,data/derived/control_boxes/gen2_2021_control__1131_2022_MN.laz,data/derived/control_structure/gen2_2021_control__1131_2022_MN.npz,ok,8053,1811,0.0,2.4156
gen2_2021_control,1132_2022_MN,544180.488,4880018.076,LCP,MN_SEDriftless_4_2021,ok,345485,126527,0.0,0.0,1,0.007223,0.014713,5,0.005479,0.011126,9,0.003793,0.007702,13,0.023852,0.054173,29,0.019785,0.045416,81,0.023852,2022-05-14 16:37,2022-05-14 17:11,0.024,data/derived/control_boxes/gen2_2021_control__1132_2022_MN.laz,data/derived/control_structure/gen2_2021_control__1132_2022_MN.npz,ok,5590,2082,0.0,0.8847
gen2_2021_control,1133_2022_MN,543799.777,4878508.492,LCP,MN_SEDriftless_4_2021,ok,341971,113870,0.0,0.0,1,0.0,0.0,5,0.0,0.0,9,0.008031,0.016964,13,0.013309,0.028455,29,0.016217,0.03631,81,0.016217,2022-05-14 15:50,2022-05-14 16:04,0.01,data/derived/control_boxes/gen2_2021_control__1133_2022_MN.laz,data/derived/control_structure/gen2_2021_control__1133_2022_MN.npz,ok,5257,1808,0.0,1.2206
gen2_2021_control,1134_2022_MN,543331.841,4876717.227,LCP,MN_SEDriftless_4_2021,ok,432704,103349,0.027516,0.055802,1,0.103836,0.238981,5,0.116132,0.28061,9,0.135893,0.333737,13,0.161992,0.500129,29,0.120072,0.335948,81,0.134476,2022-05-13 18:04,2022-05-14 15:16,0.883,data/derived/control_boxes/gen2_2021_control__1134_2022_MN.laz,data/derived/control_structure/gen2_2021_control__1134_2022_MN.npz,ok,6338,1926,0.0,2.866
gen2_2021_control,1135_2022_MN,543044.433,4874939.216,LCP,MN_SEDriftless_4_2021,ok,511880,131415,0.0,0.0,1,0.001451,0.002912,5,0.006634,0.013591,9,0.004593,0.009409,13,0.02213,0.055786,29,0.01598,0.037288,81,0.02213,2022-05-13 16:55,2022-05-13 17:29,0.023,data/derived/control_boxes/gen2_2021_control__1135_2022_MN.laz,data/derived/control_structure/gen2_2021_control__1135_2022_MN.npz,ok,7834,2683,0.0,0.3716
gen2_2021_control,1136_2022_MN,543145.069,4872830.31,LCP,MN_SEDriftless_4_2021,ok,336215,125038,0.0,0.0,1,0.003618,0.007303,5,0.002539,0.005118,9,0.001758,0.003543,13,0.002653,0.005412,29,0.014459,0.030747,81,0.014459,2022-05-13 15:47,2022-05-13 16:07,0.014,data/derived/control_boxes/gen2_2021_control__1136_2022_MN.laz,data/derived/control_structure/gen2_2021_control__1136_2022_MN.npz,ok,5099,1774,0.0,0.9491
gen2_2021_control,1137_2022_MN,543081.764,4871376.245,LCP,MN_SEDriftless_4_2021,ok,308246,95040,0.029522,0.059932,1,0.005904,0.011986,5,0.00328,0.006659,9,0.003657,0.007408,13,0.003619,0.007342,29,0.061452,0.208859,81,0.058172,2022-05-10 16:07,2022-05-13 15:14,2.963,data/derived/control_boxes/gen2_2021_control__1137_2022_MN.laz,data/derived/control_structure/gen2_2021_control__1137_2022_MN.npz,ok,4818,1715,0.0,1.3481
gen2_2021_control,1138_2022_MN,543034.227,4869559.644,LCP,MN_SEDriftless_4_2021,ok,321277,107771,0.0,0.0,1,0.014092,0.028847,5,0.009986,0.02037,9,0.019305,0.041125,13,0.033433,0.073472,29,0.029162,0.065644,81,0.033433,2022-05-07 18:55,2022-05-07 19:15,0.014,data/derived/control_boxes/gen2_2021_control__1138_2022_MN.laz,data/derived/control_structure/gen2_2021_control__1138_2022_MN.npz,ok,4688,1502,0.0,3.2878
gen2_2021_control,1139_2022_MN,543480.174,4867795.501,LCP,MN_SEDriftless_4_2021,ok,474018,211935,0.0,0.0,1,0.0,0.0,5,0.0,0.0,9,0.0,0.0,13,0.001869,0.003822,29,0.001016,0.002071,81,0.001869,2022-05-07 17:49,2022-05-07 18:22,0.023,data/derived/control_boxes/gen2_2021_control__1139_2022_MN.laz,data/derived/control_structure/gen2_2021_control__1139_2022_MN.npz,ok,8036,4086,0.0,1.8799
gen2_2021_control,1140_2022_MN,542749.095,4865855.649,LCP,MN_SEDriftless_4_2021,ok,431482,128203,0.0,0.0,1,0.0,0.0,5,0.001032,0.002074,9,0.000715,0.001436,13,0.000975,0.001957,29,0.003922,0.008038,81,0.003922,2022-05-07 16:20,2022-05-07 17:17,0.039,data/derived/control_boxes/gen2_2021_control__1140_2022_MN.laz,data/derived/control_structure/gen2_2021_control__1140_2022_MN.npz,ok,5523,2368,0.0,4.9796
gen2_2021_control,1141_2022_MN,542426.909,4864115.163,LCP,MN_SEDriftless_4_2021,ok,549871,143546,0.0,0.0,1,0.0,0.0,5,0.000652,0.001309,9,0.000452,0.000906,13,0.000773,0.001554,29,0.000761,0.001535,81,0.000773,2022-05-07 15:13,2022-05-07 15:47,0.023,data/derived/control_boxes/gen2_2021_control__1141_2022_MN.laz,data/derived/control_structure/gen2_2021_control__1141_2022_MN.npz,ok,8843,2231,0.0,2.7485
gen2_2021_control,1142_2022_MN,541835.502,4862175.426,LCP,MN_SEDriftless_4_2021,ok,520215,222357,0.0,0.0,1,0.0,0.0,5,0.0,0.0,9,0.0,0.0,13,0.003047,0.006245,29,0.001843,0.003758,81,0.003047,2022-05-06 19:02,2022-05-06 19:34,0.022,data/derived/control_boxes/gen2_2021_control__1142_2022_MN.laz,data/derived/control_structure/gen2_2021_control__1142_2022_MN.npz,ok,8489,3565,0.0,4.9609
gen2_2021_control,1143_2022_MN,541483.568,4860798.63,LCP,MN_SEDriftless_4_2021,ok,520826,185267,0.0,0.0,1,0.0,0.0,5,0.000608,0.001218,9,0.000885,0.001776,13,0.000725,0.001455,29,0.000417,0.000839,81,0.000885,2022-05-06 18:10,2022-05-06 18:43,0.022,data/derived/control_boxes/gen2_2021_control__1143_2022_MN.laz,data/derived/control_structure/gen2_2021_control__1143_2022_MN.npz,ok,8266,3107,0.0,1.688
gen2_2021_control,1144_2022_MN,541058.487,4858834.459,LCP,MN_SEDriftless_4_2021,ok,460673,148869,0.0,0.0,1,0.0,0.0,5,0.008171,0.016975,9,0.005657,0.011752,13,0.004391,0.009017,29,0.003162,0.006492,81,0.008171,2022-05-06 17:08,2022-05-06 17:39,0.022,data/derived/control_boxes/gen2_2021_control__1144_2022_MN.laz,data/derived/control_structure/gen2_2021_control__1144_2022_MN.npz,ok,8115,2636,0.0,0.9013
gen2_2021_control,1146_2022_MN,538503.316,4856733.028,LCP,MN_SEDriftless_4_2021,ok,436165,168013,0.0,0.0,1,0.0,0.0,5,0.0,0.0,9,0.000493,0.00099,13,0.017142,0.038749,29,0.069196,0.162734,81,0.069196,2022-05-06 16:02,2022-05-06 16:25,0.016,data/derived/control_boxes/gen2_2021_control__1146_2022_MN.laz,data/derived/control_structure/gen2_2021_control__1146_2022_MN.npz,ok,5451,2898,0.0,5.0879
gen2_2021_control,1147_2021_MN,534998.882,4852542.099,LCP,MN_SEDriftless_3_2021,ok,107872,92455,0.0,0.0,1,0.0,0.0,5,0.0,0.0,9,0.0,0.0,13,0.0,0.0,29,0.000243,0.00049,81,0.000243,2022-05-07 22:45,2022-05-07 22:45,0.0,data/derived/control_boxes/gen2_2021_control__1147_2021_MN.laz,data/derived/control_structure/gen2_2021_control__1147_2021_MN.npz,ok,1841,1683,0.0,4.8464
gen2_2021_control,2001_2021_MN,541181.871,4831755.257,NVA,MN_SEDriftless_3_2021,ok,251403,174363,0.0,0.0,1,0.0,0.0,5,0.0,0.0,9,0.0,0.0,13,0.0,0.0,29,0.0,0.0,81,0.0,2022-05-06 21:42,2022-05-06 21:55,0.009,data/derived/control_boxes/gen2_2021_control__2001_2021_MN.laz,data/derived/control_structure/gen2_2021_control__2001_2021_MN.npz,ok,3564,2825,0.0,0.7641
gen2_2021_control,2002_2022_MN,593580.382,4843299.364,NVA,MN_SEDriftless_2_2021,ok,109525,92752,0.0,0.0,1,0.0,0.0,5,0.0,0.0,9,0.0,0.0,13,0.000408,0.000821,29,0.00257,0.005211,81,0.00257,2022-05-15 15:37,2022-05-15 15:37,0.0,data/derived/control_boxes/gen2_2021_control__2002_2022_MN.laz,data/derived/control_structure/gen2_2021_control__2002_2022_MN.npz,ok,3073,2248,0.0,2.5821
gen2_2021_control,2003_2021_MN,478647.983,4904281.488,NVA,MN_SEDriftless_1_2021,ok,238481,64916,0.002195,0.004396,1,0.007547,0.015355,5,0.03782,0.088633,9,0.044253,0.102555,13,0.086566,0.272644,29,0.111858,0.348511,81,0.109663,2021-06-13 16:53,2021-06-13 17:07,0.009,data/derived/control_boxes/gen2_2021_control__2003_2021_MN.laz,data/derived/control_structure/gen2_2021_control__2003_2021_MN.npz,ok,3231,1996,0.0,1.1336
gen2_2021_control,2004_2021_MN,585615.817,4903994.272,NVA,MN_SEDriftless_2_2021,ok,193702,58367,0.0,0.0,1,0.0,0.0,5,0.0,0.0,9,0.0,0.0,13,0.016303,0.038772,29,0.060179,0.15227,79,0.060179,2021-05-02 15:20,2021-05-02 15:46,0.018,data/derived/control_boxes/gen2_2021_control__2004_2021_MN.laz,data/derived/control_structure/gen2_2021_control__2004_2021_MN.npz,ok,3068,1652,0.0,4.4466
gen2_2021_control,2005_2021_MN,444446.692,4911485.888,NVA,MN_SEDriftless_5_2021,ok,377169,272870,0.0,0.0,1,0.0,0.0,5,0.0,0.0,9,0.0,0.0,13,0.0,0.0,29,0.0,0.0,81,0.0,2021-04-16 18:01,2021-04-16 18:01,0.0,data/derived/control_boxes/gen2_2021_control__2005_2021_MN.laz,data/derived/control_structure/gen2_2021_control__2005_2021_MN.npz,ok,5955,4327,0.0,1.4295
gen2_2021_control,2006_2022_MN,528935.289,4884790.498,NVA,MN_SEDriftless_4_2021,ok,340503,142742,0.0,0.0,1,0.0,0.0,5,0.0,0.0,9,0.0,0.0,13,0.0,0.0,29,8e-06,1.5e-05,81,8e-06,2022-05-15 16:34,2022-05-15 16:59,0.017,data/derived/control_boxes/gen2_2021_control__2006_2022_MN.laz,data/derived/control_structure/gen2_2021_control__2006_2022_MN.npz,ok,5480,2691,0.0,3.1667
gen2_2021_control,2007_2021_MN,638266.707,4817492.244,NVA,MN_SEDriftless_2_2021,ok,195837,92267,0.0,0.0,1,0.005821,0.011759,5,0.048433,0.12258,9,0.041316,0.101197,13,0.046852,0.111955,29,0.046064,0.114926,81,0.048433,2021-04-25 16:02,2021-04-25 16:07,0.004,data/derived/control_boxes/gen2_2021_control__2007_2021_MN.laz,data/derived/control_structure/gen2_2021_control__2007_2021_MN.npz,ok,2950,1896,0.0,1.2748
gen2_2021_control,2008_2021_MN,465392.565,4838028.428,NVA,MN_SEDriftless_3_2021,ok,195750,121510,0.0,0.0,1,0.0,0.0,5,0.000253,0.000507,9,0.000175,0.000351,13,7.9e-05,0.000157,29,2.8e-05,5.6e-05,81,0.000253,2021-05-08 16:09,2021-05-08 16:21,0.009,data/derived/control_boxes/gen2_2021_control__2008_2021_MN.laz,data/derived/control_structure/gen2_2021_control__2008_2021_MN.npz,ok,3042,1846,0.0,0.337
gen2_2021_control,2009_2021_MN,525092.219,4828021.186,NVA,MN_SEDriftless_3_2021,ok,95291,73669,0.0,0.0,1,0.0,0.0,5,0.0,0.0,9,0.0,0.0,13,0.0,0.0,29,0.0,0.0,81,0.0,2021-05-08 19:22,2021-05-08 19:22,0.0,data/derived/control_boxes/gen2_2021_control__2009_2021_MN.laz,data/derived/control_structure/gen2_2021_control__2009_2021_MN.npz,ok,1566,1182,0.0,1.3591
gen2_2021_control,2010_2022_MN,570565.346,4870504.04,NVA,MN_SEDriftless_4_2021,ok,353019,179216,0.0,0.0,1,0.0,0.0,5,0.0,0.0,9,0.0,0.0,13,6.4e-05,0.000129,29,2.3e-05,4.6e-05,81,6.4e-05,2022-05-10 15:41,2022-05-10 15:48,0.005,data/derived/control_boxes/gen2_2021_control__2010_2022_MN.laz,data/derived/control_structure/gen2_2021_control__2010_2022_MN.npz,ok,5650,2655,0.0,1.5696
gen2_2021_control,2011_2021_MN,484862.694,4900851.566,NVA,MN_SEDriftless_1_2021,ok,122698,77592,0.0,0.0,1,0.0,0.0,5,0.0,0.0,9,0.0,0.0,13,0.00031,0.000624,29,0.000111,0.000223,81,0.00031,2021-06-13 17:44,2021-06-13 17:44,0.0,data/derived/control_boxes/gen2_2021_control__2011_2021_MN.laz,data/derived/control_structure/gen2_2021_control__2011_2021_MN.npz,ok,1859,1495,0.0,0.9151
gen2_2021_control,2012_2022_MN,592378.007,4833405.342,NVA,MN_SEDriftless_2_2021,ok,115109,105631,0.0,0.0,1,0.0,0.0,5,0.0,0.0,9,0.0,0.0,13,0.0,0.0,29,4.9e-05,9.7e-05,81,4.9e-05,2022-05-07 16:21,2022-05-07 16:21,0.0,data/derived/control_boxes/gen2_2021_control__2012_2022_MN.laz,data/derived/control_structure/gen2_2021_control__2012_2022_MN.npz,ok,1758,1578,0.0,1.6925
gen2_2021_control,2013_2021_MN,532915.451,4826078.44,NVA,MN_SEDriftless_3_2021,ok,98691,91762,0.0,0.0,1,0.0,0.0,5,0.0,0.0,9,0.0,0.0,13,0.0,0.0,29,0.0,0.0,81,0.0,2022-05-06 20:25,2022-05-06 20:25,0.0,data/derived/control_boxes/gen2_2021_control__2013_2021_MN.laz,data/derived/control_structure/gen2_2021_control__2013_2021_MN.npz,ok,1595,1535,0.0,2.1282
gen2_2021_control,2014_2021_MN,497370.372,4924305.527,NVA,MN_SEDriftless_1_2021,ok,92032,71891,0.0,0.0,1,0.0,0.0,5,0.0,0.0,9,0.0,0.0,13,0.003625,0.00766,29,0.00516,0.010771,81,0.00516,2021-06-12 16:51,2021-06-12 16:51,0.0,data/derived/control_boxes/gen2_2021_control__2014_2021_MN.laz,data/derived/control_structure/gen2_2021_control__2014_2021_MN.npz,ok,1461,1236,0.0,0.89
gen2_2021_control,2015_2021_MN,522511.963,4890048.764,NVA,MN_SEDriftless_1_2021,ok,197061,134423,0.0,0.0,1,0.0,0.0,5,0.0,0.0,9,0.0,0.0,13,0.0,0.0,29,0.0,0.0,81,0.0,2021-04-22 17:05,2021-04-22 17:41,0.025,data/derived/control_boxes/gen2_2021_control__2015_2021_MN.laz,data/derived/control_structure/gen2_2021_control__2015_2021_MN.npz,ok,3267,2280,0.0,4.1481
gen2_2021_control,2016_2021_MN,607474.686,4817266.166,NVA,MN_SEDriftless_2_2021,ok,103109,83751,0.0,0.0,1,0.0,0.0,5,0.0,0.0,9,0.000337,0.000675,13,0.002834,0.005745,29,0.003068,0.006207,81,0.003068,2021-04-30 17:34,2021-04-30 17:35,0.0,data/derived/control_boxes/gen2_2021_control__2016_2021_MN.laz,data/derived/control_structure/gen2_2021_control__2016_2021_MN.npz,ok,1487,1267,0.0,4.3783
gen2_2021_control,2017_2021_MN,444395.63,4896603.594,NVA,MN_SEDriftless_5_2021,ok,755674,205444,0.005671,0.011375,1,0.012252,0.024791,5,0.016976,0.034664,9,0.029251,0.061838,13,0.05462,0.122028,29,0.133684,0.336204,81,0.128013,2021-04-21 16:18,2021-04-21 16:18,0.0,data/derived/control_boxes/gen2_2021_control__2017_2021_MN.laz,data/derived/control_structure/gen2_2021_control__2017_2021_MN.npz,ok,7576,4158,0.0,2.3501
gen2_2021_control,2018_2021_MN,531178.069,4829294.908,NVA,MN_SEDriftless_3_2021,ok,250509,187520,0.0,0.0,1,0.0,0.0,5,0.0,0.0,9,0.0,0.0,13,0.0,0.0,29,0.0,0.0,81,0.0,2022-05-06 20:59,2022-05-06 21:19,0.014,data/derived/control_boxes/gen2_2021_control__2018_2021_MN.laz,data/derived/control_structure/gen2_2021_control__2018_2021_MN.npz,ok,3995,3171,0.0,1.2325
gen2_2021_control,2019_2021_MN,483539.54,4840897.169,NVA,MN_SEDriftless_3_2021,ok,94737,67276,0.0,0.0,1,0.0,0.0,5,0.0,0.0,9,0.0,0.0,13,0.0,0.0,29,0.0,0.0,81,0.0,2021-05-08 15:23,2021-05-08 15:24,0.0,data/derived/control_boxes/gen2_2021_control__2019_2021_MN.laz,data/derived/control_structure/gen2_2021_control__2019_2021_MN.npz,ok,1504,1072,0.0,0.6568
gen2_2021_control,2020_2021_MN,425420.2,4899321.179,NVA,MN_SEDriftless_5_2021,ok,590885,372691,0.0,0.0,1,0.0,0.0,5,0.0,0.0,9,0.0,0.0,13,0.000128,0.000256,29,4.6e-05,9.2e-05,81,0.000128,2021-04-21 15:00,2021-04-21 15:07,0.005,data/derived/control_boxes/gen2_2021_control__2020_2021_MN.laz,data/derived/control_structure/gen2_2021_control__2020_2021_MN.npz,ok,11536,7065,0.0,1.2177
gen2_2021_control,2021_2022_MN,531348.289,4880302.344,NVA,MN_SEDriftless_4_2021,ok,347678,141696,0.0,0.0,1,0.0,0.0,5,0.0,0.0,9,0.0,0.0,13,0.0,0.0,29,0.0,0.0,81,0.0,2022-05-14 17:00,2022-05-14 17:08,0.006,data/derived/control_boxes/gen2_2021_control__2021_2022_MN.laz,data/derived/control_structure/gen2_2021_control__2021_2022_MN.npz,ok,5522,2439,0.0,3.4806
gen2_2021_control,2022_2021_MN,491910.099,4858267.659,NVA,MN_SEDriftless_1_2021,ok,89693,74651,0.0,0.0,1,0.0,0.0,5,0.0,0.0,9,0.0,0.0,13,0.0,0.0,29,0.0,0.0,81,0.0,2021-05-08 17:22,2021-05-08 17:22,0.0,data/derived/control_boxes/gen2_2021_control__2022_2021_MN.laz,data/derived/control_structure/gen2_2021_control__2022_2021_MN.npz,ok,1434,1069,0.0,5.9179
gen2_2021_control,2023_2021_MN,611514.847,4855944.887,NVA,MN_SEDriftless_2_2021,ok,143318,84885,0.002339,0.004684,1,0.000938,0.001878,5,0.000521,0.001043,9,0.000878,0.001759,13,0.000639,0.001283,29,0.036482,0.085051,81,0.035961,2021-04-30 19:26,2021-04-30 19:26,0.0,data/derived/control_boxes/gen2_2021_control__2023_2021_MN.laz,data/derived/control_structure/gen2_2021_control__2023_2021_MN.npz,ok,1506,1471,0.0,10.6877
gen2_2021_control,2024_2021_MN,571243.813,4887693.785,NVA,MN_SEDriftless_2_2021,ok,130732,69187,0.0,0.0,1,0.0,0.0,5,0.0,0.0,9,0.0,0.0,13,0.000416,0.000836,29,0.008519,0.019482,81,0.008519,2021-05-01 16:04,2021-05-01 16:05,0.0,data/derived/control_boxes/gen2_2021_control__2024_2021_MN.laz,data/derived/control_structure/gen2_2021_control__2024_2021_MN.npz,ok,1726,1334,0.0,4.4054
gen2_2021_control,2025_2021_MN,578387.684,4903992.431,NVA,MN_SEDriftless_2_2021,ok,464320,69497,0.0,0.0,1,0.021644,0.045813,5,0.037643,0.083142,9,0.049677,0.11334,13,0.106146,0.255761,29,0.259094,0.694825,81,0.259094,2021-05-02 15:22,2021-05-02 15:44,0.016,data/derived/control_boxes/gen2_2021_control__2025_2021_MN.laz,data/derived/control_structure/gen2_2021_control__2025_2021_MN.npz,ok,3652,1681,0.0,4.2605
gen2_2021_control,2026_2021_MN,432271.871,4902803.086,NVA,MN_SEDriftless_5_2021,ok,806963,410771,0.0,0.0,1,0.0,0.0,5,0.0,0.0,9,0.0,0.0,13,0.002446,0.005072,29,0.032452,0.082756,81,0.032452,2021-04-20 14:17,2021-04-20 14:27,0.007,data/derived/control_boxes/gen2_2021_control__2026_2021_MN.laz,data/derived/control_structure/gen2_2021_control__2026_2021_MN.npz,ok,12189,7282,0.0,2.0278
gen2_2021_control,2027_2021_MN,524298.939,4825603.564,NVA,MN_SEDriftless_3_2021,ok,194446,144889,0.0,0.0,1,0.0,0.0,5,0.0,0.0,9,0.0,0.0,13,0.0,0.0,29,0.0,0.0,81,0.0,2021-05-09 14:44,2021-05-09 14:50,0.004,data/derived/control_boxes/gen2_2021_control__2027_2021_MN.laz,data/derived/control_structure/gen2_2021_control__2027_2021_MN.npz,ok,3126,2264,0.0,0.7117
gen2_2021_control,2028_2021_MN,463187.344,4842863.332,NVA,MN_SEDriftless_3_2021,ok,133087,69542,0.0,0.0,1,0.019897,0.041916,5,0.022469,0.047376,9,0.050217,0.124941,13,0.081635,0.21934,29,0.125494,0.332893,81,0.125494,2021-05-11 14:42,2021-05-11 14:42,0.0,data/derived/control_boxes/gen2_2021_control__2028_2021_MN.laz,data/derived/control_structure/gen2_2021_control__2028_2021_MN.npz,ok,1489,1400,0.0,1.1348
gen2_2021_control,2029_2021_MN,619868.537,4842319.056,NVA,MN_SEDriftless_2_2021,ok,114446,81721,0.0,0.0,1,0.0,0.0,5,0.0,0.0,9,0.0,0.0,13,0.0,0.0,29,0.000133,0.000267,81,0.000133,2021-04-30 21:41,2021-05-01 14:29,0.7,data/derived/control_boxes/gen2_2021_control__2029_2021_MN.laz,data/derived/control_structure/gen2_2021_control__2029_2021_MN.npz,ok,1663,1296,0.0,3.4576
gen2_2021_control,2030_2021_MN,639158.82,4833227.847,NVA,MN_SEDriftless_2_2021,ok,246964,96477,0.009756,0.019608,1,0.02654,0.056395,5,0.037346,0.081354,9,0.050397,0.115351,13,0.073478,0.167321,29,0.089004,0.200628,81,0.079248,2021-04-25 15:43,2021-04-25 15:59,0.011,data/derived/control_boxes/gen2_2021_control__2030_2021_MN.laz,data/derived/control_structure/gen2_2021_control__2030_2021_MN.npz,ok,2967,1902,0.0,1.8478
gen2_2021_control,2031_2021_MN,543562.209,4817611.577,NVA,MN_SEDriftless_3_2021,ok,94787,81446,0.0,0.0,1,0.0,0.0,5,0.0,0.0,9,0.0,0.0,13,0.0,0.0,29,0.00574,0.013346,81,0.00574,2022-04-27 16:28,2022-04-27 16:28,0.0,data/derived/control_boxes/gen2_2021_control__2031_2021_MN.laz,data/derived/control_structure/gen2_2021_control__2031_2021_MN.npz,ok,1500,1468,0.0,1.1408
gen2_2021_control,2032_2022_MN,529054.16,4857272.79,NVA,MN_SEDriftless_4_2021,ok,352047,191357,0.0,0.0,1,0.000126,0.000251,5,7e-05,0.000139,9,4.8e-05,9.7e-05,13,2.2e-05,4.3e-05,29,0.001294,0.002615,81,0.001294,2022-05-06 16:27,2022-05-06 16:33,0.004,data/derived/control_boxes/gen2_2021_control__2032_2022_MN.laz,data/derived/control_structure/gen2_2021_control__2032_2022_MN.npz,ok,5485,2962,0.0,2.8729
gen2_2021_control,2033_2021_MN,486376.979,4852901.512,NVA,MN_SEDriftless_3_2021,ok,104796,92864,0.0,0.0,1,0.0,0.0,5,0.0,0.0,9,0.0,0.0,13,0.0,0.0,29,0.0,0.0,81,0.0,2021-05-08 19:04,2021-05-09 14:23,0.805,data/derived/control_boxes/gen2_2021_control__2033_2021_MN.laz,data/derived/control_structure/gen2_2021_control__2033_2021_MN.npz,ok,1455,1390,0.0,2.5527
gen2_2021_control,2034_2021_MN,483454.327,4863339.0,NVA,MN_SEDriftless_1_2021,ok,137297,106112,0.0,0.0,1,0.0,0.0,5,0.0,0.0,9,0.0,0.0,13,0.0,0.0,29,0.0,0.0,81,0.0,2021-05-08 15:57,2021-05-08 16:19,0.015,data/derived/control_boxes/gen2_2021_control__2034_2021_MN.laz,data/derived/control_structure/gen2_2021_control__2034_2021_MN.npz,ok,2400,1788,0.0,2.0323
gen2_2021_control,2035_2021_MN,588253.379,4873487.277,NVA,MN_SEDriftless_2_2021,ok,98128,89348,0.0,0.0,1,0.0,0.0,5,0.0,0.0,9,0.0,0.0,13,0.0,0.0,29,0.0,0.0,81,0.0,2021-04-30 22:31,2021-04-30 22:31,0.0,data/derived/control_boxes/gen2_2021_control__2035_2021_MN.laz,data/derived/control_structure/gen2_2021_control__2035_2021_MN.npz,ok,1518,1354,0.0,1.5056
gen2_2021_control,2036_2021_MN,585982.135,4884249.83,NVA,MN_SEDriftless_2_2021,ok,143955,80392,0.0,0.0,1,0.0,0.0,5,0.0,0.0,9,0.00234,0.004752,13,0.001117,0.002267,29,0.02401,0.059979,81,0.02401,2021-05-01 15:11,2021-05-01 15:28,0.012,data/derived/control_boxes/gen2_2021_control__2036_2021_MN.laz,data/derived/control_structure/gen2_2021_control__2036_2021_MN.npz,ok,1673,1157,0.0,4.6674
gen2_2021_control,2037_2021_MN,608938.796,4820155.051,NVA,MN_SEDriftless_2_2021,ok,219188,111347,0.0,0.0,1,0.008756,0.017708,5,0.00602,0.012156,9,0.005309,0.010711,13,0.007012,0.014254,29,0.007062,0.014457,81,0.008756,2021-04-30 18:06,2021-04-30 18:42,0.025,data/derived/control_boxes/gen2_2021_control__2037_2021_MN.laz,data/derived/control_structure/gen2_2021_control__2037_2021_MN.npz,ok,3707,1722,0.0,4.8936
gen2_2021_control,2038_2021_MN,614154.462,4873821.588,NVA,MN_SEDriftless_2_2021,ok,96034,92595,0.0,0.0,1,0.0,0.0,5,0.0,0.0,9,0.0,0.0,13,0.0,0.0,29,0.0,0.0,81,0.0,2021-04-30 20:11,2021-04-30 20:11,0.0,data/derived/control_boxes/gen2_2021_control__2038_2021_MN.laz,data/derived/control_structure/gen2_2021_control__2038_2021_MN.npz,ok,1585,1544,0.0,2.5552
gen2_2021_control,2039_2022_MN,588465.661,4817010.625,NVA,MN_SEDriftless_2_2021,ok,99298,90615,0.0,0.0,1,0.005709,0.011585,5,0.004468,0.009033,9,0.023248,0.052394,13,0.022929,0.051309,29,0.010163,0.022515,81,0.023248,2022-04-27 16:40,2022-04-27 16:40,0.0,data/derived/control_boxes/gen2_2021_control__2039_2022_MN.laz,data/derived/control_structure/gen2_2021_control__2039_2022_MN.npz,ok,1546,1436,0.0,1.3193
gen2_2021_control,2040_2021_MN,498281.426,4930435.352,NVA,MN_SEDriftless_1_2021,ok,108341,40660,0.0,0.0,1,0.0,0.0,5,0.006162,0.012679,9,0.004266,0.008778,13,0.084603,0.224135,29,0.211198,0.622572,81,0.211198,2021-06-12 15:23,2021-06-12 15:24,0.0,data/derived/control_boxes/gen2_2021_control__2040_2021_MN.laz,data/derived/control_structure/gen2_2021_control__2040_2021_MN.npz,ok,1359,1227,0.0,0.9801
gen2_2021_control,2041_2022_MN,581336.002,4847731.894,NVA,MN_SEDriftless_2_2021,ok,281877,206130,0.0,0.0,1,0.0,0.0,5,0.0,0.0,9,0.0,0.0,13,0.0,0.0,29,0.000438,0.000891,81,0.000438,2022-05-08 00:29,2022-05-08 00:40,0.008,data/derived/control_boxes/gen2_2021_control__2041_2022_MN.laz,data/derived/control_structure/gen2_2021_control__2041_2022_MN.npz,ok,3831,3209,0.0,0.3441
gen2_2021_control,2042_2021_MN,613664.407,4835960.226,NVA,MN_SEDriftless_2_2021,ok,180891,129489,0.0,0.0,1,0.0,0.0,5,0.0,0.0,9,0.0,0.0,13,0.0,0.0,29,0.0,0.0,81,0.0,2021-04-30 19:57,2021-04-30 20:19,0.016,data/derived/control_boxes/gen2_2021_control__2042_2021_MN.laz,data/derived/control_structure/gen2_2021_control__2042_2021_MN.npz,ok,2925,1751,0.0,1.9535
gen2_2021_control,2043_2022_MN,577056.535,4829691.049,NVA,MN_SEDriftless_2_2021,ok,101131,82918,0.0,0.0,1,0.000453,0.000907,5,0.000252,0.000504,9,0.00036,0.000721,13,0.000315,0.000631,29,0.000621,0.001258,81,0.000621,2022-05-07 15:14,2022-05-07 15:14,0.0,data/derived/control_boxes/gen2_2021_control__2043_2022_MN.laz,data/derived/control_structure/gen2_2021_control__2043_2022_MN.npz,ok,1523,1377,0.0,0.6128
gen2_2021_control,2044_2021_MN,468538.55,4818772.862,NVA,MN_SEDriftless_3_2021,ok,125600,66520,0.0,0.0,1,0.0,0.0,5,0.0,0.0,9,0.000469,0.00094,13,0.0292,0.074263,29,0.075402,0.205967,81,0.075402,2021-05-11 15:53,2021-05-11 15:54,0.0,data/derived/control_boxes/gen2_2021_control__2044_2021_MN.laz,data/derived/control_structure/gen2_2021_control__2044_2021_MN.npz,ok,1457,1237,0.0,1.574
gen2_2021_control,2045_2021_MN,591600.971,4893330.062,NVA,MN_SEDriftless_2_2021,ok,191146,55693,0.0,0.0,1,0.000722,0.001448,5,0.005238,0.010694,9,0.007914,0.016227,13,0.011583,0.024129,29,0.026555,0.062792,81,0.026555,2021-05-01 17:18,2021-05-01 17:25,0.004,data/derived/control_boxes/gen2_2021_control__2045_2021_MN.laz,data/derived/control_structure/gen2_2021_control__2045_2021_MN.npz,ok,2941,1098,0.0,3.797
gen2_2021_control,2046_2022_MN,566833.706,4878514.956,NVA,MN_SEDriftless_4_2021,ok,396670,119735,0.0,0.0,1,0.0,0.0,5,0.0,0.0,9,0.0,0.0,13,0.0,0.0,29,0.002006,0.004167,81,0.002006,2022-05-14 15:44,2022-05-14 16:10,0.018,data/derived/control_boxes/gen2_2021_control__2046_2022_MN.laz,data/derived/control_structure/gen2_2021_control__2046_2022_MN.npz,ok,5394,1995,0.0,3.0806
gen2_2021_control,2047_2021_MN,472593.974,4828828.287,NVA,MN_SEDriftless_3_2021,ok,199098,138925,0.0,0.0,1,0.0,0.0,5,0.0,0.0,9,0.0,0.0,13,0.0,0.0,29,0.000146,0.000294,81,0.000146,2021-05-08 19:07,2021-05-08 19:33,0.018,data/derived/control_boxes/gen2_2021_control__2047_2021_MN.laz,data/derived/control_structure/gen2_2021_control__2047_2021_MN.npz,ok,3216,2338,0.0,3.5138
gen2_2021_control,2048_2021_MN,524225.438,4861186.931,NVA,MN_SEDriftless_1_2021,ok,230586,94745,0.0,0.0,1,0.0,0.0,5,0.0,0.0,9,0.008086,0.017086,13,0.02817,0.063919,29,0.039992,0.094008,81,0.039992,2021-05-08 16:38,2021-05-08 16:43,0.004,data/derived/control_boxes/gen2_2021_control__2048_2021_MN.laz,data/derived/control_structure/gen2_2021_control__2048_2021_MN.npz,ok,2835,1943,0.0,6.0409
gen2_2021_control,2049_2021_MN,537894.936,4843784.421,NVA,MN_SEDriftless_3_2021,ok,437605,127769,0.004764,0.009551,1,0.122168,0.284522,5,0.164239,0.412677,9,0.19405,0.489031,13,0.216929,0.558635,29,0.224176,0.583824,81,0.219412,2022-05-15 15:53,2022-05-15 16:03,0.007,data/derived/control_boxes/gen2_2021_control__2049_2021_MN.laz,data/derived/control_structure/gen2_2021_control__2049_2021_MN.npz,ok,4917,2828,0.0,3.1917
gen2_2021_control,2050_2021_MN,445384.312,4925588.245,NVA,MN_SEDriftless_5_2021,ok,605715,394315,0.0,0.0,1,0.0,0.0,5,0.0,0.0,9,0.0,0.0,13,0.0,0.0,29,0.0,0.0,81,0.0,2021-04-17 14:46,2021-04-17 14:57,0.008,data/derived/control_boxes/gen2_2021_control__2050_2021_MN.laz,data/derived/control_structure/gen2_2021_control__2050_2021_MN.npz,ok,11152,6025,0.0,5.0464
gen2_2021_control,2051_2022_MN,583484.264,4841969.517,NVA,MN_SEDriftless_2_2021,ok,211319,94333,0.0,0.0,1,0.020507,0.043271,5,0.049321,0.114761,9,0.05952,0.141032,13,0.104817,0.267792,29,0.131228,0.33887,81,0.131228,2022-05-07 17:52,2022-05-15 16:15,7.933,data/derived/control_boxes/gen2_2021_control__2051_2022_MN.laz,data/derived/control_structure/gen2_2021_control__2051_2022_MN.npz,ok,1503,1229,0.0,0.0944
gen2_2021_control,2052_2021_MN,491504.96,4819536.025,NVA,MN_SEDriftless_3_2021,ok,181915,129776,0.0,0.0,1,0.0,0.0,5,0.0,0.0,9,0.0,0.0,13,0.00156,0.003193,29,0.000868,0.00177,81,0.00156,2021-05-11 15:30,2021-05-11 15:49,0.013,data/derived/control_boxes/gen2_2021_control__2052_2021_MN.laz,data/derived/control_structure/gen2_2021_control__2052_2021_MN.npz,ok,2950,1943,0.0,1.39
gen2_2021_control,2053_2021_MN,605086.59,4842580.401,NVA,MN_SEDriftless_2_2021,ok,200797,134745,0.0,0.0,1,0.0,0.0,5,0.0,0.0,9,0.000426,0.000854,13,0.000491,0.000985,29,0.000216,0.000433,81,0.000491,2021-04-30 16:46,2021-04-30 17:02,0.011,data/derived/control_boxes/gen2_2021_control__2053_2021_MN.laz,data/derived/control_structure/gen2_2021_control__2053_2021_MN.npz,ok,3149,1907,0.0,1.3438
gen2_2021_control,2054_2021_MN,508184.829,4888316.651,NVA,MN_SEDriftless_1_2021,ok,268856,115473,0.006042,0.012121,1,0.02268,0.046819,5,0.051888,0.112587,9,0.044843,0.096909,13,0.060669,0.138389,29,0.076972,0.187449,81,0.07093,2021-04-22 17:50,2021-04-22 18:20,0.021,data/derived/control_boxes/gen2_2021_control__2054_2021_MN.laz,data/derived/control_structure/gen2_2021_control__2054_2021_MN.npz,ok,3482,2181,0.0,0.8018
gen2_2021_control,2055_2021_MN,513783.558,4874746.785,NVA,MN_SEDriftless_1_2021,ok,99957,80458,0.0,0.0,1,0.0,0.0,5,0.0,0.0,9,0.0,0.0,13,0.000228,0.000457,29,8.1e-05,0.000164,81,0.000228,2021-06-10 12:54,2021-06-10 12:55,0.0,data/derived/control_boxes/gen2_2021_control__2055_2021_MN.laz,data/derived/control_structure/gen2_2021_control__2055_2021_MN.npz,ok,1591,1400,0.0,1.0344
gen2_2021_control,2056_2021_MN,512113.074,4847352.076,NVA,MN_SEDriftless_3_2021,ok,182283,134846,0.0,0.0,1,0.0,0.0,5,0.0,0.0,9,0.0,0.0,13,0.0,0.0,29,0.0,0.0,81,0.0,2021-05-09 15:39,2021-05-09 16:09,0.021,data/derived/control_boxes/gen2_2021_control__2056_2021_MN.laz,data/derived/control_structure/gen2_2021_control__2056_2021_MN.npz,ok,2927,2269,0.0,0.7573
gen2_2021_control,2057_2021_MN,513686.977,4880028.211,NVA,MN_SEDriftless_1_2021,ok,114933,62367,0.0,0.0,1,0.0,0.0,5,0.0,0.0,9,0.0,0.0,13,0.001498,0.003033,29,0.031827,0.090182,81,0.031827,2021-06-05 18:05,2021-06-05 18:35,0.021,data/derived/control_boxes/gen2_2021_control__2057_2021_MN.laz,data/derived/control_structure/gen2_2021_control__2057_2021_MN.npz,ok,1649,1017,0.0,3.2475
gen2_2021_control,2058_2022_MN,593234.856,4827490.802,NVA,MN_SEDriftless_2_2021,ok,222401,167198,0.0,0.0,1,0.0,0.0,5,0.001917,0.003867,9,0.001484,0.002991,13,0.001655,0.003328,29,0.00274,0.005572,81,0.00274,2022-05-07 14:25,2022-05-07 14:50,0.018,data/derived/control_boxes/gen2_2021_control__2058_2022_MN.laz,data/derived/control_structure/gen2_2021_control__2058_2022_MN.npz,ok,3424,2698,0.0,2.9693
gen2_2021_control,2059_2021_MN,578714.528,4864536.981,NVA,MN_SEDriftless_2_2021,ok,272151,76002,0.0,0.0,1,0.0,0.0,5,0.0,0.0,9,0.000307,0.000615,13,0.016933,0.038077,29,0.060088,0.140813,81,0.060088,2021-05-11 15:53,2021-05-26 12:49,14.872,data/derived/control_boxes/gen2_2021_control__2059_2021_MN.laz,data/derived/control_structure/gen2_2021_control__2059_2021_MN.npz,ok,3680,1857,0.0,2.2774
gen2_2021_control,2060_2021_MN,451235.007,4822939.662,NVA,MN_SEDriftless_3_2021,ok,91981,88528,0.0,0.0,1,0.0,0.0,5,0.0,0.0,9,0.0,0.0,13,0.0,0.0,29,0.000286,0.00058,81,0.000286,2021-05-09 15:46,2021-05-09 15:47,0.0,data/derived/control_boxes/gen2_2021_control__2060_2021_MN.laz,data/derived/control_structure/gen2_2021_control__2060_2021_MN.npz,ok,1472,1427,0.0,1.2824
gen2_2021_control,2061_2021_MN,499306.594,4837260.354,NVA,MN_SEDriftless_3_2021,ok,166225,89066,0.0,0.0,1,0.0,0.0,5,0.0,0.0,9,0.0,0.0,13,0.007211,0.015169,29,0.035372,0.093657,81,0.035372,2021-05-08 16:28,2021-05-08 16:43,0.011,data/derived/control_boxes/gen2_2021_control__2061_2021_MN.laz,data/derived/control_structure/gen2_2021_control__2061_2021_MN.npz,ok,3060,1682,0.0,6.2779
gen2_2021_control,2062_2021_MN,643245.359,4822028.848,NVA,MN_SEDriftless_2_2021,ok,140806,68315,0.0,0.0,1,0.011749,0.024216,5,0.017377,0.036288,9,0.034357,0.077865,13,0.052321,0.121846,29,0.08788,0.205008,81,0.08788,2021-04-25 15:08,2021-04-25 15:08,0.0,data/derived/control_boxes/gen2_2021_control__2062_2021_MN.laz,data/derived/control_structure/gen2_2021_control__2062_2021_MN.npz,ok,1577,1254,0.0,7.5003
gen2_2021_control,2063_2021_MN,500720.101,4884880.739,NVA,MN_SEDriftless_1_2021,ok,103882,92745,0.0,0.0,1,0.0,0.0,5,0.0,0.0,9,0.0,0.0,13,0.0,0.0,29,0.0,0.0,81,0.0,2021-05-26 23:24,2021-05-26 23:25,0.0,data/derived/control_boxes/gen2_2021_control__2063_2021_MN.laz,data/derived/control_structure/gen2_2021_control__2063_2021_MN.npz,ok,1665,1495,0.0,3.819
gen2_2021_control,2064_2021_MN,505224.4,4940265.926,NVA,MN_SEDriftless_1_2021,ok,95733,93033,0.0,0.0,1,0.0,0.0,5,0.0,0.0,9,0.0,0.0,13,0.0,0.0,29,0.0,0.0,81,0.0,2021-04-22 18:08,2021-04-22 18:08,0.0,data/derived/control_boxes/gen2_2021_control__2064_2021_MN.laz,data/derived/control_structure/gen2_2021_control__2064_2021_MN.npz,ok,1531,1503,0.0,3.6089
gen2_2021_control,2065_2021_MN,576968.607,4865962.232,NVA,MN_SEDriftless_2_2021,ok,115248,81256,0.0,0.0,1,0.0,0.0,5,0.0,0.0,9,0.0,0.0,13,0.0,0.0,29,0.008406,0.01928,81,0.008406,2021-05-11 15:48,2021-05-11 15:48,0.0,data/derived/control_boxes/gen2_2021_control__2065_2021_MN.laz,data/derived/control_structure/gen2_2021_control__2065_2021_MN.npz,ok,1659,1529,0.0,4.0856
gen2_2021_control,2066_2021_MN,489750.791,4913018.587,NVA,MN_SEDriftless_1_2021,ok,120774,51510,0.0,0.0,1,0.001238,0.002485,5,0.000909,0.001822,9,0.000629,0.001261,13,0.011776,0.024519,29,0.037563,0.096664,81,0.037563,2021-06-13 15:10,2021-06-13 15:11,0.0,data/derived/control_boxes/gen2_2021_control__2066_2021_MN.laz,data/derived/control_structure/gen2_2021_control__2066_2021_MN.npz,ok,1721,1099,0.0,3.0923
gen2_2021_control,2067_2021_MN,568335.487,4907324.405,NVA,MN_SEDriftless_2_2021,ok,123498,55932,0.0,0.0,1,0.02656,0.056995,5,0.036243,0.07751,9,0.061558,0.152522,13,0.036589,0.087639,29,0.030881,0.071003,81,0.061558,2021-05-02 14:41,2021-05-02 14:41,0.0,data/derived/control_boxes/gen2_2021_control__2067_2021_MN.laz,data/derived/control_structure/gen2_2021_control__2067_2021_MN.npz,ok,1518,1025,0.0,1.0624
gen2_2021_control,2068_2021_MN,495844.403,4891330.747,NVA,MN_SEDriftless_1_2021,ok,210376,138245,0.0,0.0,1,0.0,0.0,5,0.0,0.0,9,0.0,0.0,13,0.0,0.0,29,0.0,0.0,81,0.0,2021-04-22 16:54,2021-04-22 17:11,0.012,data/derived/control_boxes/gen2_2021_control__2068_2021_MN.laz,data/derived/control_structure/gen2_2021_control__2068_2021_MN.npz,ok,3401,2325,0.0,0.3587
gen2_2021_control,2069_2021_MN,466694.411,4899259.185,NVA,MN_SEDriftless_1_2021,ok,212009,127627,0.0,0.0,1,0.002861,0.005747,5,0.001935,0.003885,9,0.002453,0.004926,13,0.008756,0.01799,29,0.042881,0.09814,81,0.042881,2021-06-13 17:56,2021-06-13 18:15,0.013,data/derived/control_boxes/gen2_2021_control__2069_2021_MN.laz,data/derived/control_structure/gen2_2021_control__2069_2021_MN.npz,ok,3440,2278,0.0,1.0278
gen2_2021_control,2070_2021_MN,467066.102,4915939.022,NVA,MN_SEDriftless_1_2021,ok,94800,69264,0.0,0.0,1,0.0,0.0,5,0.0,0.0,9,0.0,0.0,13,0.0,0.0,29,0.0,0.0,81,0.0,2021-06-13 14:34,2021-06-13 14:34,0.0,data/derived/control_boxes/gen2_2021_control__2070_2021_MN.laz,data/derived/control_structure/gen2_2021_control__2070_2021_MN.npz,ok,1477,1188,0.0,4.4527
gen2_2021_control,2071_2021_MN,581687.495,4866623.516,NVA,MN_SEDriftless_2_2021,ok,231825,87451,0.0,0.0,1,0.002971,0.005965,5,0.047145,0.120359,9,0.033014,0.084078,13,0.039866,0.097396,29,0.071773,0.189404,81,0.071773,2021-05-11 15:37,2021-05-11 15:47,0.007,data/derived/control_boxes/gen2_2021_control__2071_2021_MN.laz,data/derived/control_structure/gen2_2021_control__2071_2021_MN.npz,ok,3123,1642,0.0,4.999
gen2_2021_control,2072_2021_MN,492403.203,4886409.012,NVA,MN_SEDriftless_1_2021,ok,197668,131210,0.0,0.0,1,0.0,0.0,5,0.0,0.0,9,0.0,0.0,13,0.0,0.0,29,0.000208,0.000416,81,0.000208,2021-05-26 22:47,2021-05-26 23:07,0.014,data/derived/control_boxes/gen2_2021_control__2072_2021_MN.laz,data/derived/control_structure/gen2_2021_control__2072_2021_MN.npz,ok,3177,1937,0.0,5.3697
gen2_2021_control,2073_2022_MN,571650.18,4876582.57,NVA,MN_SEDriftless_4_2021,ok,454187,122988,0.0,0.0,1,0.0,0.0,5,0.0,0.0,9,0.023603,0.056384,13,0.032138,0.075869,29,0.091035,0.230282,81,0.091035,2022-05-13 18:11,2022-05-14 15:03,0.869,data/derived/control_boxes/gen2_2021_control__2073_2022_MN.laz,data/derived/control_structure/gen2_2021_control__2073_2022_MN.npz,ok,4800,2689,0.0,3.1971
gen2_2021_control,2074_2021_MN,461388.592,4826275.998,NVA,MN_SEDriftless_3_2021,ok,96695,83666,0.0,0.0,1,0.0,0.0,5,0.0,0.0,9,0.0,0.0,13,0.0,0.0,29,5.4e-05,0.000108,81,5.4e-05,2021-05-09 14:31,2021-05-09 14:31,0.0,data/derived/control_boxes/gen2_2021_control__2074_2021_MN.laz,data/derived/control_structure/gen2_2021_control__2074_2021_MN.npz,ok,1551,1333,0.0,1.7484
gen2_2021_control,2075_2021_MN,516765.111,4932816.148,NVA,MN_SEDriftless_1_2021,ok,215931,110703,0.0,0.0,1,0.0,0.0,5,0.0,0.0,9,0.0,0.0,13,0.000335,0.000672,29,0.004998,0.011196,81,0.004998,2021-06-12 14:13,2021-06-12 14:44,0.021,data/derived/control_boxes/gen2_2021_control__2075_2021_MN.laz,data/derived/control_structure/gen2_2021_control__2075_2021_MN.npz,ok,3179,1940,0.0,1.7324
gen2_2021_control,2076_2021_MN,465551.339,4920511.423,NVA,MN_SEDriftless_1_2021,ok,189271,89264,0.0,0.0,1,0.0,0.0,5,0.0,0.0,9,0.0,0.0,13,0.0,0.0,29,0.00663,0.014473,81,0.00663,2021-06-13 13:35,2021-06-13 13:43,0.006,data/derived/control_boxes/gen2_2021_control__2076_2021_MN.laz,data/derived/control_structure/gen2_2021_control__2076_2021_MN.npz,ok,3092,1536,0.0,0.3217
gen2_2021_control,2077_2021_MN,550213.141,4904384.676,NVA,MN_SEDriftless_2_2021,ok,101347,86058,0.0,0.0,1,0.0,0.0,5,0.0,0.0,9,0.0,0.0,13,0.0,0.0,29,0.0,0.0,81,0.0,2021-05-02 15:28,2021-05-02 15:28,0.0,data/derived/control_boxes/gen2_2021_control__2077_2021_MN.laz,data/derived/control_structure/gen2_2021_control__2077_2021_MN.npz,ok,1591,1413,0.0,0.7095
gen2_2021_control,2078_2021_MN,480015.742,4850105.809,NVA,MN_SEDriftless_3_2021,ok,91353,84923,0.0,0.0,1,0.0,0.0,5,0.0,0.0,9,0.0,0.0,13,0.0,0.0,29,0.0,0.0,81,0.0,2021-05-09 15:05,2021-05-09 15:05,0.0,data/derived/control_boxes/gen2_2021_control__2078_2021_MN.laz,data/derived/control_structure/gen2_2021_control__2078_2021_MN.npz,ok,1459,1414,0.0,1.0984
gen2_2021_control,2079_2021_MN,491448.303,4893719.511,NVA,MN_SEDriftless_1_2021,ok,118847,79670,0.0,0.0,1,0.0,0.0,5,0.0,0.0,9,0.0,0.0,13,0.031861,0.080997,29,0.097476,0.285125,81,0.097476,2021-05-26 22:07,2021-05-26 22:07,0.0,data/derived/control_boxes/gen2_2021_control__2079_2021_MN.laz,data/derived/control_structure/gen2_2021_control__2079_2021_MN.npz,ok,1635,1558,0.0,3.0471
gen2_2021_control,2080_2021_MN,567913.268,4897041.726,NVA,MN_SEDriftless_2_2021,ok,203323,114722,0.0,0.0,1,0.0,0.0,5,0.0,0.0,9,0.0,0.0,13,0.0,0.0,29,0.0,0.0,81,0.0,2021-05-01 18:21,2021-05-01 18:37,0.011,data/derived/control_boxes/gen2_2021_control__2080_2021_MN.laz,data/derived/control_structure/gen2_2021_control__2080_2021_MN.npz,ok,3232,1820,0.0,8.9832
gen2_2021_control,2081_2021_MN,501079.195,4834800.397,NVA,MN_SEDriftless_3_2021,ok,144623,92720,0.0,0.0,1,0.06614,0.160609,5,0.080573,0.191311,9,0.058469,0.137918,13,0.086391,0.269519,29,0.109514,0.307188,81,0.109514,2021-05-08 17:09,2021-05-08 17:24,0.01,data/derived/control_boxes/gen2_2021_control__2081_2021_MN.laz,data/derived/control_structure/gen2_2021_control__2081_2021_MN.npz,ok,1470,1398,0.0,0.7768
gen2_2021_control,2082_2022_MN,579808.431,4838494.437,NVA,MN_SEDriftless_2_2021,ok,316714,171480,0.0,0.0,1,0.001784,0.003584,5,0.001715,0.003444,9,0.002689,0.005417,13,0.013753,0.029409,29,0.042338,0.101545,81,0.042338,2022-05-07 17:14,2022-05-07 17:22,0.005,data/derived/control_boxes/gen2_2021_control__2082_2022_MN.laz,data/derived/control_structure/gen2_2021_control__2082_2022_MN.npz,ok,3472,2750,0.0,2.3813
gen2_2021_control,2083_2022_MN,590478.169,4848833.212,NVA,MN_SEDriftless_2_2021,ok,119309,76865,0.0,0.0,1,0.0,0.0,5,0.0,0.0,9,0.0,0.0,13,0.0,0.0,29,0.023762,0.058564,81,0.023762,2022-05-07 23:52,2022-05-07 23:52,0.0,data/derived/control_boxes/gen2_2021_control__2083_2022_MN.laz,data/derived/control_structure/gen2_2021_control__2083_2022_MN.npz,ok,1538,1485,0.0,1.9454
gen2_2021_control,2084_2021_MN,478454.736,4922260.414,NVA,MN_SEDriftless_1_2021,ok,140400,36772,0.023098,0.046737,1,0.057312,0.127909,5,0.078145,0.190867,9,0.101842,0.249785,13,0.170257,0.475264,29,0.289706,0.902268,81,0.266608,2021-06-12 17:13,2021-06-12 17:13,0.0,data/derived/control_boxes/gen2_2021_control__2084_2021_MN.laz,data/derived/control_structure/gen2_2021_control__2084_2021_MN.npz,ok,1540,1243,0.0,1.0358
gen2_2021_control,2085_2021_MN,453568.495,4818078.57,NVA,MN_SEDriftless_3_2021,ok,89842,86189,0.0,0.0,1,0.0,0.0,5,0.0,0.0,9,0.0,0.0,13,0.0,0.0,29,0.0,0.0,81,0.0,2021-05-11 16:03,2021-05-11 16:03,0.0,data/derived/control_boxes/gen2_2021_control__2085_2021_MN.laz,data/derived/control_structure/gen2_2021_control__2085_2021_MN.npz,ok,1448,1394,0.0,0.9637
gen2_2021_control,2086_2021_MN,483476.137,4867441.708,NVA,MN_SEDriftless_1_2021,ok,191399,134724,0.0,0.0,1,0.0,0.0,5,0.0,0.0,9,0.0,0.0,13,0.0,0.0,29,0.005777,0.01294,81,0.005777,2021-05-08 14:52,2021-05-08 15:14,0.015,data/derived/control_boxes/gen2_2021_control__2086_2021_MN.laz,data/derived/control_structure/gen2_2021_control__2086_2021_MN.npz,ok,2959,2269,0.0,2.3235
gen2_2021_control,2087_2021_MN,487089.749,4871167.735,NVA,MN_SEDriftless_1_2021,ok,91585,88173,0.0,0.0,1,0.0,0.0,5,0.0,0.0,9,0.0,0.0,13,0.0,0.0,29,0.0,0.0,81,0.0,2021-05-08 14:08,2021-05-08 14:08,0.0,data/derived/control_boxes/gen2_2021_control__2087_2021_MN.laz,data/derived/control_structure/gen2_2021_control__2087_2021_MN.npz,ok,1478,1451,0.0,6.4468
gen2_2021_control,2088_2021_MN,557876.769,4911332.524,NVA,MN_SEDriftless_2_2021,ok,100628,62657,0.002148,0.004301,1,0.015855,0.032966,5,0.02642,0.055012,9,0.018291,0.038085,13,0.012084,0.02508,29,0.006413,0.013267,81,0.024272,2021-05-01 19:23,2021-05-01 19:24,0.0,data/derived/control_boxes/gen2_2021_control__2088_2021_MN.laz,data/derived/control_structure/gen2_2021_control__2088_2021_MN.npz,ok,1618,1036,0.0,3.0226
gen2_2021_control,2089_2021_MN,492009.326,4840497.054,NVA,MN_SEDriftless_3_2021,ok,95481,66274,0.0,0.0,1,0.0,0.0,5,0.0,0.0,9,0.0,0.0,13,0.0,0.0,29,2.8e-05,5.7e-05,81,2.8e-05,2021-05-08 15:21,2021-05-08 15:22,0.0,data/derived/control_boxes/gen2_2021_control__2089_2021_MN.laz,data/derived/control_structure/gen2_2021_control__2089_2021_MN.npz,ok,1537,979,0.0,7.7128
gen2_2021_control,2090_2022_MN,570320.786,4864879.703,NVA,MN_SEDriftless_4_2021,ok,397177,123539,0.0,0.0,1,0.0,0.0,5,0.0,0.0,9,0.0,0.0,13,0.008713,0.018776,29,0.022103,0.05125,81,0.022103,2022-05-07 15:54,2022-05-07 16:01,0.005,data/derived/control_boxes/gen2_2021_control__2090_2022_MN.laz,data/derived/control_structure/gen2_2021_control__2090_2022_MN.npz,ok,6112,2112,0.0,2.393
gen2_2021_control,2091_2021_MN,462234.878,4837811.171,NVA,MN_SEDriftless_3_2021,ok,97183,69060,0.0,0.0,1,0.0,0.0,5,0.0,0.0,9,0.0,0.0,13,0.0,0.0,29,0.0,0.0,81,0.0,2021-05-08 16:20,2021-05-08 16:20,0.0,data/derived/control_boxes/gen2_2021_control__2091_2021_MN.laz,data/derived/control_structure/gen2_2021_control__2091_2021_MN.npz,ok,1557,1133,0.0,0.2956
gen2_2021_control,2092_2021_MN,613242.311,4832992.866,NVA,MN_SEDriftless_2_2021,ok,96072,87619,0.0,0.0,1,0.000451,0.000903,5,0.002976,0.006021,9,0.003088,0.006238,13,0.002114,0.004263,29,0.004594,0.009835,81,0.004594,2021-04-30 19:56,2021-04-30 19:57,0.0,data/derived/control_boxes/gen2_2021_control__2092_2021_MN.laz,data/derived/control_structure/gen2_2021_control__2092_2021_MN.npz,ok,1481,1383,0.0,4.8943
gen2_2021_control,2093_2022_MN,583382.753,4818538.781,NVA,MN_SEDriftless_2_2021,ok,262037,176001,0.0,0.0,1,0.0,0.0,5,4.3e-05,8.7e-05,9,0.004804,0.009916,13,0.002514,0.005168,29,0.003286,0.006738,81,0.004804,2022-04-27 16:50,2022-04-27 17:27,0.026,data/derived/control_boxes/gen2_2021_control__2093_2022_MN.laz,data/derived/control_structure/gen2_2021_control__2093_2022_MN.npz,ok,10809,6037,0.0,2.4882
gen2_2021_control,2094_2021_MN,635794.016,4852703.212,NVA,MN_SEDriftless_2_2021,ok,114596,67675,0.0,0.0,1,0.0,0.0,5,0.000836,0.001679,9,0.013652,0.029818,13,0.024587,0.061489,29,0.063762,0.182715,81,0.063762,2021-04-25 16:42,2021-04-25 16:42,0.0,data/derived/control_boxes/gen2_2021_control__2094_2021_MN.laz,data/derived/control_structure/gen2_2021_control__2094_2021_MN.npz,ok,1429,1131,0.0,1.1251
gen2_2021_control,2095_2022_MN,586381.03,4827982.748,NVA,MN_SEDriftless_2_2021,ok,108377,101287,0.0,0.0,1,0.0,0.0,5,0.0,0.0,9,0.0,0.0,13,0.0,0.0,29,0.0,0.0,81,0.0,2022-05-07 14:48,2022-05-07 14:48,0.0,data/derived/control_boxes/gen2_2021_control__2095_2022_MN.laz,data/derived/control_structure/gen2_2021_control__2095_2022_MN.npz,ok,1682,1579,0.0,3.1999
gen2_2021_control,2096_2021_MN,480936.076,4855039.575,NVA,MN_SEDriftless_1_2021,ok,90890,64194,0.0,0.0,1,0.0,0.0,5,0.0,0.0,9,0.0,0.0,13,0.0,0.0,29,0.000289,0.000583,81,0.000289,2021-05-08 18:23,2021-05-08 18:23,0.0,data/derived/control_boxes/gen2_2021_control__2096_2021_MN.laz,data/derived/control_structure/gen2_2021_control__2096_2021_MN.npz,ok,1451,1108,0.0,0.8648
gen2_2021_control,2097_2021_MN,520296.624,4821133.281,NVA,MN_SEDriftless_3_2021,ok,139709,46696,0.0,0.0,1,0.059404,0.132544,5,0.099635,0.22885,9,0.151781,0.40242,13,0.29776,0.962613,29,0.365984,1.345866,81,0.365984,2021-05-26 13:23,2021-05-26 13:23,0.0,data/derived/control_boxes/gen2_2021_control__2097_2021_MN.laz,data/derived/control_structure/gen2_2021_control__2097_2021_MN.npz,ok,1626,1228,0.0,1.7533
gen2_2021_control,2098_2021_MN,438660.862,4897953.248,NVA,MN_SEDriftless_5_2021,ok,454311,308223,0.0,0.0,1,0.003376,0.006809,5,0.006058,0.012228,9,0.005633,0.011371,13,0.008772,0.017717,29,0.035247,0.083049,81,0.035247,2021-04-21 15:38,2021-04-21 15:38,0.0,data/derived/control_boxes/gen2_2021_control__2098_2021_MN.laz,data/derived/control_structure/gen2_2021_control__2098_2021_MN.npz,ok,6581,5525,0.0,5.8355
gen2_2021_control,2099_2021_MN,571954.89,4893676.989,NVA,MN_SEDriftless_2_2021,ok,104902,55545,0.0,0.0,1,0.0,0.0,5,0.0,0.0,9,0.0,0.0,13,0.0,0.0,29,0.0,0.0,81,0.0,2021-05-01 17:29,2021-05-01 17:29,0.0,data/derived/control_boxes/gen2_2021_control__2099_2021_MN.laz,data/derived/control_structure/gen2_2021_control__2099_2021_MN.npz,ok,1706,928,0.0,1.1928
gen2_2021_control,2100_2021_MN,609324.392,4877400.267,NVA,MN_SEDriftless_2_2021,ok,94662,65880,0.0,0.0,1,0.0,0.0,5,0.0,0.0,9,0.0,0.0,13,0.003028,0.006276,29,0.037639,0.104191,81,0.037639,2021-04-30 18:54,2021-04-30 18:54,0.0,data/derived/control_boxes/gen2_2021_control__2100_2021_MN.laz,data/derived/control_structure/gen2_2021_control__2100_2021_MN.npz,ok,1396,1311,0.0,0.9387
gen2_2021_control,2101_2021_MN,536718.225,4899246.284,NVA,MN_SEDriftless_2_2021,ok,126367,78506,0.0,0.0,1,0.0,0.0,5,0.0,0.0,9,0.0,0.0,13,0.0,0.0,29,0.0,0.0,81,0.0,2021-05-01 18:49,2021-05-01 19:16,0.019,data/derived/control_boxes/gen2_2021_control__2101_2021_MN.laz,data/derived/control_structure/gen2_2021_control__2101_2021_MN.npz,ok,1588,1181,0.0,2.5882
gen2_2021_control,2102_2022_MN,550694.348,4853620.66,NVA,MN_SEDriftless_3_2021,ok,255922,185501,0.005947,0.011929,1,0.005081,0.010191,5,0.004353,0.008728,9,0.004486,0.009,13,0.005439,0.010918,29,0.007273,0.014658,81,0.00292,2022-05-07 22:04,2022-05-07 22:32,0.02,data/derived/control_boxes/gen2_2021_control__2102_2022_MN.laz,data/derived/control_structure/gen2_2021_control__2102_2022_MN.npz,ok,3542,2877,0.0,1.1067
gen2_2021_control,2103_2021_MN,466300.286,4822687.64,NVA,MN_SEDriftless_3_2021,ok,339616,66489,0.0,0.0,1,0.018427,0.038664,5,0.022092,0.045848,9,0.060833,0.16716,13,0.121773,0.330974,29,0.196455,0.558613,81,0.196455,2021-05-09 15:43,2021-05-09 15:56,0.009,data/derived/control_boxes/gen2_2021_control__2103_2021_MN.laz,data/derived/control_structure/gen2_2021_control__2103_2021_MN.npz,ok,3693,1635,0.0,1.0184
gen2_2021_control,2104_2021_MN,620524.338,4831646.162,NVA,MN_SEDriftless_2_2021,ok,209292,92191,0.0,0.0,1,0.0,0.0,5,0.0,0.0,9,0.0,0.0,13,0.000744,0.001504,29,0.000982,0.00199,81,0.000982,2021-04-29 17:11,2021-05-01 14:31,1.889,data/derived/control_boxes/gen2_2021_control__2104_2021_MN.laz,data/derived/control_structure/gen2_2021_control__2104_2021_MN.npz,ok,3244,1405,0.0,3.185
gen2_2021_control,2105_2021_MN,602120.938,4877279.581,NVA,MN_SEDriftless_2_2021,ok,212775,136019,0.0,0.0,1,0.0,0.0,5,0.0,0.0,9,0.0,0.0,13,0.004009,0.008524,29,0.006799,0.014502,81,0.006799,2021-04-30 15:50,2021-04-30 16:00,0.007,data/derived/control_boxes/gen2_2021_control__2105_2021_MN.laz,data/derived/control_structure/gen2_2021_control__2105_2021_MN.npz,ok,3429,2350,0.0,1.0126
gen2_2021_control,2106_2021_MN,479582.757,4914674.549,NVA,MN_SEDriftless_1_2021,ok,169188,105615,0.0,0.0,1,0.0,0.0,5,0.0,0.0,9,0.0,0.0,13,0.0,0.0,29,0.00034,0.000689,81,0.00034,2021-06-13 14:48,2021-06-13 15:01,0.009,data/derived/control_boxes/gen2_2021_control__2106_2021_MN.laz,data/derived/control_structure/gen2_2021_control__2106_2021_MN.npz,ok,3149,1650,0.0,0.915
gen2_2021_control,2107_2021_MN,516951.886,4816354.429,NVA,MN_SEDriftless_3_2021,ok,183161,136329,0.0,0.0,1,0.0,0.0,5,0.0,0.0,9,0.0,0.0,13,0.0,0.0,29,0.000502,0.001014,81,0.000502,2021-05-11 16:24,2021-05-11 16:57,0.023,data/derived/control_boxes/gen2_2021_control__2107_2021_MN.laz,data/derived/control_structure/gen2_2021_control__2107_2021_MN.npz,ok,2991,2235,0.0,1.9729
gen2_2021_control,2108_2021_MN,480139.442,4925911.178,NVA,MN_SEDriftless_1_2021,ok,154035,102394,0.0,0.0,1,0.0,0.0,5,0.0,0.0,9,0.0,0.0,13,0.0,0.0,29,0.0,0.0,81,0.0,2021-06-12 16:21,2021-06-12 16:33,0.008,data/derived/control_boxes/gen2_2021_control__2108_2021_MN.laz,data/derived/control_structure/gen2_2021_control__2108_2021_MN.npz,ok,3029,2196,0.0,0.761
gen2_2021_control,2109_2021_MN,588868.68,4863311.698,NVA,MN_SEDriftless_2_2021,ok,157936,89539,0.0,0.0,1,0.0,0.0,5,0.0,0.0,9,0.0,0.0,13,0.0,0.0,29,0.0,0.0,81,0.0,2021-05-12 14:09,2021-05-26 12:51,13.946,data/derived/control_boxes/gen2_2021_control__2109_2021_MN.laz,data/derived/control_structure/gen2_2021_control__2109_2021_MN.npz,ok,3094,1525,0.0,6.7013
gen2_2021_control,2110_2021_MN,458334.938,4822831.235,NVA,MN_SEDriftless_3_2021,ok,150090,81197,0.0,0.0,1,0.0,0.0,5,0.0,0.0,9,0.0,0.0,13,0.0,0.0,29,0.000557,0.001125,81,0.000557,2021-05-09 15:45,2021-05-09 15:55,0.007,data/derived/control_boxes/gen2_2021_control__2110_2021_MN.laz,data/derived/control_structure/gen2_2021_control__2110_2021_MN.npz,ok,1538,1249,0.0,1.5415
gen2_2021_control,2111_2021_MN,445386.856,4929285.012,NVA,MN_SEDriftless_5_2021,ok,460868,322171,0.0,0.0,1,0.0,0.0,5,0.0,0.0,9,0.0,0.0,13,0.0,0.0,29,0.000912,0.001863,81,0.000912,2021-04-16 18:23,2021-04-16 18:34,0.008,data/derived/control_boxes/gen2_2021_control__2111_2021_MN.laz,data/derived/control_structure/gen2_2021_control__2111_2021_MN.npz,ok,6398,5213,0.0,3.4793
gen2_2021_control,2112_2021_MN,449909.126,4892678.117,NVA,MN_SEDriftless_1_2021,ok,133655,84701,0.0,0.0,1,0.0,0.0,5,0.0,0.0,9,0.0,0.0,13,0.00022,0.00044,29,0.000121,0.000243,81,0.00022,2021-04-22 16:45,2021-05-26 22:21,34.233,data/derived/control_boxes/gen2_2021_control__2112_2021_MN.laz,data/derived/control_structure/gen2_2021_control__2112_2021_MN.npz,ok,1529,1202,0.0,7.8026
gen2_2021_control,2113_2022_MN,564007.939,4857580.11,NVA,MN_SEDriftless_4_2021,ok,440779,137146,0.0,0.0,1,0.0,0.0,5,0.0,0.0,9,0.000306,0.000613,13,0.000662,0.001332,29,0.000858,0.001752,81,0.000858,2022-05-06 16:19,2022-05-06 16:51,0.022,data/derived/control_boxes/gen2_2021_control__2113_2022_MN.laz,data/derived/control_structure/gen2_2021_control__2113_2022_MN.npz,ok,7889,2164,0.0,1.9602
gen2_2021_control,2114_2021_MN,620004.731,4835680.874,NVA,MN_SEDriftless_2_2021,ok,114689,94067,0.0,0.0,1,0.0,0.0,5,0.0,0.0,9,0.0,0.0,13,0.006516,0.014444,29,0.006522,0.013998,81,0.006522,2021-05-01 14:30,2021-05-01 14:30,0.0,data/derived/control_boxes/gen2_2021_control__2114_2021_MN.laz,data/derived/control_structure/gen2_2021_control__2114_2021_MN.npz,ok,1668,1603,0.0,1.5792
gen2_2021_control,2115_2021_MN,629701.656,4822085.272,NVA,MN_SEDriftless_2_2021,ok,111401,94171,0.0,0.0,1,0.0,0.0,5,0.0,0.0,9,0.0,0.0,13,0.0,0.0,29,0.0,0.0,81,0.0,2021-04-29 15:41,2021-04-29 16:07,0.018,data/derived/control_boxes/gen2_2021_control__2115_2021_MN.laz,data/derived/control_structure/gen2_2021_control__2115_2021_MN.npz,ok,1477,1315,0.0,3.6377
gen2_2021_control,2116_2021_MN,493982.828,4898555.51,NVA,MN_SEDriftless_1_2021,ok,118223,69519,0.0,0.0,1,0.0,0.0,5,0.0,0.0,9,0.0,0.0,13,0.0,0.0,29,0.0,0.0,81,0.0,2021-06-13 18:08,2021-06-13 18:08,0.0,data/derived/control_boxes/gen2_2021_control__2116_2021_MN.laz,data/derived/control_structure/gen2_2021_control__2116_2021_MN.npz,ok,1893,1077,0.0,6.5122
gen2_2021_control,2117_2021_MN,483804.957,4919114.69,NVA,MN_SEDriftless_1_2021,ok,113354,53532,0.0,0.0,1,0.0,0.0,5,0.0,0.0,9,0.0,0.0,13,0.004809,0.009909,29,0.047158,0.109518,81,0.047158,2021-06-13 13:57,2021-06-13 13:57,0.0,data/derived/control_boxes/gen2_2021_control__2117_2021_MN.laz,data/derived/control_structure/gen2_2021_control__2117_2021_MN.npz,ok,1614,896,0.0,2.1965
gen2_2021_control,2118_2021_MN,628318.488,4836363.047,NVA,MN_SEDriftless_2_2021,ok,191302,144494,0.0,0.0,1,0.0,0.0,5,0.0,0.0,9,0.0,0.0,13,0.0,0.0,29,0.0,0.0,81,0.0,2021-04-29 16:04,2021-04-29 16:17,0.009,data/derived/control_boxes/gen2_2021_control__2118_2021_MN.laz,data/derived/control_structure/gen2_2021_control__2118_2021_MN.npz,ok,3094,2258,0.0,1.2134
gen2_2021_control,2119_2021_MN,517013.816,4831319.283,NVA,MN_SEDriftless_3_2021,ok,89573,84962,0.0,0.0,1,0.0,0.0,5,0.0,0.0,9,0.0,0.0,13,0.0,0.0,29,0.0,0.0,81,0.0,2021-05-08 18:35,2021-05-08 18:35,0.0,data/derived/control_boxes/gen2_2021_control__2119_2021_MN.laz,data/derived/control_structure/gen2_2021_control__2119_2021_MN.npz,ok,1424,1329,0.0,0.4605
gen2_2021_control,2120_2021_MN,439571.148,4908564.744,NVA,MN_SEDriftless_5_2021,ok,477589,324358,0.0,0.0,1,0.0,0.0,5,0.0,0.0,9,0.0,0.0,13,0.000195,0.000392,29,0.001207,0.002437,81,0.001207,2021-04-16 19:43,2021-04-16 19:55,0.009,data/derived/control_boxes/gen2_2021_control__2120_2021_MN.laz,data/derived/control_structure/gen2_2021_control__2120_2021_MN.npz,ok,6187,5439,0.0,2.4362
gen2_2021_control,2121_2021_MN,491798.132,4928221.233,NVA,MN_SEDriftless_1_2021,ok,94680,81951,0.0,0.0,1,0.0,0.0,5,0.0,0.0,9,0.0,0.0,13,0.0,0.0,29,0.0,0.0,81,0.0,2021-06-12 15:54,2021-06-12 15:54,0.0,data/derived/control_boxes/gen2_2021_control__2121_2021_MN.laz,data/derived/control_structure/gen2_2021_control__2121_2021_MN.npz,ok,1521,1362,0.0,6.2841
gen2_2021_control,2122_2022_MN,564290.499,4865339.265,NVA,MN_SEDriftless_4_2021,ok,393918,243222,0.0,0.0,1,0.0,0.0,5,0.0,0.0,9,0.0,0.0,13,0.003101,0.0065,29,0.021439,0.051641,81,0.021439,2022-05-07 16:02,2022-05-07 16:25,0.016,data/derived/control_boxes/gen2_2021_control__2122_2022_MN.laz,data/derived/control_structure/gen2_2021_control__2122_2022_MN.npz,ok,6001,3898,0.0,0.7285
gen2_2021_control,2123_2021_MN,483461.072,4858244.051,NVA,MN_SEDriftless_1_2021,ok,105951,78153,0.0,0.0,1,0.0,0.0,5,0.0,0.0,9,0.0,0.0,13,0.00117,0.002371,29,0.012272,0.02703,81,0.012272,2021-05-08 17:24,2021-05-08 17:24,0.0,data/derived/control_boxes/gen2_2021_control__2123_2021_MN.laz,data/derived/control_structure/gen2_2021_control__2123_2021_MN.npz,ok,1456,1324,0.0,3.2926
gen2_2021_control,2124_2022_MN,550489.899,4869501.94,NVA,MN_SEDriftless_4_2021,ok,362360,75830,0.0,0.0,1,0.0,0.0,5,0.0,0.0,9,0.002642,0.005377,13,0.016908,0.042569,29,0.036227,0.08357,81,0.036227,2022-05-07 18:57,2022-05-07 19:13,0.011,data/derived/control_boxes/gen2_2021_control__2124_2022_MN.laz,data/derived/control_structure/gen2_2021_control__2124_2022_MN.npz,ok,5330,1771,0.0,1.6476
gen2_2021_control,2125_2021_MN,437621.582,4912824.533,NVA,MN_SEDriftless_5_2021,ok,393347,325718,0.0,0.0,1,0.0,0.0,5,0.0,0.0,9,0.0,0.0,13,0.0,0.0,29,0.0,0.0,81,0.0,2021-04-16 17:07,2021-04-16 17:22,0.01,data/derived/control_boxes/gen2_2021_control__2125_2021_MN.laz,data/derived/control_structure/gen2_2021_control__2125_2021_MN.npz,ok,5909,5229,0.0,2.6623
gen2_2021_control,2126_2022_MN,593084.194,4854396.69,NVA,MN_SEDriftless_2_2021,ok,88017,82804,0.0,0.0,1,0.0,0.0,5,0.0,0.0,9,0.0,0.0,13,0.0,0.0,29,0.0,0.0,81,0.0,2022-05-07 21:39,2022-05-07 21:39,0.0,data/derived/control_boxes/gen2_2021_control__2126_2022_MN.laz,data/derived/control_structure/gen2_2021_control__2126_2022_MN.npz,ok,1352,1307,0.0,2.1044
gen2_2021_control,2127_2022_MN,565482.989,4822903.867,NVA,MN_SEDriftless_3_2021,ok,126956,98601,0.002035,0.004073,1,0.000407,0.000815,5,0.000226,0.000453,9,0.001699,0.00343,13,0.004398,0.008975,29,0.006365,0.013673,81,0.006139,2022-04-27 18:58,2022-04-27 18:58,0.0,data/derived/control_boxes/gen2_2021_control__2127_2022_MN.laz,data/derived/control_structure/gen2_2021_control__2127_2022_MN.npz,ok,1732,1689,0.0,2.4981
gen2_2021_control,2128_2021_MN,437189.78,4916636.512,NVA,MN_SEDriftless_5_2021,ok,705811,391749,0.0,0.0,1,0.0,0.0,5,0.0,0.0,9,0.0,0.0,13,0.0,0.0,29,0.0,0.0,81,0.0,2021-04-22 17:08,2021-04-22 17:19,0.008,data/derived/control_boxes/gen2_2021_control__2128_2021_MN.laz,data/derived/control_structure/gen2_2021_control__2128_2021_MN.npz,ok,11287,7373,0.0,0.8466
gen2_2021_control,2129_2022_MN,557351.551,4826298.54,NVA,MN_SEDriftless_3_2021,ok,197757,135299,0.0,0.0,1,0.0,0.0,5,0.0,0.0,9,0.001612,0.003258,13,0.049348,0.124884,29,0.075197,0.191005,81,0.075197,2022-05-06 20:41,2022-05-07 14:10,0.729,data/derived/control_boxes/gen2_2021_control__2129_2022_MN.laz,data/derived/control_structure/gen2_2021_control__2129_2022_MN.npz,ok,2762,2264,0.0,1.5596
gen2_2021_control,2130_2021_MN,449374.711,4843825.563,NVA,MN_SEDriftless_3_2021,ok,88195,75799,0.0,0.0,1,0.0,0.0,5,0.0,0.0,9,0.0,0.0,13,0.0,0.0,29,0.0,0.0,81,0.0,2021-05-11 14:33,2021-05-11 14:34,0.0,data/derived/control_boxes/gen2_2021_control__2130_2021_MN.laz,data/derived/control_structure/gen2_2021_control__2130_2021_MN.npz,ok,1413,1241,0.0,1.0885
gen2_2021_control,2131_2021_MN,529963.035,4824723.813,NVA,MN_SEDriftless_3_2021,ok,238460,172521,0.0,0.0,1,0.0,0.0,5,0.0,0.0,9,0.0,0.0,13,0.000199,0.000399,29,0.000575,0.001155,81,0.000575,2022-04-27 19:28,2022-05-06 20:06,9.026,data/derived/control_boxes/gen2_2021_control__2131_2021_MN.laz,data/derived/control_structure/gen2_2021_control__2131_2021_MN.npz,ok,3707,2795,0.0,0.7351
gen2_2021_control,2132_2021_MN,450967.726,4833517.778,NVA,MN_SEDriftless_3_2021,ok,89156,77290,0.0,0.0,1,0.0,0.0,5,0.0,0.0,9,0.0,0.0,13,0.0,0.0,29,0.0,0.0,81,0.0,2021-05-08 17:40,2021-05-08 17:40,0.0,data/derived/control_boxes/gen2_2021_control__2132_2021_MN.laz,data/derived/control_structure/gen2_2021_control__2132_2021_MN.npz,ok,1360,1242,0.0,1.8814
gen2_2021_control,2133_2021_MN,471499.879,4898606.262,NVA,MN_SEDriftless_1_2021,ok,158232,117917,0.0,0.0,1,0.0,0.0,5,0.0,0.0,9,0.0,0.0,13,0.0,0.0,29,0.0,0.0,81,0.0,2021-06-13 18:13,2021-06-13 18:24,0.007,data/derived/control_boxes/gen2_2021_control__2133_2021_MN.laz,data/derived/control_structure/gen2_2021_control__2133_2021_MN.npz,ok,1933,1800,0.0,1.4742
gen2_2021_control,2134_2021_MN,560150.645,4904275.454,NVA,MN_SEDriftless_2_2021,ok,94856,69105,0.0,0.0,1,0.0,0.0,5,0.0,0.0,9,0.0,0.0,13,0.0,0.0,29,0.0,0.0,81,0.0,2021-05-02 15:26,2021-05-02 15:26,0.0,data/derived/control_boxes/gen2_2021_control__2134_2021_MN.laz,data/derived/control_structure/gen2_2021_control__2134_2021_MN.npz,ok,1493,1059,0.0,2.1047
gen2_2021_control,2135_2021_MN,520139.702,4883250.817,NVA,MN_SEDriftless_1_2021,ok,306695,96545,0.0,0.0,1,0.0,0.0,5,0.0,0.0,9,0.007126,0.014955,13,0.047299,0.119887,29,0.129918,0.352511,81,0.129918,2021-05-26 23:51,2021-06-05 17:22,9.729,data/derived/control_boxes/gen2_2021_control__2135_2021_MN.laz,data/derived/control_structure/gen2_2021_control__2135_2021_MN.npz,ok,3649,1883,0.0,1.3751
gen2_2021_control,2136_2021_MN,616539.859,4819818.641,NVA,MN_SEDriftless_2_2021,ok,126463,92454,0.0,0.0,1,0.0,0.0,5,0.0,0.0,9,0.0,0.0,13,0.0,0.0,29,0.000117,0.000235,81,0.000117,2021-04-30 20:57,2021-04-30 21:03,0.004,data/derived/control_boxes/gen2_2021_control__2136_2021_MN.laz,data/derived/control_structure/gen2_2021_control__2136_2021_MN.npz,ok,1508,1466,0.0,3.5463
gen2_2021_control,2137_2021_MN,469868.778,4890025.539,NVA,MN_SEDriftless_1_2021,ok,104104,93549,0.0,0.0,1,0.0,0.0,5,0.0,0.0,9,0.0,0.0,13,0.0,0.0,29,0.0,0.0,81,0.0,2021-04-22 17:30,2021-04-22 17:30,0.0,data/derived/control_boxes/gen2_2021_control__2137_2021_MN.laz,data/derived/control_structure/gen2_2021_control__2137_2021_MN.npz,ok,1655,1561,0.0,2.0937
gen2_2021_control,2138_2021_MN,512785.203,4816342.742,NVA,MN_SEDriftless_3_2021,ok,182834,109747,0.0,0.0,1,0.0,0.0,5,0.0,0.0,9,0.0,0.0,13,0.0,0.0,29,0.000326,0.00066,81,0.000326,2021-05-11 16:25,2021-05-11 16:56,0.021,data/derived/control_boxes/gen2_2021_control__2138_2021_MN.laz,data/derived/control_structure/gen2_2021_control__2138_2021_MN.npz,ok,2916,1767,0.0,1.0474
gen2_2021_control,2139_2021_MN,604105.857,4831972.95,NVA,MN_SEDriftless_2_2021,ok,198061,92869,0.0,0.0,1,0.0,0.0,5,0.018838,0.041285,9,0.041952,0.100989,13,0.080788,0.228022,29,0.090619,0.295127,78,0.090619,2021-04-30 16:20,2021-04-30 16:48,0.019,data/derived/control_boxes/gen2_2021_control__2139_2021_MN.laz,data/derived/control_structure/gen2_2021_control__2139_2021_MN.npz,ok,3098,1769,0.0,0.3761
gen2_2021_control,2140_2021_MN,558128.425,4921813.79,NVA,MN_SEDriftless_2_2021,ok,137335,37619,0.018239,0.036814,1,0.007803,0.015718,5,0.029681,0.06627,9,0.020548,0.045879,13,0.024729,0.053428,29,0.075017,0.204911,81,0.067214,2021-05-01 16:57,2021-05-01 16:57,0.0,data/derived/control_boxes/gen2_2021_control__2140_2021_MN.laz,data/derived/control_structure/gen2_2021_control__2140_2021_MN.npz,ok,1713,809,0.0,1.0034
gen2_2021_control,2141_2021_MN,487076.742,4902314.066,NVA,MN_SEDriftless_1_2021,ok,207789,118088,0.0,0.0,1,0.0,0.0,5,0.0,0.0,9,0.0,0.0,13,0.0,0.0,29,0.0,0.0,81,0.0,2021-06-13 17:17,2021-06-13 17:34,0.012,data/derived/control_boxes/gen2_2021_control__2141_2021_MN.laz,data/derived/control_structure/gen2_2021_control__2141_2021_MN.npz,ok,3327,1922,0.0,8.908
gen2_2021_control,2142_2021_MN,501161.277,4872797.337,NVA,MN_SEDriftless_1_2021,ok,113325,98181,0.0,0.0,1,0.0,0.0,5,0.0,0.0,9,0.0,0.0,13,0.0,0.0,29,0.000125,0.00025,81,0.000125,2021-06-05 21:02,2021-06-05 21:03,0.0,data/derived/control_boxes/gen2_2021_control__2142_2021_MN.laz,data/derived/control_structure/gen2_2021_control__2142_2021_MN.npz,ok,1771,1464,0.0,6.9152
gen2_2021_control,2143_2022_MN,526888.955,4891682.477,NVA,MN_SEDriftless_4_2021,ok,359056,139531,0.0,0.0,1,0.0,0.0,5,0.0,0.0,9,0.0,0.0,13,0.001962,0.004012,29,0.011472,0.026193,81,0.011472,2022-05-16 17:23,2022-05-19 15:01,2.901,data/derived/control_boxes/gen2_2021_control__2143_2022_MN.laz,data/derived/control_structure/gen2_2021_control__2143_2022_MN.npz,ok,5293,2278,0.0,4.1139
gen2_2021_control,2144_2021_MN,516456.307,4939730.807,NVA,MN_SEDriftless_1_2021,ok,155415,104608,0.0,0.0,1,0.0,0.0,5,0.0,0.0,9,0.0,0.0,13,0.0,0.0,29,0.0,0.0,81,0.0,2021-04-22 18:05,2021-04-22 18:22,0.012,data/derived/control_boxes/gen2_2021_control__2144_2021_MN.laz,data/derived/control_structure/gen2_2021_control__2144_2021_MN.npz,ok,2893,1468,0.0,1.6145
gen2_2021_control,2145_2021_MN,459837.29,4842932.434,NVA,MN_SEDriftless_3_2021,ok,97160,90224,0.0,0.0,1,0.0,0.0,5,0.0,0.0,9,0.0,0.0,13,0.0,0.0,29,0.009551,0.022799,81,0.009551,2021-05-11 14:41,2021-05-11 14:41,0.0,data/derived/control_boxes/gen2_2021_control__2145_2021_MN.laz,data/derived/control_structure/gen2_2021_control__2145_2021_MN.npz,ok,1515,1413,0.0,2.7431
gen2_2021_control,2146_2021_MN,524802.26,4872750.868,NVA,MN_SEDriftless_1_2021,ok,112033,74835,0.0,0.0,1,0.0,0.0,5,0.0,0.0,9,0.0,0.0,13,0.0,0.0,29,0.0,0.0,81,0.0,2021-06-05 20:57,2021-06-05 20:57,0.0,data/derived/control_boxes/gen2_2021_control__2146_2021_MN.laz,data/derived/control_structure/gen2_2021_control__2146_2021_MN.npz,ok,1766,1135,0.0,1.4833
gen2_2021_control,2147_2022_MN,546965.547,4878402.46,NVA,MN_SEDriftless_4_2021,ok,438579,118223,0.0,0.0,1,0.0,0.0,5,0.0,0.0,9,0.000665,0.001336,13,0.008049,0.016963,29,0.045894,0.103943,81,0.045894,2022-05-14 15:49,2022-05-14 16:05,0.011,data/derived/control_boxes/gen2_2021_control__2147_2022_MN.laz,data/derived/control_structure/gen2_2021_control__2147_2022_MN.npz,ok,5607,2315,0.0,0.5714
gen2_2021_control,2148_2021_MN,587590.249,4907812.694,NVA,MN_SEDriftless_2_2021,ok,298428,83381,0.0,0.0,1,0.0,0.0,5,0.0,0.0,9,0.0,0.0,13,0.0,0.0,29,0.000467,0.000948,81,0.000467,2021-05-01 20:08,2021-05-02 14:45,0.776,data/derived/control_boxes/gen2_2021_control__2148_2021_MN.laz,data/derived/control_structure/gen2_2021_control__2148_2021_MN.npz,ok,3852,1755,0.0,3.3111
gen2_2021_control,2149_2021_MN,596353.202,4847523.997,NVA,MN_SEDriftless_2_2021,ok,206431,131283,0.0,0.0,1,0.0,0.0,5,0.0,0.0,9,0.0,0.0,13,0.0,0.0,29,0.0,0.0,81,0.0,2021-04-25 15:41,2021-04-25 15:59,0.012,data/derived/control_boxes/gen2_2021_control__2149_2021_MN.laz,data/derived/control_structure/gen2_2021_control__2149_2021_MN.npz,ok,3326,2042,0.0,0.5182
gen2_2021_control,2150_2021_MN,460766.671,4928145.599,NVA,MN_SEDriftless_1_2021,ok,88367,74852,0.0,0.0,1,0.0,0.0,5,0.0,0.0,9,0.0,0.0,13,0.0,0.0,29,0.0,0.0,81,0.0,2021-06-12 15:48,2021-06-12 15:48,0.0,data/derived/control_boxes/gen2_2021_control__2150_2021_MN.laz,data/derived/control_structure/gen2_2021_control__2150_2021_MN.npz,ok,1416,1327,0.0,6.4057
gen2_2021_control,2151_2021_MN,461679.772,4921144.291,NVA,MN_SEDriftless_1_2021,ok,140769,41428,0.0,0.0,1,0.0,0.0,5,0.0,0.0,9,0.0,0.0,13,0.012886,0.032085,29,0.120742,0.423563,81,0.120742,2021-06-13 13:36,2021-06-13 13:36,0.0,data/derived/control_boxes/gen2_2021_control__2151_2021_MN.laz,data/derived/control_structure/gen2_2021_control__2151_2021_MN.npz,ok,1521,1373,0.0,6.9087
gen2_2021_control,2152_2022_MN,553440.105,4861107.503,NVA,MN_SEDriftless_4_2021,ok,449763,124151,0.0,0.0,1,0.0,0.0,5,0.0,0.0,9,0.008242,0.017351,13,0.043248,0.095521,29,0.089936,0.205762,81,0.089936,2022-05-06 18:28,2022-05-06 18:45,0.012,data/derived/control_boxes/gen2_2021_control__2152_2022_MN.laz,data/derived/control_structure/gen2_2021_control__2152_2022_MN.npz,ok,5065,1693,0.0,0.7844
gen2_2021_control,2153_2022_MN,527427.81,4866746.423,NVA,MN_SEDriftless_4_2021,ok,349396,135948,0.0,0.0,1,0.0,0.0,5,0.0,0.0,9,0.0,0.0,13,0.0,0.0,29,0.0,0.0,81,0.0,2022-05-07 17:13,2022-05-07 17:40,0.019,data/derived/control_boxes/gen2_2021_control__2153_2022_MN.laz,data/derived/control_structure/gen2_2021_control__2153_2022_MN.npz,ok,5597,2502,0.0,0.1376
gen2_2021_control,2154_2021_MN,482120.778,4878982.682,NVA,MN_SEDriftless_1_2021,ok,111765,43766,0.0,0.0,1,0.010306,0.021161,5,0.009166,0.018747,9,0.013804,0.028667,13,0.00885,0.018392,29,0.012336,0.025984,81,0.013804,2021-06-05 18:53,2021-06-05 18:54,0.0,data/derived/control_boxes/gen2_2021_control__2154_2021_MN.laz,data/derived/control_structure/gen2_2021_control__2154_2021_MN.npz,ok,1775,844,0.0,0.5942
gen2_2021_control,2155_2021_MN,497922.316,4893347.275,NVA,MN_SEDriftless_1_2021,ok,202464,147424,0.0,0.0,1,0.0,0.0,5,0.0,0.0,9,0.0,0.0,13,0.0,0.0,29,0.0,0.0,81,0.0,2021-05-26 22:06,2021-05-26 22:30,0.017,data/derived/control_boxes/gen2_2021_control__2155_2021_MN.laz,data/derived/control_structure/gen2_2021_control__2155_2021_MN.npz,ok,3247,2220,0.0,3.6642
gen2_2021_control,2156_2021_MN,487368.899,4850198.703,NVA,MN_SEDriftless_3_2021,ok,90724,72301,0.0,0.0,1,0.0,0.0,5,0.0,0.0,9,0.0,0.0,13,0.0,0.0,29,0.0,0.0,81,0.0,2021-05-09 15:04,2021-05-09 15:04,0.0,data/derived/control_boxes/gen2_2021_control__2156_2021_MN.laz,data/derived/control_structure/gen2_2021_control__2156_2021_MN.npz,ok,1462,1171,0.0,2.1214
gen2_2021_control,2157_2021_MN,455875.881,4845873.784,NVA,MN_SEDriftless_3_2021,ok,92024,86671,0.0,0.0,1,0.0,0.0,5,0.0,0.0,9,0.0,0.0,13,0.0,0.0,29,0.0,0.0,81,0.0,2021-05-09 16:30,2021-05-09 16:30,0.0,data/derived/control_boxes/gen2_2021_control__2157_2021_MN.laz,data/derived/control_structure/gen2_2021_control__2157_2021_MN.npz,ok,1479,1383,0.0,0.2132
gen2_2021_control,2158_2021_MN,581228.577,4897478.948,NVA,MN_SEDriftless_2_2021,ok,114290,73367,0.0,0.0,1,0.0,0.0,5,0.0,0.0,9,0.023547,0.056222,13,0.042782,0.101185,29,0.070035,0.170976,81,0.070035,2021-05-01 18:34,2021-05-01 18:34,0.0,data/derived/control_boxes/gen2_2021_control__2158_2021_MN.laz,data/derived/control_structure/gen2_2021_control__2158_2021_MN.npz,ok,1530,1333,0.0,4.4618
gen2_2021_control,2159_2021_MN,483146.678,4933900.144,NVA,MN_SEDriftless_1_2021,ok,369835,37737,0.567839,1.677916,1,0.525222,1.56299,5,0.515708,1.549244,9,0.514477,1.561066,13,0.51612,1.653583,29,0.558966,1.870479,81,0.053362,2021-06-12 14:02,2021-06-12 14:22,0.014,data/derived/control_boxes/gen2_2021_control__2159_2021_MN.laz,data/derived/control_structure/gen2_2021_control__2159_2021_MN.npz,ok,6278,743,0.0,4.614
gen2_2021_control,2160_2022_MN,569602.296,4874508.47,NVA,MN_SEDriftless_4_2021,ok,518456,217190,0.0,0.0,1,0.0,0.0,5,0.0,0.0,9,0.0,0.0,13,0.00124,0.002526,29,0.000444,0.000904,81,0.00124,2022-05-13 16:35,2022-05-13 17:09,0.024,data/derived/control_boxes/gen2_2021_control__2160_2022_MN.laz,data/derived/control_structure/gen2_2021_control__2160_2022_MN.npz,ok,8293,2235,0.0,4.5372
gen2_2021_control,2161_2021_MN,427903.714,4930943.053,NVA,MN_SEDriftless_5_2021,ok,312510,84990,0.0,0.0,1,0.0,0.0,5,0.0,0.0,9,0.004542,0.009318,13,0.052977,0.144292,29,0.189403,0.676688,80,0.189403,2021-04-16 17:50,2021-04-16 17:55,0.003,data/derived/control_boxes/gen2_2021_control__2161_2021_MN.laz,data/derived/control_structure/gen2_2021_control__2161_2021_MN.npz,ok,5848,3477,0.0,1.2547
gen2_2021_control,2162_2021_MN,454028.185,4932993.041,NVA,MN_SEDriftless_5_2021,ok,556765,243379,0.0,0.0,1,0.0,0.0,5,6.6e-05,0.000132,9,9.3e-05,0.000186,13,0.001523,0.003076,29,0.066317,0.217867,81,0.066317,2021-04-16 16:24,2021-04-16 16:30,0.004,data/derived/control_boxes/gen2_2021_control__2162_2021_MN.laz,data/derived/control_structure/gen2_2021_control__2162_2021_MN.npz,ok,9934,5100,0.0,2.6316
gen2_2021_control,2163_2021_MN,453715.593,4921118.693,NVA,MN_SEDriftless_5_2021,ok,405026,239233,0.0,0.0,1,0.002496,0.005023,5,0.0021,0.004223,9,0.001454,0.002923,13,0.000851,0.001711,29,0.020684,0.053837,81,0.020684,2021-05-13 14:11,2021-05-13 14:11,0.0,data/derived/control_boxes/gen2_2021_control__2163_2021_MN.laz,data/derived/control_structure/gen2_2021_control__2163_2021_MN.npz,ok,6065,4372,0.0,1.9556
gen2_2021_control,2164_2021_MN,454979.993,4896028.83,NVA,MN_SEDriftless_5_2021,ok,695147,286388,0.007481,0.015017,1,0.022852,0.046582,5,0.018463,0.037493,9,0.042048,0.096061,13,0.047667,0.116256,29,0.068817,0.17124,81,0.061336,2021-04-21 16:15,2021-04-21 16:38,0.016,data/derived/control_boxes/gen2_2021_control__2164_2021_MN.laz,data/derived/control_structure/gen2_2021_control__2164_2021_MN.npz,ok,5891,3772,0.0,0.9806
gen2_2021_control,2165_2021_MN,417945.473,4898562.827,NVA,MN_SEDriftless_5_2021,ok,352146,255037,0.0,0.0,1,0.007097,0.014451,5,0.004147,0.008438,9,0.002871,0.005842,13,0.003312,0.006765,29,0.002908,0.00593,81,0.007097,2021-04-21 15:33,2021-04-21 15:33,0.0,data/derived/control_boxes/gen2_2021_control__2165_2021_MN.laz,data/derived/control_structure/gen2_2021_control__2165_2021_MN.npz,ok,5552,3165,0.0,1.7664
gen2_2021_control,2166_2021_MN,425712.551,4917809.127,NVA,MN_SEDriftless_5_2021,ok,926287,302351,0.010051,0.020203,1,0.010296,0.020769,5,0.009173,0.018521,9,0.02337,0.050047,13,0.044044,0.10356,29,0.080001,0.197478,81,0.070828,2021-04-22 16:44,2021-04-22 16:50,0.004,data/derived/control_boxes/gen2_2021_control__2166_2021_MN.laz,data/derived/control_structure/gen2_2021_control__2166_2021_MN.npz,ok,11422,5202,0.0,3.153
gen2_2021_control,2167_2021_MN,432748.82,4927226.326,NVA,MN_SEDriftless_5_2021,ok,856478,425622,0.0,0.0,1,0.002323,0.004663,5,0.002994,0.006013,9,0.002359,0.004736,13,0.001499,0.003007,29,0.001282,0.002579,81,0.002994,2021-04-16 19:50,2021-04-16 19:57,0.005,data/derived/control_boxes/gen2_2021_control__2167_2021_MN.laz,data/derived/control_structure/gen2_2021_control__2167_2021_MN.npz,ok,11942,7616,0.0,4.7143
gen2_2021_control,2168_2021_MN,454081.229,4906861.002,NVA,MN_SEDriftless_5_2021,ok,995148,122873,0.0,0.0,1,0.0,0.0,5,0.0,0.0,9,0.0,0.0,13,0.0,0.0,29,0.012267,0.031553,81,0.012267,2021-04-17 14:22,2021-04-17 14:42,0.014,data/derived/control_boxes/gen2_2021_control__2168_2021_MN.laz,data/derived/control_structure/gen2_2021_control__2168_2021_MN.npz,ok,12002,2701,0.0,1.1217
gen2_2021_control,2169_2021_MN,444185.423,4920987.742,NVA,MN_SEDriftless_5_2021,ok,520254,217200,0.0,0.0,1,0.089244,0.236395,5,0.111322,0.276614,9,0.11419,0.292867,13,0.112145,0.281271,29,0.122261,0.321602,81,0.122261,2021-04-21 15:07,2021-04-21 15:07,0.0,data/derived/control_boxes/gen2_2021_control__2169_2021_MN.laz,data/derived/control_structure/gen2_2021_control__2169_2021_MN.npz,ok,9497,3663,0.0,1.7593
gen2_2021_control,2170_2021_MN,428554.794,4911743.513,NVA,MN_SEDriftless_5_2021,ok,643363,313906,0.0,0.0,1,0.0,0.0,5,0.0,0.0,9,0.0,0.0,13,0.0,0.0,29,0.000515,0.001048,81,0.000515,2021-04-16 17:57,2021-04-16 18:16,0.013,data/derived/control_boxes/gen2_2021_control__2170_2021_MN.laz,data/derived/control_structure/gen2_2021_control__2170_2021_MN.npz,ok,11086,6895,0.0,1.9131
gen2_2021_control,2171_2021_MN,443586.103,4904477.894,NVA,MN_SEDriftless_5_2021,ok,387542,327624,0.0,0.0,1,0.017062,0.035668,5,0.027998,0.058539,9,0.019383,0.040527,13,0.012775,0.026808,29,0.007248,0.015262,81,0.027998,2021-04-17 16:08,2021-04-17 16:08,0.0,data/derived/control_boxes/gen2_2021_control__2171_2021_MN.laz,data/derived/control_structure/gen2_2021_control__2171_2021_MN.npz,ok,6553,5396,0.0,2.6543
gen2_2021_control,2172_2021_MN,457255.571,4914741.38,NVA,MN_SEDriftless_5_2021,ok,783902,250426,0.0,0.0,1,0.003414,0.006886,5,0.009741,0.019854,9,0.014158,0.029336,13,0.054451,0.144185,29,0.102937,0.28434,81,0.102937,2021-04-16 15:52,2021-04-16 15:52,0.0,data/derived/control_boxes/gen2_2021_control__2172_2021_MN.laz,data/derived/control_structure/gen2_2021_control__2172_2021_MN.npz,ok,6592,4391,0.0,3.716
gen2_2021_control,2173_2021_MN,436500.875,4926133.895,NVA,MN_SEDriftless_5_2021,ok,379310,322974,0.0,0.0,1,0.0,0.0,5,0.0,0.0,9,0.0,0.0,13,0.001278,0.00258,29,0.001962,0.003978,81,0.001962,2021-04-17 14:44,2021-04-17 14:44,0.0,data/derived/control_boxes/gen2_2021_control__2173_2021_MN.laz,data/derived/control_structure/gen2_2021_control__2173_2021_MN.npz,ok,6153,5199,0.0,3.9403
gen2_2021_control,2174_2021_MN,451652.41,4903474.613,NVA,MN_SEDriftless_5_2021,ok,379324,282235,0.0,0.0,1,0.0,0.0,5,0.000584,0.00117,9,0.000448,0.000898,13,0.000794,0.001595,29,0.001156,0.002322,81,0.001156,2021-04-17 16:33,2021-04-17 16:33,0.0,data/derived/control_boxes/gen2_2021_control__2174_2021_MN.laz,data/derived/control_structure/gen2_2021_control__2174_2021_MN.npz,ok,6148,5298,0.0,2.9961
gen2_2021_control,2175_2021_MN,423318.1,4907500.822,NVA,MN_SEDriftless_5_2021,ok,1331608,129454,0.0,0.0,1,0.049044,0.112532,5,0.067814,0.1595,9,0.105429,0.248518,13,0.17317,0.437338,29,0.203495,0.518148,81,0.203495,2021-04-17 14:35,2021-04-17 14:56,0.015,data/derived/control_boxes/gen2_2021_control__2175_2021_MN.laz,data/derived/control_structure/gen2_2021_control__2175_2021_MN.npz,ok,14940,2807,0.0,0.2943
gen2_2021_control,2176_2021_MN,428006.48,4927640.448,NVA,MN_SEDriftless_5_2021,ok,1313891,345477,0.0,0.0,1,0.0,0.0,5,0.0,0.0,9,0.0,0.0,13,0.005264,0.01111,29,0.052248,0.122975,81,0.052248,2021-04-16 19:31,2021-04-16 19:51,0.014,data/derived/control_boxes/gen2_2021_control__2176_2021_MN.laz,data/derived/control_structure/gen2_2021_control__2176_2021_MN.npz,ok,11653,7881,0.0,2.3118
gen2_2021_control,2177_2021_MN,438166.424,4932519.347,NVA,MN_SEDriftless_5_2021,ok,530490,298741,0.0,0.0,1,0.0,0.0,5,0.0,0.0,9,0.002118,0.004295,13,0.008384,0.017151,29,0.022814,0.0572,81,0.022814,2021-04-16 16:44,2021-04-16 16:59,0.01,data/derived/control_boxes/gen2_2021_control__2177_2021_MN.laz,data/derived/control_structure/gen2_2021_control__2177_2021_MN.npz,ok,5719,4947,0.0,2.0099
gen2_2021_control,2178_2021_MN,451862.535,4929269.105,NVA,MN_SEDriftless_5_2021,ok,691793,410247,0.0,0.0,1,0.0,0.0,5,0.0,0.0,9,0.0,0.0,13,0.002452,0.005048,29,0.006199,0.012786,81,0.006199,2021-04-16 18:25,2021-04-16 18:33,0.005,data/derived/control_boxes/gen2_2021_control__2178_2021_MN.laz,data/derived/control_structure/gen2_2021_control__2178_2021_MN.npz,ok,7388,5752,0.0,1.2436
gen2_2021_control,2179_2021_MN,450191.865,4917215.968,NVA,MN_SEDriftless_5_2021,ok,473666,165026,0.071298,0.147935,1,0.230573,0.5845,5,0.204944,0.524775,9,0.224264,0.576333,13,0.230251,0.59758,29,0.259974,0.687314,74,0.188676,2021-04-22 16:30,2021-04-22 16:39,0.006,data/derived/control_boxes/gen2_2021_control__2179_2021_MN.laz,data/derived/control_structure/gen2_2021_control__2179_2021_MN.npz,ok,10715,4774,0.0,0.594
gen2_2021_control,2180_2021_MN,437813.39,4894507.194,NVA,MN_SEDriftless_5_2021,ok,371826,165334,0.0,0.0,1,0.012779,0.026199,5,0.009831,0.020087,9,0.012084,0.024676,13,0.009344,0.019035,28,0.044994,0.117194,64,0.044994,2021-04-22 15:28,2021-04-22 15:33,0.003,data/derived/control_boxes/gen2_2021_control__2180_2021_MN.laz,data/derived/control_structure/gen2_2021_control__2180_2021_MN.npz,ok,11801,5788,0.0,1.6245
gen2_2021_control,2181_2021_MN,437904.092,4905638.0,NVA,MN_SEDriftless_5_2021,ok,536651,359559,0.0,0.0,1,0.001821,0.003659,5,0.001598,0.003208,9,0.001106,0.002221,13,0.001753,0.003532,29,0.00186,0.003761,81,0.00186,2021-04-17 15:30,2021-04-17 15:44,0.01,data/derived/control_boxes/gen2_2021_control__2181_2021_MN.laz,data/derived/control_structure/gen2_2021_control__2181_2021_MN.npz,ok,11415,7490,0.0,3.148
gen2_2021_control,2182_2021_MN,448338.219,4900901.543,NVA,MN_SEDriftless_5_2021,ok,399273,297798,0.0,0.0,1,0.0,0.0,5,0.0,0.0,9,0.000339,0.00068,13,0.000749,0.001501,29,0.000776,0.001562,81,0.000776,2021-04-20 15:07,2021-04-20 15:07,0.0,data/derived/control_boxes/gen2_2021_control__2182_2021_MN.laz,data/derived/control_structure/gen2_2021_control__2182_2021_MN.npz,ok,6448,5277,0.0,1.0214
gen2_2021_control,2183_2021_MN,450418.25,4913155.565,NVA,MN_SEDriftless_5_2021,ok,383850,315650,0.0,0.0,1,0.0,0.0,5,0.0,0.0,9,0.001377,0.002779,13,0.003263,0.006589,29,0.002309,0.004667,81,0.003263,2021-04-16 16:52,2021-04-16 16:52,0.0,data/derived/control_boxes/gen2_2021_control__2183_2021_MN.laz,data/derived/control_structure/gen2_2021_control__2183_2021_MN.npz,ok,6148,5109,0.0,1.3189
gen2_2021_control,2184_2021_MN,439780.78,4922866.172,NVA,MN_SEDriftless_5_2021,ok,731873,412761,0.0,0.0,1,0.001392,0.002794,5,0.000773,0.001552,9,0.000535,0.001075,13,0.003557,0.007457,29,0.013878,0.029127,81,0.013878,2021-04-20 15:15,2021-04-20 15:29,0.01,data/derived/control_boxes/gen2_2021_control__2184_2021_MN.laz,data/derived/control_structure/gen2_2021_control__2184_2021_MN.npz,ok,12081,7552,0.0,1.0761
gen2_2021_control,2185_2021_MN,432040.829,4922113.511,NVA,MN_SEDriftless_5_2021,ok,326241,199298,0.0,0.0,1,0.0,0.0,5,0.0,0.0,9,0.0,0.0,13,7e-05,0.00014,29,9.9e-05,0.000198,81,9.9e-05,2021-05-13 14:47,2021-05-13 14:47,0.0,data/derived/control_boxes/gen2_2021_control__2185_2021_MN.laz,data/derived/control_structure/gen2_2021_control__2185_2021_MN.npz,ok,5245,3541,0.0,3.4994
gen2_2021_control,2186_2021_MN,432270.834,4911680.142,NVA,MN_SEDriftless_5_2021,ok,785234,351423,0.0,0.0,1,0.0,0.0,5,3.9e-05,7.8e-05,9,2.7e-05,5.4e-05,13,1.2e-05,2.4e-05,29,0.000254,0.000513,81,0.000254,2021-04-16 17:58,2021-04-16 18:15,0.012,data/derived/control_boxes/gen2_2021_control__2186_2021_MN.laz,data/derived/control_structure/gen2_2021_control__2186_2021_MN.npz,ok,12592,5418,0.0,1.3555
gen2_2021_control,2187_2021_MN,442085.046,4917792.39,NVA,MN_SEDriftless_5_2021,ok,442472,243113,0.0,0.0,1,0.000852,0.001707,5,0.001346,0.0027,9,0.000932,0.001869,13,0.000418,0.000838,29,0.000158,0.000317,81,0.001346,2021-04-22 16:28,2021-04-22 16:28,0.0,data/derived/control_boxes/gen2_2021_control__2187_2021_MN.laz,data/derived/control_structure/gen2_2021_control__2187_2021_MN.npz,ok,5123,4153,0.0,4.7527
gen2_2021_control,2188_2021_MN,455090.195,4927048.492,NVA,MN_SEDriftless_5_2021,ok,854564,299520,0.01112,0.022364,1,0.026932,0.056945,5,0.058894,0.136046,9,0.084675,0.224287,13,0.144288,0.396707,29,0.151796,0.419625,81,0.140676,2021-04-16 19:38,2021-04-16 19:38,0.0,data/derived/control_boxes/gen2_2021_control__2188_2021_MN.laz,data/derived/control_structure/gen2_2021_control__2188_2021_MN.npz,ok,9506,5774,0.0,2.1257
gen2_2021_control,2189_2021_MN,456746.65,4902662.308,NVA,MN_SEDriftless_5_2021,ok,496590,304744,0.0,0.0,1,0.0,0.0,5,0.0,0.0,9,0.0,0.0,13,0.0,0.0,29,5.5e-05,0.00011,81,5.5e-05,2021-04-17 16:54,2021-04-17 16:58,0.003,data/derived/control_boxes/gen2_2021_control__2189_2021_MN.laz,data/derived/control_structure/gen2_2021_control__2189_2021_MN.npz,ok,9463,5987,0.0,1.8345
gen2_2021_control,2190_2021_MN,431860.277,4899712.659,NVA,MN_SEDriftless_5_2021,ok,511245,263028,0.0,0.0,1,0.0,0.0,5,0.0,0.0,9,0.005033,0.010411,13,0.009303,0.019283,29,0.010719,0.022275,81,0.010719,2021-04-21 14:29,2021-04-21 14:40,0.007,data/derived/control_boxes/gen2_2021_control__2190_2021_MN.laz,data/derived/control_structure/gen2_2021_control__2190_2021_MN.npz,ok,5959,4307,0.0,1.918
gen2_2021_control,2191_2021_MN,429224.045,4918666.733,NVA,MN_SEDriftless_5_2021,ok,650918,334841,0.0,0.0,1,0.0,0.0,5,0.0,0.0,9,0.000643,0.001291,13,0.00086,0.001726,29,0.001132,0.002306,81,0.001132,2021-04-22 15:58,2021-04-22 16:18,0.014,data/derived/control_boxes/gen2_2021_control__2191_2021_MN.laz,data/derived/control_structure/gen2_2021_control__2191_2021_MN.npz,ok,10603,5878,0.0,3.6779
gen2_2021_control,2192_2021_MN,428917.447,4907775.044,NVA,MN_SEDriftless_5_2021,ok,572749,312645,0.0,0.0,1,0.0,0.0,5,0.0,0.0,9,0.0,0.0,13,0.001782,0.00366,29,0.004933,0.010065,81,0.004933,2021-04-17 14:28,2021-04-17 14:36,0.005,data/derived/control_boxes/gen2_2021_control__2192_2021_MN.laz,data/derived/control_structure/gen2_2021_control__2192_2021_MN.npz,ok,11389,6231,0.0,6.226
gen2_2021_control,2193_2021_MN,440672.579,4902940.305,NVA,MN_SEDriftless_5_2021,ok,996310,183419,0.0,0.0,1,0.004043,0.008127,5,0.016179,0.033098,9,0.061541,0.155976,13,0.142759,0.365503,29,0.216481,0.568875,81,0.216481,2021-04-17 17:02,2021-04-20 14:15,2.883,data/derived/control_boxes/gen2_2021_control__2193_2021_MN.laz,data/derived/control_structure/gen2_2021_control__2193_2021_MN.npz,ok,12521,6166,0.0,6.5258
gen2_2021_control,2194_2021_MN,447125.847,4933129.962,NVA,MN_SEDriftless_5_2021,ok,693778,316969,0.029442,0.059768,1,0.046286,0.094921,5,0.038151,0.078158,9,0.03706,0.075902,13,0.03543,0.07276,29,0.025073,0.051492,81,0.021213,2021-04-16 16:22,2021-04-16 16:32,0.007,data/derived/control_boxes/gen2_2021_control__2194_2021_MN.laz,data/derived/control_structure/gen2_2021_control__2194_2021_MN.npz,ok,13084,5563,0.0,2.6804
gen2_2021_control,2195_2022_MN,546542.938,4892069.326,NVA,MN_SEDriftless_4_2021,ok,361801,104752,0.0,0.0,1,0.004826,0.009771,5,0.014596,0.030635,9,0.020366,0.043047,13,0.039548,0.094912,29,0.055743,0.13312,81,0.055743,2022-05-19 14:56,2022-05-19 15:11,0.01,data/derived/control_boxes/gen2_2021_control__2195_2022_MN.laz,data/derived/control_structure/gen2_2021_control__2195_2022_MN.npz,ok,5289,1619,0.0,2.0189
gen2_2021_control,2196_2022_MN,542876.98,4873663.859,NVA,MN_SEDriftless_4_2021,ok,493074,174097,0.0,0.0,1,0.0,0.0,5,0.0,0.0,9,0.00664,0.013887,13,0.035898,0.082299,29,0.055201,0.132586,81,0.055201,2022-05-13 16:07,2022-05-13 16:42,0.024,data/derived/control_boxes/gen2_2021_control__2196_2022_MN.laz,data/derived/control_structure/gen2_2021_control__2196_2022_MN.npz,ok,6540,3306,0.0,1.0043
gen2_2021_control,2197_2021_MN,560731.991,4884572.2,NVA,MN_SEDriftless_2_2021,ok,298141,75065,0.0,0.0,1,0.0,0.0,5,0.0,0.0,9,0.001277,0.002568,13,0.044412,0.103148,29,0.130267,0.317207,81,0.130267,2021-05-01 15:16,2021-05-01 15:23,0.005,data/derived/control_boxes/gen2_2021_control__2197_2021_MN.laz,data/derived/control_structure/gen2_2021_control__2197_2021_MN.npz,ok,3224,1735,0.0,3.648
gen2_2021_control,2198A_2022_MN,540608.567,4862879.777,NVA,MN_SEDriftless_4_2021,ok,368649,179540,0.0,0.0,1,0.0,0.0,5,0.000738,0.001482,9,0.003903,0.007964,13,0.010349,0.021969,29,0.004293,0.00906,81,0.010349,2022-05-06 19:34,2022-05-07 15:01,0.81,data/derived/control_boxes/gen2_2021_control__2198A_2022_MN.laz,data/derived/control_structure/gen2_2021_control__2198A_2022_MN.npz,ok,5527,2913,0.0,1.8822
gen2_2021_control,2198_2022_MN,538572.632,4884036.136,NVA,MN_SEDriftless_4_2021,ok,534385,150737,0.0,0.0,1,0.0,0.0,5,0.0,0.0,9,0.0,0.0,13,0.000142,0.000285,29,0.001132,0.002316,81,0.001132,2022-05-15 16:04,2022-05-15 16:37,0.022,data/derived/control_boxes/gen2_2021_control__2198_2022_MN.laz,data/derived/control_structure/gen2_2021_control__2198_2022_MN.npz,ok,8433,2027,0.0,2.2844
gen2_2021_control,2199_2022_MN,535269.38,4869157.296,NVA,MN_SEDriftless_4_2021,ok,295516,110631,0.0,0.0,1,0.0,0.0,5,0.0,0.0,9,0.0,0.0,13,0.006044,0.012414,29,0.020704,0.046645,81,0.020704,2022-05-07 18:44,2022-05-07 19:16,0.023,data/derived/control_boxes/gen2_2021_control__2199_2022_MN.laz,data/derived/control_structure/gen2_2021_control__2199_2022_MN.npz,ok,5546,2283,0.0,3.2954
gen2_2021_control,2200_2022_MN,558225.517,4879269.17,NVA,MN_SEDriftless_4_2021,ok,481962,164798,0.0,0.0,1,0.0,0.0,5,0.0,0.0,9,0.0,0.0,13,0.001354,0.002741,29,0.000485,0.000981,81,0.001354,2022-05-14 16:07,2022-05-14 16:40,0.023,data/derived/control_boxes/gen2_2021_control__2200_2022_MN.laz,data/derived/control_structure/gen2_2021_control__2200_2022_MN.npz,ok,8361,2862,0.0,2.8459
gen2_2021_control,2201_2022_MN,559674.432,4874502.119,NVA,MN_SEDriftless_4_2021,ok,551053,124162,0.0,0.0,1,0.0,0.0,5,0.0,0.0,9,0.0,0.0,13,1.4e-05,2.8e-05,29,0.005129,0.010711,81,0.005129,2022-05-13 16:37,2022-05-13 17:11,0.024,data/derived/control_boxes/gen2_2021_control__2201_2022_MN.laz,data/derived/control_structure/gen2_2021_control__2201_2022_MN.npz,ok,8790,2032,0.0,1.3948
gen2_2021_control,2202_2022_MN,551779.26,4887267.733,NVA,MN_SEDriftless_4_2021,ok,428821,146581,0.0,0.0,1,0.0,0.0,5,0.0,0.0,9,0.006136,0.012789,13,0.033738,0.076447,29,0.126883,0.310333,81,0.126883,2022-05-16 15:39,2022-05-16 15:44,0.004,data/derived/control_boxes/gen2_2021_control__2202_2022_MN.laz,data/derived/control_structure/gen2_2021_control__2202_2022_MN.npz,ok,5440,2537,0.0,2.4268
gen2_2021_control,2203_2022_MN,557298.837,4856838.28,NVA,MN_SEDriftless_4_2021,ok,340148,147126,0.0,0.0,1,0.0,0.0,5,0.0,0.0,9,0.000342,0.000686,13,0.00022,0.00044,29,0.000187,0.000375,81,0.000342,2022-05-06 16:07,2022-05-06 16:21,0.009,data/derived/control_boxes/gen2_2021_control__2203_2022_MN.laz,data/derived/control_structure/gen2_2021_control__2203_2022_MN.npz,ok,5466,2540,0.0,2.2384
gen2_2021_control,2204_2022_MN,567210.853,4855206.053,NVA,MN_SEDriftless_3_2021,ok,131759,74985,0.0,0.0,1,0.0,0.0,5,0.0,0.0,9,0.0,0.0,13,0.0,0.0,29,8.1e-05,0.000164,81,8.1e-05,2021-05-26 21:48,2021-05-26 22:08,0.014,data/derived/control_boxes/gen2_2021_control__2204_2022_MN.laz,data/derived/control_structure/gen2_2021_control__2204_2022_MN.npz,ok,1610,1139,0.0,1.5828
gen2_2021_control,2205_2022_MN,536605.182,4891476.104,NVA,MN_SEDriftless_4_2021,ok,399353,125990,0.0,0.0,1,0.0,0.0,5,0.0,0.0,9,0.0,0.0,13,0.001642,0.003366,29,0.025089,0.054644,81,0.025089,2022-05-16 17:21,2022-05-19 14:59,2.901,data/derived/control_boxes/gen2_2021_control__2205_2022_MN.laz,data/derived/control_structure/gen2_2021_control__2205_2022_MN.npz,ok,5138,2239,0.0,4.2727
gen2_2021_control,2206_2022_MN,533845.449,4864755.149,NVA,MN_SEDriftless_4_2021,ok,361390,115760,0.0,0.0,1,0.001463,0.002938,5,0.002968,0.005985,9,0.002241,0.004515,13,0.002487,0.005053,29,0.001249,0.002533,81,0.002968,2022-05-07 15:44,2022-05-07 16:10,0.018,data/derived/control_boxes/gen2_2021_control__2206_2022_MN.laz,data/derived/control_structure/gen2_2021_control__2206_2022_MN.npz,ok,5802,1867,0.0,3.4186
gen2_2021_control,2207_2022_MN,552955.076,4878439.417,NVA,MN_SEDriftless_4_2021,ok,342381,126312,0.0,0.0,1,0.0,0.0,5,0.0,0.0,9,0.0,0.0,13,2.2e-05,4.4e-05,29,0.000397,0.000802,81,0.000397,2022-05-14 15:47,2022-05-14 16:06,0.013,data/derived/control_boxes/gen2_2021_control__2207_2022_MN.laz,data/derived/control_structure/gen2_2021_control__2207_2022_MN.npz,ok,5588,2138,0.0,0.7643
gen2_2021_control,2208_2022_MN,556199.083,4871224.621,NVA,MN_SEDriftless_4_2021,ok,638625,118445,0.0,0.0,1,0.000359,0.000719,5,0.007861,0.016241,9,0.03343,0.073277,13,0.073192,0.169967,29,0.082251,0.189743,81,0.082251,2022-05-10 15:51,2022-05-13 15:17,2.976,data/derived/control_boxes/gen2_2021_control__2208_2022_MN.laz,data/derived/control_structure/gen2_2021_control__2208_2022_MN.npz,ok,7921,2237,0.0,0.9212
gen2_2021_control,2209_2022_MN,564185.348,4874395.94,NVA,MN_SEDriftless_4_2021,ok,443632,140377,0.0,0.0,1,0.0,0.0,5,0.00042,0.000841,9,0.00029,0.000582,13,0.00191,0.003874,29,0.00089,0.0018,81,0.00191,2022-05-13 16:36,2022-05-13 17:10,0.024,data/derived/control_boxes/gen2_2021_control__2209_2022_MN.laz,data/derived/control_structure/gen2_2021_control__2209_2022_MN.npz,ok,6813,2363,0.0,3.2201
gen2_2021_control,2210_2021_MN,570492.075,4884126.08,NVA,MN_SEDriftless_2_2021,ok,129396,79339,0.0,0.0,1,0.010679,0.02195,5,0.044041,0.105535,9,0.08234,0.203463,13,0.102409,0.263133,29,0.098904,0.252557,81,0.102409,2021-05-01 15:14,2021-05-01 15:14,0.0,data/derived/control_boxes/gen2_2021_control__2210_2021_MN.laz,data/derived/control_structure/gen2_2021_control__2210_2021_MN.npz,ok,2000,1291,0.0,0.8425
gen2_2021_control,2211_2022_MN,534961.746,4855113.919,NVA,MN_SEDriftless_4_2021,ok,607362,178157,0.0,0.0,1,0.001493,0.002998,5,0.018132,0.037826,9,0.051408,0.134407,13,0.12011,0.354427,29,0.079257,0.219212,81,0.12011,2022-05-06 14:57,2022-05-06 15:29,0.022,data/derived/control_boxes/gen2_2021_control__2211_2022_MN.laz,data/derived/control_structure/gen2_2021_control__2211_2022_MN.npz,ok,8590,3221,0.0,1.8672
gen2_2021_control,2212_2022_MN,546061.572,4862654.417,NVA,MN_SEDriftless_4_2021,ok,534094,216804,0.0,0.0,1,0.0,0.0,5,0.0,0.0,9,0.0,0.0,13,0.000427,0.00086,29,0.000153,0.000308,81,0.000427,2022-05-06 19:15,2022-05-07 15:00,0.823,data/derived/control_boxes/gen2_2021_control__2212_2022_MN.laz,data/derived/control_structure/gen2_2021_control__2212_2022_MN.npz,ok,8506,4311,0.0,1.2721
gen2_2021_control,2213_2022_MN,538317.012,4880522.429,NVA,MN_SEDriftless_4_2021,ok,336325,99056,0.0,0.0,1,0.000294,0.000588,5,0.001295,0.002601,9,0.01531,0.033516,13,0.017854,0.041303,29,0.009,0.020299,81,0.017854,2022-05-14 16:58,2022-05-14 17:32,0.024,data/derived/control_boxes/gen2_2021_control__2213_2022_MN.laz,data/derived/control_structure/gen2_2021_control__2213_2022_MN.npz,ok,4987,1223,0.0,0.8646
gen2_2021_control,2214_2022_MN,546483.575,4886032.223,NVA,MN_SEDriftless_4_2021,ok,485906,165021,0.0,0.0,1,0.0,0.0,5,0.000473,0.000949,9,0.000328,0.000657,13,0.001108,0.002242,29,0.000684,0.001378,81,0.001108,2022-05-15 17:09,2022-05-16 15:23,0.926,data/derived/control_boxes/gen2_2021_control__2214_2022_MN.laz,data/derived/control_structure/gen2_2021_control__2214_2022_MN.npz,ok,8376,2808,0.0,5.3734
gen2_2021_control,2215_2022_MN,549768.919,4876014.732,NVA,MN_SEDriftless_4_2021,ok,399313,148140,0.0,0.0,1,0.000264,0.000528,5,0.005751,0.011795,9,0.006825,0.013961,13,0.011216,0.022924,29,0.041232,0.101871,81,0.041232,2022-05-13 17:31,2022-05-13 18:06,0.025,data/derived/control_boxes/gen2_2021_control__2215_2022_MN.laz,data/derived/control_structure/gen2_2021_control__2215_2022_MN.npz,ok,5368,2508,0.0,3.2788
gen2_2021_control,2216_2022_MN,557859.861,4866439.221,NVA,MN_SEDriftless_4_2021,ok,545392,215913,0.000399,0.000798,1,0.002255,0.004534,5,0.001253,0.002519,9,0.000867,0.001744,13,0.000694,0.001394,29,0.000697,0.001403,81,0.001856,2022-05-07 16:36,2022-05-07 17:33,0.039,data/derived/control_boxes/gen2_2021_control__2216_2022_MN.laz,data/derived/control_structure/gen2_2021_control__2216_2022_MN.npz,ok,8673,3565,0.0,1.8812
gen2_2021_control,2217_2022_MN,533788.943,4876019.631,NVA,MN_SEDriftless_4_2021,ok,460441,125782,0.0,0.0,1,0.0,0.0,5,0.0,0.0,9,0.0,0.0,13,0.034056,0.080044,29,0.065914,0.16135,81,0.065914,2022-05-13 17:27,2022-05-13 18:02,0.025,data/derived/control_boxes/gen2_2021_control__2217_2022_MN.laz,data/derived/control_structure/gen2_2021_control__2217_2022_MN.npz,ok,5313,2107,0.0,3.0065
gen2_2021_control,2218_2022_MN,541076.955,4888749.878,NVA,MN_SEDriftless_4_2021,ok,516107,86673,0.0,0.0,1,0.005064,0.010259,5,0.022939,0.050106,9,0.053684,0.138715,13,0.159606,0.448696,29,0.341747,1.017085,81,0.341747,2022-05-16 16:10,2022-05-16 16:23,0.009,data/derived/control_boxes/gen2_2021_control__2218_2022_MN.laz,data/derived/control_structure/gen2_2021_control__2218_2022_MN.npz,ok,5130,1656,0.0,0.7982
gen2_2021_control,2219_2022_MN,529084.316,4863357.982,NVA,MN_SEDriftless_4_2021,ok,389148,176789,0.0,0.0,1,0.0,0.0,5,0.007321,0.015146,9,0.005068,0.010486,13,0.002272,0.0047,29,0.007717,0.016823,81,0.007717,2022-05-07 15:04,2022-05-07 15:10,0.004,data/derived/control_boxes/gen2_2021_control__2219_2022_MN.laz,data/derived/control_structure/gen2_2021_control__2219_2022_MN.npz,ok,5702,2926,0.0,2.7957
gen2_2021_control,2220_2022_MN,548892.724,4884052.275,NVA,MN_SEDriftless_4_2021,ok,567172,189312,0.0,0.0,1,0.0,0.0,5,0.0,0.0,9,0.0,0.0,13,0.0,0.0,29,8.8e-05,0.000177,81,8.8e-05,2022-05-15 16:07,2022-05-15 16:39,0.023,data/derived/control_boxes/gen2_2021_control__2220_2022_MN.laz,data/derived/control_structure/gen2_2021_control__2220_2022_MN.npz,ok,8749,2907,0.0,4.9866
gen2_2021_control,2221_2022_MN,561791.554,4870885.296,NVA,MN_SEDriftless_4_2021,ok,321251,73978,0.0,0.0,1,0.0,0.0,5,0.0,0.0,9,0.014886,0.033088,13,0.024013,0.053096,29,0.11924,0.373592,81,0.11924,2022-05-10 15:50,2022-05-10 16:12,0.015,data/derived/control_boxes/gen2_2021_control__2221_2022_MN.laz,data/derived/control_structure/gen2_2021_control__2221_2022_MN.npz,ok,4910,1354,0.0,1.5253
gen2_2021_control,2222_2022_MN,544208.714,4870764.743,NVA,MN_SEDriftless_4_2021,ok,568069,39707,0.002701,0.00541,1,0.070908,0.158645,5,0.076497,0.178438,9,0.095639,0.22382,13,0.082162,0.190707,29,0.111675,0.269476,81,0.108974,2022-05-10 15:34,2022-05-10 16:07,0.023,data/derived/control_boxes/gen2_2021_control__2222_2022_MN.laz,data/derived/control_structure/gen2_2021_control__2222_2022_MN.npz,ok,8198,598,0.0,1.704
gen2_2021_control,2223_2022_MN,541534.741,4859405.276,NVA,MN_SEDriftless_4_2021,ok,560361,194540,0.021397,0.043259,1,0.012894,0.026124,5,0.008973,0.018148,9,0.006588,0.013318,13,0.004252,0.008617,29,0.003246,0.00665,81,0.018151,2022-05-06 17:28,2022-05-06 17:59,0.021,data/derived/control_boxes/gen2_2021_control__2223_2022_MN.laz,data/derived/control_structure/gen2_2021_control__2223_2022_MN.npz,ok,8204,2965,0.0,1.3159
gen2_2021_control,2224_2022_MN,531298.611,4890790.886,NVA,MN_SEDriftless_4_2021,ok,681322,120753,0.0,0.0,1,0.0,0.0,5,0.001403,0.002824,9,0.004389,0.008868,13,0.022927,0.055654,29,0.085914,0.221505,81,0.085914,2022-05-16 17:00,2022-05-16 17:22,0.015,data/derived/control_boxes/gen2_2021_control__2224_2022_MN.laz,data/derived/control_structure/gen2_2021_control__2224_2022_MN.npz,ok,8077,2315,0.0,1.5809
gen2_2021_control,2225_2022_MN,554500.102,4884063.872,NVA,MN_SEDriftless_2_2021,ok,114473,82843,0.0,0.0,1,0.000825,0.001653,5,0.011226,0.02357,9,0.009902,0.020638,13,0.012945,0.026923,29,0.010834,0.02269,81,0.012945,2021-05-01 15:18,2021-05-01 15:18,0.0,data/derived/control_boxes/gen2_2021_control__2225_2022_MN.laz,data/derived/control_structure/gen2_2021_control__2225_2022_MN.npz,ok,1728,1543,0.0,1.0607
gen2_2021_control,2226_2022_MN,534415.159,4861547.413,NVA,MN_SEDriftless_4_2021,ok,357768,133398,0.0,0.0,1,0.0,0.0,5,0.0,0.0,9,0.0,0.0,13,0.0,0.0,29,0.002395,0.005056,81,0.002395,2022-05-06 18:41,2022-05-06 19:04,0.016,data/derived/control_boxes/gen2_2021_control__2226_2022_MN.laz,data/derived/control_structure/gen2_2021_control__2226_2022_MN.npz,ok,5395,2264,0.0,3.3438
gen2_2021_control,3000_2021_MN,610449.431,4876021.585,VVA,MN_SEDriftless_2_2021,ok,89002,77791,0.0,0.0,1,0.0,0.0,5,0.0,0.0,9,0.0,0.0,13,0.0,0.0,29,6.4e-05,0.000128,81,6.4e-05,2021-04-30 19:01,2021-04-30 19:01,0.0,data/derived/control_boxes/gen2_2021_control__3000_2021_MN.laz,data/derived/control_structure/gen2_2021_control__3000_2021_MN.npz,ok,1433,1358,0.0,2.505
gen2_2021_control,3001_2021_MN,425760.737,4923759.724,VVA,MN_SEDriftless_5_2021,ok,567142,229187,0.0,0.0,1,0.031684,0.068989,5,0.032367,0.069665,9,0.06605,0.177124,13,0.087077,0.222367,29,0.079285,0.190425,81,0.087077,2021-04-20 15:07,2021-04-20 15:12,0.003,data/derived/control_boxes/gen2_2021_control__3001_2021_MN.laz,data/derived/control_structure/gen2_2021_control__3001_2021_MN.npz,ok,13500,5322,0.0,3.4051
gen2_2021_control,3002_2021_MN,456627.617,4894502.645,VVA,MN_SEDriftless_5_2021,ok,873044,292724,0.0,0.0,1,0.053811,0.117098,5,0.100013,0.234626,9,0.148905,0.386323,13,0.195519,0.516458,29,0.20752,0.552142,81,0.20752,2021-04-22 15:04,2021-04-22 15:19,0.01,data/derived/control_boxes/gen2_2021_control__3002_2021_MN.laz,data/derived/control_structure/gen2_2021_control__3002_2021_MN.npz,ok,6444,4828,0.0,0.4548
gen2_2021_control,3003_2021_MN,421917.792,4900622.904,VVA,MN_SEDriftless_5_2021,ok,482488,144780,0.30408,0.725041,1,0.233207,0.56388,5,0.231145,0.579587,9,0.238932,0.602221,13,0.247356,0.636303,29,0.237599,0.610647,81,0.072935,2021-04-20 15:47,2021-04-20 15:48,0.0,data/derived/control_boxes/gen2_2021_control__3003_2021_MN.laz,data/derived/control_structure/gen2_2021_control__3003_2021_MN.npz,ok,9090,2376,0.0,4.4925
gen2_2021_control,3004_2021_MN,456877.051,4932664.704,VVA,MN_SEDriftless_5_2021,ok,855863,168698,0.123712,0.26412,1,0.208205,0.51464,5,0.213073,0.556286,9,0.239958,0.647395,13,0.25149,0.716739,29,0.286057,0.810644,81,0.162345,2021-04-16 16:29,2021-04-16 16:29,0.0,data/derived/control_boxes/gen2_2021_control__3004_2021_MN.laz,data/derived/control_structure/gen2_2021_control__3004_2021_MN.npz,ok,8528,2148,0.0,6.5691
gen2_2021_control,3005_2021_MN,429607.622,4932556.7,VVA,MN_SEDriftless_5_2021,ok,1353658,275299,0.008541,0.017155,1,0.152067,0.40941,5,0.15855,0.450085,9,0.198683,0.579109,13,0.199999,0.566655,29,0.210307,0.579629,81,0.201766,2021-04-16 17:01,2021-04-16 17:06,0.004,data/derived/control_boxes/gen2_2021_control__3005_2021_MN.laz,data/derived/control_structure/gen2_2021_control__3005_2021_MN.npz,ok,16748,4931,0.0,6.9057
gen2_2021_control,3006_2021_MN,441239.066,4914776.523,VVA,MN_SEDriftless_5_2021,ok,1050477,186905,0.028399,0.05762,1,0.124359,0.29824,5,0.149763,0.382279,9,0.148557,0.393216,13,0.1955,0.530128,29,0.195121,0.518938,81,0.167101,2021-04-16 16:01,2021-04-16 16:15,0.01,data/derived/control_boxes/gen2_2021_control__3006_2021_MN.laz,data/derived/control_structure/gen2_2021_control__3006_2021_MN.npz,ok,11349,2523,0.0,2.2815
gen2_2021_control,3007_2021_MN,454527.683,4920001.227,VVA,MN_SEDriftless_5_2021,ok,873676,207981,0.0556,0.11441,1,0.215411,0.562078,5,0.249798,0.704139,9,0.250803,0.691052,13,0.268545,0.756929,29,0.266232,0.764399,81,0.212945,2021-04-22 14:50,2021-04-22 14:50,0.0,data/derived/control_boxes/gen2_2021_control__3007_2021_MN.laz,data/derived/control_structure/gen2_2021_control__3007_2021_MN.npz,ok,16697,3559,0.0,8.3193
gen2_2021_control,3008_2021_MN,433028.73,4908352.82,VVA,MN_SEDriftless_5_2021,ok,1440594,274723,0.454396,1.211723,1,0.475389,1.296491,5,0.480654,1.316349,9,0.468039,1.282718,13,0.436765,1.184095,29,0.400868,1.118179,81,0.079786,2021-04-16 19:57,2021-04-16 20:06,0.006,data/derived/control_boxes/gen2_2021_control__3008_2021_MN.laz,data/derived/control_structure/gen2_2021_control__3008_2021_MN.npz,ok,40446,4537,0.0,5.7336
gen2_2021_control,3009_2021_MN,419274.153,4904062.04,VVA,MN_SEDriftless_5_2021,ok,632243,275836,0.129373,0.277084,1,0.186264,0.457674,5,0.192692,0.469814,9,0.194144,0.484585,13,0.20795,0.519781,29,0.211151,0.539241,81,0.081778,2021-04-17 16:45,2021-04-17 16:45,0.0,data/derived/control_boxes/gen2_2021_control__3009_2021_MN.laz,data/derived/control_structure/gen2_2021_control__3009_2021_MN.npz,ok,10159,4352,0.0,2.1025
gen2_2021_control,3010_2021_MN,442642.214,4903568.476,VVA,MN_SEDriftless_5_2021,ok,808539,427937,0.0,0.0,1,0.002275,0.004577,5,0.001264,0.002543,9,0.000875,0.00176,13,0.002229,0.004563,29,0.00676,0.013847,81,0.00676,2021-04-17 16:35,2021-04-17 16:51,0.011,data/derived/control_boxes/gen2_2021_control__3010_2021_MN.laz,data/derived/control_structure/gen2_2021_control__3010_2021_MN.npz,ok,12311,6952,0.0,5.3167
gen2_2021_control,3011_2021_MN,458182.07,4911532.093,VVA,MN_SEDriftless_1_2021,ok,207065,85893,0.0,0.0,1,0.0,0.0,5,0.0,0.0,9,0.0,0.0,13,0.0,0.0,29,0.0,0.0,81,0.0,2021-06-13 15:21,2021-06-13 15:43,0.015,data/derived/control_boxes/gen2_2021_control__3011_2021_MN.laz,data/derived/control_structure/gen2_2021_control__3011_2021_MN.npz,ok,3284,2025,0.0,2.7674
gen2_2021_control,3012_2021_MN,440138.438,4927298.761,VVA,MN_SEDriftless_5_2021,ok,712666,356900,0.0,0.0,1,0.0,0.0,5,0.0,0.0,9,0.000161,0.000323,13,0.002157,0.004364,29,0.003534,0.007164,81,0.003534,2021-04-16 19:34,2021-04-16 19:48,0.009,data/derived/control_boxes/gen2_2021_control__3012_2021_MN.laz,data/derived/control_structure/gen2_2021_control__3012_2021_MN.npz,ok,11807,5392,0.0,2.3067
gen2_2021_control,3013_2021_MN,430760.593,4919745.152,VVA,MN_SEDriftless_5_2021,ok,563598,381088,0.0,0.0,1,0.0,0.0,5,0.0,0.0,9,0.0,0.0,13,0.0,0.0,29,0.001677,0.003587,81,0.001677,2021-04-22 15:23,2021-04-22 15:32,0.006,data/derived/control_boxes/gen2_2021_control__3013_2021_MN.laz,data/derived/control_structure/gen2_2021_control__3013_2021_MN.npz,ok,10121,6709,0.0,1.1865
gen2_2021_control,3014_2021_MN,434757.461,4902001.871,VVA,MN_SEDriftless_5_2021,ok,589285,275198,0.0,0.0,1,0.070869,0.160288,5,0.127875,0.31708,9,0.138653,0.350541,13,0.150111,0.390654,29,0.124856,0.317206,81,0.150111,2021-04-20 14:43,2021-04-20 14:55,0.008,data/derived/control_boxes/gen2_2021_control__3014_2021_MN.laz,data/derived/control_structure/gen2_2021_control__3014_2021_MN.npz,ok,9095,4961,0.0,13.0724
gen2_2021_control,3015_2021_MN,441262.816,4895388.531,VVA,MN_SEDriftless_5_2021,ok,930306,308922,0.0,0.0,1,0.0,0.0,5,0.0,0.0,9,0.000261,0.000524,13,0.002945,0.005946,29,0.014586,0.033294,81,0.014586,2021-04-22 14:56,2021-04-22 15:09,0.009,data/derived/control_boxes/gen2_2021_control__3015_2021_MN.laz,data/derived/control_structure/gen2_2021_control__3015_2021_MN.npz,ok,9407,5606,0.0,3.4003
gen2_2021_control,3016_2021_MN,427726.614,4915070.926,VVA,MN_SEDriftless_5_2021,ok,727655,388391,0.0,0.0,1,0.0,0.0,5,0.000609,0.001222,9,0.000422,0.000846,13,0.00034,0.000682,29,0.000766,0.00154,81,0.000766,2021-04-16 16:04,2021-04-16 16:11,0.005,data/derived/control_boxes/gen2_2021_control__3016_2021_MN.laz,data/derived/control_structure/gen2_2021_control__3016_2021_MN.npz,ok,11941,5474,0.0,10.8714
gen2_2021_control,3017_2021_MN,447144.822,4933260.365,VVA,MN_SEDriftless_5_2021,ok,263930,171025,0.0,0.0,1,0.0,0.0,5,0.0,0.0,9,0.0,0.0,13,0.003533,0.007258,29,0.027536,0.060748,81,0.027536,2021-04-16 16:22,2021-04-16 16:22,0.0,data/derived/control_boxes/gen2_2021_control__3017_2021_MN.laz,data/derived/control_structure/gen2_2021_control__3017_2021_MN.npz,ok,5426,3861,0.0,4.4306
gen2_2021_control,3018_2021_MN,444930.34,4922848.599,VVA,MN_SEDriftless_5_2021,ok,352215,247255,0.0,0.0,1,0.0,0.0,5,0.0,0.0,9,0.0,0.0,13,0.002153,0.004447,29,0.025586,0.065879,81,0.025586,2021-04-20 15:17,2021-04-20 15:17,0.0,data/derived/control_boxes/gen2_2021_control__3018_2021_MN.laz,data/derived/control_structure/gen2_2021_control__3018_2021_MN.npz,ok,5003,4198,0.0,4.5455
gen2_2021_control,3019_2021_MN,450082.349,4914779.68,VVA,MN_SEDriftless_5_2021,ok,787702,347820,0.0,0.0,1,0.0,0.0,5,0.0,0.0,9,0.000268,0.000538,13,0.000495,0.000991,29,0.000921,0.001876,81,0.000921,2021-04-16 15:50,2021-04-16 15:59,0.006,data/derived/control_boxes/gen2_2021_control__3019_2021_MN.laz,data/derived/control_structure/gen2_2021_control__3019_2021_MN.npz,ok,12328,6373,0.0,1.5118
gen2_2021_control,3020_2021_MN,451333.897,4905100.151,VVA,MN_SEDriftless_5_2021,ok,1139664,337917,0.0,0.0,1,0.0,0.0,5,0.0,0.0,9,0.0,0.0,13,0.0,0.0,29,0.027271,0.066683,81,0.027271,2021-04-17 15:33,2021-04-17 15:41,0.005,data/derived/control_boxes/gen2_2021_control__3020_2021_MN.laz,data/derived/control_structure/gen2_2021_control__3020_2021_MN.npz,ok,10409,5639,0.0,3.1549
gen2_2021_control,3021_2021_MN,421947.606,4912621.036,VVA,MN_SEDriftless_5_2021,no points in the EPT box,,,,,,,,,,,,,,,,,,,,,,,,,,,,,,,
gen2_2021_control,3022_2021_MN,429074.746,4904718.006,VVA,MN_SEDriftless_5_2021,ok,873479,413372,0.0,0.0,1,0.0,0.0,5,0.000259,0.000519,9,0.000335,0.000671,13,0.00015,0.000301,29,0.000563,0.001137,81,0.000563,2021-04-17 16:12,2021-04-17 16:21,0.006,data/derived/control_boxes/gen2_2021_control__3022_2021_MN.laz,data/derived/control_structure/gen2_2021_control__3022_2021_MN.npz,ok,12161,7141,0.0,4.5971
gen2_2021_control,3023_2021_MN,432560.928,4928204.915,VVA,MN_SEDriftless_5_2021,ok,587512,370786,0.0,0.0,1,0.004876,0.009816,5,0.004321,0.0087,9,0.00434,0.008745,13,0.002119,0.004269,29,0.000825,0.001661,81,0.004876,2021-04-16 19:08,2021-04-16 19:25,0.012,data/derived/control_boxes/gen2_2021_control__3023_2021_MN.laz,data/derived/control_structure/gen2_2021_control__3023_2021_MN.npz,ok,6655,5013,0.0,0.8756
gen2_2021_control,3024_2021_MN,451904.714,4929262.068,VVA,MN_SEDriftless_5_2021,ok,623481,381312,0.0,0.0,1,0.0,0.0,5,0.0,0.0,9,0.0,0.0,13,0.0,0.0,29,9.4e-05,0.000189,81,9.4e-05,2021-04-16 18:25,2021-04-16 18:33,0.005,data/derived/control_boxes/gen2_2021_control__3024_2021_MN.laz,data/derived/control_structure/gen2_2021_control__3024_2021_MN.npz,ok,9844,6080,0.0,2.3655
gen2_2021_control,3025_2021_MN,448818.651,4900695.931,VVA,MN_SEDriftless_5_2021,ok,1064615,263974,0.0,0.0,1,0.0,0.0,5,0.015523,0.03344,9,0.012767,0.027247,13,0.049119,0.126305,29,0.080804,0.214821,81,0.080804,2021-04-20 15:07,2021-04-20 15:26,0.013,data/derived/control_boxes/gen2_2021_control__3025_2021_MN.laz,data/derived/control_structure/gen2_2021_control__3025_2021_MN.npz,ok,8248,4805,0.0,3.0304
gen2_2021_control,3026_2021_MN,429321.554,4897998.243,VVA,MN_SEDriftless_5_2021,ok,693410,320077,0.0,0.0,1,0.0,0.0,5,0.0,0.0,9,0.0,0.0,13,0.0,0.0,29,0.0,0.0,81,0.0,2021-04-21 15:36,2021-04-21 15:54,0.013,data/derived/control_boxes/gen2_2021_control__3026_2021_MN.laz,data/derived/control_structure/gen2_2021_control__3026_2021_MN.npz,ok,12121,6053,0.0,1.9757
gen2_2021_control,3027_2021_MN,434183.389,4917282.822,VVA,MN_SEDriftless_5_2021,ok,361629,313458,0.0,0.0,1,0.000927,0.001858,5,0.003897,0.007848,9,0.002698,0.005434,13,0.001399,0.002815,29,0.001341,0.002702,81,0.003897,2021-04-22 16:52,2021-04-22 16:52,0.0,data/derived/control_boxes/gen2_2021_control__3027_2021_MN.laz,data/derived/control_structure/gen2_2021_control__3027_2021_MN.npz,ok,5834,4702,0.0,6.0089
gen2_2021_control,3028_2021_MN,436446.395,4924355.11,VVA,MN_SEDriftless_5_2021,ok,439951,320557,0.0,0.0,1,0.0,0.0,5,0.0,0.0,9,0.0,0.0,13,0.0,0.0,29,0.000421,0.000856,81,0.000421,2021-04-17 15:34,2021-05-13 15:12,25.985,data/derived/control_boxes/gen2_2021_control__3028_2021_MN.laz,data/derived/control_structure/gen2_2021_control__3028_2021_MN.npz,ok,5435,4769,0.0,5.2333
gen2_2021_control,3029_2021_MN,436562.94,4933580.665,VVA,MN_SEDriftless_5_2021,ok,401784,324843,0.0,0.0,1,0.00016,0.000321,5,0.000478,0.000957,9,0.000331,0.000662,13,0.000148,0.000297,29,0.000173,0.000347,81,0.000478,2021-04-16 16:19,2021-04-16 16:35,0.011,data/derived/control_boxes/gen2_2021_control__3029_2021_MN.laz,data/derived/control_structure/gen2_2021_control__3029_2021_MN.npz,ok,4557,4052,0.0,3.4536
gen2_2021_control,3030_2021_MN,443012.336,4910001.442,VVA,MN_SEDriftless_5_2021,ok,349840,239926,0.0,0.0,1,0.0,0.0,5,0.0,0.0,9,0.0,0.0,13,0.0,0.0,29,0.000409,0.00083,81,0.000409,2021-04-16 18:52,2021-04-16 18:52,0.0,data/derived/control_boxes/gen2_2021_control__3030_2021_MN.laz,data/derived/control_structure/gen2_2021_control__3030_2021_MN.npz,ok,5459,4580,0.0,0.8333
gen2_2021_control,3031_2021_MN,439941.379,4922055.911,VVA,MN_SEDriftless_5_2021,ok,657779,290651,0.0,0.0,1,0.000536,0.001073,5,0.004353,0.008858,9,0.009645,0.020001,13,0.009404,0.019365,29,0.003735,0.007675,81,0.009645,2021-04-20 15:41,2021-05-13 14:49,22.964,data/derived/control_boxes/gen2_2021_control__3031_2021_MN.laz,data/derived/control_structure/gen2_2021_control__3031_2021_MN.npz,ok,10710,5179,0.0,3.7775
gen2_2021_control,3032_2021_MN,451424.482,4924812.87,VVA,MN_SEDriftless_5_2021,ok,616832,314903,0.0,0.0,1,0.0,0.0,5,0.0,0.0,9,0.0,0.0,13,0.0,0.0,29,0.0,0.0,81,0.0,2021-04-17 15:13,2021-04-17 15:21,0.005,data/derived/control_boxes/gen2_2021_control__3032_2021_MN.laz,data/derived/control_structure/gen2_2021_control__3032_2021_MN.npz,ok,6196,4743,0.0,8.1508
gen2_2021_control,3033_2021_MN,443771.221,4930123.119,VVA,MN_SEDriftless_5_2021,ok,716649,105145,0.0,0.0,1,0.002629,0.005292,5,0.005374,0.010842,9,0.006194,0.012534,13,0.020259,0.044692,29,0.023765,0.054749,81,0.023765,2021-04-16 17:59,2021-04-16 18:11,0.008,data/derived/control_boxes/gen2_2021_control__3033_2021_MN.laz,data/derived/control_structure/gen2_2021_control__3033_2021_MN.npz,ok,9079,2122,0.0,3.8599
gen2_2021_control,3034_2021_MN,535229.037,4852758.223,VVA,MN_SEDriftless_3_2021,ok,214637,111201,0.0,0.0,1,0.0,0.0,5,0.012601,0.02675,9,0.017064,0.035688,13,0.097306,0.272492,29,0.128538,0.349663,81,0.128538,2022-05-07 22:37,2022-05-07 22:45,0.006,data/derived/control_boxes/gen2_2021_control__3034_2021_MN.laz,data/derived/control_structure/gen2_2021_control__3034_2021_MN.npz,ok,2292,1850,0.0,5.886
gen2_2021_control,3035_2022_MN,548125.013,4863768.36,VVA,MN_SEDriftless_4_2021,ok,356270,131308,0.0,0.0,1,0.0,0.0,5,0.0,0.0,9,0.0,0.0,13,0.0,0.0,29,1.5e-05,3.1e-05,81,1.5e-05,2022-05-07 15:14,2022-05-07 15:32,0.012,data/derived/control_boxes/gen2_2021_control__3035_2022_MN.laz,data/derived/control_structure/gen2_2021_control__3035_2022_MN.npz,ok,5709,2092,0.0,5.8784
gen2_2021_control,3036_2022_MN,572705.984,4867278.056,VVA,MN_SEDriftless_4_2021,ok,374799,151104,0.0,0.0,1,0.0,0.0,5,0.0,0.0,9,0.00853,0.018082,13,0.017391,0.037989,29,0.033444,0.076914,81,0.033444,2022-05-07 17:29,2022-05-07 18:02,0.023,data/derived/control_boxes/gen2_2021_control__3036_2022_MN.laz,data/derived/control_structure/gen2_2021_control__3036_2022_MN.npz,ok,5504,2365,0.0,4.0843
gen2_2021_control,3037_2021_MN,560056.669,4884501.917,VVA,MN_SEDriftless_2_2021,ok,244386,96183,0.018252,0.036841,1,0.113979,0.289192,5,0.129015,0.322739,9,0.154992,0.396398,13,0.150859,0.392874,29,0.102879,0.264213,81,0.13674,2021-05-01 15:16,2021-05-01 15:23,0.005,data/derived/control_boxes/gen2_2021_control__3037_2021_MN.laz,data/derived/control_structure/gen2_2021_control__3037_2021_MN.npz,ok,5192,1525,0.0,3.0473
gen2_2021_control,3038_2022_MN,566118.445,4855012.562,VVA,MN_SEDriftless_3_2021,ok,180988,58565,0.050881,0.104443,1,0.116438,0.27744,5,0.117099,0.294489,9,0.126249,0.311033,13,0.133159,0.35245,29,0.213205,0.607818,81,0.162324,2021-05-26 21:49,2022-05-07 21:46,345.999,data/derived/control_boxes/gen2_2021_control__3038_2022_MN.laz,data/derived/control_structure/gen2_2021_control__3038_2022_MN.npz,ok,2034,1021,0.0,10.9251
gen2_2021_control,3039_2022_MN,541415.466,4881692.899,VVA,MN_SEDriftless_4_2021,ok,653952,99180,0.000459,0.000918,1,0.155832,0.425464,5,0.240812,0.789135,9,0.247908,0.812429,13,0.297597,1.12209,29,0.328108,1.201105,81,0.327649,2022-05-14 17:31,2022-05-15 15:21,0.909,data/derived/control_boxes/gen2_2021_control__3039_2022_MN.laz,data/derived/control_structure/gen2_2021_control__3039_2022_MN.npz,ok,11753,1329,0.0,3.8589
gen2_2021_control,3040_2022_MN,531284.62,4890694.099,VVA,MN_SEDriftless_4_2021,ok,479339,114026,0.131446,0.281851,1,0.159514,0.389108,5,0.142816,0.36316,9,0.168084,0.435421,13,0.156314,0.41395,29,0.152398,0.399378,81,0.036638,2022-05-16 17:00,2022-05-16 17:07,0.005,data/derived/control_boxes/gen2_2021_control__3040_2022_MN.laz,data/derived/control_structure/gen2_2021_control__3040_2022_MN.npz,ok,6844,2006,0.0,6.8724
gen2_2021_control,3041_2021_MN,524871.663,4880163.324,VVA,MN_SEDriftless_1_2021,ok,419530,22021,0.0,0.0,1,0.038365,0.083573,5,0.099143,0.263898,9,0.15772,0.442204,13,0.30161,0.912979,29,0.496305,1.82396,81,0.496305,2021-06-05 18:02,2021-06-05 18:38,0.025,data/derived/control_boxes/gen2_2021_control__3041_2021_MN.laz,data/derived/control_structure/gen2_2021_control__3041_2021_MN.npz,ok,4222,1397,0.0,4.9195
gen2_2021_control,3042_2022_MN,545395.393,4873640.584,VVA,MN_SEDriftless_4_2021,ok,605863,133182,0.427241,1.114579,1,0.414388,1.235859,5,0.391238,1.241118,9,0.382116,1.188756,13,0.309,0.918855,29,0.209488,0.58925,81,0.217753,2022-05-13 16:07,2022-05-13 16:41,0.024,data/derived/control_boxes/gen2_2021_control__3042_2022_MN.laz,data/derived/control_structure/gen2_2021_control__3042_2022_MN.npz,ok,13127,2041,0.0,1.174
gen2_2021_control,3043_2022_MN,535278.142,4867181.905,VVA,MN_SEDriftless_4_2021,ok,442248,157209,0.010444,0.020998,1,0.012012,0.024209,5,0.02643,0.055025,9,0.02992,0.063205,13,0.043912,0.096321,29,0.082222,0.18803,81,0.071778,2022-05-07 17:38,2022-05-07 17:48,0.007,data/derived/control_boxes/gen2_2021_control__3043_2022_MN.laz,data/derived/control_structure/gen2_2021_control__3043_2022_MN.npz,ok,5442,2709,0.0,7.5888
gen2_2021_control,3044_2022_MN,558519.341,4877713.882,VVA,MN_SEDriftless_4_2021,ok,473273,174529,0.0,0.0,1,0.0,0.0,5,0.0,0.0,9,0.0,0.0,13,0.0,0.0,29,0.0,0.0,81,0.0,2022-05-14 15:12,2022-05-14 15:46,0.024,data/derived/control_boxes/gen2_2021_control__3044_2022_MN.laz,data/derived/control_structure/gen2_2021_control__3044_2022_MN.npz,ok,8628,2650,0.0,2.3803
gen2_2021_control,3045_2022_MN,546043.892,4890472.723,VVA,MN_SEDriftless_4_2021,ok,361524,148359,0.0,0.0,1,0.0,0.0,5,0.0,0.0,9,0.0,0.0,13,0.0,0.0,29,0.0,0.0,81,0.0,2022-05-16 16:47,2022-05-16 17:11,0.017,data/derived/control_boxes/gen2_2021_control__3045_2022_MN.laz,data/derived/control_structure/gen2_2021_control__3045_2022_MN.npz,ok,5403,2446,0.0,2.1547
gen2_2021_control,3046_2022_MN,557808.779,4869394.137,VVA,MN_SEDriftless_4_2021,ok,349312,194667,0.0,0.0,1,0.0,0.0,5,0.0,0.0,9,0.0,0.0,13,0.0,0.0,29,0.001082,0.002253,81,0.001082,2022-05-07 18:58,2022-05-07 19:11,0.009,data/derived/control_boxes/gen2_2021_control__3046_2022_MN.laz,data/derived/control_structure/gen2_2021_control__3046_2022_MN.npz,ok,5557,3130,0.0,1.5308
gen2_2021_control,3047_2022_MN,525826.798,4861541.525,VVA,MN_SEDriftless_4_2021,ok,373413,185495,0.0,0.0,1,0.007354,0.014948,5,0.009219,0.018662,9,0.007963,0.016103,13,0.007763,0.015662,29,0.006676,0.01356,81,0.009219,2022-05-06 18:39,2022-05-06 19:07,0.019,data/derived/control_boxes/gen2_2021_control__3047_2022_MN.laz,data/derived/control_structure/gen2_2021_control__3047_2022_MN.npz,ok,5495,2833,0.0,3.0784
gen2_2021_control,3048_2022_MN,530606.963,4875957.024,VVA,MN_SEDriftless_4_2021,ok,560528,155333,0.0,0.0,1,0.01978,0.041655,5,0.029752,0.064034,9,0.0485,0.113649,13,0.051793,0.122517,29,0.061364,0.149593,81,0.061364,2022-05-13 17:26,2022-05-13 18:02,0.025,data/derived/control_boxes/gen2_2021_control__3048_2022_MN.laz,data/derived/control_structure/gen2_2021_control__3048_2022_MN.npz,ok,8682,2690,0.0,3.4071
gen2_2021_control,3049_2022_MN,550690.542,4884065.325,VVA,MN_SEDriftless_4_2021,ok,518289,180396,0.010153,0.020409,1,0.005911,0.011881,5,0.003284,0.006601,9,0.007056,0.01438,13,0.004243,0.008624,29,0.002291,0.004645,81,0.007862,2022-05-15 16:07,2022-05-15 16:40,0.023,data/derived/control_boxes/gen2_2021_control__3049_2022_MN.laz,data/derived/control_structure/gen2_2021_control__3049_2022_MN.npz,ok,8470,3231,0.0,0.3601
gen2_2021_control,3050_2022_MN,570782.473,4876109.444,VVA,MN_SEDriftless_4_2021,ok,334388,149457,0.0,0.0,1,0.0,0.0,5,0.0,0.0,9,0.0,0.0,13,0.0,0.0,29,1.7e-05,3.3e-05,81,1.7e-05,2022-05-13 17:43,2022-05-13 18:11,0.019,data/derived/control_boxes/gen2_2021_control__3050_2022_MN.laz,data/derived/control_structure/gen2_2021_control__3050_2022_MN.npz,ok,5157,2433,0.0,1.6631
gen2_2021_control,3051_2022_MN,565897.87,4863246.895,VVA,MN_SEDriftless_4_2021,ok,420233,142407,0.0,0.0,1,0.002746,0.00553,5,0.001526,0.003072,9,0.002667,0.005382,13,0.001592,0.003211,29,0.00237,0.004798,81,0.002746,2022-05-06 19:28,2022-05-07 15:19,0.827,data/derived/control_boxes/gen2_2021_control__3051_2022_MN.laz,data/derived/control_structure/gen2_2021_control__3051_2022_MN.npz,ok,6004,2019,0.0,4.5234
gen2_2021_control,3052_2022_MN,532525.469,4886408.15,VVA,MN_SEDriftless_4_2021,ok,599830,109937,0.0,0.0,1,0.0,0.0,5,0.0,0.0,9,0.0,0.0,13,0.0,0.0,29,0.023128,0.05886,81,0.023128,2022-05-15 17:21,2022-05-16 15:34,0.926,data/derived/control_boxes/gen2_2021_control__3052_2022_MN.laz,data/derived/control_structure/gen2_2021_control__3052_2022_MN.npz,ok,8380,2182,0.0,2.2638
gen2_2021_control,3053_2022_MN,526995.168,4870318.228,VVA,MN_SEDriftless_4_2021,ok,398639,137099,0.0,0.0,1,0.0,0.0,5,7e-05,0.00014,9,4.9e-05,9.7e-05,13,0.002335,0.004733,29,0.000867,0.001757,81,0.002335,2022-05-07 19:18,2022-05-10 15:58,2.861,data/derived/control_boxes/gen2_2021_control__3053_2022_MN.laz,data/derived/control_structure/gen2_2021_control__3053_2022_MN.npz,ok,5620,2203,0.0,1.5398
gen2_2021_control,3054_2022_MN,557883.548,4863404.274,VVA,MN_SEDriftless_4_2021,ok,361783,135522,0.0,0.0,1,0.0,0.0,5,0.0006,0.001203,9,0.000415,0.000833,13,0.002202,0.004527,29,0.001358,0.002775,81,0.002202,2022-05-07 14:57,2022-05-07 15:17,0.014,data/derived/control_boxes/gen2_2021_control__3054_2022_MN.laz,data/derived/control_structure/gen2_2021_control__3054_2022_MN.npz,ok,5786,2327,0.0,2.7372
gen2_2021_control,3055_2022_MN,564169.946,4874578.408,VVA,MN_SEDriftless_4_2021,ok,408673,138110,0.0,0.0,1,0.0,0.0,5,0.0,0.0,9,0.0,0.0,13,0.0,0.0,29,0.0,0.0,81,0.0,2022-05-13 16:36,2022-05-13 17:10,0.024,data/derived/control_boxes/gen2_2021_control__3055_2022_MN.laz,data/derived/control_structure/gen2_2021_control__3055_2022_MN.npz,ok,5427,2792,0.0,4.6054
gen2_2021_control,3056_2021_MN,570473.803,4884246.352,VVA,MN_SEDriftless_2_2021,ok,190953,100270,0.0,0.0,1,0.0,0.0,5,0.0,0.0,9,0.0,0.0,13,0.009921,0.020873,29,0.036321,0.084433,81,0.036321,2021-05-01 15:14,2021-05-01 15:25,0.008,data/derived/control_boxes/gen2_2021_control__3056_2021_MN.laz,data/derived/control_structure/gen2_2021_control__3056_2021_MN.npz,ok,2018,1566,0.0,3.5142
gen2_2021_control,3057_2022_MN,534809.255,4861525.074,VVA,MN_SEDriftless_4_2021,ok,333752,159986,0.0,0.0,1,0.0,0.0,5,0.0,0.0,9,0.0,0.0,13,0.000245,0.000492,29,0.000335,0.000674,81,0.000335,2022-05-06 18:41,2022-05-06 19:04,0.016,data/derived/control_boxes/gen2_2021_control__3057_2022_MN.laz,data/derived/control_structure/gen2_2021_control__3057_2022_MN.npz,ok,5356,2756,0.0,0.9596
gen2_2021_control,3058_2022_MN,551597.707,4856410.325,VVA,MN_SEDriftless_4_2021,ok,345765,190034,0.0,0.0,1,0.0,0.0,5,0.0,0.0,9,0.0,0.0,13,0.0,0.0,29,0.0,0.0,81,0.0,2022-05-06 15:49,2022-05-06 16:06,0.012,data/derived/control_boxes/gen2_2021_control__3058_2022_MN.laz,data/derived/control_structure/gen2_2021_control__3058_2022_MN.npz,ok,5567,3061,0.0,1.6286
gen2_2021_control,3059_2022_MN,571570.578,4860912.077,VVA,MN_SEDriftless_4_2021,ok,358650,156959,0.0,0.0,1,0.0,0.0,5,0.0,0.0,9,0.0,0.0,13,0.0,0.0,29,0.0,0.0,81,0.0,2022-05-06 18:17,2022-05-06 18:50,0.022,data/derived/control_boxes/gen2_2021_control__3059_2022_MN.laz,data/derived/control_structure/gen2_2021_control__3059_2022_MN.npz,ok,5343,2730,0.0,3.0049
gen2_2021_control,3060_2022_MN,549573.485,4880013.783,VVA,MN_SEDriftless_4_2021,ok,466930,128620,0.0,0.0,1,0.0,0.0,5,0.0,0.0,9,0.0,0.0,13,0.0,0.0,29,0.001524,0.003167,81,0.001524,2022-05-14 16:38,2022-05-14 16:55,0.012,data/derived/control_boxes/gen2_2021_control__3060_2022_MN.laz,data/derived/control_structure/gen2_2021_control__3060_2022_MN.npz,ok,5997,2154,0.0,5.0363
gen2_2021_control,3061_2022_MN,538306.265,4890395.937,VVA,MN_SEDriftless_4_2021,ok,482675,128384,0.0,0.0,1,0.0,0.0,5,0.0,0.0,9,0.0,0.0,13,0.000106,0.000212,29,0.000481,0.000978,81,0.000481,2022-05-16 16:45,2022-05-16 17:09,0.017,data/derived/control_boxes/gen2_2021_control__3061_2022_MN.laz,data/derived/control_structure/gen2_2021_control__3061_2022_MN.npz,ok,8328,2548,0.0,2.7451
gen2_2021_control,3062_2022_MN,532914.591,4882400.094,VVA,MN_SEDriftless_4_2021,ok,465027,172283,0.0,0.0,1,0.0,0.0,5,0.0,0.0,9,0.0,0.0,13,0.004454,0.009537,29,0.049491,0.117656,81,0.049491,2022-05-15 15:23,2022-05-15 15:31,0.006,data/derived/control_boxes/gen2_2021_control__3062_2022_MN.laz,data/derived/control_structure/gen2_2021_control__3062_2022_MN.npz,ok,5270,2982,0.0,4.7237
gen2_2021_control,3063_2022_MN,527072.4,4855915.714,VVA,MN_SEDriftless_4_2021,ok,341299,133385,0.0,0.0,1,0.0,0.0,5,0.0,0.0,9,4.9e-05,9.9e-05,13,2.2e-05,4.4e-05,29,8e-06,1.6e-05,81,4.9e-05,2022-05-06 15:26,2022-05-06 15:55,0.02,data/derived/control_boxes/gen2_2021_control__3063_2022_MN.laz,data/derived/control_structure/gen2_2021_control__3063_2022_MN.npz,ok,5476,2209,0.0,0.8252
gen2_2021_control,3064_2022_MN,539348.078,4877956.234,VVA,MN_SEDriftless_4_2021,ok,432140,125891,0.0,0.0,1,0.0,0.0,5,0.0,0.0,9,0.020187,0.046831,13,0.057468,0.14062,29,0.107478,0.280687,81,0.107478,2022-05-14 15:29,2022-05-14 15:51,0.015,data/derived/control_boxes/gen2_2021_control__3064_2022_MN.laz,data/derived/control_structure/gen2_2021_control__3064_2022_MN.npz,ok,5307,2254,0.0,1.5815
gen2_2021_control,3065_2022_MN,552846.218,4892899.11,VVA,MN_SEDriftless_2_2021,no points in the EPT box,,,,,,,,,,,,,,,,,,,,,,,,,,,,,,,
gen2_2021_control,3066_2022_MN,551680.491,4874415.32,VVA,MN_SEDriftless_4_2021,ok,467638,201899,0.0,0.0,1,0.0,0.0,5,9.5e-05,0.000189,9,6.6e-05,0.000131,13,7.3e-05,0.000146,29,0.000492,0.001001,81,0.000492,2022-05-13 16:39,2022-05-13 17:13,0.024,data/derived/control_boxes/gen2_2021_control__3066_2022_MN.laz,data/derived/control_structure/gen2_2021_control__3066_2022_MN.npz,ok,8553,3129,0.0,4.1862
gen2_2021_control,3067_2022_MN,538470.218,4872576.757,VVA,MN_SEDriftless_4_2021,ok,464403,141392,0.0,0.0,1,0.000356,0.000712,5,0.000198,0.000396,9,0.000137,0.000274,13,0.000133,0.000266,29,0.004742,0.011003,81,0.004742,2022-05-13 15:35,2022-05-13 16:09,0.024,data/derived/control_boxes/gen2_2021_control__3067_2022_MN.laz,data/derived/control_structure/gen2_2021_control__3067_2022_MN.npz,ok,7796,2542,0.0,1.3717
gen2_2021_control,3068_2022_MN,544065.115,4888581.288,VVA,MN_SEDriftless_4_2021,ok,327781,130976,0.0,0.0,1,0.0,0.0,5,0.0,0.0,9,0.0,0.0,13,0.0,0.0,29,0.000214,0.000432,81,0.000214,2022-05-16 16:09,2022-05-16 16:23,0.01,data/derived/control_boxes/gen2_2021_control__3068_2022_MN.laz,data/derived/control_structure/gen2_2021_control__3068_2022_MN.npz,ok,5270,1794,0.0,3.3559
gen2_2021_control,3069_2022_MN,534357.784,4879589.716,VVA,MN_SEDriftless_4_2021,ok,378293,157262,0.0,0.0,1,0.0,0.0,5,0.0,0.0,9,0.0,0.0,13,0.0,0.0,29,8e-06,1.6e-05,81,8e-06,2022-05-14 16:25,2022-05-14 16:59,0.024,data/derived/control_boxes/gen2_2021_control__3069_2022_MN.laz,data/derived/control_structure/gen2_2021_control__3069_2022_MN.npz,ok,5330,2339,0.0,2.3411
gen2_2021_control,3070_2022_MN,540761.077,4866778.206,VVA,MN_SEDriftless_4_2021,ok,421504,170694,0.0,0.0,1,0.0,0.0,5,0.00477,0.00975,9,0.003302,0.00675,13,0.022698,0.051384,29,0.037746,0.085417,81,0.037746,2022-05-07 17:16,2022-05-07 17:49,0.023,data/derived/control_boxes/gen2_2021_control__3070_2022_MN.laz,data/derived/control_structure/gen2_2021_control__3070_2022_MN.npz,ok,5579,2976,0.0,2.9938
gen2_2021_control,3071_2022_MN,542823.476,4861587.226,VVA,MN_SEDriftless_4_2021,ok,341190,196612,0.0,0.0,1,0.0,0.0,5,0.0,0.0,9,0.0,0.0,13,0.0,0.0,29,0.0,0.0,81,0.0,2022-05-06 18:43,2022-05-06 19:02,0.014,data/derived/control_boxes/gen2_2021_control__3071_2022_MN.laz,data/derived/control_structure/gen2_2021_control__3071_2022_MN.npz,ok,5459,3192,0.0,3.4162
gen2_2021_control,3072_2022_MN,568622.671,4872893.787,VVA,MN_SEDriftless_4_2021,ok,341325,158623,0.0,0.0,1,0.0,0.0,5,0.0,0.0,9,0.0,0.0,13,0.0,0.0,29,0.0,0.0,81,0.0,2022-05-13 15:53,2022-05-13 16:01,0.005,data/derived/control_boxes/gen2_2021_control__3072_2022_MN.laz,data/derived/control_structure/gen2_2021_control__3072_2022_MN.npz,ok,5505,2386,0.0,4.8727
gen2_2021_control,3073_2021_MN,638951.961,4820383.951,VVA,MN_SEDriftless_2_2021,ok,144064,67918,0.0,0.0,1,0.000998,0.002,5,0.008327,0.016955,9,0.032642,0.077872,13,0.077715,0.188796,29,0.115164,0.277686,81,0.115164,2021-04-25 16:01,2021-04-25 16:02,0.0,data/derived/control_boxes/gen2_2021_control__3073_2021_MN.laz,data/derived/control_structure/gen2_2021_control__3073_2021_MN.npz,ok,1421,1342,0.0,8.1389
gen2_2021_control,3074_2021_MN,628632.758,4862237.54,VVA,MN_SEDriftless_2_2021,ok,135299,87311,0.067243,0.139221,1,0.09449,0.210027,5,0.099938,0.223035,9,0.11737,0.271317,13,0.130751,0.307327,29,0.123812,0.294458,81,0.063508,2021-04-29 15:59,2021-04-29 15:59,0.0,data/derived/control_boxes/gen2_2021_control__3074_2021_MN.laz,data/derived/control_structure/gen2_2021_control__3074_2021_MN.npz,ok,2171,1414,0.0,10.6878
gen2_2021_control,3075_2021_MN,573386.859,4910338.932,VVA,MN_SEDriftless_2_2021,ok,209303,37681,0.127811,0.273497,1,0.224519,0.606428,5,0.231639,0.626075,9,0.24688,0.688103,13,0.263937,0.747333,29,0.326881,0.920643,81,0.19907,2021-05-01 19:39,2021-05-01 19:40,0.0,data/derived/control_boxes/gen2_2021_control__3075_2021_MN.laz,data/derived/control_structure/gen2_2021_control__3075_2021_MN.npz,ok,2695,745,0.0,14.1777
gen2_2021_control,3076_2021_MN,553320.306,4922443.299,VVA,MN_SEDriftless_2_2021,ok,456434,67524,0.419119,1.086417,1,0.342751,0.903248,5,0.331065,0.870099,9,0.286285,0.745639,13,0.271469,0.708835,29,0.304628,0.793176,81,0.14765,2021-05-01 16:24,2021-05-01 16:58,0.024,data/derived/control_boxes/gen2_2021_control__3076_2021_MN.laz,data/derived/control_structure/gen2_2021_control__3076_2021_MN.npz,ok,6238,1165,0.0,16.8296
gen2_2021_control,3077_2021_MN,516011.333,4932254.819,VVA,MN_SEDriftless_1_2021,ok,122097,6272,0.425873,1.109811,1,0.497759,1.678804,5,0.536867,1.871539,9,0.532335,1.917816,13,0.643459,2.613973,29,0.706636,3.117674,79,0.280763,2021-06-12 14:44,2021-06-12 14:44,0.0,data/derived/control_boxes/gen2_2021_control__3077_2021_MN.laz,data/derived/control_structure/gen2_2021_control__3077_2021_MN.npz,ok,2795,396,0.0,3.1315
gen2_2021_control,3078_2021_MN,465793.665,4914047.404,VVA,MN_SEDriftless_1_2021,ok,131164,31598,0.102674,0.216671,1,0.19562,0.551634,5,0.217129,0.616037,9,0.273587,0.947186,13,0.29319,1.054019,29,0.311904,1.245877,81,0.20923,2021-06-13 14:58,2021-06-13 14:59,0.0,data/derived/control_boxes/gen2_2021_control__3078_2021_MN.laz,data/derived/control_structure/gen2_2021_control__3078_2021_MN.npz,ok,1867,581,0.0,7.5509
gen2_2021_control,3079_2021_MN,484638.722,4917428.54,VVA,MN_SEDriftless_1_2021,ok,358979,40455,0.274524,0.641854,1,0.37764,1.156312,5,0.377057,1.178031,9,0.364198,1.146658,13,0.342959,1.174499,29,0.337942,1.149602,81,0.103116,2021-06-13 14:12,2021-06-13 14:22,0.007,data/derived/control_boxes/gen2_2021_control__3079_2021_MN.laz,data/derived/control_structure/gen2_2021_control__3079_2021_MN.npz,ok,5829,543,0.0,6.532
gen2_2021_control,3080_2021_MN,601421.127,4850065.143,VVA,MN_SEDriftless_2_2021,ok,278358,94538,0.0,0.0,1,0.067495,0.148273,5,0.079512,0.187936,9,0.08034,0.185995,13,0.117044,0.282072,29,0.13479,0.320801,81,0.13479,2021-04-30 15:24,2021-04-30 15:44,0.014,data/derived/control_boxes/gen2_2021_control__3080_2021_MN.laz,data/derived/control_structure/gen2_2021_control__3080_2021_MN.npz,ok,4515,1605,0.0,2.0937
gen2_2021_control,3081_2021_MN,613723.1,4836888.626,VVA,MN_SEDriftless_2_2021,ok,319867,97956,0.03424,0.06968,1,0.077349,0.169097,5,0.108068,0.269509,9,0.135817,0.342039,13,0.184512,0.46955,29,0.207294,0.513465,81,0.173054,2021-04-30 19:57,2021-04-30 20:19,0.015,data/derived/control_boxes/gen2_2021_control__3081_2021_MN.laz,data/derived/control_structure/gen2_2021_control__3081_2021_MN.npz,ok,2981,1828,0.0,17.0537
gen2_2021_control,3082_2021_MN,622392.855,4849573.418,VVA,MN_SEDriftless_2_2021,ok,290707,95542,0.0,0.0,1,0.108058,0.252023,5,0.108251,0.262206,9,0.142183,0.358562,13,0.154806,0.389026,29,0.145688,0.359773,81,0.154806,2021-04-29 16:52,2021-05-01 14:45,1.912,data/derived/control_boxes/gen2_2021_control__3082_2021_MN.laz,data/derived/control_structure/gen2_2021_control__3082_2021_MN.npz,ok,3931,1466,0.0,14.0756
gen2_2021_control,3083_2022_MN,583413.757,4845034.149,VVA,MN_SEDriftless_2_2021,ok,455759,108364,0.062911,0.129954,1,0.151364,0.450425,5,0.215275,0.661994,9,0.243279,0.728591,13,0.300926,0.94916,29,0.36995,1.087227,81,0.307039,2022-05-15 14:54,2022-05-15 15:29,0.024,data/derived/control_boxes/gen2_2021_control__3083_2022_MN.laz,data/derived/control_structure/gen2_2021_control__3083_2022_MN.npz,ok,2909,918,0.0,4.8788
gen2_2021_control,3084_2021_MN,606685.624,4872457.36,VVA,MN_SEDriftless_2_2021,ok,126188,74587,0.0,0.0,1,0.012856,0.026575,5,0.030493,0.066916,9,0.038955,0.086128,13,0.073442,0.171013,29,0.096003,0.233617,81,0.096003,2021-04-30 17:18,2021-04-30 17:18,0.0,data/derived/control_boxes/gen2_2021_control__3084_2021_MN.laz,data/derived/control_structure/gen2_2021_control__3084_2021_MN.npz,ok,1567,1259,0.0,12.8349
gen2_2021_control,3085_2021_MN,577464.742,4897146.004,VVA,MN_SEDriftless_2_2021,ok,302586,86256,0.215075,0.484334,1,0.112725,0.250429,5,0.114471,0.256705,9,0.127307,0.289006,13,0.139869,0.316808,29,0.134973,0.305317,81,0.10235,2021-05-01 18:23,2021-05-01 18:35,0.008,data/derived/control_boxes/gen2_2021_control__3085_2021_MN.laz,data/derived/control_structure/gen2_2021_control__3085_2021_MN.npz,ok,3917,1404,0.0,15.3616
gen2_2021_control,3086_2021_MN,585767.567,4909612.908,VVA,MN_SEDriftless_2_2021,ok,330715,52211,0.019553,0.039494,1,0.128627,0.308759,5,0.165384,0.431158,9,0.199903,0.548969,13,0.214482,0.612287,29,0.223409,0.642971,81,0.203856,2021-05-01 19:36,2021-05-01 20:03,0.018,data/derived/control_boxes/gen2_2021_control__3086_2021_MN.laz,data/derived/control_structure/gen2_2021_control__3086_2021_MN.npz,ok,3898,957,0.0,20.3901
gen2_2021_control,3087_2021_MN,560972.953,4901665.952,VVA,MN_SEDriftless_2_2021,ok,118693,67383,0.0,0.0,1,0.0,0.0,5,0.000254,0.000509,9,0.000176,0.000352,13,0.003622,0.007617,29,0.056519,0.135002,81,0.056519,2021-05-02 16:12,2021-05-02 16:12,0.0,data/derived/control_boxes/gen2_2021_control__3087_2021_MN.laz,data/derived/control_structure/gen2_2021_control__3087_2021_MN.npz,ok,1515,1151,0.0,7.1022
gen2_2021_control,3088_2021_MN,590265.226,4882485.106,VVA,MN_SEDriftless_2_2021,ok,326713,82028,0.0,0.0,1,0.0,0.0,5,0.000246,0.000492,9,0.001103,0.002213,13,0.018387,0.040006,29,0.092906,0.213439,81,0.092906,2021-05-01 14:45,2021-05-01 15:05,0.014,data/derived/control_boxes/gen2_2021_control__3088_2021_MN.laz,data/derived/control_structure/gen2_2021_control__3088_2021_MN.npz,ok,3200,1449,0.0,1.5763
gen2_2021_control,3089_2021_MN,582881.027,4894754.161,VVA,MN_SEDriftless_2_2021,ok,105338,35328,0.062844,0.129812,1,0.089112,0.198058,5,0.087879,0.204177,9,0.091758,0.210389,13,0.083153,0.190309,29,0.113466,0.273896,80,0.050622,2021-05-01 17:50,2021-05-01 17:51,0.0,data/derived/control_boxes/gen2_2021_control__3089_2021_MN.laz,data/derived/control_structure/gen2_2021_control__3089_2021_MN.npz,ok,1872,808,0.0,4.6738
gen2_2021_control,3090_2021_MN,498926.348,4929607.97,VVA,MN_SEDriftless_1_2021,ok,325522,49705,0.564312,1.661659,1,0.435597,1.427069,5,0.395592,1.324212,9,0.376812,1.443147,13,0.2995,1.181267,29,0.234946,0.881647,81,0.329366,2021-06-12 15:24,2021-06-12 15:34,0.007,data/derived/control_boxes/gen2_2021_control__3090_2021_MN.laz,data/derived/control_structure/gen2_2021_control__3090_2021_MN.npz,ok,5068,824,0.0,3.6303
gen2_2021_control,3091_2022_MN,558340.572,4830145.094,VVA,MN_SEDriftless_3_2021,ok,185700,81897,0.053715,0.110424,1,0.105933,0.230986,5,0.09583,0.209604,9,0.123298,0.290674,13,0.145571,0.348946,29,0.167,0.410055,81,0.113285,2022-05-07 15:09,2022-05-07 15:09,0.0,data/derived/control_boxes/gen2_2021_control__3091_2022_MN.laz,data/derived/control_structure/gen2_2021_control__3091_2022_MN.npz,ok,1809,1263,0.0,4.635
gen2_2021_control,3092_2021_MN,450843.928,4822934.584,VVA,MN_SEDriftless_3_2021,ok,91583,89136,0.0,0.0,1,0.010917,0.022453,5,0.007139,0.014632,9,0.004942,0.01013,13,0.002215,0.004541,29,0.000793,0.001626,81,0.010917,2021-05-09 15:46,2021-05-09 15:47,0.0,data/derived/control_boxes/gen2_2021_control__3092_2021_MN.laz,data/derived/control_structure/gen2_2021_control__3092_2021_MN.npz,ok,1493,1413,0.0,3.8854
gen2_2021_control,3093_2021_MN,477791.744,4878299.753,VVA,MN_SEDriftless_1_2021,ok,214591,107783,0.0,0.0,1,0.0,0.0,5,0.016132,0.034861,9,0.03084,0.069574,13,0.050707,0.116385,29,0.044501,0.101647,81,0.050707,2021-06-05 18:54,2021-06-05 19:08,0.01,data/derived/control_boxes/gen2_2021_control__3093_2021_MN.laz,data/derived/control_structure/gen2_2021_control__3093_2021_MN.npz,ok,3447,1541,0.0,8.5374
gen2_2021_control,3094_2021_MN,497638.736,4829603.373,VVA,MN_SEDriftless_3_2021,ok,110383,73766,0.0,0.0,1,0.0,0.0,5,0.0,0.0,9,0.0,0.0,13,0.0,0.0,29,0.002005,0.004098,81,0.002005,2021-05-08 18:47,2021-05-08 19:12,0.018,data/derived/control_boxes/gen2_2021_control__3094_2021_MN.laz,data/derived/control_structure/gen2_2021_control__3094_2021_MN.npz,ok,1514,1061,0.0,2.4078
gen2_2021_control,3095_2021_MN,467315.521,4859530.651,VVA,MN_SEDriftless_1_2021,ok,103204,82867,0.0,0.0,1,0.0,0.0,5,0.0,0.0,9,0.0,0.0,13,0.0,0.0,29,5.9e-05,0.000118,81,5.9e-05,2021-05-08 16:59,2021-05-08 16:59,0.0,data/derived/control_boxes/gen2_2021_control__3095_2021_MN.laz,data/derived/control_structure/gen2_2021_control__3095_2021_MN.npz,ok,1499,1406,0.0,2.2634
gen2_2021_control,3096_2021_MN,506311.552,4890524.388,VVA,MN_SEDriftless_1_2021,ok,125102,74408,0.0,0.0,1,0.0,0.0,5,0.0,0.0,9,0.0,0.0,13,0.0,0.0,29,0.002766,0.006102,81,0.002766,2021-04-22 17:09,2021-04-22 17:09,0.0,data/derived/control_boxes/gen2_2021_control__3096_2021_MN.laz,data/derived/control_structure/gen2_2021_control__3096_2021_MN.npz,ok,1858,1272,0.0,3.7861
gen2_2021_control,3097_2021_MN,478993.696,4904265.902,VVA,MN_SEDriftless_1_2021,ok,263733,62554,0.001064,0.00213,1,0.056755,0.122689,5,0.062739,0.141432,9,0.097888,0.22615,13,0.101157,0.239372,29,0.185558,0.518215,81,0.184494,2021-06-13 16:53,2021-06-13 17:07,0.009,data/derived/control_boxes/gen2_2021_control__3097_2021_MN.laz,data/derived/control_structure/gen2_2021_control__3097_2021_MN.npz,ok,3807,1285,0.0,19.9726
gen2_2021_control,3098_2021_MN,483925.439,4849367.387,VVA,MN_SEDriftless_3_2021,ok,151712,91792,0.0,0.0,1,0.0,0.0,5,0.0,0.0,9,0.0,0.0,13,0.0,0.0,29,0.0,0.0,81,0.0,2021-05-09 15:04,2021-05-09 15:24,0.013,data/derived/control_boxes/gen2_2021_control__3098_2021_MN.laz,data/derived/control_structure/gen2_2021_control__3098_2021_MN.npz,ok,2887,1486,0.0,1.7233
gen2_2021_control,3099_2021_MN,520766.288,4845388.012,VVA,MN_SEDriftless_3_2021,ok,250529,106886,0.0,0.0,1,0.0,0.0,5,0.0,0.0,9,0.0,0.0,13,0.0,0.0,29,0.024028,0.05594,81,0.024028,2021-05-09 16:17,2021-05-09 16:52,0.024,data/derived/control_boxes/gen2_2021_control__3099_2021_MN.laz,data/derived/control_structure/gen2_2021_control__3099_2021_MN.npz,ok,2915,1907,0.0,5.5849
gen2_2021_control,3100_2021_MN,501830.274,4883275.272,VVA,MN_SEDriftless_1_2021,ok,215483,114669,0.0,0.0,1,0.0,0.0,5,0.0,0.0,9,0.0,0.0,13,0.0,0.0,29,0.0,0.0,81,0.0,2021-05-26 23:48,2021-06-05 17:26,9.735,data/derived/control_boxes/gen2_2021_control__3100_2021_MN.laz,data/derived/control_structure/gen2_2021_control__3100_2021_MN.npz,ok,3463,1902,0.0,1.8985
gen2_2021_control,3101_2021_MN,527836.162,4821248.68,VVA,MN_SEDriftless_3_2021,ok,229317,153011,0.020204,0.040822,1,0.019876,0.040211,5,0.0156,0.031542,9,0.015536,0.031446,13,0.012598,0.025455,29,0.015731,0.032308,81,0.007606,2022-04-27 17:55,2022-04-27 18:01,0.004,data/derived/control_boxes/gen2_2021_control__3101_2021_MN.laz,data/derived/control_structure/gen2_2021_control__3101_2021_MN.npz,ok,1602,1350,0.0,0.9338
gen2_2021_control,3102_2021_MN,494605.054,4871184.933,VVA,MN_SEDriftless_1_2021,ok,101583,61905,0.0,0.0,1,0.0,0.0,5,0.0,0.0,9,0.0,0.0,13,0.0,0.0,29,0.0,0.0,81,0.0,2021-05-08 14:07,2021-05-08 14:07,0.0,data/derived/control_boxes/gen2_2021_control__3102_2021_MN.laz,data/derived/control_structure/gen2_2021_control__3102_2021_MN.npz,ok,1461,1188,0.0,6.255
gen2_2021_control,3103_2021_MN,476659.398,4820730.428,VVA,MN_SEDriftless_3_2021,ok,103926,77463,0.0,0.0,1,0.0,0.0,5,0.0,0.0,9,0.0,0.0,13,0.0,0.0,29,0.0,0.0,81,0.0,2021-05-11 15:28,2021-05-26 13:14,14.907,data/derived/control_boxes/gen2_2021_control__3103_2021_MN.laz,data/derived/control_structure/gen2_2021_control__3103_2021_MN.npz,ok,1479,1085,0.0,7.1596
gen2_2021_control,3104_2021_MN,453493.868,4847971.853,VVA,MN_SEDriftless_3_2021,ok,91401,88134,0.0,0.0,1,0.0,0.0,5,0.0,0.0,9,0.0,0.0,13,0.0,0.0,29,0.0,0.0,81,0.0,2021-05-09 15:50,2021-05-09 15:51,0.0,data/derived/control_boxes/gen2_2021_control__3104_2021_MN.laz,data/derived/control_structure/gen2_2021_control__3104_2021_MN.npz,ok,1463,1416,0.0,2.172
gen2_2021_control,3105_2022_MN,590117.719,4822226.909,VVA,MN_SEDriftless_2_2021,ok,115567,77981,0.0,0.0,1,0.0,0.0,5,0.0,0.0,9,0.0,0.0,13,0.000244,0.000488,29,0.034613,0.084367,81,0.034613,2022-04-27 19:05,2022-04-27 19:05,0.0,data/derived/control_boxes/gen2_2021_control__3105_2022_MN.laz,data/derived/control_structure/gen2_2021_control__3105_2022_MN.npz,ok,1506,1400,0.0,0.9211
gen2_2021_control,3106_2021_MN,612223.859,4818967.298,VVA,MN_SEDriftless_2_2021,ok,101005,92327,0.0,0.0,1,0.0,0.0,5,0.0,0.0,9,0.0,0.0,13,0.0,0.0,29,2.6e-05,5.3e-05,81,2.6e-05,2021-04-30 19:48,2021-04-30 19:48,0.0,data/derived/control_boxes/gen2_2021_control__3106_2021_MN.laz,data/derived/control_structure/gen2_2021_control__3106_2021_MN.npz,ok,1603,1410,0.0,2.9221
gen2_2021_control,3107_2022_MN,558340.025,4816651.202,VVA,MN_SEDriftless_3_2021,ok,136196,102750,0.0,0.0,1,0.000376,0.000753,5,0.00083,0.001665,9,0.021341,0.049561,13,0.010943,0.025022,29,0.019933,0.044755,81,0.021341,2022-04-27 16:08,2022-04-27 16:08,0.0,data/derived/control_boxes/gen2_2021_control__3107_2022_MN.laz,data/derived/control_structure/gen2_2021_control__3107_2022_MN.npz,ok,1910,1699,0.0,2.7174
gen2_2021_control,3108_2021_MN,499364.141,4816275.16,VVA,MN_SEDriftless_3_2021,ok,179425,126024,0.0,0.0,1,0.0,0.0,5,0.0,0.0,9,0.0,0.0,13,4.3e-05,8.6e-05,29,9.2e-05,0.000184,81,9.2e-05,2021-05-11 16:28,2021-05-11 16:53,0.018,data/derived/control_boxes/gen2_2021_control__3108_2021_MN.laz,data/derived/control_structure/gen2_2021_control__3108_2021_MN.npz,ok,2915,2053,0.0,3.0047
gen2_2021_control,3109_2021_MN,453726.22,4887418.072,VVA,MN_SEDriftless_1_2021,ok,218476,130010,0.0,0.0,1,0.0,0.0,5,0.0,0.0,9,0.0,0.0,13,0.0,0.0,29,0.0,0.0,81,0.0,2021-04-22 18:08,2021-05-26 22:56,34.2,data/derived/control_boxes/gen2_2021_control__3109_2021_MN.laz,data/derived/control_structure/gen2_2021_control__3109_2021_MN.npz,ok,3536,1887,0.0,5.2397
gen2_2021_control,3110_2021_MN,476345.28,4935268.562,VVA,MN_SEDriftless_1_2021,ok,108531,71486,0.006042,0.012121,1,0.017736,0.036926,5,0.009854,0.020515,9,0.006985,0.014529,13,0.018048,0.039492,29,0.023801,0.058882,81,0.017759,2021-06-12 13:47,2021-06-12 13:48,0.0,data/derived/control_boxes/gen2_2021_control__3110_2021_MN.laz,data/derived/control_structure/gen2_2021_control__3110_2021_MN.npz,ok,1725,825,0.0,4.503
gen2_2021_control,3111_2021_MN,482222.222,4896143.235,VVA,MN_SEDriftless_1_2021,ok,169407,56130,0.0,0.0,1,0.000424,0.000849,5,0.000236,0.000472,9,0.000163,0.000327,13,0.003344,0.006803,29,0.071479,0.188225,81,0.071479,2021-06-10 16:13,2021-06-13 18:37,3.1,data/derived/control_boxes/gen2_2021_control__3111_2021_MN.laz,data/derived/control_structure/gen2_2021_control__3111_2021_MN.npz,ok,1671,730,0.0,9.4227
gen2_2021_control,3112_2021_MN,507254.36,4863135.459,VVA,MN_SEDriftless_1_2021,ok,184042,117601,0.0,0.0,1,0.0,0.0,5,0.0,0.0,9,0.0,0.0,13,0.000714,0.001444,29,0.000256,0.000517,81,0.000714,2021-05-08 16:02,2021-05-08 16:14,0.008,data/derived/control_boxes/gen2_2021_control__3112_2021_MN.laz,data/derived/control_structure/gen2_2021_control__3112_2021_MN.npz,ok,2956,1984,0.0,2.443
gen2_2021_control,3113_2022_MN,575461.675,4835594.205,VVA,MN_SEDriftless_2_2021,ok,99600,69902,0.0,0.0,1,0.0,0.0,5,0.0,0.0,9,0.001287,0.002595,13,0.004325,0.008797,29,0.005144,0.010747,81,0.005144,2022-05-07 16:42,2022-05-07 16:42,0.0,data/derived/control_boxes/gen2_2021_control__3113_2022_MN.laz,data/derived/control_structure/gen2_2021_control__3113_2022_MN.npz,ok,1474,1249,0.0,0.7187
gen2_2021_control,3114_2021_MN,538727.32,4837423.794,VVA,MN_SEDriftless_3_2021,ok,277151,191065,0.0,0.0,1,0.0,0.0,5,0.000104,0.000208,9,7.2e-05,0.000144,13,3.2e-05,6.5e-05,29,1.2e-05,2.3e-05,81,0.000104,2022-05-06 23:11,2022-05-06 23:22,0.008,data/derived/control_boxes/gen2_2021_control__3114_2021_MN.laz,data/derived/control_structure/gen2_2021_control__3114_2021_MN.npz,ok,4017,2885,0.0,1.8227
gen2_2021_control,3115_2021_MN,500084.7,4851798.109,VVA,MN_SEDriftless_3_2021,ok,159598,111477,0.0,0.0,1,0.0,0.0,5,0.0,0.0,9,0.0,0.0,13,0.000127,0.000254,29,8.9e-05,0.000178,81,0.000127,2021-05-09 14:20,2021-05-09 14:46,0.018,data/derived/control_boxes/gen2_2021_control__3115_2021_MN.laz,data/derived/control_structure/gen2_2021_control__3115_2021_MN.npz,ok,2552,1975,0.0,3.4799
gen2_2021_control,3116_2021_MN,479290.829,4867160.96,VVA,MN_SEDriftless_1_2021,ok,215981,81447,0.0,0.0,1,0.0,0.0,5,0.007008,0.014478,9,0.004852,0.010023,13,0.041012,0.09956,29,0.083281,0.220108,81,0.083281,2021-05-08 14:52,2021-05-08 15:15,0.016,data/derived/control_boxes/gen2_2021_control__3116_2021_MN.laz,data/derived/control_structure/gen2_2021_control__3116_2021_MN.npz,ok,2348,1778,0.0,2.4751
gen2_2021_control,3117_2021_MN,495035.32,4902306.627,VVA,MN_SEDriftless_1_2021,ok,291408,76761,0.0,0.0,1,0.0,0.0,5,0.000121,0.000242,9,0.031295,0.080237,13,0.07683,0.22676,29,0.17565,0.565622,81,0.17565,2021-06-13 17:15,2021-06-13 17:36,0.014,data/derived/control_boxes/gen2_2021_control__3117_2021_MN.laz,data/derived/control_structure/gen2_2021_control__3117_2021_MN.npz,ok,3350,1897,0.0,13.2441
gen2_2021_control,3118_2021_MN,470353.456,4927190.269,VVA,MN_SEDriftless_1_2021,ok,130221,49163,0.0,0.0,1,0.0,0.0,5,0.0,0.0,9,0.0,0.0,13,0.0,0.0,29,0.003836,0.008984,81,0.003836,2021-06-12 16:10,2021-06-12 16:10,0.0,data/derived/control_boxes/gen2_2021_control__3118_2021_MN.laz,data/derived/control_structure/gen2_2021_control__3118_2021_MN.npz,ok,1677,1103,0.0,4.2754
gen2_2021_control,3119_2021_MN,540164.546,4911298.86,VVA,MN_SEDriftless_2_2021,ok,105409,56313,0.0,0.0,1,0.0,0.0,5,0.0,0.0,9,0.0,0.0,13,0.0,0.0,29,0.0,0.0,81,0.0,2021-05-01 19:20,2021-05-01 19:20,0.0,data/derived/control_boxes/gen2_2021_control__3119_2021_MN.laz,data/derived/control_structure/gen2_2021_control__3119_2021_MN.npz,ok,1717,906,0.0,1.7605
gen2_2021_control,3120_2021_MN,544982.462,4906993.447,VVA,MN_SEDriftless_2_2021,ok,147688,73901,0.0,0.0,1,0.0,0.0,5,0.0,0.0,9,0.0,0.0,13,0.0,0.0,29,0.0,0.0,81,0.0,2021-05-02 14:36,2021-05-02 14:58,0.015,data/derived/control_boxes/gen2_2021_control__3120_2021_MN.laz,data/derived/control_structure/gen2_2021_control__3120_2021_MN.npz,ok,2128,1133,0.0,3.0471
gen2_2021_control,3121_2021_MN,558180.27,4915565.602,VVA,MN_SEDriftless_2_2021,ok,210863,114535,0.0,0.0,1,0.0,0.0,5,0.0,0.0,9,0.0,0.0,13,0.0,0.0,29,0.000115,0.000231,81,0.000115,2021-05-01 18:08,2021-05-01 18:22,0.01,data/derived/control_boxes/gen2_2021_control__3121_2021_MN.laz,data/derived/control_structure/gen2_2021_control__3121_2021_MN.npz,ok,3370,1538,0.0,3.5326
gen2_2021_control,3122_2021_MN,589895.707,4870855.137,VVA,MN_SEDriftless_2_2021,ok,207205,113487,0.002103,0.004211,1,0.004764,0.009601,5,0.003685,0.007419,9,0.002551,0.005136,13,0.001144,0.002303,29,0.000422,0.00085,81,0.004342,2021-04-30 22:12,2021-05-11 15:07,10.705,data/derived/control_boxes/gen2_2021_control__3122_2021_MN.laz,data/derived/control_structure/gen2_2021_control__3122_2021_MN.npz,ok,3366,1839,0.0,4.8344
gen2_2021_control,3123_2021_MN,599674.846,4837135.563,VVA,MN_SEDriftless_2_2021,ok,101202,94601,0.0,0.0,1,0.0,0.0,5,0.0,0.0,9,0.0,0.0,13,0.0,0.0,29,0.0,0.0,81,0.0,2021-04-25 17:03,2021-04-25 17:03,0.0,data/derived/control_boxes/gen2_2021_control__3123_2021_MN.laz,data/derived/control_structure/gen2_2021_control__3123_2021_MN.npz,ok,1641,1523,0.0,6.2601
gen2_2021_control,3124_2021_MN,471869.941,4842099.839,VVA,MN_SEDriftless_3_2021,ok,149306,103866,0.0,0.0,1,0.0,0.0,5,0.0,0.0,9,0.0,0.0,13,0.0,0.0,29,0.0,0.0,81,0.0,2021-05-11 14:43,2021-05-11 15:10,0.018,data/derived/control_boxes/gen2_2021_control__3124_2021_MN.laz,data/derived/control_structure/gen2_2021_control__3124_2021_MN.npz,ok,2393,1620,0.0,1.9449
gen2_2021_control,3125_2021_MN,539696.724,4818914.073,VVA,MN_SEDriftless_3_2021,ok,226616,146623,0.0,0.0,1,0.003067,0.006162,5,0.002164,0.004346,9,0.001675,0.003362,13,0.001945,0.003913,29,0.001608,0.003233,81,0.003067,2022-04-27 17:03,2022-04-27 17:15,0.008,data/derived/control_boxes/gen2_2021_control__3125_2021_MN.laz,data/derived/control_structure/gen2_2021_control__3125_2021_MN.npz,ok,1620,1317,0.0,6.0184
gen2_2021_control,3126_2021_MN,636537.552,4839212.437,VVA,MN_SEDriftless_2_2021,ok,112675,90827,0.0,0.0,1,0.0,0.0,5,0.0,0.0,9,0.0,0.0,13,0.001366,0.002788,29,0.004865,0.010441,81,0.004865,2021-04-25 16:25,2021-04-25 16:40,0.01,data/derived/control_boxes/gen2_2021_control__3126_2021_MN.laz,data/derived/control_structure/gen2_2021_control__3126_2021_MN.npz,ok,1431,1336,0.0,10.6384
gen2_2021_control,3127_2021_MN,625719.199,4830900.894,VVA,MN_SEDriftless_2_2021,ok,254171,75729,0.0,0.0,1,0.00617,0.012534,5,0.027216,0.060501,9,0.056724,0.145877,13,0.061786,0.150698,29,0.094726,0.230089,81,0.094726,2021-05-01 15:14,2021-05-01 15:36,0.016,data/derived/control_boxes/gen2_2021_control__3127_2021_MN.laz,data/derived/control_structure/gen2_2021_control__3127_2021_MN.npz,ok,1947,1159,0.0,6.487
gen2_2021_control,3128_2022_MN,553976.14,4846924.318,VVA,MN_SEDriftless_3_2021,ok,104104,89789,0.0,0.0,1,0.000811,0.001626,5,0.000451,0.000903,9,0.003877,0.007925,13,0.00286,0.005822,29,0.001555,0.003152,81,0.003877,2022-05-08 00:48,2022-05-15 14:36,7.575,data/derived/control_boxes/gen2_2021_control__3128_2022_MN.laz,data/derived/control_structure/gen2_2021_control__3128_2022_MN.npz,ok,1735,1510,0.0,4.153
gen2_2021_control,3129_2021_MN,467487.155,4891489.2,VVA,MN_SEDriftless_1_2021,ok,206831,129454,0.0,0.0,1,0.0,0.0,5,0.0,0.0,9,0.0,0.0,13,0.0,0.0,29,0.004122,0.008575,81,0.004122,2021-04-22 16:48,2021-04-22 17:18,0.021,data/derived/control_boxes/gen2_2021_control__3129_2021_MN.laz,data/derived/control_structure/gen2_2021_control__3129_2021_MN.npz,ok,3320,2169,0.0,2.1985
gen2_2021_control,3130_2021_MN,487509.613,4937836.933,VVA,MN_SEDriftless_1_2021,ok,233658,114886,0.0,0.0,1,0.0,0.0,5,0.0,0.0,9,0.0,0.0,13,0.00708,0.01585,29,0.058738,0.140619,81,0.058738,2021-05-02 14:56,2021-05-02 15:03,0.005,data/derived/control_boxes/gen2_2021_control__3130_2021_MN.laz,data/derived/control_structure/gen2_2021_control__3130_2021_MN.npz,ok,3042,2133,0.0,4.0392
gen2_2021_control,3131_2021_MN,459557.348,4883355.003,VVA,MN_SEDriftless_1_2021,ok,219026,122362,0.0,0.0,1,0.0,0.0,5,0.0,0.0,9,0.0,0.0,13,0.0,0.0,29,0.000138,0.000276,81,0.000138,2021-05-26 23:39,2021-06-05 17:37,9.749,data/derived/control_boxes/gen2_2021_control__3131_2021_MN.laz,data/derived/control_structure/gen2_2021_control__3131_2021_MN.npz,ok,3478,1867,0.0,5.674
gen2_2021_control,3132_2022_MN,574116.875,4821653.854,VVA,MN_SEDriftless_2_2021,ok,102323,95644,0.0,0.0,1,0.0,0.0,5,0.0,0.0,9,0.0,0.0,13,0.0,0.0,29,0.0,0.0,81,0.0,2022-04-27 18:29,2022-04-27 18:29,0.0,data/derived/control_boxes/gen2_2021_control__3132_2022_MN.laz,data/derived/control_structure/gen2_2021_control__3132_2022_MN.npz,ok,1633,1517,0.0,1.4705
gen2_2021_control,3133_2021_MN,484753.714,4840878.826,VVA,MN_SEDriftless_3_2021,ok,91836,57730,0.0,0.0,1,0.0,0.0,5,0.0,0.0,9,0.0,0.0,13,0.012197,0.025997,29,0.019483,0.042235,81,0.019483,2021-05-08 15:23,2021-05-08 15:23,0.0,data/derived/control_boxes/gen2_2021_control__3133_2021_MN.laz,data/derived/control_structure/gen2_2021_control__3133_2021_MN.npz,ok,1510,1093,0.0,1.5345
gen2_2021_control,3134_2021_MN,476220.471,4922715.423,VVA,MN_SEDriftless_1_2021,ok,219606,117832,0.0,0.0,1,0.072112,0.178866,5,0.043098,0.105525,9,0.069947,0.186432,13,0.048789,0.123143,29,0.053448,0.131668,81,0.072112,2021-06-12 17:01,2021-06-12 17:13,0.008,data/derived/control_boxes/gen2_2021_control__3134_2021_MN.laz,data/derived/control_structure/gen2_2021_control__3134_2021_MN.npz,ok,3395,1555,0.0,4.2275
gen2_2021_control,3135_2021_MN,459513.577,4816501.56,VVA,MN_SEDriftless_3_2021,ok,202655,100397,0.0,0.0,1,0.0,0.0,5,0.0,0.0,9,0.0,0.0,13,0.019687,0.053753,29,0.084885,0.244673,81,0.084885,2021-05-11 16:35,2021-05-11 16:45,0.007,data/derived/control_boxes/gen2_2021_control__3135_2021_MN.laz,data/derived/control_structure/gen2_2021_control__3135_2021_MN.npz,ok,2905,1657,0.0,1.1703
gen2_2021_control,3136_2021_MN,457401.094,4837311.548,VVA,MN_SEDriftless_3_2021,ok,165191,123005,0.0,0.0,1,0.0,0.0,5,0.0,0.0,9,0.0,0.0,13,0.0,0.0,29,0.000149,0.000299,81,0.000149,2021-05-08 16:19,2021-05-08 16:52,0.023,data/derived/control_boxes/gen2_2021_control__3136_2021_MN.laz,data/derived/control_structure/gen2_2021_control__3136_2021_MN.npz,ok,3114,2196,0.0,1.2408
gen2_2021_control,3137_2021_MN,515406.833,4834802.109,VVA,MN_SEDriftless_3_2021,ok,197166,116334,0.0,0.0,1,0.0,0.0,5,0.0,0.0,9,0.0,0.0,13,0.0,0.0,29,0.00017,0.000342,81,0.00017,2021-05-08 17:12,2021-05-08 17:21,0.006,data/derived/control_boxes/gen2_2021_control__3137_2021_MN.laz,data/derived/control_structure/gen2_2021_control__3137_2021_MN.npz,ok,3438,2119,0.0,8.7002
gen2_2021_control,3138_2021_MN,447946.21,4837402.814,VVA,MN_SEDriftless_3_2021,ok,102747,88263,0.0,0.0,1,0.0,0.0,5,0.0,0.0,9,0.001658,0.003353,13,0.006997,0.014487,29,0.004078,0.008397,81,0.006997,2021-05-08 16:17,2021-05-08 16:54,0.025,data/derived/control_boxes/gen2_2021_control__3138_2021_MN.laz,data/derived/control_structure/gen2_2021_control__3138_2021_MN.npz,ok,1319,1171,0.0,8.8732
gen2_2021_control,3139_2021_MN,512748.122,4824412.505,VVA,MN_SEDriftless_3_2021,ok,138357,102820,0.0,0.0,1,0.0,0.0,5,0.0,0.0,9,0.0,0.0,13,0.0,0.0,29,0.0,0.0,81,0.0,2021-05-09 14:52,2021-05-26 12:48,16.914,data/derived/control_boxes/gen2_2021_control__3139_2021_MN.laz,data/derived/control_structure/gen2_2021_control__3139_2021_MN.npz,ok,1622,1301,0.0,2.1343
gen2_2021_control,3140_2021_MN,488261.63,4886517.805,VVA,MN_SEDriftless_1_2021,ok,133351,112419,0.0,0.0,1,0.0,0.0,5,0.0,0.0,9,0.0,0.0,13,0.0,0.0,29,0.0,0.0,81,0.0,2021-05-26 22:48,2021-05-26 23:06,0.013,data/derived/control_boxes/gen2_2021_control__3140_2021_MN.laz,data/derived/control_structure/gen2_2021_control__3140_2021_MN.npz,ok,1627,1472,0.0,1.9425
gen2_2021_control,3141_2021_MN,474991.653,4916322.656,VVA,MN_SEDriftless_1_2021,ok,106881,92823,0.0,0.0,1,0.0,0.0,5,0.0,0.0,9,0.0,0.0,13,0.0,0.0,29,0.0,0.0,81,0.0,2021-06-13 14:24,2021-06-13 14:36,0.008,data/derived/control_boxes/gen2_2021_control__3141_2021_MN.laz,data/derived/control_structure/gen2_2021_control__3141_2021_MN.npz,ok,1462,1245,0.0,4.5318
gen2_2021_control,3142_2021_MN,600092.062,4828411.145,VVA,MN_SEDriftless_2_2021,ok,104555,100645,0.0,0.0,1,0.0,0.0,5,0.0,0.0,9,0.0,0.0,13,0.0,0.0,29,0.000102,0.000206,81,0.000102,2021-04-25 17:05,2021-04-25 17:05,0.0,data/derived/control_boxes/gen2_2021_control__3142_2021_MN.laz,data/derived/control_structure/gen2_2021_control__3142_2021_MN.npz,ok,1676,1590,0.0,0.9566
gen2_2021_control,3143_2021_MN,611447.087,4863433.332,VVA,MN_SEDriftless_2_2021,ok,105413,101445,0.0,0.0,1,0.0,0.0,5,0.0,0.0,9,0.0,0.0,13,0.0,0.0,29,0.000299,0.000605,81,0.000299,2021-04-30 19:27,2021-04-30 19:28,0.0,data/derived/control_boxes/gen2_2021_control__3143_2021_MN.laz,data/derived/control_structure/gen2_2021_control__3143_2021_MN.npz,ok,1647,1575,0.0,6.3145
gen2_2021_control,3144_2021_MN,481507.244,4835623.85,VVA,MN_SEDriftless_3_2021,ok,100305,96940,0.0,0.0,1,0.0,0.0,5,0.0,0.0,9,0.0,0.0,13,0.0,0.0,29,0.0,0.0,81,0.0,2021-05-08 17:05,2021-05-08 17:05,0.0,data/derived/control_boxes/gen2_2021_control__3144_2021_MN.laz,data/derived/control_structure/gen2_2021_control__3144_2021_MN.npz,ok,1622,1572,0.0,3.1297
gen2_2021_control,3145_2021_MN,487135.658,4822610.227,VVA,MN_SEDriftless_3_2021,ok,189386,133204,0.0,0.0,1,0.0,0.0,5,0.0,0.0,9,0.0,0.0,13,0.0,0.0,29,0.0,0.0,81,0.0,2021-05-09 15:39,2021-05-09 16:01,0.015,data/derived/control_boxes/gen2_2021_control__3145_2021_MN.laz,data/derived/control_structure/gen2_2021_control__3145_2021_MN.npz,ok,3046,2182,0.0,2.843
gen2_2021_control,3146_2021_MN,477782.43,4860009.762,VVA,MN_SEDriftless_1_2021,ok,191163,130611,0.0,0.0,1,0.0,0.0,5,0.0,0.0,9,0.0,0.0,13,0.000399,0.000803,29,0.020397,0.048684,81,0.020397,2021-05-08 16:52,2021-05-08 17:01,0.006,data/derived/control_boxes/gen2_2021_control__3146_2021_MN.laz,data/derived/control_structure/gen2_2021_control__3146_2021_MN.npz,ok,2916,2188,0.0,0.7485
gen2_2021_control,3147_2021_MN,484014.636,4930109.028,VVA,MN_SEDriftless_1_2021,ok,94619,78317,0.009175,0.018434,1,0.001835,0.003687,5,0.001019,0.002048,9,0.000706,0.001418,13,0.000316,0.000636,29,0.000142,0.000285,81,0.009033,2021-06-12 15:20,2021-06-12 15:21,0.0,data/derived/control_boxes/gen2_2021_control__3147_2021_MN.laz,data/derived/control_structure/gen2_2021_control__3147_2021_MN.npz,ok,1513,1345,0.0,3.2653
gen2_2021_control,3148_2021_MN,584661.794,4861804.901,VVA,MN_SEDriftless_2_2021,ok,100566,90437,0.0,0.0,1,0.0,0.0,5,0.0,0.0,9,0.0,0.0,13,0.0,0.0,29,0.0,0.0,81,0.0,2021-05-12 14:15,2021-05-12 14:16,0.0,data/derived/control_boxes/gen2_2021_control__3148_2021_MN.laz,data/derived/control_structure/gen2_2021_control__3148_2021_MN.npz,ok,1623,1447,0.0,5.178
gen2_2021_control,3149_2021_MN,563266.856,4895290.128,VVA,MN_SEDriftless_2_2021,ok,175036,92160,0.0,0.0,1,0.0,0.0,5,0.0,0.0,9,0.0,0.0,13,0.0,0.0,29,0.014616,0.038354,81,0.014616,2021-05-01 17:47,2021-05-01 18:04,0.012,data/derived/control_boxes/gen2_2021_control__3149_2021_MN.laz,data/derived/control_structure/gen2_2021_control__3149_2021_MN.npz,ok,3185,1665,0.0,2.9608
gen2_2021_control,3150_2021_MN,506495.102,4848592.076,VVA,MN_SEDriftless_3_2021,ok,181513,116235,0.0,0.0,1,0.0,0.0,5,0.0,0.0,9,0.0,0.0,13,0.0,0.0,29,0.0,0.0,81,0.0,2021-05-09 15:28,2021-05-09 15:40,0.009,data/derived/control_boxes/gen2_2021_control__3150_2021_MN.laz,data/derived/control_structure/gen2_2021_control__3150_2021_MN.npz,ok,2914,1679,0.0,1.0784
gen2_2021_control,3151_2021_MN,464944.212,4834400.792,VVA,MN_SEDriftless_3_2021,ok,83912,64480,0.0,0.0,1,0.0,0.0,5,0.0,0.0,9,0.0,0.0,13,0.0,0.0,29,0.000936,0.001904,81,0.000936,2021-05-08 17:31,2021-05-08 17:31,0.0,data/derived/control_boxes/gen2_2021_control__3151_2021_MN.laz,data/derived/control_structure/gen2_2021_control__3151_2021_MN.npz,ok,1503,1386,0.0,6.2114
gen2_2021_control,3152_2021_MN,463713.22,4852591.861,VVA,MN_SEDriftless_3_2021,ok,188743,115859,0.0,0.0,1,0.0,0.0,5,0.0,0.0,9,0.0,0.0,13,0.0,0.0,29,4.4e-05,8.8e-05,81,4.4e-05,2021-05-08 18:59,2021-05-09 14:28,0.811,data/derived/control_boxes/gen2_2021_control__3152_2021_MN.laz,data/derived/control_structure/gen2_2021_control__3152_2021_MN.npz,ok,3026,1839,0.0,2.4085
gen2_2021_control,3153_2021_MN,489224.029,4863120.861,VVA,MN_SEDriftless_1_2021,ok,215056,115061,0.0,0.0,1,0.0,0.0,5,0.0,0.0,9,0.0,0.0,13,0.0,0.0,29,0.0,0.0,81,0.0,2021-05-08 15:58,2021-05-08 16:18,0.013,data/derived/control_boxes/gen2_2021_control__3153_2021_MN.laz,data/derived/control_structure/gen2_2021_control__3153_2021_MN.npz,ok,3001,1789,0.0,1.7493
gen2_2021_control,3154_2021_MN,483643.908,4816321.997,VVA,MN_SEDriftless_3_2021,ok,181254,130275,0.0,0.0,1,0.0,0.0,5,0.0,0.0,9,0.0,0.0,13,0.0,0.0,29,0.0,0.0,81,0.0,2021-05-11 16:31,2021-05-11 16:50,0.013,data/derived/control_boxes/gen2_2021_control__3154_2021_MN.laz,data/derived/control_structure/gen2_2021_control__3154_2021_MN.npz,ok,2873,1915,0.0,0.4249
gen2_2021_control,3155_2021_MN,496011.501,4844517.647,VVA,MN_SEDriftless_3_2021,ok,149759,111008,0.0,0.0,1,0.0,0.0,5,0.0,0.0,9,0.0,0.0,13,0.0,0.0,29,0.0,0.0,81,0.0,2021-05-09 16:46,2021-05-11 14:24,1.901,data/derived/control_boxes/gen2_2021_control__3155_2021_MN.laz,data/derived/control_structure/gen2_2021_control__3155_2021_MN.npz,ok,2953,1785,0.0,2.7469
gen2_2021_control,3156_2021_MN,540797.082,4830989.483,VVA,MN_SEDriftless_3_2021,ok,303179,193472,0.0,0.0,1,0.0,0.0,5,0.0,0.0,9,0.0,0.0,13,0.0,0.0,29,0.0,0.0,81,0.0,2022-05-06 21:29,2022-05-06 21:42,0.01,data/derived/control_boxes/gen2_2021_control__3156_2021_MN.laz,data/derived/control_structure/gen2_2021_control__3156_2021_MN.npz,ok,4229,3044,0.0,3.9161
gen2_2021_control,3157_2022_MN,586073.831,4835374.822,VVA,MN_SEDriftless_2_2021,ok,113972,102833,0.0,0.0,1,0.0,0.0,5,0.0,0.0,9,0.0,0.0,13,0.0,0.0,29,0.0,0.0,81,0.0,2022-05-07 16:45,2022-05-07 16:45,0.0,data/derived/control_boxes/gen2_2021_control__3157_2022_MN.laz,data/derived/control_structure/gen2_2021_control__3157_2022_MN.npz,ok,1818,1647,0.0,4.2784
gen2_2021_control,3158_2021_MN,512499.72,4884934.081,VVA,MN_SEDriftless_1_2021,ok,99699,94592,0.0,0.0,1,0.0,0.0,5,0.0,0.0,9,0.0,0.0,13,0.0,0.0,29,0.0,0.0,81,0.0,2021-05-26 23:22,2021-05-26 23:22,0.0,data/derived/control_boxes/gen2_2021_control__3158_2021_MN.laz,data/derived/control_structure/gen2_2021_control__3158_2021_MN.npz,ok,1607,1443,0.0,3.5494
gen2_2021_control,3159_2021_MN,490403.04,4912207.509,VVA,MN_SEDriftless_1_2021,ok,106017,86312,0.0,0.0,1,0.0,0.0,5,0.0,0.0,9,0.0,0.0,13,0.0,0.0,29,3.1e-05,6.2e-05,81,3.1e-05,2021-06-13 15:10,2021-06-13 15:28,0.012,data/derived/control_boxes/gen2_2021_control__3159_2021_MN.laz,data/derived/control_structure/gen2_2021_control__3159_2021_MN.npz,ok,1524,1437,0.0,3.0738
gen2_2021_control,3160_2021_MN,505203.621,4940252.767,VVA,MN_SEDriftless_1_2021,ok,95807,93016,0.0,0.0,1,0.0,0.0,5,0.0,0.0,9,0.0,0.0,13,0.0,0.0,29,8.7e-05,0.000175,81,8.7e-05,2021-04-22 18:08,2021-04-22 18:08,0.0,data/derived/control_boxes/gen2_2021_control__3160_2021_MN.laz,data/derived/control_structure/gen2_2021_control__3160_2021_MN.npz,ok,1520,1455,0.0,7.4371
gen2_2021_control,3161_2021_MN,489652.413,4927067.772,VVA,MN_SEDriftless_1_2021,ok,123470,53690,0.0,0.0,1,0.00213,0.004273,5,0.007282,0.014919,9,0.007884,0.016079,13,0.003911,0.007964,29,0.008127,0.018625,81,0.008127,2021-06-12 16:05,2021-06-12 16:05,0.0,data/derived/control_boxes/gen2_2021_control__3161_2021_MN.laz,data/derived/control_structure/gen2_2021_control__3161_2021_MN.npz,ok,1919,886,0.0,0.0895
gen2_2021_control,3162_2021_MN,464663.33,4878503.423,VVA,MN_SEDriftless_1_2021,ok,213894,138095,0.0,0.0,1,0.0,0.0,5,0.0,0.0,9,0.0,0.0,13,0.0,0.0,29,1.3e-05,2.6e-05,81,1.3e-05,2021-06-05 18:57,2021-06-05 19:05,0.006,data/derived/control_boxes/gen2_2021_control__3162_2021_MN.laz,data/derived/control_structure/gen2_2021_control__3162_2021_MN.npz,ok,3438,1915,0.0,4.1393
gen2_2021_control,3163_2022_MN,563607.578,4846777.409,VVA,MN_SEDriftless_3_2021,ok,109715,82358,0.0,0.0,1,0.0,0.0,5,0.000273,0.000546,9,0.000375,0.000751,13,0.010622,0.022077,29,0.034173,0.076889,81,0.034173,2022-05-15 14:39,2022-05-15 14:39,0.0,data/derived/control_boxes/gen2_2021_control__3163_2022_MN.laz,data/derived/control_structure/gen2_2021_control__3163_2022_MN.npz,ok,1452,1312,0.0,5.5932
