point_id,point_type,easting,northing,elevation,elevation_units,horizontal_crs,vertical_datum,geoid_model,project_id,collected,source,verified,county,dnr_surface_z_m,dnr_error_m
L10-2039,L1O,660034.746,5289129.899,492.351,m,EPSG:26915,NAVD88,GEOID09,lidar_arrowhead2011,2011,arrowhead_block3.pdf table 'Control Z',datum is a DATASET-level assertion (lidar_arrowhead2011.html: 'The geoid used to reduce satellite derived elevations to orthometric heights was Geoid09.'); the validation reports themselves state no datum and no geoid,arrowhead_block3,492.499,-0.148
L10-7002,L1O,697198.161,5300222.468,508.856,m,EPSG:26915,NAVD88,GEOID09,lidar_arrowhead2011,2011,arrowhead_block3.pdf table 'Control Z',datum is a DATASET-level assertion (lidar_arrowhead2011.html: 'The geoid used to reduce satellite derived elevations to orthometric heights was Geoid09.'); the validation reports themselves state no datum and no geoid,arrowhead_block3,509.116,-0.26
L1O-2001,L1O,660643.882,5274388.343,361.802,m,EPSG:26915,NAVD88,GEOID09,lidar_arrowhead2011,2011,arrowhead_block3.pdf table 'Control Z',datum is a DATASET-level assertion (lidar_arrowhead2011.html: 'The geoid used to reduce satellite derived elevations to orthometric heights was Geoid09.'); the validation reports themselves state no datum and no geoid,arrowhead_block3,361.876,-0.074
L1O-2002,L1O,682882.198,5299146.357,493.808,m,EPSG:26915,NAVD88,GEOID09,lidar_arrowhead2011,2011,arrowhead_block3.pdf table 'Control Z',datum is a DATASET-level assertion (lidar_arrowhead2011.html: 'The geoid used to reduce satellite derived elevations to orthometric heights was Geoid09.'); the validation reports themselves state no datum and no geoid,arrowhead_block3,493.82,-0.012
L1O-2003,L1O,651135.642,5297398.498,548.181,m,EPSG:26915,NAVD88,GEOID09,lidar_arrowhead2011,2011,arrowhead_block3.pdf table 'Control Z',datum is a DATASET-level assertion (lidar_arrowhead2011.html: 'The geoid used to reduce satellite derived elevations to orthometric heights was Geoid09.'); the validation reports themselves state no datum and no geoid,arrowhead_block3,548.223,-0.042
L1O-2004,L1O,665603.575,5293372.69,520.395,m,EPSG:26915,NAVD88,GEOID09,lidar_arrowhead2011,2011,arrowhead_block3.pdf table 'Control Z',datum is a DATASET-level assertion (lidar_arrowhead2011.html: 'The geoid used to reduce satellite derived elevations to orthometric heights was Geoid09.'); the validation reports themselves state no datum and no geoid,arrowhead_block3,520.458,-0.063
L1O-2005,L1O,685251.809,5286537.016,189.871,m,EPSG:26915,NAVD88,GEOID09,lidar_arrowhead2011,2011,arrowhead_block3.pdf table 'Control Z',datum is a DATASET-level assertion (lidar_arrowhead2011.html: 'The geoid used to reduce satellite derived elevations to orthometric heights was Geoid09.'); the validation reports themselves state no datum and no geoid,arrowhead_block3,189.886,-0.015
L1O-2006,L1O,651636.313,5286697.848,537.95,m,EPSG:26915,NAVD88,GEOID09,lidar_arrowhead2011,2011,arrowhead_block3.pdf table 'Control Z',datum is a DATASET-level assertion (lidar_arrowhead2011.html: 'The geoid used to reduce satellite derived elevations to orthometric heights was Geoid09.'); the validation reports themselves state no datum and no geoid,arrowhead_block3,538.022,-0.072
L1O-2007,L1O,660477.596,5286992.226,502.282,m,EPSG:26915,NAVD88,GEOID09,lidar_arrowhead2011,2011,arrowhead_block3.pdf table 'Control Z',datum is a DATASET-level assertion (lidar_arrowhead2011.html: 'The geoid used to reduce satellite derived elevations to orthometric heights was Geoid09.'); the validation reports themselves state no datum and no geoid,arrowhead_block3,502.337,-0.055
L1O-2008,L1O,672198.705,5290252.477,491.08,m,EPSG:26915,NAVD88,GEOID09,lidar_arrowhead2011,2011,arrowhead_block3.pdf table 'Control Z',datum is a DATASET-level assertion (lidar_arrowhead2011.html: 'The geoid used to reduce satellite derived elevations to orthometric heights was Geoid09.'); the validation reports themselves state no datum and no geoid,arrowhead_block3,491.048,0.032
L1O-2009,L1O,672947.008,5294018.14,507.652,m,EPSG:26915,NAVD88,GEOID09,lidar_arrowhead2011,2011,arrowhead_block3.pdf table 'Control Z',datum is a DATASET-level assertion (lidar_arrowhead2011.html: 'The geoid used to reduce satellite derived elevations to orthometric heights was Geoid09.'); the validation reports themselves state no datum and no geoid,arrowhead_block3,507.735,-0.083
L1O-2010,L1O,672185.421,5278764.11,221.857,m,EPSG:26915,NAVD88,GEOID09,lidar_arrowhead2011,2011,arrowhead_block3.pdf table 'Control Z',datum is a DATASET-level assertion (lidar_arrowhead2011.html: 'The geoid used to reduce satellite derived elevations to orthometric heights was Geoid09.'); the validation reports themselves state no datum and no geoid,arrowhead_block3,221.834,0.023
L1O-2011,L1O,652676.259,5277888.897,479.804,m,EPSG:26915,NAVD88,GEOID09,lidar_arrowhead2011,2011,arrowhead_block3.pdf table 'Control Z',datum is a DATASET-level assertion (lidar_arrowhead2011.html: 'The geoid used to reduce satellite derived elevations to orthometric heights was Geoid09.'); the validation reports themselves state no datum and no geoid,arrowhead_block3,479.873,-0.069
L1O-2012,L1O,663320.059,5301392.934,532.676,m,EPSG:26915,NAVD88,GEOID09,lidar_arrowhead2011,2011,arrowhead_block3.pdf table 'Control Z',datum is a DATASET-level assertion (lidar_arrowhead2011.html: 'The geoid used to reduce satellite derived elevations to orthometric heights was Geoid09.'); the validation reports themselves state no datum and no geoid,arrowhead_block3,532.682,-0.006
L1O-2013,L1O,660000.867,5277515.782,381.541,m,EPSG:26915,NAVD88,GEOID09,lidar_arrowhead2011,2011,arrowhead_block3.pdf table 'Control Z',datum is a DATASET-level assertion (lidar_arrowhead2011.html: 'The geoid used to reduce satellite derived elevations to orthometric heights was Geoid09.'); the validation reports themselves state no datum and no geoid,arrowhead_block3,381.592,-0.051
L1O-2014,L1O,680460.034,5294812.107,529.765,m,EPSG:26915,NAVD88,GEOID09,lidar_arrowhead2011,2011,arrowhead_block3.pdf table 'Control Z',datum is a DATASET-level assertion (lidar_arrowhead2011.html: 'The geoid used to reduce satellite derived elevations to orthometric heights was Geoid09.'); the validation reports themselves state no datum and no geoid,arrowhead_block3,529.807,-0.042
L1O-2015,L1O,653311.706,5296384.68,552.804,m,EPSG:26915,NAVD88,GEOID09,lidar_arrowhead2011,2011,arrowhead_block3.pdf table 'Control Z',datum is a DATASET-level assertion (lidar_arrowhead2011.html: 'The geoid used to reduce satellite derived elevations to orthometric heights was Geoid09.'); the validation reports themselves state no datum and no geoid,arrowhead_block3,552.85,-0.046
L1O-2016,L1O,668203.085,5293095.658,520.364,m,EPSG:26915,NAVD88,GEOID09,lidar_arrowhead2011,2011,arrowhead_block3.pdf table 'Control Z',datum is a DATASET-level assertion (lidar_arrowhead2011.html: 'The geoid used to reduce satellite derived elevations to orthometric heights was Geoid09.'); the validation reports themselves state no datum and no geoid,arrowhead_block3,520.509,-0.145
L1O-2017,L1O,677482.149,5303586.241,560.146,m,EPSG:26915,NAVD88,GEOID09,lidar_arrowhead2011,2011,arrowhead_block3.pdf table 'Control Z',datum is a DATASET-level assertion (lidar_arrowhead2011.html: 'The geoid used to reduce satellite derived elevations to orthometric heights was Geoid09.'); the validation reports themselves state no datum and no geoid,arrowhead_block3,560.231,-0.085
L1O-2018,L1O,651833.853,5284153.807,506.553,m,EPSG:26915,NAVD88,GEOID09,lidar_arrowhead2011,2011,arrowhead_block3.pdf table 'Control Z',datum is a DATASET-level assertion (lidar_arrowhead2011.html: 'The geoid used to reduce satellite derived elevations to orthometric heights was Geoid09.'); the validation reports themselves state no datum and no geoid,arrowhead_block3,506.912,-0.359
L1O-2019,L1O,658349.195,5289152.28,503.057,m,EPSG:26915,NAVD88,GEOID09,lidar_arrowhead2011,2011,arrowhead_block3.pdf table 'Control Z',datum is a DATASET-level assertion (lidar_arrowhead2011.html: 'The geoid used to reduce satellite derived elevations to orthometric heights was Geoid09.'); the validation reports themselves state no datum and no geoid,arrowhead_block3,503.228,-0.171
L1O-2021,L1O,672970.968,5299620.913,548.122,m,EPSG:26915,NAVD88,GEOID09,lidar_arrowhead2011,2011,arrowhead_block3.pdf table 'Control Z',datum is a DATASET-level assertion (lidar_arrowhead2011.html: 'The geoid used to reduce satellite derived elevations to orthometric heights was Geoid09.'); the validation reports themselves state no datum and no geoid,arrowhead_block3,548.19,-0.068
L1O-2024,L1O,666763.079,5300645.242,542.494,m,EPSG:26915,NAVD88,GEOID09,lidar_arrowhead2011,2011,arrowhead_block3.pdf table 'Control Z',datum is a DATASET-level assertion (lidar_arrowhead2011.html: 'The geoid used to reduce satellite derived elevations to orthometric heights was Geoid09.'); the validation reports themselves state no datum and no geoid,arrowhead_block3,542.584,-0.09
L1O-2026,L1O,682909.259,5293163.059,481.921,m,EPSG:26915,NAVD88,GEOID09,lidar_arrowhead2011,2011,arrowhead_block3.pdf table 'Control Z',datum is a DATASET-level assertion (lidar_arrowhead2011.html: 'The geoid used to reduce satellite derived elevations to orthometric heights was Geoid09.'); the validation reports themselves state no datum and no geoid,arrowhead_block3,481.955,-0.034
L1O-2027,L1O,655432.234,5296438.695,543.071,m,EPSG:26915,NAVD88,GEOID09,lidar_arrowhead2011,2011,arrowhead_block3.pdf table 'Control Z',datum is a DATASET-level assertion (lidar_arrowhead2011.html: 'The geoid used to reduce satellite derived elevations to orthometric heights was Geoid09.'); the validation reports themselves state no datum and no geoid,arrowhead_block3,543.206,-0.135
L1O-2028,L1O,669059.8,5296969.209,546.903,m,EPSG:26915,NAVD88,GEOID09,lidar_arrowhead2011,2011,arrowhead_block3.pdf table 'Control Z',datum is a DATASET-level assertion (lidar_arrowhead2011.html: 'The geoid used to reduce satellite derived elevations to orthometric heights was Geoid09.'); the validation reports themselves state no datum and no geoid,arrowhead_block3,546.932,-0.029
L1O-2030,L1O,652828.759,5285221.826,508.923,m,EPSG:26915,NAVD88,GEOID09,lidar_arrowhead2011,2011,arrowhead_block3.pdf table 'Control Z',datum is a DATASET-level assertion (lidar_arrowhead2011.html: 'The geoid used to reduce satellite derived elevations to orthometric heights was Geoid09.'); the validation reports themselves state no datum and no geoid,arrowhead_block3,508.961,-0.038
L1O-2031,L1O,659420.869,5295117.612,501.443,m,EPSG:26915,NAVD88,GEOID09,lidar_arrowhead2011,2011,arrowhead_block3.pdf table 'Control Z',datum is a DATASET-level assertion (lidar_arrowhead2011.html: 'The geoid used to reduce satellite derived elevations to orthometric heights was Geoid09.'); the validation reports themselves state no datum and no geoid,arrowhead_block3,501.572,-0.129
L1O-2032,L1O,673426.278,5286950.756,438.993,m,EPSG:26915,NAVD88,GEOID09,lidar_arrowhead2011,2011,arrowhead_block3.pdf table 'Control Z',datum is a DATASET-level assertion (lidar_arrowhead2011.html: 'The geoid used to reduce satellite derived elevations to orthometric heights was Geoid09.'); the validation reports themselves state no datum and no geoid,arrowhead_block3,439.057,-0.064
L1O-2033,L1O,653683.888,5275740.912,470.993,m,EPSG:26915,NAVD88,GEOID09,lidar_arrowhead2011,2011,arrowhead_block3.pdf table 'Control Z',datum is a DATASET-level assertion (lidar_arrowhead2011.html: 'The geoid used to reduce satellite derived elevations to orthometric heights was Geoid09.'); the validation reports themselves state no datum and no geoid,arrowhead_block3,471.093,-0.1
L1O-2035,L1O,658952.982,5270843.719,301.346,m,EPSG:26915,NAVD88,GEOID09,lidar_arrowhead2011,2011,arrowhead_block3.pdf table 'Control Z',datum is a DATASET-level assertion (lidar_arrowhead2011.html: 'The geoid used to reduce satellite derived elevations to orthometric heights was Geoid09.'); the validation reports themselves state no datum and no geoid,arrowhead_block3,301.382,-0.036
L1O-2037,L1O,682694.028,5303869.931,523.809,m,EPSG:26915,NAVD88,GEOID09,lidar_arrowhead2011,2011,arrowhead_block3.pdf table 'Control Z',datum is a DATASET-level assertion (lidar_arrowhead2011.html: 'The geoid used to reduce satellite derived elevations to orthometric heights was Geoid09.'); the validation reports themselves state no datum and no geoid,arrowhead_block3,523.901,-0.092
L1O-2041,L1O,680072.521,5303693.303,555.213,m,EPSG:26915,NAVD88,GEOID09,lidar_arrowhead2011,2011,arrowhead_block3.pdf table 'Control Z',datum is a DATASET-level assertion (lidar_arrowhead2011.html: 'The geoid used to reduce satellite derived elevations to orthometric heights was Geoid09.'); the validation reports themselves state no datum and no geoid,arrowhead_block3,555.358,-0.145
L1O-2044,L1O,661476.961,5279848.92,407.526,m,EPSG:26915,NAVD88,GEOID09,lidar_arrowhead2011,2011,arrowhead_block3.pdf table 'Control Z',datum is a DATASET-level assertion (lidar_arrowhead2011.html: 'The geoid used to reduce satellite derived elevations to orthometric heights was Geoid09.'); the validation reports themselves state no datum and no geoid,arrowhead_block3,407.702,-0.176
L1O-2045,L1O,661232.849,5300098.067,524.249,m,EPSG:26915,NAVD88,GEOID09,lidar_arrowhead2011,2011,arrowhead_block3.pdf table 'Control Z',datum is a DATASET-level assertion (lidar_arrowhead2011.html: 'The geoid used to reduce satellite derived elevations to orthometric heights was Geoid09.'); the validation reports themselves state no datum and no geoid,arrowhead_block3,524.182,0.067
L1O-2046,L1O,665636.064,5287610.85,521.649,m,EPSG:26915,NAVD88,GEOID09,lidar_arrowhead2011,2011,arrowhead_block3.pdf table 'Control Z',datum is a DATASET-level assertion (lidar_arrowhead2011.html: 'The geoid used to reduce satellite derived elevations to orthometric heights was Geoid09.'); the validation reports themselves state no datum and no geoid,arrowhead_block3,521.801,-0.152
L1O-2047,L1O,673438.197,5303019.862,553.99,m,EPSG:26915,NAVD88,GEOID09,lidar_arrowhead2011,2011,arrowhead_block3.pdf table 'Control Z',datum is a DATASET-level assertion (lidar_arrowhead2011.html: 'The geoid used to reduce satellite derived elevations to orthometric heights was Geoid09.'); the validation reports themselves state no datum and no geoid,arrowhead_block3,553.845,0.145
L1O-2048,L1O,662671.394,5287629.763,553.324,m,EPSG:26915,NAVD88,GEOID09,lidar_arrowhead2011,2011,arrowhead_block3.pdf table 'Control Z',datum is a DATASET-level assertion (lidar_arrowhead2011.html: 'The geoid used to reduce satellite derived elevations to orthometric heights was Geoid09.'); the validation reports themselves state no datum and no geoid,arrowhead_block3,553.48,-0.156
L1O-2049,L1O,670541.398,5301884.514,548.356,m,EPSG:26915,NAVD88,GEOID09,lidar_arrowhead2011,2011,arrowhead_block3.pdf table 'Control Z',datum is a DATASET-level assertion (lidar_arrowhead2011.html: 'The geoid used to reduce satellite derived elevations to orthometric heights was Geoid09.'); the validation reports themselves state no datum and no geoid,arrowhead_block3,548.304,0.052
L1O-2050,L1O,672086.01,5300720.544,568.825,m,EPSG:26915,NAVD88,GEOID09,lidar_arrowhead2011,2011,arrowhead_block3.pdf table 'Control Z',datum is a DATASET-level assertion (lidar_arrowhead2011.html: 'The geoid used to reduce satellite derived elevations to orthometric heights was Geoid09.'); the validation reports themselves state no datum and no geoid,arrowhead_block3,568.809,0.016
L1O-2051,L1O,676491.221,5303249.322,554.345,m,EPSG:26915,NAVD88,GEOID09,lidar_arrowhead2011,2011,arrowhead_block3.pdf table 'Control Z',datum is a DATASET-level assertion (lidar_arrowhead2011.html: 'The geoid used to reduce satellite derived elevations to orthometric heights was Geoid09.'); the validation reports themselves state no datum and no geoid,arrowhead_block3,554.302,0.043
L1O-2052,L1O,675223.314,5304731.479,557.755,m,EPSG:26915,NAVD88,GEOID09,lidar_arrowhead2011,2011,arrowhead_block3.pdf table 'Control Z',datum is a DATASET-level assertion (lidar_arrowhead2011.html: 'The geoid used to reduce satellite derived elevations to orthometric heights was Geoid09.'); the validation reports themselves state no datum and no geoid,arrowhead_block3,557.721,0.034
L1O-2054,L1O,673441.216,5303015.092,554.509,m,EPSG:26915,NAVD88,GEOID09,lidar_arrowhead2011,2011,arrowhead_block3.pdf table 'Control Z',datum is a DATASET-level assertion (lidar_arrowhead2011.html: 'The geoid used to reduce satellite derived elevations to orthometric heights was Geoid09.'); the validation reports themselves state no datum and no geoid,arrowhead_block3,554.5,0.009
L1O-2055,L1O,667789.706,5294578.757,533.299,m,EPSG:26915,NAVD88,GEOID09,lidar_arrowhead2011,2011,arrowhead_block3.pdf table 'Control Z',datum is a DATASET-level assertion (lidar_arrowhead2011.html: 'The geoid used to reduce satellite derived elevations to orthometric heights was Geoid09.'); the validation reports themselves state no datum and no geoid,arrowhead_block3,533.346,-0.047
L1O-2056,L1O,659259.352,5268512.818,204.071,m,EPSG:26915,NAVD88,GEOID09,lidar_arrowhead2011,2011,arrowhead_block3.pdf table 'Control Z',datum is a DATASET-level assertion (lidar_arrowhead2011.html: 'The geoid used to reduce satellite derived elevations to orthometric heights was Geoid09.'); the validation reports themselves state no datum and no geoid,arrowhead_block3,204.045,0.026
L1O-2058,L1O,671995.053,5278578.881,218.25,m,EPSG:26915,NAVD88,GEOID09,lidar_arrowhead2011,2011,arrowhead_block3.pdf table 'Control Z',datum is a DATASET-level assertion (lidar_arrowhead2011.html: 'The geoid used to reduce satellite derived elevations to orthometric heights was Geoid09.'); the validation reports themselves state no datum and no geoid,arrowhead_block3,218.314,-0.064
L1O-4001,L1O,747142.472,5316699.474,184.279,m,EPSG:26915,NAVD88,GEOID09,lidar_arrowhead2011,2011,arrowhead_block3.pdf table 'Control Z',datum is a DATASET-level assertion (lidar_arrowhead2011.html: 'The geoid used to reduce satellite derived elevations to orthometric heights was Geoid09.'); the validation reports themselves state no datum and no geoid,arrowhead_block3,184.276,0.003
L1O-4003,L1O,740322.517,5315466.067,396.93,m,EPSG:26915,NAVD88,GEOID09,lidar_arrowhead2011,2011,arrowhead_block3.pdf table 'Control Z',datum is a DATASET-level assertion (lidar_arrowhead2011.html: 'The geoid used to reduce satellite derived elevations to orthometric heights was Geoid09.'); the validation reports themselves state no datum and no geoid,arrowhead_block3,396.879,0.051
L1O-4007,L1O,721099.055,5320421.273,477.938,m,EPSG:26915,NAVD88,GEOID09,lidar_arrowhead2011,2011,arrowhead_block3.pdf table 'Control Z',datum is a DATASET-level assertion (lidar_arrowhead2011.html: 'The geoid used to reduce satellite derived elevations to orthometric heights was Geoid09.'); the validation reports themselves state no datum and no geoid,arrowhead_block3,478.136,-0.198
L1O-4008,L1O,732163.941,5315070.546,471.171,m,EPSG:26915,NAVD88,GEOID09,lidar_arrowhead2011,2011,arrowhead_block3.pdf table 'Control Z',datum is a DATASET-level assertion (lidar_arrowhead2011.html: 'The geoid used to reduce satellite derived elevations to orthometric heights was Geoid09.'); the validation reports themselves state no datum and no geoid,arrowhead_block3,471.091,0.08
L1O-4010,L1O,722817.745,5319352.471,494.073,m,EPSG:26915,NAVD88,GEOID09,lidar_arrowhead2011,2011,arrowhead_block3.pdf table 'Control Z',datum is a DATASET-level assertion (lidar_arrowhead2011.html: 'The geoid used to reduce satellite derived elevations to orthometric heights was Geoid09.'); the validation reports themselves state no datum and no geoid,arrowhead_block3,494.009,0.064
L1O-4015,L1O,710412.083,5316279.341,558.26,m,EPSG:26915,NAVD88,GEOID09,lidar_arrowhead2011,2011,arrowhead_block3.pdf table 'Control Z',datum is a DATASET-level assertion (lidar_arrowhead2011.html: 'The geoid used to reduce satellite derived elevations to orthometric heights was Geoid09.'); the validation reports themselves state no datum and no geoid,arrowhead_block3,558.35,-0.09
L1O-4020,L1O,706710.143,5294902.011,188.802,m,EPSG:26915,NAVD88,GEOID09,lidar_arrowhead2011,2011,arrowhead_block3.pdf table 'Control Z',datum is a DATASET-level assertion (lidar_arrowhead2011.html: 'The geoid used to reduce satellite derived elevations to orthometric heights was Geoid09.'); the validation reports themselves state no datum and no geoid,arrowhead_block3,188.766,0.036
L1O-4027,L1O,749102.458,5320026.469,345.39,m,EPSG:26915,NAVD88,GEOID09,lidar_arrowhead2011,2011,arrowhead_block3.pdf table 'Control Z',datum is a DATASET-level assertion (lidar_arrowhead2011.html: 'The geoid used to reduce satellite derived elevations to orthometric heights was Geoid09.'); the validation reports themselves state no datum and no geoid,arrowhead_block3,345.407,-0.017
L1O-4030,L1O,701722.624,5293017.976,199.92,m,EPSG:26915,NAVD88,GEOID09,lidar_arrowhead2011,2011,arrowhead_block3.pdf table 'Control Z',datum is a DATASET-level assertion (lidar_arrowhead2011.html: 'The geoid used to reduce satellite derived elevations to orthometric heights was Geoid09.'); the validation reports themselves state no datum and no geoid,arrowhead_block3,199.906,0.014
L1O-5007,L1O,750685.947,5320862.655,266.339,m,EPSG:26915,NAVD88,GEOID09,lidar_arrowhead2011,2011,arrowhead_block3.pdf table 'Control Z',datum is a DATASET-level assertion (lidar_arrowhead2011.html: 'The geoid used to reduce satellite derived elevations to orthometric heights was Geoid09.'); the validation reports themselves state no datum and no geoid,arrowhead_block3,266.331,0.008
L1O-5008,L1O,727443.56,5303571.73,221.55,m,EPSG:26915,NAVD88,GEOID09,lidar_arrowhead2011,2011,arrowhead_block3.pdf table 'Control Z',datum is a DATASET-level assertion (lidar_arrowhead2011.html: 'The geoid used to reduce satellite derived elevations to orthometric heights was Geoid09.'); the validation reports themselves state no datum and no geoid,arrowhead_block3,221.407,0.143
L1O-5010,L1O,699795.189,5291416.811,186.99,m,EPSG:26915,NAVD88,GEOID09,lidar_arrowhead2011,2011,arrowhead_block3.pdf table 'Control Z',datum is a DATASET-level assertion (lidar_arrowhead2011.html: 'The geoid used to reduce satellite derived elevations to orthometric heights was Geoid09.'); the validation reports themselves state no datum and no geoid,arrowhead_block3,186.881,0.109
L1O-5011,L1O,753373.746,5321803.528,198.03,m,EPSG:26915,NAVD88,GEOID09,lidar_arrowhead2011,2011,arrowhead_block3.pdf table 'Control Z',datum is a DATASET-level assertion (lidar_arrowhead2011.html: 'The geoid used to reduce satellite derived elevations to orthometric heights was Geoid09.'); the validation reports themselves state no datum and no geoid,arrowhead_block3,197.968,0.062
L1O-6006,L1O,667654.428,5326455.095,563.693,m,EPSG:26915,NAVD88,GEOID09,lidar_arrowhead2011,2011,arrowhead_block3.pdf table 'Control Z',datum is a DATASET-level assertion (lidar_arrowhead2011.html: 'The geoid used to reduce satellite derived elevations to orthometric heights was Geoid09.'); the validation reports themselves state no datum and no geoid,arrowhead_block3,563.662,0.031
L1O-6010,L1O,693780.956,5323860.683,535.886,m,EPSG:26915,NAVD88,GEOID09,lidar_arrowhead2011,2011,arrowhead_block3.pdf table 'Control Z',datum is a DATASET-level assertion (lidar_arrowhead2011.html: 'The geoid used to reduce satellite derived elevations to orthometric heights was Geoid09.'); the validation reports themselves state no datum and no geoid,arrowhead_block3,535.803,0.083
L2B-4029,L2T,717261.191,5298356.674,186.538,m,EPSG:26915,NAVD88,GEOID09,lidar_arrowhead2011,2011,arrowhead_block3.pdf table 'Control Z',datum is a DATASET-level assertion (lidar_arrowhead2011.html: 'The geoid used to reduce satellite derived elevations to orthometric heights was Geoid09.'); the validation reports themselves state no datum and no geoid,arrowhead_block3,186.433,0.105
L2T-2034,L2T,695178.893,5301588.482,547.439,m,EPSG:26915,NAVD88,GEOID09,lidar_arrowhead2011,2011,arrowhead_block3.pdf table 'Control Z',datum is a DATASET-level assertion (lidar_arrowhead2011.html: 'The geoid used to reduce satellite derived elevations to orthometric heights was Geoid09.'); the validation reports themselves state no datum and no geoid,arrowhead_block3,547.588,-0.149
L2T-2036,L2T,696339.385,5301539.065,545.246,m,EPSG:26915,NAVD88,GEOID09,lidar_arrowhead2011,2011,arrowhead_block3.pdf table 'Control Z',datum is a DATASET-level assertion (lidar_arrowhead2011.html: 'The geoid used to reduce satellite derived elevations to orthometric heights was Geoid09.'); the validation reports themselves state no datum and no geoid,arrowhead_block3,545.17,0.076
L2T-2042,L2T,660435.728,5284857.529,472.051,m,EPSG:26915,NAVD88,GEOID09,lidar_arrowhead2011,2011,arrowhead_block3.pdf table 'Control Z',datum is a DATASET-level assertion (lidar_arrowhead2011.html: 'The geoid used to reduce satellite derived elevations to orthometric heights was Geoid09.'); the validation reports themselves state no datum and no geoid,arrowhead_block3,472.063,-0.012
L2T-4012,L2T,714054.587,5297522.856,188.249,m,EPSG:26915,NAVD88,GEOID09,lidar_arrowhead2011,2011,arrowhead_block3.pdf table 'Control Z',datum is a DATASET-level assertion (lidar_arrowhead2011.html: 'The geoid used to reduce satellite derived elevations to orthometric heights was Geoid09.'); the validation reports themselves state no datum and no geoid,arrowhead_block3,188.326,-0.077
L2T-4019,L2T,708695.905,5295307.003,188.328,m,EPSG:26915,NAVD88,GEOID09,lidar_arrowhead2011,2011,arrowhead_block3.pdf table 'Control Z',datum is a DATASET-level assertion (lidar_arrowhead2011.html: 'The geoid used to reduce satellite derived elevations to orthometric heights was Geoid09.'); the validation reports themselves state no datum and no geoid,arrowhead_block3,188.355,-0.027
L2T-4023,L2T,721506.773,5300595.649,211.089,m,EPSG:26915,NAVD88,GEOID09,lidar_arrowhead2011,2011,arrowhead_block3.pdf table 'Control Z',datum is a DATASET-level assertion (lidar_arrowhead2011.html: 'The geoid used to reduce satellite derived elevations to orthometric heights was Geoid09.'); the validation reports themselves state no datum and no geoid,arrowhead_block3,211.122,-0.033
L2T-4025,L2T,722150.158,5300847.802,225.22,m,EPSG:26915,NAVD88,GEOID09,lidar_arrowhead2011,2011,arrowhead_block3.pdf table 'Control Z',datum is a DATASET-level assertion (lidar_arrowhead2011.html: 'The geoid used to reduce satellite derived elevations to orthometric heights was Geoid09.'); the validation reports themselves state no datum and no geoid,arrowhead_block3,225.173,0.047
L2T-4031,L2T,703432.315,5293589.565,201.071,m,EPSG:26915,NAVD88,GEOID09,lidar_arrowhead2011,2011,arrowhead_block3.pdf table 'Control Z',datum is a DATASET-level assertion (lidar_arrowhead2011.html: 'The geoid used to reduce satellite derived elevations to orthometric heights was Geoid09.'); the validation reports themselves state no datum and no geoid,arrowhead_block3,201.158,-0.087
L2T-5001,L2T,754259.442,5321925.698,192.16,m,EPSG:26915,NAVD88,GEOID09,lidar_arrowhead2011,2011,arrowhead_block3.pdf table 'Control Z',datum is a DATASET-level assertion (lidar_arrowhead2011.html: 'The geoid used to reduce satellite derived elevations to orthometric heights was Geoid09.'); the validation reports themselves state no datum and no geoid,arrowhead_block3,192.441,-0.281
L2T-5009,L2T,713511.725,5297420.564,186.622,m,EPSG:26915,NAVD88,GEOID09,lidar_arrowhead2011,2011,arrowhead_block3.pdf table 'Control Z',datum is a DATASET-level assertion (lidar_arrowhead2011.html: 'The geoid used to reduce satellite derived elevations to orthometric heights was Geoid09.'); the validation reports themselves state no datum and no geoid,arrowhead_block3,186.628,-0.006
L2T-6003,L2T,669272.548,5326381.374,570.569,m,EPSG:26915,NAVD88,GEOID09,lidar_arrowhead2011,2011,arrowhead_block3.pdf table 'Control Z',datum is a DATASET-level assertion (lidar_arrowhead2011.html: 'The geoid used to reduce satellite derived elevations to orthometric heights was Geoid09.'); the validation reports themselves state no datum and no geoid,arrowhead_block3,570.863,-0.294
L2T-6011,L2T,699056.38,5317177.603,526.552,m,EPSG:26915,NAVD88,GEOID09,lidar_arrowhead2011,2011,arrowhead_block3.pdf table 'Control Z',datum is a DATASET-level assertion (lidar_arrowhead2011.html: 'The geoid used to reduce satellite derived elevations to orthometric heights was Geoid09.'); the validation reports themselves state no datum and no geoid,arrowhead_block3,526.869,-0.317
L2T-7001,L2T,697667.224,5296091.259,457.365,m,EPSG:26915,NAVD88,GEOID09,lidar_arrowhead2011,2011,arrowhead_block3.pdf table 'Control Z',datum is a DATASET-level assertion (lidar_arrowhead2011.html: 'The geoid used to reduce satellite derived elevations to orthometric heights was Geoid09.'); the validation reports themselves state no datum and no geoid,arrowhead_block3,456.918,0.447
L3B-4002,L3B,730524.635,5305826.591,188.224,m,EPSG:26915,NAVD88,GEOID09,lidar_arrowhead2011,2011,arrowhead_block3.pdf table 'Control Z',datum is a DATASET-level assertion (lidar_arrowhead2011.html: 'The geoid used to reduce satellite derived elevations to orthometric heights was Geoid09.'); the validation reports themselves state no datum and no geoid,arrowhead_block3,188.235,-0.011
L3B-4005,L3B,728083.208,5304046.127,217.269,m,EPSG:26915,NAVD88,GEOID09,lidar_arrowhead2011,2011,arrowhead_block3.pdf table 'Control Z',datum is a DATASET-level assertion (lidar_arrowhead2011.html: 'The geoid used to reduce satellite derived elevations to orthometric heights was Geoid09.'); the validation reports themselves state no datum and no geoid,arrowhead_block3,217.303,-0.034
L3B-4006,L3B,727487.333,5309994.385,435.006,m,EPSG:26915,NAVD88,GEOID09,lidar_arrowhead2011,2011,arrowhead_block3.pdf table 'Control Z',datum is a DATASET-level assertion (lidar_arrowhead2011.html: 'The geoid used to reduce satellite derived elevations to orthometric heights was Geoid09.'); the validation reports themselves state no datum and no geoid,arrowhead_block3,434.94,0.066
L3B-4009,L3B,726219.117,5302039.334,202.774,m,EPSG:26915,NAVD88,GEOID09,lidar_arrowhead2011,2011,arrowhead_block3.pdf table 'Control Z',datum is a DATASET-level assertion (lidar_arrowhead2011.html: 'The geoid used to reduce satellite derived elevations to orthometric heights was Geoid09.'); the validation reports themselves state no datum and no geoid,arrowhead_block3,202.54,0.234
L3B-4011,L3B,715030.796,5322612.519,609.807,m,EPSG:26915,NAVD88,GEOID09,lidar_arrowhead2011,2011,arrowhead_block3.pdf table 'Control Z',datum is a DATASET-level assertion (lidar_arrowhead2011.html: 'The geoid used to reduce satellite derived elevations to orthometric heights was Geoid09.'); the validation reports themselves state no datum and no geoid,arrowhead_block3,609.779,0.028
L3B-4013,L3B,717644.272,5318810.632,574.742,m,EPSG:26915,NAVD88,GEOID09,lidar_arrowhead2011,2011,arrowhead_block3.pdf table 'Control Z',datum is a DATASET-level assertion (lidar_arrowhead2011.html: 'The geoid used to reduce satellite derived elevations to orthometric heights was Geoid09.'); the validation reports themselves state no datum and no geoid,arrowhead_block3,574.787,-0.045
L3B-4014,L3B,719490.719,5312445.417,496.816,m,EPSG:26915,NAVD88,GEOID09,lidar_arrowhead2011,2011,arrowhead_block3.pdf table 'Control Z',datum is a DATASET-level assertion (lidar_arrowhead2011.html: 'The geoid used to reduce satellite derived elevations to orthometric heights was Geoid09.'); the validation reports themselves state no datum and no geoid,arrowhead_block3,496.736,0.08
L3B-4021,L3B,741158.511,5310689.445,190.015,m,EPSG:26915,NAVD88,GEOID09,lidar_arrowhead2011,2011,arrowhead_block3.pdf table 'Control Z',datum is a DATASET-level assertion (lidar_arrowhead2011.html: 'The geoid used to reduce satellite derived elevations to orthometric heights was Geoid09.'); the validation reports themselves state no datum and no geoid,arrowhead_block3,190.128,-0.113
L3B-4026,L3B,731851.391,5306281.432,187.336,m,EPSG:26915,NAVD88,GEOID09,lidar_arrowhead2011,2011,arrowhead_block3.pdf table 'Control Z',datum is a DATASET-level assertion (lidar_arrowhead2011.html: 'The geoid used to reduce satellite derived elevations to orthometric heights was Geoid09.'); the validation reports themselves state no datum and no geoid,arrowhead_block3,187.228,0.108
L3B-4028,L3B,738557.57,5309001.944,204.09,m,EPSG:26915,NAVD88,GEOID09,lidar_arrowhead2011,2011,arrowhead_block3.pdf table 'Control Z',datum is a DATASET-level assertion (lidar_arrowhead2011.html: 'The geoid used to reduce satellite derived elevations to orthometric heights was Geoid09.'); the validation reports themselves state no datum and no geoid,arrowhead_block3,204.175,-0.085
L3B-5003,L3B,735039.907,5307624.357,209.28,m,EPSG:26915,NAVD88,GEOID09,lidar_arrowhead2011,2011,arrowhead_block3.pdf table 'Control Z',datum is a DATASET-level assertion (lidar_arrowhead2011.html: 'The geoid used to reduce satellite derived elevations to orthometric heights was Geoid09.'); the validation reports themselves state no datum and no geoid,arrowhead_block3,209.343,-0.063
L3B-5012,L3B,709543.701,5295206.242,192.335,m,EPSG:26915,NAVD88,GEOID09,lidar_arrowhead2011,2011,arrowhead_block3.pdf table 'Control Z',datum is a DATASET-level assertion (lidar_arrowhead2011.html: 'The geoid used to reduce satellite derived elevations to orthometric heights was Geoid09.'); the validation reports themselves state no datum and no geoid,arrowhead_block3,192.695,-0.36
L3B-6008,L3B,679876.046,5326662.875,578.65,m,EPSG:26915,NAVD88,GEOID09,lidar_arrowhead2011,2011,arrowhead_block3.pdf table 'Control Z',datum is a DATASET-level assertion (lidar_arrowhead2011.html: 'The geoid used to reduce satellite derived elevations to orthometric heights was Geoid09.'); the validation reports themselves state no datum and no geoid,arrowhead_block3,578.553,0.097
L3B-7004,L3B,698330.514,5297456.176,488.817,m,EPSG:26915,NAVD88,GEOID09,lidar_arrowhead2011,2011,arrowhead_block3.pdf table 'Control Z',datum is a DATASET-level assertion (lidar_arrowhead2011.html: 'The geoid used to reduce satellite derived elevations to orthometric heights was Geoid09.'); the validation reports themselves state no datum and no geoid,arrowhead_block3,488.91,-0.093
L4F-2020,L4F,670663.289,5288807.173,487.405,m,EPSG:26915,NAVD88,GEOID09,lidar_arrowhead2011,2011,arrowhead_block3.pdf table 'Control Z',datum is a DATASET-level assertion (lidar_arrowhead2011.html: 'The geoid used to reduce satellite derived elevations to orthometric heights was Geoid09.'); the validation reports themselves state no datum and no geoid,arrowhead_block3,487.414,-0.009
L4F-2022,L4F,678406.708,5282691.576,245.062,m,EPSG:26915,NAVD88,GEOID09,lidar_arrowhead2011,2011,arrowhead_block3.pdf table 'Control Z',datum is a DATASET-level assertion (lidar_arrowhead2011.html: 'The geoid used to reduce satellite derived elevations to orthometric heights was Geoid09.'); the validation reports themselves state no datum and no geoid,arrowhead_block3,245.051,0.011
L4F-2023,L4F,650792.609,5279644.584,495.447,m,EPSG:26915,NAVD88,GEOID09,lidar_arrowhead2011,2011,arrowhead_block3.pdf table 'Control Z',datum is a DATASET-level assertion (lidar_arrowhead2011.html: 'The geoid used to reduce satellite derived elevations to orthometric heights was Geoid09.'); the validation reports themselves state no datum and no geoid,arrowhead_block3,495.515,-0.068
L4F-2025,L4F,657636.023,5275760.297,455.264,m,EPSG:26915,NAVD88,GEOID09,lidar_arrowhead2011,2011,arrowhead_block3.pdf table 'Control Z',datum is a DATASET-level assertion (lidar_arrowhead2011.html: 'The geoid used to reduce satellite derived elevations to orthometric heights was Geoid09.'); the validation reports themselves state no datum and no geoid,arrowhead_block3,455.388,-0.124
L4F-2038,L4F,652942.043,5285719.42,515.587,m,EPSG:26915,NAVD88,GEOID09,lidar_arrowhead2011,2011,arrowhead_block3.pdf table 'Control Z',datum is a DATASET-level assertion (lidar_arrowhead2011.html: 'The geoid used to reduce satellite derived elevations to orthometric heights was Geoid09.'); the validation reports themselves state no datum and no geoid,arrowhead_block3,515.45,0.137
L4F-2043,L4F,661631.646,5298501.513,536.782,m,EPSG:26915,NAVD88,GEOID09,lidar_arrowhead2011,2011,arrowhead_block3.pdf table 'Control Z',datum is a DATASET-level assertion (lidar_arrowhead2011.html: 'The geoid used to reduce satellite derived elevations to orthometric heights was Geoid09.'); the validation reports themselves state no datum and no geoid,arrowhead_block3,536.734,0.048
L4F-4000,L4F,746040.928,5320476.578,312.535,m,EPSG:26915,NAVD88,GEOID09,lidar_arrowhead2011,2011,arrowhead_block3.pdf table 'Control Z',datum is a DATASET-level assertion (lidar_arrowhead2011.html: 'The geoid used to reduce satellite derived elevations to orthometric heights was Geoid09.'); the validation reports themselves state no datum and no geoid,arrowhead_block3,312.471,0.064
L4F-4004,L4F,736937.85,5315683.254,452.946,m,EPSG:26915,NAVD88,GEOID09,lidar_arrowhead2011,2011,arrowhead_block3.pdf table 'Control Z',datum is a DATASET-level assertion (lidar_arrowhead2011.html: 'The geoid used to reduce satellite derived elevations to orthometric heights was Geoid09.'); the validation reports themselves state no datum and no geoid,arrowhead_block3,452.82,0.126
L4F-4016,L4F,703833.337,5318940.579,577.227,m,EPSG:26915,NAVD88,GEOID09,lidar_arrowhead2011,2011,arrowhead_block3.pdf table 'Control Z',datum is a DATASET-level assertion (lidar_arrowhead2011.html: 'The geoid used to reduce satellite derived elevations to orthometric heights was Geoid09.'); the validation reports themselves state no datum and no geoid,arrowhead_block3,577.147,0.08
L4F-4017,L4F,712506.587,5306871.95,531.502,m,EPSG:26915,NAVD88,GEOID09,lidar_arrowhead2011,2011,arrowhead_block3.pdf table 'Control Z',datum is a DATASET-level assertion (lidar_arrowhead2011.html: 'The geoid used to reduce satellite derived elevations to orthometric heights was Geoid09.'); the validation reports themselves state no datum and no geoid,arrowhead_block3,531.467,0.035
L4F-4018,L4F,704870.434,5306689.873,508.706,m,EPSG:26915,NAVD88,GEOID09,lidar_arrowhead2011,2011,arrowhead_block3.pdf table 'Control Z',datum is a DATASET-level assertion (lidar_arrowhead2011.html: 'The geoid used to reduce satellite derived elevations to orthometric heights was Geoid09.'); the validation reports themselves state no datum and no geoid,arrowhead_block3,508.751,-0.045
L4F-4024,L4F,716801.542,5298009.598,187.093,m,EPSG:26915,NAVD88,GEOID09,lidar_arrowhead2011,2011,arrowhead_block3.pdf table 'Control Z',datum is a DATASET-level assertion (lidar_arrowhead2011.html: 'The geoid used to reduce satellite derived elevations to orthometric heights was Geoid09.'); the validation reports themselves state no datum and no geoid,arrowhead_block3,186.781,0.312
L4F-5002,L4F,725422.354,5301741.916,208.913,m,EPSG:26915,NAVD88,GEOID09,lidar_arrowhead2011,2011,arrowhead_block3.pdf table 'Control Z',datum is a DATASET-level assertion (lidar_arrowhead2011.html: 'The geoid used to reduce satellite derived elevations to orthometric heights was Geoid09.'); the validation reports themselves state no datum and no geoid,arrowhead_block3,208.897,0.016
L4F-5005,L4F,753126.725,5321815.301,198.281,m,EPSG:26915,NAVD88,GEOID09,lidar_arrowhead2011,2011,arrowhead_block3.pdf table 'Control Z',datum is a DATASET-level assertion (lidar_arrowhead2011.html: 'The geoid used to reduce satellite derived elevations to orthometric heights was Geoid09.'); the validation reports themselves state no datum and no geoid,arrowhead_block3,198.291,-0.01
L4F-7003,L4F,696238.677,5296048.532,469.287,m,EPSG:26915,NAVD88,GEOID09,lidar_arrowhead2011,2011,arrowhead_block3.pdf table 'Control Z',datum is a DATASET-level assertion (lidar_arrowhead2011.html: 'The geoid used to reduce satellite derived elevations to orthometric heights was Geoid09.'); the validation reports themselves state no datum and no geoid,arrowhead_block3,469.512,-0.225
L5U-2029,L5U,660902.953,5272228.159,464.7,m,EPSG:26915,NAVD88,GEOID09,lidar_arrowhead2011,2011,arrowhead_block3.pdf table 'Control Z',datum is a DATASET-level assertion (lidar_arrowhead2011.html: 'The geoid used to reduce satellite derived elevations to orthometric heights was Geoid09.'); the validation reports themselves state no datum and no geoid,arrowhead_block3,464.792,-0.092
L5U-2040,L5U,662634.617,5271067.217,193.283,m,EPSG:26915,NAVD88,GEOID09,lidar_arrowhead2011,2011,arrowhead_block3.pdf table 'Control Z',datum is a DATASET-level assertion (lidar_arrowhead2011.html: 'The geoid used to reduce satellite derived elevations to orthometric heights was Geoid09.'); the validation reports themselves state no datum and no geoid,arrowhead_block3,193.347,-0.064
L5U-2057,L5U,660190.612,5269527.101,223.623,m,EPSG:26915,NAVD88,GEOID09,lidar_arrowhead2011,2011,arrowhead_block3.pdf table 'Control Z',datum is a DATASET-level assertion (lidar_arrowhead2011.html: 'The geoid used to reduce satellite derived elevations to orthometric heights was Geoid09.'); the validation reports themselves state no datum and no geoid,arrowhead_block3,223.694,-0.071
L5U-4022,L5U,720815.581,5300298.238,194.764,m,EPSG:26915,NAVD88,GEOID09,lidar_arrowhead2011,2011,arrowhead_block3.pdf table 'Control Z',datum is a DATASET-level assertion (lidar_arrowhead2011.html: 'The geoid used to reduce satellite derived elevations to orthometric heights was Geoid09.'); the validation reports themselves state no datum and no geoid,arrowhead_block3,194.625,0.139
L10-1013,L1O,557734.452,5167473.121,224.216,m,EPSG:26915,NAVD88,GEOID09,lidar_duluth2012,2012,duluth2012_validation.pdf table 'Control Z',"datum is a DATASET-level assertion (lidar_duluth2012.html: 'Lidar data are in the UTM Zone 15 coordinate system, NAD83 96, NAVD88 Geoid09 meters tiled by USGS 1/16, 1:24,000 quadrangles.'); the validation reports themselves state no datum and no geoid",duluth2012,224.286,-0.07
L10-1231,L1O,572257.949,5185055.872,196.728,m,EPSG:26915,NAVD88,GEOID09,lidar_duluth2012,2012,duluth2012_validation.pdf table 'Control Z',"datum is a DATASET-level assertion (lidar_duluth2012.html: 'Lidar data are in the UTM Zone 15 coordinate system, NAD83 96, NAVD88 Geoid09 meters tiled by USGS 1/16, 1:24,000 quadrangles.'); the validation reports themselves state no datum and no geoid",duluth2012,196.718,0.01
L10-1232,L1O,573759.556,5186164.835,199.577,m,EPSG:26915,NAVD88,GEOID09,lidar_duluth2012,2012,duluth2012_validation.pdf table 'Control Z',"datum is a DATASET-level assertion (lidar_duluth2012.html: 'Lidar data are in the UTM Zone 15 coordinate system, NAD83 96, NAVD88 Geoid09 meters tiled by USGS 1/16, 1:24,000 quadrangles.'); the validation reports themselves state no datum and no geoid",duluth2012,199.565,0.012
L1O-1003,L1O,554802.806,5167747.34,184.923,m,EPSG:26915,NAVD88,GEOID09,lidar_duluth2012,2012,duluth2012_validation.pdf table 'Control Z',"datum is a DATASET-level assertion (lidar_duluth2012.html: 'Lidar data are in the UTM Zone 15 coordinate system, NAD83 96, NAVD88 Geoid09 meters tiled by USGS 1/16, 1:24,000 quadrangles.'); the validation reports themselves state no datum and no geoid",duluth2012,184.943,-0.02
L1O-1008,L1O,555521.395,5167787.528,186.559,m,EPSG:26915,NAVD88,GEOID09,lidar_duluth2012,2012,duluth2012_validation.pdf table 'Control Z',"datum is a DATASET-level assertion (lidar_duluth2012.html: 'Lidar data are in the UTM Zone 15 coordinate system, NAD83 96, NAVD88 Geoid09 meters tiled by USGS 1/16, 1:24,000 quadrangles.'); the validation reports themselves state no datum and no geoid",duluth2012,186.657,-0.098
L1O-1010,L1O,555612.584,5167723.501,185.597,m,EPSG:26915,NAVD88,GEOID09,lidar_duluth2012,2012,duluth2012_validation.pdf table 'Control Z',"datum is a DATASET-level assertion (lidar_duluth2012.html: 'Lidar data are in the UTM Zone 15 coordinate system, NAD83 96, NAVD88 Geoid09 meters tiled by USGS 1/16, 1:24,000 quadrangles.'); the validation reports themselves state no datum and no geoid",duluth2012,185.633,-0.036
L1O-1011,L1O,556871.106,5167559.049,184.894,m,EPSG:26915,NAVD88,GEOID09,lidar_duluth2012,2012,duluth2012_validation.pdf table 'Control Z',"datum is a DATASET-level assertion (lidar_duluth2012.html: 'Lidar data are in the UTM Zone 15 coordinate system, NAD83 96, NAVD88 Geoid09 meters tiled by USGS 1/16, 1:24,000 quadrangles.'); the validation reports themselves state no datum and no geoid",duluth2012,184.96,-0.066
L1O-1019,L1O,559634.77,5167233.233,202.114,m,EPSG:26915,NAVD88,GEOID09,lidar_duluth2012,2012,duluth2012_validation.pdf table 'Control Z',"datum is a DATASET-level assertion (lidar_duluth2012.html: 'Lidar data are in the UTM Zone 15 coordinate system, NAD83 96, NAVD88 Geoid09 meters tiled by USGS 1/16, 1:24,000 quadrangles.'); the validation reports themselves state no datum and no geoid",duluth2012,202.09,0.024
L1O-1020,L1O,559748.226,5167341.146,202.043,m,EPSG:26915,NAVD88,GEOID09,lidar_duluth2012,2012,duluth2012_validation.pdf table 'Control Z',"datum is a DATASET-level assertion (lidar_duluth2012.html: 'Lidar data are in the UTM Zone 15 coordinate system, NAD83 96, NAVD88 Geoid09 meters tiled by USGS 1/16, 1:24,000 quadrangles.'); the validation reports themselves state no datum and no geoid",duluth2012,202.032,0.011
L1O-1026,L1O,556289.795,5171176.507,343.308,m,EPSG:26915,NAVD88,GEOID09,lidar_duluth2012,2012,duluth2012_validation.pdf table 'Control Z',"datum is a DATASET-level assertion (lidar_duluth2012.html: 'Lidar data are in the UTM Zone 15 coordinate system, NAD83 96, NAVD88 Geoid09 meters tiled by USGS 1/16, 1:24,000 quadrangles.'); the validation reports themselves state no datum and no geoid",duluth2012,343.167,0.141
L1O-1030,L1O,557470.759,5168791.494,237.944,m,EPSG:26915,NAVD88,GEOID09,lidar_duluth2012,2012,duluth2012_validation.pdf table 'Control Z',"datum is a DATASET-level assertion (lidar_duluth2012.html: 'Lidar data are in the UTM Zone 15 coordinate system, NAD83 96, NAVD88 Geoid09 meters tiled by USGS 1/16, 1:24,000 quadrangles.'); the validation reports themselves state no datum and no geoid",duluth2012,237.874,0.07
L1O-1031,L1O,558181.381,5169373.001,225.997,m,EPSG:26915,NAVD88,GEOID09,lidar_duluth2012,2012,duluth2012_validation.pdf table 'Control Z',"datum is a DATASET-level assertion (lidar_duluth2012.html: 'Lidar data are in the UTM Zone 15 coordinate system, NAD83 96, NAVD88 Geoid09 meters tiled by USGS 1/16, 1:24,000 quadrangles.'); the validation reports themselves state no datum and no geoid",duluth2012,225.966,0.031
L1O-1032,L1O,558144.685,5169418.19,226.977,m,EPSG:26915,NAVD88,GEOID09,lidar_duluth2012,2012,duluth2012_validation.pdf table 'Control Z',"datum is a DATASET-level assertion (lidar_duluth2012.html: 'Lidar data are in the UTM Zone 15 coordinate system, NAD83 96, NAVD88 Geoid09 meters tiled by USGS 1/16, 1:24,000 quadrangles.'); the validation reports themselves state no datum and no geoid",duluth2012,226.944,0.033
L1O-1033,L1O,559369.783,5169809.403,207.721,m,EPSG:26915,NAVD88,GEOID09,lidar_duluth2012,2012,duluth2012_validation.pdf table 'Control Z',"datum is a DATASET-level assertion (lidar_duluth2012.html: 'Lidar data are in the UTM Zone 15 coordinate system, NAD83 96, NAVD88 Geoid09 meters tiled by USGS 1/16, 1:24,000 quadrangles.'); the validation reports themselves state no datum and no geoid",duluth2012,207.432,0.289
L1O-1035,L1O,559427.887,5170650.946,206.671,m,EPSG:26915,NAVD88,GEOID09,lidar_duluth2012,2012,duluth2012_validation.pdf table 'Control Z',"datum is a DATASET-level assertion (lidar_duluth2012.html: 'Lidar data are in the UTM Zone 15 coordinate system, NAD83 96, NAVD88 Geoid09 meters tiled by USGS 1/16, 1:24,000 quadrangles.'); the validation reports themselves state no datum and no geoid",duluth2012,206.593,0.078
L1O-1039,L1O,560410.032,5170659.174,200.462,m,EPSG:26915,NAVD88,GEOID09,lidar_duluth2012,2012,duluth2012_validation.pdf table 'Control Z',"datum is a DATASET-level assertion (lidar_duluth2012.html: 'Lidar data are in the UTM Zone 15 coordinate system, NAD83 96, NAVD88 Geoid09 meters tiled by USGS 1/16, 1:24,000 quadrangles.'); the validation reports themselves state no datum and no geoid",duluth2012,200.414,0.048
L1O-1043,L1O,560382.974,5170708.361,201.385,m,EPSG:26915,NAVD88,GEOID09,lidar_duluth2012,2012,duluth2012_validation.pdf table 'Control Z',"datum is a DATASET-level assertion (lidar_duluth2012.html: 'Lidar data are in the UTM Zone 15 coordinate system, NAD83 96, NAVD88 Geoid09 meters tiled by USGS 1/16, 1:24,000 quadrangles.'); the validation reports themselves state no datum and no geoid",duluth2012,201.351,0.034
L1O-1044,L1O,559884.951,5171797.552,199.476,m,EPSG:26915,NAVD88,GEOID09,lidar_duluth2012,2012,duluth2012_validation.pdf table 'Control Z',"datum is a DATASET-level assertion (lidar_duluth2012.html: 'Lidar data are in the UTM Zone 15 coordinate system, NAD83 96, NAVD88 Geoid09 meters tiled by USGS 1/16, 1:24,000 quadrangles.'); the validation reports themselves state no datum and no geoid",duluth2012,199.434,0.042
L1O-1045,L1O,560559.29,5172221.446,185.952,m,EPSG:26915,NAVD88,GEOID09,lidar_duluth2012,2012,duluth2012_validation.pdf table 'Control Z',"datum is a DATASET-level assertion (lidar_duluth2012.html: 'Lidar data are in the UTM Zone 15 coordinate system, NAD83 96, NAVD88 Geoid09 meters tiled by USGS 1/16, 1:24,000 quadrangles.'); the validation reports themselves state no datum and no geoid",duluth2012,185.938,0.014
L1O-1046,L1O,560487.578,5172201.896,188.847,m,EPSG:26915,NAVD88,GEOID09,lidar_duluth2012,2012,duluth2012_validation.pdf table 'Control Z',"datum is a DATASET-level assertion (lidar_duluth2012.html: 'Lidar data are in the UTM Zone 15 coordinate system, NAD83 96, NAVD88 Geoid09 meters tiled by USGS 1/16, 1:24,000 quadrangles.'); the validation reports themselves state no datum and no geoid",duluth2012,188.841,0.006
L1O-1048,L1O,560193.148,5172946.646,219.632,m,EPSG:26915,NAVD88,GEOID09,lidar_duluth2012,2012,duluth2012_validation.pdf table 'Control Z',"datum is a DATASET-level assertion (lidar_duluth2012.html: 'Lidar data are in the UTM Zone 15 coordinate system, NAD83 96, NAVD88 Geoid09 meters tiled by USGS 1/16, 1:24,000 quadrangles.'); the validation reports themselves state no datum and no geoid",duluth2012,219.562,0.07
L1O-1049,L1O,560245.847,5172913.15,218.382,m,EPSG:26915,NAVD88,GEOID09,lidar_duluth2012,2012,duluth2012_validation.pdf table 'Control Z',"datum is a DATASET-level assertion (lidar_duluth2012.html: 'Lidar data are in the UTM Zone 15 coordinate system, NAD83 96, NAVD88 Geoid09 meters tiled by USGS 1/16, 1:24,000 quadrangles.'); the validation reports themselves state no datum and no geoid",duluth2012,218.3,0.082
L1O-1051,L1O,560813.67,5173400.25,200.23,m,EPSG:26915,NAVD88,GEOID09,lidar_duluth2012,2012,duluth2012_validation.pdf table 'Control Z',"datum is a DATASET-level assertion (lidar_duluth2012.html: 'Lidar data are in the UTM Zone 15 coordinate system, NAD83 96, NAVD88 Geoid09 meters tiled by USGS 1/16, 1:24,000 quadrangles.'); the validation reports themselves state no datum and no geoid",duluth2012,200.258,-0.028
L1O-1055,L1O,560867.609,5173394.483,199.494,m,EPSG:26915,NAVD88,GEOID09,lidar_duluth2012,2012,duluth2012_validation.pdf table 'Control Z',"datum is a DATASET-level assertion (lidar_duluth2012.html: 'Lidar data are in the UTM Zone 15 coordinate system, NAD83 96, NAVD88 Geoid09 meters tiled by USGS 1/16, 1:24,000 quadrangles.'); the validation reports themselves state no datum and no geoid",duluth2012,199.517,-0.023
L1O-1056,L1O,560825.061,5173728.556,206.853,m,EPSG:26915,NAVD88,GEOID09,lidar_duluth2012,2012,duluth2012_validation.pdf table 'Control Z',"datum is a DATASET-level assertion (lidar_duluth2012.html: 'Lidar data are in the UTM Zone 15 coordinate system, NAD83 96, NAVD88 Geoid09 meters tiled by USGS 1/16, 1:24,000 quadrangles.'); the validation reports themselves state no datum and no geoid",duluth2012,207.045,-0.192
L1O-1058,L1O,560798.636,5173808.996,209.685,m,EPSG:26915,NAVD88,GEOID09,lidar_duluth2012,2012,duluth2012_validation.pdf table 'Control Z',"datum is a DATASET-level assertion (lidar_duluth2012.html: 'Lidar data are in the UTM Zone 15 coordinate system, NAD83 96, NAVD88 Geoid09 meters tiled by USGS 1/16, 1:24,000 quadrangles.'); the validation reports themselves state no datum and no geoid",duluth2012,209.862,-0.177
L1O-1059,L1O,560690.312,5173864.632,218.151,m,EPSG:26915,NAVD88,GEOID09,lidar_duluth2012,2012,duluth2012_validation.pdf table 'Control Z',"datum is a DATASET-level assertion (lidar_duluth2012.html: 'Lidar data are in the UTM Zone 15 coordinate system, NAD83 96, NAVD88 Geoid09 meters tiled by USGS 1/16, 1:24,000 quadrangles.'); the validation reports themselves state no datum and no geoid",duluth2012,217.293,0.858
L1O-1061,L1O,559630.49,5174569.787,361.432,m,EPSG:26915,NAVD88,GEOID09,lidar_duluth2012,2012,duluth2012_validation.pdf table 'Control Z',"datum is a DATASET-level assertion (lidar_duluth2012.html: 'Lidar data are in the UTM Zone 15 coordinate system, NAD83 96, NAVD88 Geoid09 meters tiled by USGS 1/16, 1:24,000 quadrangles.'); the validation reports themselves state no datum and no geoid",duluth2012,361.409,0.023
L1O-1063,L1O,559654.222,5173255.675,325.076,m,EPSG:26915,NAVD88,GEOID09,lidar_duluth2012,2012,duluth2012_validation.pdf table 'Control Z',"datum is a DATASET-level assertion (lidar_duluth2012.html: 'Lidar data are in the UTM Zone 15 coordinate system, NAD83 96, NAVD88 Geoid09 meters tiled by USGS 1/16, 1:24,000 quadrangles.'); the validation reports themselves state no datum and no geoid",duluth2012,325.065,0.011
L1O-1064,L1O,559508.563,5172928.506,322.289,m,EPSG:26915,NAVD88,GEOID09,lidar_duluth2012,2012,duluth2012_validation.pdf table 'Control Z',"datum is a DATASET-level assertion (lidar_duluth2012.html: 'Lidar data are in the UTM Zone 15 coordinate system, NAD83 96, NAVD88 Geoid09 meters tiled by USGS 1/16, 1:24,000 quadrangles.'); the validation reports themselves state no datum and no geoid",duluth2012,322.296,-0.007
L1O-1066,L1O,559106.138,5172336.389,323.311,m,EPSG:26915,NAVD88,GEOID09,lidar_duluth2012,2012,duluth2012_validation.pdf table 'Control Z',"datum is a DATASET-level assertion (lidar_duluth2012.html: 'Lidar data are in the UTM Zone 15 coordinate system, NAD83 96, NAVD88 Geoid09 meters tiled by USGS 1/16, 1:24,000 quadrangles.'); the validation reports themselves state no datum and no geoid",duluth2012,323.266,0.045
L1O-1069,L1O,559808.697,5176522.879,378.122,m,EPSG:26915,NAVD88,GEOID09,lidar_duluth2012,2012,duluth2012_validation.pdf table 'Control Z',"datum is a DATASET-level assertion (lidar_duluth2012.html: 'Lidar data are in the UTM Zone 15 coordinate system, NAD83 96, NAVD88 Geoid09 meters tiled by USGS 1/16, 1:24,000 quadrangles.'); the validation reports themselves state no datum and no geoid",duluth2012,378.053,0.069
L1O-107,L1O,502295.647,5156370.269,384.656,m,EPSG:26915,NAVD88,GEOID09,lidar_duluth2012,2012,duluth2012_validation.pdf table 'Control Z',"datum is a DATASET-level assertion (lidar_duluth2012.html: 'Lidar data are in the UTM Zone 15 coordinate system, NAD83 96, NAVD88 Geoid09 meters tiled by USGS 1/16, 1:24,000 quadrangles.'); the validation reports themselves state no datum and no geoid",duluth2012,384.679,-0.023
L1O-1071,L1O,559854.008,5176949.855,378.262,m,EPSG:26915,NAVD88,GEOID09,lidar_duluth2012,2012,duluth2012_validation.pdf table 'Control Z',"datum is a DATASET-level assertion (lidar_duluth2012.html: 'Lidar data are in the UTM Zone 15 coordinate system, NAD83 96, NAVD88 Geoid09 meters tiled by USGS 1/16, 1:24,000 quadrangles.'); the validation reports themselves state no datum and no geoid",duluth2012,378.13,0.132
L1O-1072,L1O,559837.539,5177748.218,393.319,m,EPSG:26915,NAVD88,GEOID09,lidar_duluth2012,2012,duluth2012_validation.pdf table 'Control Z',"datum is a DATASET-level assertion (lidar_duluth2012.html: 'Lidar data are in the UTM Zone 15 coordinate system, NAD83 96, NAVD88 Geoid09 meters tiled by USGS 1/16, 1:24,000 quadrangles.'); the validation reports themselves state no datum and no geoid",duluth2012,393.267,0.052
L1O-1074,L1O,560707.557,5177359.295,378.068,m,EPSG:26915,NAVD88,GEOID09,lidar_duluth2012,2012,duluth2012_validation.pdf table 'Control Z',"datum is a DATASET-level assertion (lidar_duluth2012.html: 'Lidar data are in the UTM Zone 15 coordinate system, NAD83 96, NAVD88 Geoid09 meters tiled by USGS 1/16, 1:24,000 quadrangles.'); the validation reports themselves state no datum and no geoid",duluth2012,378.056,0.012
L1O-1078,L1O,562086.168,5177580.545,329.319,m,EPSG:26915,NAVD88,GEOID09,lidar_duluth2012,2012,duluth2012_validation.pdf table 'Control Z',"datum is a DATASET-level assertion (lidar_duluth2012.html: 'Lidar data are in the UTM Zone 15 coordinate system, NAD83 96, NAVD88 Geoid09 meters tiled by USGS 1/16, 1:24,000 quadrangles.'); the validation reports themselves state no datum and no geoid",duluth2012,329.352,-0.033
L1O-1080,L1O,562735.819,5177348.247,268.004,m,EPSG:26915,NAVD88,GEOID09,lidar_duluth2012,2012,duluth2012_validation.pdf table 'Control Z',"datum is a DATASET-level assertion (lidar_duluth2012.html: 'Lidar data are in the UTM Zone 15 coordinate system, NAD83 96, NAVD88 Geoid09 meters tiled by USGS 1/16, 1:24,000 quadrangles.'); the validation reports themselves state no datum and no geoid",duluth2012,268.064,-0.06
L1O-1082,L1O,562685.207,5176706.836,223.331,m,EPSG:26915,NAVD88,GEOID09,lidar_duluth2012,2012,duluth2012_validation.pdf table 'Control Z',"datum is a DATASET-level assertion (lidar_duluth2012.html: 'Lidar data are in the UTM Zone 15 coordinate system, NAD83 96, NAVD88 Geoid09 meters tiled by USGS 1/16, 1:24,000 quadrangles.'); the validation reports themselves state no datum and no geoid",duluth2012,223.346,-0.015
L1O-1083,L1O,562870.292,5176308.445,198.53,m,EPSG:26915,NAVD88,GEOID09,lidar_duluth2012,2012,duluth2012_validation.pdf table 'Control Z',"datum is a DATASET-level assertion (lidar_duluth2012.html: 'Lidar data are in the UTM Zone 15 coordinate system, NAD83 96, NAVD88 Geoid09 meters tiled by USGS 1/16, 1:24,000 quadrangles.'); the validation reports themselves state no datum and no geoid",duluth2012,198.528,0.002
L1O-1085,L1O,562345.209,5175925.549,205.189,m,EPSG:26915,NAVD88,GEOID09,lidar_duluth2012,2012,duluth2012_validation.pdf table 'Control Z',"datum is a DATASET-level assertion (lidar_duluth2012.html: 'Lidar data are in the UTM Zone 15 coordinate system, NAD83 96, NAVD88 Geoid09 meters tiled by USGS 1/16, 1:24,000 quadrangles.'); the validation reports themselves state no datum and no geoid",duluth2012,205.192,-0.003
L1O-1087,L1O,562338.939,5176030.43,209.576,m,EPSG:26915,NAVD88,GEOID09,lidar_duluth2012,2012,duluth2012_validation.pdf table 'Control Z',"datum is a DATASET-level assertion (lidar_duluth2012.html: 'Lidar data are in the UTM Zone 15 coordinate system, NAD83 96, NAVD88 Geoid09 meters tiled by USGS 1/16, 1:24,000 quadrangles.'); the validation reports themselves state no datum and no geoid",duluth2012,209.595,-0.019
L1O-1089,L1O,563266.196,5175523.28,191.226,m,EPSG:26915,NAVD88,GEOID09,lidar_duluth2012,2012,duluth2012_validation.pdf table 'Control Z',"datum is a DATASET-level assertion (lidar_duluth2012.html: 'Lidar data are in the UTM Zone 15 coordinate system, NAD83 96, NAVD88 Geoid09 meters tiled by USGS 1/16, 1:24,000 quadrangles.'); the validation reports themselves state no datum and no geoid",duluth2012,191.203,0.023
L1O-109,L1O,497480.793,5162777.596,398.796,m,EPSG:26915,NAVD88,GEOID09,lidar_duluth2012,2012,duluth2012_validation.pdf table 'Control Z',"datum is a DATASET-level assertion (lidar_duluth2012.html: 'Lidar data are in the UTM Zone 15 coordinate system, NAD83 96, NAVD88 Geoid09 meters tiled by USGS 1/16, 1:24,000 quadrangles.'); the validation reports themselves state no datum and no geoid",duluth2012,398.808,-0.012
L1O-1090,L1O,563935.22,5175207.417,187.096,m,EPSG:26915,NAVD88,GEOID09,lidar_duluth2012,2012,duluth2012_validation.pdf table 'Control Z',"datum is a DATASET-level assertion (lidar_duluth2012.html: 'Lidar data are in the UTM Zone 15 coordinate system, NAD83 96, NAVD88 Geoid09 meters tiled by USGS 1/16, 1:24,000 quadrangles.'); the validation reports themselves state no datum and no geoid",duluth2012,187.192,-0.096
L1O-1091,L1O,564307.825,5175199.459,184.793,m,EPSG:26915,NAVD88,GEOID09,lidar_duluth2012,2012,duluth2012_validation.pdf table 'Control Z',"datum is a DATASET-level assertion (lidar_duluth2012.html: 'Lidar data are in the UTM Zone 15 coordinate system, NAD83 96, NAVD88 Geoid09 meters tiled by USGS 1/16, 1:24,000 quadrangles.'); the validation reports themselves state no datum and no geoid",duluth2012,184.795,-0.002
L1O-1094,L1O,564471.127,5175010.497,184.462,m,EPSG:26915,NAVD88,GEOID09,lidar_duluth2012,2012,duluth2012_validation.pdf table 'Control Z',"datum is a DATASET-level assertion (lidar_duluth2012.html: 'Lidar data are in the UTM Zone 15 coordinate system, NAD83 96, NAVD88 Geoid09 meters tiled by USGS 1/16, 1:24,000 quadrangles.'); the validation reports themselves state no datum and no geoid",duluth2012,184.466,-0.004
L1O-1097,L1O,561861.549,5175083.678,201.487,m,EPSG:26915,NAVD88,GEOID09,lidar_duluth2012,2012,duluth2012_validation.pdf table 'Control Z',"datum is a DATASET-level assertion (lidar_duluth2012.html: 'Lidar data are in the UTM Zone 15 coordinate system, NAD83 96, NAVD88 Geoid09 meters tiled by USGS 1/16, 1:24,000 quadrangles.'); the validation reports themselves state no datum and no geoid",duluth2012,201.558,-0.071
L1O-1099,L1O,561679.467,5175244.789,215.291,m,EPSG:26915,NAVD88,GEOID09,lidar_duluth2012,2012,duluth2012_validation.pdf table 'Control Z',"datum is a DATASET-level assertion (lidar_duluth2012.html: 'Lidar data are in the UTM Zone 15 coordinate system, NAD83 96, NAVD88 Geoid09 meters tiled by USGS 1/16, 1:24,000 quadrangles.'); the validation reports themselves state no datum and no geoid",duluth2012,215.394,-0.103
L1O-1100,L1O,562441.988,5174528.059,190.807,m,EPSG:26915,NAVD88,GEOID09,lidar_duluth2012,2012,duluth2012_validation.pdf table 'Control Z',"datum is a DATASET-level assertion (lidar_duluth2012.html: 'Lidar data are in the UTM Zone 15 coordinate system, NAD83 96, NAVD88 Geoid09 meters tiled by USGS 1/16, 1:24,000 quadrangles.'); the validation reports themselves state no datum and no geoid",duluth2012,190.811,-0.004
L1O-1102,L1O,566770.564,5180876.624,328.443,m,EPSG:26915,NAVD88,GEOID09,lidar_duluth2012,2012,duluth2012_validation.pdf table 'Control Z',"datum is a DATASET-level assertion (lidar_duluth2012.html: 'Lidar data are in the UTM Zone 15 coordinate system, NAD83 96, NAVD88 Geoid09 meters tiled by USGS 1/16, 1:24,000 quadrangles.'); the validation reports themselves state no datum and no geoid",duluth2012,328.475,-0.032
L1O-1103,L1O,566724.289,5180915.632,324.225,m,EPSG:26915,NAVD88,GEOID09,lidar_duluth2012,2012,duluth2012_validation.pdf table 'Control Z',"datum is a DATASET-level assertion (lidar_duluth2012.html: 'Lidar data are in the UTM Zone 15 coordinate system, NAD83 96, NAVD88 Geoid09 meters tiled by USGS 1/16, 1:24,000 quadrangles.'); the validation reports themselves state no datum and no geoid",duluth2012,324.294,-0.069
L1O-1105,L1O,566018.191,5180744.925,329.022,m,EPSG:26915,NAVD88,GEOID09,lidar_duluth2012,2012,duluth2012_validation.pdf table 'Control Z',"datum is a DATASET-level assertion (lidar_duluth2012.html: 'Lidar data are in the UTM Zone 15 coordinate system, NAD83 96, NAVD88 Geoid09 meters tiled by USGS 1/16, 1:24,000 quadrangles.'); the validation reports themselves state no datum and no geoid",duluth2012,328.986,0.036
L1O-1106,L1O,566012.115,5180805.484,331.105,m,EPSG:26915,NAVD88,GEOID09,lidar_duluth2012,2012,duluth2012_validation.pdf table 'Control Z',"datum is a DATASET-level assertion (lidar_duluth2012.html: 'Lidar data are in the UTM Zone 15 coordinate system, NAD83 96, NAVD88 Geoid09 meters tiled by USGS 1/16, 1:24,000 quadrangles.'); the validation reports themselves state no datum and no geoid",duluth2012,331.128,-0.023
L1O-1107,L1O,564432.539,5180764.796,393.9,m,EPSG:26915,NAVD88,GEOID09,lidar_duluth2012,2012,duluth2012_validation.pdf table 'Control Z',"datum is a DATASET-level assertion (lidar_duluth2012.html: 'Lidar data are in the UTM Zone 15 coordinate system, NAD83 96, NAVD88 Geoid09 meters tiled by USGS 1/16, 1:24,000 quadrangles.'); the validation reports themselves state no datum and no geoid",duluth2012,393.946,-0.046
L1O-1109,L1O,563412.558,5180911.361,407.397,m,EPSG:26915,NAVD88,GEOID09,lidar_duluth2012,2012,duluth2012_validation.pdf table 'Control Z',"datum is a DATASET-level assertion (lidar_duluth2012.html: 'Lidar data are in the UTM Zone 15 coordinate system, NAD83 96, NAVD88 Geoid09 meters tiled by USGS 1/16, 1:24,000 quadrangles.'); the validation reports themselves state no datum and no geoid",duluth2012,407.373,0.024
L1O-1111,L1O,563775.074,5178473.191,308.905,m,EPSG:26915,NAVD88,GEOID09,lidar_duluth2012,2012,duluth2012_validation.pdf table 'Control Z',"datum is a DATASET-level assertion (lidar_duluth2012.html: 'Lidar data are in the UTM Zone 15 coordinate system, NAD83 96, NAVD88 Geoid09 meters tiled by USGS 1/16, 1:24,000 quadrangles.'); the validation reports themselves state no datum and no geoid",duluth2012,308.904,0.001
L1O-1113,L1O,563115.929,5178058.659,324.973,m,EPSG:26915,NAVD88,GEOID09,lidar_duluth2012,2012,duluth2012_validation.pdf table 'Control Z',"datum is a DATASET-level assertion (lidar_duluth2012.html: 'Lidar data are in the UTM Zone 15 coordinate system, NAD83 96, NAVD88 Geoid09 meters tiled by USGS 1/16, 1:24,000 quadrangles.'); the validation reports themselves state no datum and no geoid",duluth2012,324.995,-0.022
L1O-1116,L1O,564401.136,5178235.744,210.429,m,EPSG:26915,NAVD88,GEOID09,lidar_duluth2012,2012,duluth2012_validation.pdf table 'Control Z',"datum is a DATASET-level assertion (lidar_duluth2012.html: 'Lidar data are in the UTM Zone 15 coordinate system, NAD83 96, NAVD88 Geoid09 meters tiled by USGS 1/16, 1:24,000 quadrangles.'); the validation reports themselves state no datum and no geoid",duluth2012,210.538,-0.109
L1O-1117,L1O,564414.79,5178213.676,207.859,m,EPSG:26915,NAVD88,GEOID09,lidar_duluth2012,2012,duluth2012_validation.pdf table 'Control Z',"datum is a DATASET-level assertion (lidar_duluth2012.html: 'Lidar data are in the UTM Zone 15 coordinate system, NAD83 96, NAVD88 Geoid09 meters tiled by USGS 1/16, 1:24,000 quadrangles.'); the validation reports themselves state no datum and no geoid",duluth2012,207.81,0.049
L1O-1119,L1O,563799.167,5177692.524,214.659,m,EPSG:26915,NAVD88,GEOID09,lidar_duluth2012,2012,duluth2012_validation.pdf table 'Control Z',"datum is a DATASET-level assertion (lidar_duluth2012.html: 'Lidar data are in the UTM Zone 15 coordinate system, NAD83 96, NAVD88 Geoid09 meters tiled by USGS 1/16, 1:24,000 quadrangles.'); the validation reports themselves state no datum and no geoid",duluth2012,214.592,0.067
L1O-112,L1O,496155.543,5176060.222,388.355,m,EPSG:26915,NAVD88,GEOID09,lidar_duluth2012,2012,duluth2012_validation.pdf table 'Control Z',"datum is a DATASET-level assertion (lidar_duluth2012.html: 'Lidar data are in the UTM Zone 15 coordinate system, NAD83 96, NAVD88 Geoid09 meters tiled by USGS 1/16, 1:24,000 quadrangles.'); the validation reports themselves state no datum and no geoid",duluth2012,388.476,-0.121
L1O-1120,L1O,564212.11,5177485.801,195.792,m,EPSG:26915,NAVD88,GEOID09,lidar_duluth2012,2012,duluth2012_validation.pdf table 'Control Z',"datum is a DATASET-level assertion (lidar_duluth2012.html: 'Lidar data are in the UTM Zone 15 coordinate system, NAD83 96, NAVD88 Geoid09 meters tiled by USGS 1/16, 1:24,000 quadrangles.'); the validation reports themselves state no datum and no geoid",duluth2012,195.809,-0.017
L1O-1122,L1O,563954.508,5176635.895,187.789,m,EPSG:26915,NAVD88,GEOID09,lidar_duluth2012,2012,duluth2012_validation.pdf table 'Control Z',"datum is a DATASET-level assertion (lidar_duluth2012.html: 'Lidar data are in the UTM Zone 15 coordinate system, NAD83 96, NAVD88 Geoid09 meters tiled by USGS 1/16, 1:24,000 quadrangles.'); the validation reports themselves state no datum and no geoid",duluth2012,187.794,-0.005
L1O-1125,L1O,564540.75,5176811.471,190.724,m,EPSG:26915,NAVD88,GEOID09,lidar_duluth2012,2012,duluth2012_validation.pdf table 'Control Z',"datum is a DATASET-level assertion (lidar_duluth2012.html: 'Lidar data are in the UTM Zone 15 coordinate system, NAD83 96, NAVD88 Geoid09 meters tiled by USGS 1/16, 1:24,000 quadrangles.'); the validation reports themselves state no datum and no geoid",duluth2012,190.703,0.021
L1O-1128,L1O,564822.739,5177691.647,191.055,m,EPSG:26915,NAVD88,GEOID09,lidar_duluth2012,2012,duluth2012_validation.pdf table 'Control Z',"datum is a DATASET-level assertion (lidar_duluth2012.html: 'Lidar data are in the UTM Zone 15 coordinate system, NAD83 96, NAVD88 Geoid09 meters tiled by USGS 1/16, 1:24,000 quadrangles.'); the validation reports themselves state no datum and no geoid",duluth2012,191.117,-0.062
L1O-1129,L1O,565703.758,5177752.489,184.819,m,EPSG:26915,NAVD88,GEOID09,lidar_duluth2012,2012,duluth2012_validation.pdf table 'Control Z',"datum is a DATASET-level assertion (lidar_duluth2012.html: 'Lidar data are in the UTM Zone 15 coordinate system, NAD83 96, NAVD88 Geoid09 meters tiled by USGS 1/16, 1:24,000 quadrangles.'); the validation reports themselves state no datum and no geoid",duluth2012,184.832,-0.013
L1O-113,L1O,500079.646,5178856.014,396.02,m,EPSG:26915,NAVD88,GEOID09,lidar_duluth2012,2012,duluth2012_validation.pdf table 'Control Z',"datum is a DATASET-level assertion (lidar_duluth2012.html: 'Lidar data are in the UTM Zone 15 coordinate system, NAD83 96, NAVD88 Geoid09 meters tiled by USGS 1/16, 1:24,000 quadrangles.'); the validation reports themselves state no datum and no geoid",duluth2012,396.049,-0.029
L1O-1132,L1O,565442.771,5178017.788,192.296,m,EPSG:26915,NAVD88,GEOID09,lidar_duluth2012,2012,duluth2012_validation.pdf table 'Control Z',"datum is a DATASET-level assertion (lidar_duluth2012.html: 'Lidar data are in the UTM Zone 15 coordinate system, NAD83 96, NAVD88 Geoid09 meters tiled by USGS 1/16, 1:24,000 quadrangles.'); the validation reports themselves state no datum and no geoid",duluth2012,192.326,-0.03
L1O-1135,L1O,566559.326,5178520.774,185.467,m,EPSG:26915,NAVD88,GEOID09,lidar_duluth2012,2012,duluth2012_validation.pdf table 'Control Z',"datum is a DATASET-level assertion (lidar_duluth2012.html: 'Lidar data are in the UTM Zone 15 coordinate system, NAD83 96, NAVD88 Geoid09 meters tiled by USGS 1/16, 1:24,000 quadrangles.'); the validation reports themselves state no datum and no geoid",duluth2012,185.551,-0.084
L1O-1138,L1O,565622.749,5179974.768,267.695,m,EPSG:26915,NAVD88,GEOID09,lidar_duluth2012,2012,duluth2012_validation.pdf table 'Control Z',"datum is a DATASET-level assertion (lidar_duluth2012.html: 'Lidar data are in the UTM Zone 15 coordinate system, NAD83 96, NAVD88 Geoid09 meters tiled by USGS 1/16, 1:24,000 quadrangles.'); the validation reports themselves state no datum and no geoid",duluth2012,267.667,0.028
L1O-1139,L1O,565638.963,5180014.858,269.222,m,EPSG:26915,NAVD88,GEOID09,lidar_duluth2012,2012,duluth2012_validation.pdf table 'Control Z',"datum is a DATASET-level assertion (lidar_duluth2012.html: 'Lidar data are in the UTM Zone 15 coordinate system, NAD83 96, NAVD88 Geoid09 meters tiled by USGS 1/16, 1:24,000 quadrangles.'); the validation reports themselves state no datum and no geoid",duluth2012,269.278,-0.056
L1O-1141,L1O,565337.049,5179586.769,271.135,m,EPSG:26915,NAVD88,GEOID09,lidar_duluth2012,2012,duluth2012_validation.pdf table 'Control Z',"datum is a DATASET-level assertion (lidar_duluth2012.html: 'Lidar data are in the UTM Zone 15 coordinate system, NAD83 96, NAVD88 Geoid09 meters tiled by USGS 1/16, 1:24,000 quadrangles.'); the validation reports themselves state no datum and no geoid",duluth2012,271.102,0.033
L1O-1143,L1O,564313.012,5180423.306,385.994,m,EPSG:26915,NAVD88,GEOID09,lidar_duluth2012,2012,duluth2012_validation.pdf table 'Control Z',"datum is a DATASET-level assertion (lidar_duluth2012.html: 'Lidar data are in the UTM Zone 15 coordinate system, NAD83 96, NAVD88 Geoid09 meters tiled by USGS 1/16, 1:24,000 quadrangles.'); the validation reports themselves state no datum and no geoid",duluth2012,386.116,-0.122
L1O-1145,L1O,563201.374,5182503.254,401.44,m,EPSG:26915,NAVD88,GEOID09,lidar_duluth2012,2012,duluth2012_validation.pdf table 'Control Z',"datum is a DATASET-level assertion (lidar_duluth2012.html: 'Lidar data are in the UTM Zone 15 coordinate system, NAD83 96, NAVD88 Geoid09 meters tiled by USGS 1/16, 1:24,000 quadrangles.'); the validation reports themselves state no datum and no geoid",duluth2012,401.032,0.408
L1O-1146,L1O,564670.002,5182703.392,403.088,m,EPSG:26915,NAVD88,GEOID09,lidar_duluth2012,2012,duluth2012_validation.pdf table 'Control Z',"datum is a DATASET-level assertion (lidar_duluth2012.html: 'Lidar data are in the UTM Zone 15 coordinate system, NAD83 96, NAVD88 Geoid09 meters tiled by USGS 1/16, 1:24,000 quadrangles.'); the validation reports themselves state no datum and no geoid",duluth2012,402.929,0.159
L1O-1149,L1O,565147.558,5182837.502,419.59,m,EPSG:26915,NAVD88,GEOID09,lidar_duluth2012,2012,duluth2012_validation.pdf table 'Control Z',"datum is a DATASET-level assertion (lidar_duluth2012.html: 'Lidar data are in the UTM Zone 15 coordinate system, NAD83 96, NAVD88 Geoid09 meters tiled by USGS 1/16, 1:24,000 quadrangles.'); the validation reports themselves state no datum and no geoid",duluth2012,419.579,0.011
L1O-1150,L1O,565827.937,5183135.949,385.839,m,EPSG:26915,NAVD88,GEOID09,lidar_duluth2012,2012,duluth2012_validation.pdf table 'Control Z',"datum is a DATASET-level assertion (lidar_duluth2012.html: 'Lidar data are in the UTM Zone 15 coordinate system, NAD83 96, NAVD88 Geoid09 meters tiled by USGS 1/16, 1:24,000 quadrangles.'); the validation reports themselves state no datum and no geoid",duluth2012,385.755,0.084
L1O-1153,L1O,566938.82,5182572.394,382.045,m,EPSG:26915,NAVD88,GEOID09,lidar_duluth2012,2012,duluth2012_validation.pdf table 'Control Z',"datum is a DATASET-level assertion (lidar_duluth2012.html: 'Lidar data are in the UTM Zone 15 coordinate system, NAD83 96, NAVD88 Geoid09 meters tiled by USGS 1/16, 1:24,000 quadrangles.'); the validation reports themselves state no datum and no geoid",duluth2012,382.095,-0.05
L1O-1155,L1O,567096.823,5181428.602,349.817,m,EPSG:26915,NAVD88,GEOID09,lidar_duluth2012,2012,duluth2012_validation.pdf table 'Control Z',"datum is a DATASET-level assertion (lidar_duluth2012.html: 'Lidar data are in the UTM Zone 15 coordinate system, NAD83 96, NAVD88 Geoid09 meters tiled by USGS 1/16, 1:24,000 quadrangles.'); the validation reports themselves state no datum and no geoid",duluth2012,349.766,0.051
L1O-1157,L1O,567376.913,5180713.856,272.716,m,EPSG:26915,NAVD88,GEOID09,lidar_duluth2012,2012,duluth2012_validation.pdf table 'Control Z',"datum is a DATASET-level assertion (lidar_duluth2012.html: 'Lidar data are in the UTM Zone 15 coordinate system, NAD83 96, NAVD88 Geoid09 meters tiled by USGS 1/16, 1:24,000 quadrangles.'); the validation reports themselves state no datum and no geoid",duluth2012,272.835,-0.119
L1O-1159,L1O,569108.178,5181938.658,188.048,m,EPSG:26915,NAVD88,GEOID09,lidar_duluth2012,2012,duluth2012_validation.pdf table 'Control Z',"datum is a DATASET-level assertion (lidar_duluth2012.html: 'Lidar data are in the UTM Zone 15 coordinate system, NAD83 96, NAVD88 Geoid09 meters tiled by USGS 1/16, 1:24,000 quadrangles.'); the validation reports themselves state no datum and no geoid",duluth2012,188.07,-0.022
L1O-116,L1O,499397.227,5166948.367,394.366,m,EPSG:26915,NAVD88,GEOID09,lidar_duluth2012,2012,duluth2012_validation.pdf table 'Control Z',"datum is a DATASET-level assertion (lidar_duluth2012.html: 'Lidar data are in the UTM Zone 15 coordinate system, NAD83 96, NAVD88 Geoid09 meters tiled by USGS 1/16, 1:24,000 quadrangles.'); the validation reports themselves state no datum and no geoid",duluth2012,394.365,0.001
L1O-1161,L1O,569028.277,5181771.707,185.682,m,EPSG:26915,NAVD88,GEOID09,lidar_duluth2012,2012,duluth2012_validation.pdf table 'Control Z',"datum is a DATASET-level assertion (lidar_duluth2012.html: 'Lidar data are in the UTM Zone 15 coordinate system, NAD83 96, NAVD88 Geoid09 meters tiled by USGS 1/16, 1:24,000 quadrangles.'); the validation reports themselves state no datum and no geoid",duluth2012,185.769,-0.087
L1O-1163,L1O,568525.882,5181108.955,185.36,m,EPSG:26915,NAVD88,GEOID09,lidar_duluth2012,2012,duluth2012_validation.pdf table 'Control Z',"datum is a DATASET-level assertion (lidar_duluth2012.html: 'Lidar data are in the UTM Zone 15 coordinate system, NAD83 96, NAVD88 Geoid09 meters tiled by USGS 1/16, 1:24,000 quadrangles.'); the validation reports themselves state no datum and no geoid",duluth2012,185.329,0.031
L1O-1167,L1O,568561.932,5180960.305,186.174,m,EPSG:26915,NAVD88,GEOID09,lidar_duluth2012,2012,duluth2012_validation.pdf table 'Control Z',"datum is a DATASET-level assertion (lidar_duluth2012.html: 'Lidar data are in the UTM Zone 15 coordinate system, NAD83 96, NAVD88 Geoid09 meters tiled by USGS 1/16, 1:24,000 quadrangles.'); the validation reports themselves state no datum and no geoid",duluth2012,186.235,-0.061
L1O-1168,L1O,568550.827,5180883.889,186.307,m,EPSG:26915,NAVD88,GEOID09,lidar_duluth2012,2012,duluth2012_validation.pdf table 'Control Z',"datum is a DATASET-level assertion (lidar_duluth2012.html: 'Lidar data are in the UTM Zone 15 coordinate system, NAD83 96, NAVD88 Geoid09 meters tiled by USGS 1/16, 1:24,000 quadrangles.'); the validation reports themselves state no datum and no geoid",duluth2012,186.263,0.044
L1O-1169,L1O,567554.255,5179667.031,185.055,m,EPSG:26915,NAVD88,GEOID09,lidar_duluth2012,2012,duluth2012_validation.pdf table 'Control Z',"datum is a DATASET-level assertion (lidar_duluth2012.html: 'Lidar data are in the UTM Zone 15 coordinate system, NAD83 96, NAVD88 Geoid09 meters tiled by USGS 1/16, 1:24,000 quadrangles.'); the validation reports themselves state no datum and no geoid",duluth2012,185.103,-0.048
L1O-1170,L1O,568612.94,5178017.694,184.221,m,EPSG:26915,NAVD88,GEOID09,lidar_duluth2012,2012,duluth2012_validation.pdf table 'Control Z',"datum is a DATASET-level assertion (lidar_duluth2012.html: 'Lidar data are in the UTM Zone 15 coordinate system, NAD83 96, NAVD88 Geoid09 meters tiled by USGS 1/16, 1:24,000 quadrangles.'); the validation reports themselves state no datum and no geoid",duluth2012,184.154,0.067
L1O-1173,L1O,567406.323,5180297.221,204.011,m,EPSG:26915,NAVD88,GEOID09,lidar_duluth2012,2012,duluth2012_validation.pdf table 'Control Z',"datum is a DATASET-level assertion (lidar_duluth2012.html: 'Lidar data are in the UTM Zone 15 coordinate system, NAD83 96, NAVD88 Geoid09 meters tiled by USGS 1/16, 1:24,000 quadrangles.'); the validation reports themselves state no datum and no geoid",duluth2012,204.076,-0.065
L1O-1174,L1O,567393.964,5180329.618,210.264,m,EPSG:26915,NAVD88,GEOID09,lidar_duluth2012,2012,duluth2012_validation.pdf table 'Control Z',"datum is a DATASET-level assertion (lidar_duluth2012.html: 'Lidar data are in the UTM Zone 15 coordinate system, NAD83 96, NAVD88 Geoid09 meters tiled by USGS 1/16, 1:24,000 quadrangles.'); the validation reports themselves state no datum and no geoid",duluth2012,210.343,-0.079
L1O-1175,L1O,565060.127,5181732.468,378.764,m,EPSG:26915,NAVD88,GEOID09,lidar_duluth2012,2012,duluth2012_validation.pdf table 'Control Z',"datum is a DATASET-level assertion (lidar_duluth2012.html: 'Lidar data are in the UTM Zone 15 coordinate system, NAD83 96, NAVD88 Geoid09 meters tiled by USGS 1/16, 1:24,000 quadrangles.'); the validation reports themselves state no datum and no geoid",duluth2012,378.73,0.034
L1O-1176,L1O,565061.807,5181737.674,378.945,m,EPSG:26915,NAVD88,GEOID09,lidar_duluth2012,2012,duluth2012_validation.pdf table 'Control Z',"datum is a DATASET-level assertion (lidar_duluth2012.html: 'Lidar data are in the UTM Zone 15 coordinate system, NAD83 96, NAVD88 Geoid09 meters tiled by USGS 1/16, 1:24,000 quadrangles.'); the validation reports themselves state no datum and no geoid",duluth2012,378.912,0.033
L1O-1178,L1O,562946.255,5186035.47,418.375,m,EPSG:26915,NAVD88,GEOID09,lidar_duluth2012,2012,duluth2012_validation.pdf table 'Control Z',"datum is a DATASET-level assertion (lidar_duluth2012.html: 'Lidar data are in the UTM Zone 15 coordinate system, NAD83 96, NAVD88 Geoid09 meters tiled by USGS 1/16, 1:24,000 quadrangles.'); the validation reports themselves state no datum and no geoid",duluth2012,418.246,0.129
L1O-1182,L1O,564440.642,5186968.333,423.18,m,EPSG:26915,NAVD88,GEOID09,lidar_duluth2012,2012,duluth2012_validation.pdf table 'Control Z',"datum is a DATASET-level assertion (lidar_duluth2012.html: 'Lidar data are in the UTM Zone 15 coordinate system, NAD83 96, NAVD88 Geoid09 meters tiled by USGS 1/16, 1:24,000 quadrangles.'); the validation reports themselves state no datum and no geoid",duluth2012,423.13,0.05
L1O-1186,L1O,565518.561,5184549.145,424.363,m,EPSG:26915,NAVD88,GEOID09,lidar_duluth2012,2012,duluth2012_validation.pdf table 'Control Z',"datum is a DATASET-level assertion (lidar_duluth2012.html: 'Lidar data are in the UTM Zone 15 coordinate system, NAD83 96, NAVD88 Geoid09 meters tiled by USGS 1/16, 1:24,000 quadrangles.'); the validation reports themselves state no datum and no geoid",duluth2012,424.423,-0.06
L1O-1187,L1O,565981.541,5183792.83,389.112,m,EPSG:26915,NAVD88,GEOID09,lidar_duluth2012,2012,duluth2012_validation.pdf table 'Control Z',"datum is a DATASET-level assertion (lidar_duluth2012.html: 'Lidar data are in the UTM Zone 15 coordinate system, NAD83 96, NAVD88 Geoid09 meters tiled by USGS 1/16, 1:24,000 quadrangles.'); the validation reports themselves state no datum and no geoid",duluth2012,388.98,0.132
L1O-1188,L1O,566005.902,5183804.934,392.412,m,EPSG:26915,NAVD88,GEOID09,lidar_duluth2012,2012,duluth2012_validation.pdf table 'Control Z',"datum is a DATASET-level assertion (lidar_duluth2012.html: 'Lidar data are in the UTM Zone 15 coordinate system, NAD83 96, NAVD88 Geoid09 meters tiled by USGS 1/16, 1:24,000 quadrangles.'); the validation reports themselves state no datum and no geoid",duluth2012,392.387,0.025
L1O-1192,L1O,567532.927,5182600.48,368.191,m,EPSG:26915,NAVD88,GEOID09,lidar_duluth2012,2012,duluth2012_validation.pdf table 'Control Z',"datum is a DATASET-level assertion (lidar_duluth2012.html: 'Lidar data are in the UTM Zone 15 coordinate system, NAD83 96, NAVD88 Geoid09 meters tiled by USGS 1/16, 1:24,000 quadrangles.'); the validation reports themselves state no datum and no geoid",duluth2012,367.989,0.202
L1O-1195,L1O,568046.396,5182511.988,314.365,m,EPSG:26915,NAVD88,GEOID09,lidar_duluth2012,2012,duluth2012_validation.pdf table 'Control Z',"datum is a DATASET-level assertion (lidar_duluth2012.html: 'Lidar data are in the UTM Zone 15 coordinate system, NAD83 96, NAVD88 Geoid09 meters tiled by USGS 1/16, 1:24,000 quadrangles.'); the validation reports themselves state no datum and no geoid",duluth2012,314.351,0.014
L1O-1198,L1O,568276.51,5182243.677,266.547,m,EPSG:26915,NAVD88,GEOID09,lidar_duluth2012,2012,duluth2012_validation.pdf table 'Control Z',"datum is a DATASET-level assertion (lidar_duluth2012.html: 'Lidar data are in the UTM Zone 15 coordinate system, NAD83 96, NAVD88 Geoid09 meters tiled by USGS 1/16, 1:24,000 quadrangles.'); the validation reports themselves state no datum and no geoid",duluth2012,266.566,-0.019
L1O-1199,L1O,568209.195,5182242.481,279.415,m,EPSG:26915,NAVD88,GEOID09,lidar_duluth2012,2012,duluth2012_validation.pdf table 'Control Z',"datum is a DATASET-level assertion (lidar_duluth2012.html: 'Lidar data are in the UTM Zone 15 coordinate system, NAD83 96, NAVD88 Geoid09 meters tiled by USGS 1/16, 1:24,000 quadrangles.'); the validation reports themselves state no datum and no geoid",duluth2012,279.458,-0.043
L1O-1200,L1O,568837.067,5181835.973,192.043,m,EPSG:26915,NAVD88,GEOID09,lidar_duluth2012,2012,duluth2012_validation.pdf table 'Control Z',"datum is a DATASET-level assertion (lidar_duluth2012.html: 'Lidar data are in the UTM Zone 15 coordinate system, NAD83 96, NAVD88 Geoid09 meters tiled by USGS 1/16, 1:24,000 quadrangles.'); the validation reports themselves state no datum and no geoid",duluth2012,192.093,-0.05
L1O-1203,L1O,570439.088,5183265.462,194.263,m,EPSG:26915,NAVD88,GEOID09,lidar_duluth2012,2012,duluth2012_validation.pdf table 'Control Z',"datum is a DATASET-level assertion (lidar_duluth2012.html: 'Lidar data are in the UTM Zone 15 coordinate system, NAD83 96, NAVD88 Geoid09 meters tiled by USGS 1/16, 1:24,000 quadrangles.'); the validation reports themselves state no datum and no geoid",duluth2012,194.272,-0.009
L1O-1204,L1O,569635.667,5184021.39,273.985,m,EPSG:26915,NAVD88,GEOID09,lidar_duluth2012,2012,duluth2012_validation.pdf table 'Control Z',"datum is a DATASET-level assertion (lidar_duluth2012.html: 'Lidar data are in the UTM Zone 15 coordinate system, NAD83 96, NAVD88 Geoid09 meters tiled by USGS 1/16, 1:24,000 quadrangles.'); the validation reports themselves state no datum and no geoid",duluth2012,273.978,0.007
L1O-1205,L1O,569650.486,5184005.933,273.385,m,EPSG:26915,NAVD88,GEOID09,lidar_duluth2012,2012,duluth2012_validation.pdf table 'Control Z',"datum is a DATASET-level assertion (lidar_duluth2012.html: 'Lidar data are in the UTM Zone 15 coordinate system, NAD83 96, NAVD88 Geoid09 meters tiled by USGS 1/16, 1:24,000 quadrangles.'); the validation reports themselves state no datum and no geoid",duluth2012,273.42,-0.035
L1O-1208,L1O,568517.205,5185109.17,360.779,m,EPSG:26915,NAVD88,GEOID09,lidar_duluth2012,2012,duluth2012_validation.pdf table 'Control Z',"datum is a DATASET-level assertion (lidar_duluth2012.html: 'Lidar data are in the UTM Zone 15 coordinate system, NAD83 96, NAVD88 Geoid09 meters tiled by USGS 1/16, 1:24,000 quadrangles.'); the validation reports themselves state no datum and no geoid",duluth2012,360.75,0.029
L1O-1211,L1O,567520.59,5185283.41,380.875,m,EPSG:26915,NAVD88,GEOID09,lidar_duluth2012,2012,duluth2012_validation.pdf table 'Control Z',"datum is a DATASET-level assertion (lidar_duluth2012.html: 'Lidar data are in the UTM Zone 15 coordinate system, NAD83 96, NAVD88 Geoid09 meters tiled by USGS 1/16, 1:24,000 quadrangles.'); the validation reports themselves state no datum and no geoid",duluth2012,380.857,0.018
L1O-1215,L1O,567721.683,5187250.128,417.637,m,EPSG:26915,NAVD88,GEOID09,lidar_duluth2012,2012,duluth2012_validation.pdf table 'Control Z',"datum is a DATASET-level assertion (lidar_duluth2012.html: 'Lidar data are in the UTM Zone 15 coordinate system, NAD83 96, NAVD88 Geoid09 meters tiled by USGS 1/16, 1:24,000 quadrangles.'); the validation reports themselves state no datum and no geoid",duluth2012,417.628,0.009
L1O-1218,L1O,568576.556,5188736.953,419.932,m,EPSG:26915,NAVD88,GEOID09,lidar_duluth2012,2012,duluth2012_validation.pdf table 'Control Z',"datum is a DATASET-level assertion (lidar_duluth2012.html: 'Lidar data are in the UTM Zone 15 coordinate system, NAD83 96, NAVD88 Geoid09 meters tiled by USGS 1/16, 1:24,000 quadrangles.'); the validation reports themselves state no datum and no geoid",duluth2012,419.989,-0.057
L1O-1219,L1O,568532.927,5188792.408,425.861,m,EPSG:26915,NAVD88,GEOID09,lidar_duluth2012,2012,duluth2012_validation.pdf table 'Control Z',"datum is a DATASET-level assertion (lidar_duluth2012.html: 'Lidar data are in the UTM Zone 15 coordinate system, NAD83 96, NAVD88 Geoid09 meters tiled by USGS 1/16, 1:24,000 quadrangles.'); the validation reports themselves state no datum and no geoid",duluth2012,425.873,-0.012
L1O-1220,L1O,569872.425,5188892.749,398.772,m,EPSG:26915,NAVD88,GEOID09,lidar_duluth2012,2012,duluth2012_validation.pdf table 'Control Z',"datum is a DATASET-level assertion (lidar_duluth2012.html: 'Lidar data are in the UTM Zone 15 coordinate system, NAD83 96, NAVD88 Geoid09 meters tiled by USGS 1/16, 1:24,000 quadrangles.'); the validation reports themselves state no datum and no geoid",duluth2012,398.757,0.015
L1O-1222,L1O,569867.741,5188861.541,396.697,m,EPSG:26915,NAVD88,GEOID09,lidar_duluth2012,2012,duluth2012_validation.pdf table 'Control Z',"datum is a DATASET-level assertion (lidar_duluth2012.html: 'Lidar data are in the UTM Zone 15 coordinate system, NAD83 96, NAVD88 Geoid09 meters tiled by USGS 1/16, 1:24,000 quadrangles.'); the validation reports themselves state no datum and no geoid",duluth2012,396.715,-0.018
L1O-1223,L1O,570499.982,5186835.777,338.177,m,EPSG:26915,NAVD88,GEOID09,lidar_duluth2012,2012,duluth2012_validation.pdf table 'Control Z',"datum is a DATASET-level assertion (lidar_duluth2012.html: 'Lidar data are in the UTM Zone 15 coordinate system, NAD83 96, NAVD88 Geoid09 meters tiled by USGS 1/16, 1:24,000 quadrangles.'); the validation reports themselves state no datum and no geoid",duluth2012,338.114,0.063
L1O-1226,L1O,570663.157,5185328.55,323.359,m,EPSG:26915,NAVD88,GEOID09,lidar_duluth2012,2012,duluth2012_validation.pdf table 'Control Z',"datum is a DATASET-level assertion (lidar_duluth2012.html: 'Lidar data are in the UTM Zone 15 coordinate system, NAD83 96, NAVD88 Geoid09 meters tiled by USGS 1/16, 1:24,000 quadrangles.'); the validation reports themselves state no datum and no geoid",duluth2012,323.414,-0.055
L1O-1228,L1O,571919.77,5185198.241,220.413,m,EPSG:26915,NAVD88,GEOID09,lidar_duluth2012,2012,duluth2012_validation.pdf table 'Control Z',"datum is a DATASET-level assertion (lidar_duluth2012.html: 'Lidar data are in the UTM Zone 15 coordinate system, NAD83 96, NAVD88 Geoid09 meters tiled by USGS 1/16, 1:24,000 quadrangles.'); the validation reports themselves state no datum and no geoid",duluth2012,220.442,-0.029
L1O-1229,L1O,571974.131,5185260.077,221.247,m,EPSG:26915,NAVD88,GEOID09,lidar_duluth2012,2012,duluth2012_validation.pdf table 'Control Z',"datum is a DATASET-level assertion (lidar_duluth2012.html: 'Lidar data are in the UTM Zone 15 coordinate system, NAD83 96, NAVD88 Geoid09 meters tiled by USGS 1/16, 1:24,000 quadrangles.'); the validation reports themselves state no datum and no geoid",duluth2012,221.297,-0.05
L1O-1234,L1O,573774.926,5186092.374,195.153,m,EPSG:26915,NAVD88,GEOID09,lidar_duluth2012,2012,duluth2012_validation.pdf table 'Control Z',"datum is a DATASET-level assertion (lidar_duluth2012.html: 'Lidar data are in the UTM Zone 15 coordinate system, NAD83 96, NAVD88 Geoid09 meters tiled by USGS 1/16, 1:24,000 quadrangles.'); the validation reports themselves state no datum and no geoid",duluth2012,195.208,-0.055
L1O-1235,L1O,573893.359,5186734.893,218.289,m,EPSG:26915,NAVD88,GEOID09,lidar_duluth2012,2012,duluth2012_validation.pdf table 'Control Z',"datum is a DATASET-level assertion (lidar_duluth2012.html: 'Lidar data are in the UTM Zone 15 coordinate system, NAD83 96, NAVD88 Geoid09 meters tiled by USGS 1/16, 1:24,000 quadrangles.'); the validation reports themselves state no datum and no geoid",duluth2012,218.377,-0.088
L1O-1238,L1O,573774.238,5187339.636,240.515,m,EPSG:26915,NAVD88,GEOID09,lidar_duluth2012,2012,duluth2012_validation.pdf table 'Control Z',"datum is a DATASET-level assertion (lidar_duluth2012.html: 'Lidar data are in the UTM Zone 15 coordinate system, NAD83 96, NAVD88 Geoid09 meters tiled by USGS 1/16, 1:24,000 quadrangles.'); the validation reports themselves state no datum and no geoid",duluth2012,240.93,-0.415
L1O-1240,L1O,573719.829,5187349.734,242.23,m,EPSG:26915,NAVD88,GEOID09,lidar_duluth2012,2012,duluth2012_validation.pdf table 'Control Z',"datum is a DATASET-level assertion (lidar_duluth2012.html: 'Lidar data are in the UTM Zone 15 coordinate system, NAD83 96, NAVD88 Geoid09 meters tiled by USGS 1/16, 1:24,000 quadrangles.'); the validation reports themselves state no datum and no geoid",duluth2012,242.267,-0.037
L1O-1241,L1O,573825.017,5187940.853,258.075,m,EPSG:26915,NAVD88,GEOID09,lidar_duluth2012,2012,duluth2012_validation.pdf table 'Control Z',"datum is a DATASET-level assertion (lidar_duluth2012.html: 'Lidar data are in the UTM Zone 15 coordinate system, NAD83 96, NAVD88 Geoid09 meters tiled by USGS 1/16, 1:24,000 quadrangles.'); the validation reports themselves state no datum and no geoid",duluth2012,258.152,-0.077
L1O-1242,L1O,574711.264,5189435.37,283.863,m,EPSG:26915,NAVD88,GEOID09,lidar_duluth2012,2012,duluth2012_validation.pdf table 'Control Z',"datum is a DATASET-level assertion (lidar_duluth2012.html: 'Lidar data are in the UTM Zone 15 coordinate system, NAD83 96, NAVD88 Geoid09 meters tiled by USGS 1/16, 1:24,000 quadrangles.'); the validation reports themselves state no datum and no geoid",duluth2012,283.819,0.044
L1O-1246,L1O,574152.974,5188482.567,268.066,m,EPSG:26915,NAVD88,GEOID09,lidar_duluth2012,2012,duluth2012_validation.pdf table 'Control Z',"datum is a DATASET-level assertion (lidar_duluth2012.html: 'Lidar data are in the UTM Zone 15 coordinate system, NAD83 96, NAVD88 Geoid09 meters tiled by USGS 1/16, 1:24,000 quadrangles.'); the validation reports themselves state no datum and no geoid",duluth2012,268.084,-0.018
L1O-1249,L1O,574511.985,5187934.247,238.277,m,EPSG:26915,NAVD88,GEOID09,lidar_duluth2012,2012,duluth2012_validation.pdf table 'Control Z',"datum is a DATASET-level assertion (lidar_duluth2012.html: 'Lidar data are in the UTM Zone 15 coordinate system, NAD83 96, NAVD88 Geoid09 meters tiled by USGS 1/16, 1:24,000 quadrangles.'); the validation reports themselves state no datum and no geoid",duluth2012,238.212,0.065
L1O-1252,L1O,574730.175,5187603.95,217.68,m,EPSG:26915,NAVD88,GEOID09,lidar_duluth2012,2012,duluth2012_validation.pdf table 'Control Z',"datum is a DATASET-level assertion (lidar_duluth2012.html: 'Lidar data are in the UTM Zone 15 coordinate system, NAD83 96, NAVD88 Geoid09 meters tiled by USGS 1/16, 1:24,000 quadrangles.'); the validation reports themselves state no datum and no geoid",duluth2012,217.688,-0.008
L1O-1253,L1O,575146.275,5187407.553,199.821,m,EPSG:26915,NAVD88,GEOID09,lidar_duluth2012,2012,duluth2012_validation.pdf table 'Control Z',"datum is a DATASET-level assertion (lidar_duluth2012.html: 'Lidar data are in the UTM Zone 15 coordinate system, NAD83 96, NAVD88 Geoid09 meters tiled by USGS 1/16, 1:24,000 quadrangles.'); the validation reports themselves state no datum and no geoid",duluth2012,199.796,0.025
L1O-1257,L1O,575228.879,5187474.263,200.135,m,EPSG:26915,NAVD88,GEOID09,lidar_duluth2012,2012,duluth2012_validation.pdf table 'Control Z',"datum is a DATASET-level assertion (lidar_duluth2012.html: 'Lidar data are in the UTM Zone 15 coordinate system, NAD83 96, NAVD88 Geoid09 meters tiled by USGS 1/16, 1:24,000 quadrangles.'); the validation reports themselves state no datum and no geoid",duluth2012,200.115,0.02
L1O-1258,L1O,572014.643,5186577.842,294.269,m,EPSG:26915,NAVD88,GEOID09,lidar_duluth2012,2012,duluth2012_validation.pdf table 'Control Z',"datum is a DATASET-level assertion (lidar_duluth2012.html: 'Lidar data are in the UTM Zone 15 coordinate system, NAD83 96, NAVD88 Geoid09 meters tiled by USGS 1/16, 1:24,000 quadrangles.'); the validation reports themselves state no datum and no geoid",duluth2012,294.351,-0.082
L1O-1259,L1O,571753.664,5185853.635,264.798,m,EPSG:26915,NAVD88,GEOID09,lidar_duluth2012,2012,duluth2012_validation.pdf table 'Control Z',"datum is a DATASET-level assertion (lidar_duluth2012.html: 'Lidar data are in the UTM Zone 15 coordinate system, NAD83 96, NAVD88 Geoid09 meters tiled by USGS 1/16, 1:24,000 quadrangles.'); the validation reports themselves state no datum and no geoid",duluth2012,264.781,0.017
L1O-1260,L1O,571790.598,5185894.536,264.888,m,EPSG:26915,NAVD88,GEOID09,lidar_duluth2012,2012,duluth2012_validation.pdf table 'Control Z',"datum is a DATASET-level assertion (lidar_duluth2012.html: 'Lidar data are in the UTM Zone 15 coordinate system, NAD83 96, NAVD88 Geoid09 meters tiled by USGS 1/16, 1:24,000 quadrangles.'); the validation reports themselves state no datum and no geoid",duluth2012,264.876,0.012
L1O-1262,L1O,566419.678,5183248.412,382.638,m,EPSG:26915,NAVD88,GEOID09,lidar_duluth2012,2012,duluth2012_validation.pdf table 'Control Z',"datum is a DATASET-level assertion (lidar_duluth2012.html: 'Lidar data are in the UTM Zone 15 coordinate system, NAD83 96, NAVD88 Geoid09 meters tiled by USGS 1/16, 1:24,000 quadrangles.'); the validation reports themselves state no datum and no geoid",duluth2012,382.644,-0.006
L1O-1264,L1O,564089.362,5183935.868,404.023,m,EPSG:26915,NAVD88,GEOID09,lidar_duluth2012,2012,duluth2012_validation.pdf table 'Control Z',"datum is a DATASET-level assertion (lidar_duluth2012.html: 'Lidar data are in the UTM Zone 15 coordinate system, NAD83 96, NAVD88 Geoid09 meters tiled by USGS 1/16, 1:24,000 quadrangles.'); the validation reports themselves state no datum and no geoid",duluth2012,403.979,0.044
L1O-1266,L1O,563482.75,5183747.703,405.022,m,EPSG:26915,NAVD88,GEOID09,lidar_duluth2012,2012,duluth2012_validation.pdf table 'Control Z',"datum is a DATASET-level assertion (lidar_duluth2012.html: 'Lidar data are in the UTM Zone 15 coordinate system, NAD83 96, NAVD88 Geoid09 meters tiled by USGS 1/16, 1:24,000 quadrangles.'); the validation reports themselves state no datum and no geoid",duluth2012,404.908,0.114
L1O-1270,L1O,563706.991,5184827.572,412.413,m,EPSG:26915,NAVD88,GEOID09,lidar_duluth2012,2012,duluth2012_validation.pdf table 'Control Z',"datum is a DATASET-level assertion (lidar_duluth2012.html: 'Lidar data are in the UTM Zone 15 coordinate system, NAD83 96, NAVD88 Geoid09 meters tiled by USGS 1/16, 1:24,000 quadrangles.'); the validation reports themselves state no datum and no geoid",duluth2012,412.398,0.015
L1O-1272,L1O,564624.977,5185727.302,429.079,m,EPSG:26915,NAVD88,GEOID09,lidar_duluth2012,2012,duluth2012_validation.pdf table 'Control Z',"datum is a DATASET-level assertion (lidar_duluth2012.html: 'Lidar data are in the UTM Zone 15 coordinate system, NAD83 96, NAVD88 Geoid09 meters tiled by USGS 1/16, 1:24,000 quadrangles.'); the validation reports themselves state no datum and no geoid",duluth2012,429.03,0.049
L1O-1275,L1O,566275.026,5186264.326,415.083,m,EPSG:26915,NAVD88,GEOID09,lidar_duluth2012,2012,duluth2012_validation.pdf table 'Control Z',"datum is a DATASET-level assertion (lidar_duluth2012.html: 'Lidar data are in the UTM Zone 15 coordinate system, NAD83 96, NAVD88 Geoid09 meters tiled by USGS 1/16, 1:24,000 quadrangles.'); the validation reports themselves state no datum and no geoid",duluth2012,414.763,0.32
L1O-1277,L1O,564713.177,5187750.387,426.37,m,EPSG:26915,NAVD88,GEOID09,lidar_duluth2012,2012,duluth2012_validation.pdf table 'Control Z',"datum is a DATASET-level assertion (lidar_duluth2012.html: 'Lidar data are in the UTM Zone 15 coordinate system, NAD83 96, NAVD88 Geoid09 meters tiled by USGS 1/16, 1:24,000 quadrangles.'); the validation reports themselves state no datum and no geoid",duluth2012,426.318,0.052
L1O-1279,L1O,567757.804,5188794.268,400.903,m,EPSG:26915,NAVD88,GEOID09,lidar_duluth2012,2012,duluth2012_validation.pdf table 'Control Z',"datum is a DATASET-level assertion (lidar_duluth2012.html: 'Lidar data are in the UTM Zone 15 coordinate system, NAD83 96, NAVD88 Geoid09 meters tiled by USGS 1/16, 1:24,000 quadrangles.'); the validation reports themselves state no datum and no geoid",duluth2012,400.818,0.085
L1O-1280,L1O,567736.541,5188792.815,401.189,m,EPSG:26915,NAVD88,GEOID09,lidar_duluth2012,2012,duluth2012_validation.pdf table 'Control Z',"datum is a DATASET-level assertion (lidar_duluth2012.html: 'Lidar data are in the UTM Zone 15 coordinate system, NAD83 96, NAVD88 Geoid09 meters tiled by USGS 1/16, 1:24,000 quadrangles.'); the validation reports themselves state no datum and no geoid",duluth2012,401.029,0.16
L1O-1281,L1O,569329.987,5189407.484,401.528,m,EPSG:26915,NAVD88,GEOID09,lidar_duluth2012,2012,duluth2012_validation.pdf table 'Control Z',"datum is a DATASET-level assertion (lidar_duluth2012.html: 'Lidar data are in the UTM Zone 15 coordinate system, NAD83 96, NAVD88 Geoid09 meters tiled by USGS 1/16, 1:24,000 quadrangles.'); the validation reports themselves state no datum and no geoid",duluth2012,401.488,0.04
L1O-1282,L1O,569330.904,5189338.752,401.485,m,EPSG:26915,NAVD88,GEOID09,lidar_duluth2012,2012,duluth2012_validation.pdf table 'Control Z',"datum is a DATASET-level assertion (lidar_duluth2012.html: 'Lidar data are in the UTM Zone 15 coordinate system, NAD83 96, NAVD88 Geoid09 meters tiled by USGS 1/16, 1:24,000 quadrangles.'); the validation reports themselves state no datum and no geoid",duluth2012,401.532,-0.047
L1O-1283,L1O,569371.634,5190616.706,411.91,m,EPSG:26915,NAVD88,GEOID09,lidar_duluth2012,2012,duluth2012_validation.pdf table 'Control Z',"datum is a DATASET-level assertion (lidar_duluth2012.html: 'Lidar data are in the UTM Zone 15 coordinate system, NAD83 96, NAVD88 Geoid09 meters tiled by USGS 1/16, 1:24,000 quadrangles.'); the validation reports themselves state no datum and no geoid",duluth2012,411.862,0.048
L1O-1284,L1O,570810.927,5190632.074,370.227,m,EPSG:26915,NAVD88,GEOID09,lidar_duluth2012,2012,duluth2012_validation.pdf table 'Control Z',"datum is a DATASET-level assertion (lidar_duluth2012.html: 'Lidar data are in the UTM Zone 15 coordinate system, NAD83 96, NAVD88 Geoid09 meters tiled by USGS 1/16, 1:24,000 quadrangles.'); the validation reports themselves state no datum and no geoid",duluth2012,370.214,0.013
L1O-1286,L1O,572565.873,5190183.314,359.574,m,EPSG:26915,NAVD88,GEOID09,lidar_duluth2012,2012,duluth2012_validation.pdf table 'Control Z',"datum is a DATASET-level assertion (lidar_duluth2012.html: 'Lidar data are in the UTM Zone 15 coordinate system, NAD83 96, NAVD88 Geoid09 meters tiled by USGS 1/16, 1:24,000 quadrangles.'); the validation reports themselves state no datum and no geoid",duluth2012,359.521,0.053
L1O-1287,L1O,572439.672,5188287.999,344.243,m,EPSG:26915,NAVD88,GEOID09,lidar_duluth2012,2012,duluth2012_validation.pdf table 'Control Z',"datum is a DATASET-level assertion (lidar_duluth2012.html: 'Lidar data are in the UTM Zone 15 coordinate system, NAD83 96, NAVD88 Geoid09 meters tiled by USGS 1/16, 1:24,000 quadrangles.'); the validation reports themselves state no datum and no geoid",duluth2012,344.238,0.005
L1O-1290,L1O,569092.402,5181198.971,184.916,m,EPSG:26915,NAVD88,GEOID09,lidar_duluth2012,2012,duluth2012_validation.pdf table 'Control Z',"datum is a DATASET-level assertion (lidar_duluth2012.html: 'Lidar data are in the UTM Zone 15 coordinate system, NAD83 96, NAVD88 Geoid09 meters tiled by USGS 1/16, 1:24,000 quadrangles.'); the validation reports themselves state no datum and no geoid",duluth2012,184.946,-0.03
L1O-1291,L1O,569083.438,5181147.066,185.043,m,EPSG:26915,NAVD88,GEOID09,lidar_duluth2012,2012,duluth2012_validation.pdf table 'Control Z',"datum is a DATASET-level assertion (lidar_duluth2012.html: 'Lidar data are in the UTM Zone 15 coordinate system, NAD83 96, NAVD88 Geoid09 meters tiled by USGS 1/16, 1:24,000 quadrangles.'); the validation reports themselves state no datum and no geoid",duluth2012,185.066,-0.023
L1O-1293,L1O,569135.806,5181053.796,185.067,m,EPSG:26915,NAVD88,GEOID09,lidar_duluth2012,2012,duluth2012_validation.pdf table 'Control Z',"datum is a DATASET-level assertion (lidar_duluth2012.html: 'Lidar data are in the UTM Zone 15 coordinate system, NAD83 96, NAVD88 Geoid09 meters tiled by USGS 1/16, 1:24,000 quadrangles.'); the validation reports themselves state no datum and no geoid",duluth2012,185.141,-0.074
L1O-1298,L1O,569303.48,5181109.41,185.998,m,EPSG:26915,NAVD88,GEOID09,lidar_duluth2012,2012,duluth2012_validation.pdf table 'Control Z',"datum is a DATASET-level assertion (lidar_duluth2012.html: 'Lidar data are in the UTM Zone 15 coordinate system, NAD83 96, NAVD88 Geoid09 meters tiled by USGS 1/16, 1:24,000 quadrangles.'); the validation reports themselves state no datum and no geoid",duluth2012,186.07,-0.072
L1O-1299,L1O,569236.642,5181158.752,185.598,m,EPSG:26915,NAVD88,GEOID09,lidar_duluth2012,2012,duluth2012_validation.pdf table 'Control Z',"datum is a DATASET-level assertion (lidar_duluth2012.html: 'Lidar data are in the UTM Zone 15 coordinate system, NAD83 96, NAVD88 Geoid09 meters tiled by USGS 1/16, 1:24,000 quadrangles.'); the validation reports themselves state no datum and no geoid",duluth2012,185.711,-0.113
L1O-1301,L1O,569682.884,5180209.625,184.876,m,EPSG:26915,NAVD88,GEOID09,lidar_duluth2012,2012,duluth2012_validation.pdf table 'Control Z',"datum is a DATASET-level assertion (lidar_duluth2012.html: 'Lidar data are in the UTM Zone 15 coordinate system, NAD83 96, NAVD88 Geoid09 meters tiled by USGS 1/16, 1:24,000 quadrangles.'); the validation reports themselves state no datum and no geoid",duluth2012,185.023,-0.147
L1O-1302,L1O,569597.59,5180219.791,185.374,m,EPSG:26915,NAVD88,GEOID09,lidar_duluth2012,2012,duluth2012_validation.pdf table 'Control Z',"datum is a DATASET-level assertion (lidar_duluth2012.html: 'Lidar data are in the UTM Zone 15 coordinate system, NAD83 96, NAVD88 Geoid09 meters tiled by USGS 1/16, 1:24,000 quadrangles.'); the validation reports themselves state no datum and no geoid",duluth2012,185.404,-0.03
L1O-1305,L1O,570895.131,5177976.593,186.044,m,EPSG:26915,NAVD88,GEOID09,lidar_duluth2012,2012,duluth2012_validation.pdf table 'Control Z',"datum is a DATASET-level assertion (lidar_duluth2012.html: 'Lidar data are in the UTM Zone 15 coordinate system, NAD83 96, NAVD88 Geoid09 meters tiled by USGS 1/16, 1:24,000 quadrangles.'); the validation reports themselves state no datum and no geoid",duluth2012,186.092,-0.048
L1O-1306,L1O,570820.099,5178050.638,185.759,m,EPSG:26915,NAVD88,GEOID09,lidar_duluth2012,2012,duluth2012_validation.pdf table 'Control Z',"datum is a DATASET-level assertion (lidar_duluth2012.html: 'Lidar data are in the UTM Zone 15 coordinate system, NAD83 96, NAVD88 Geoid09 meters tiled by USGS 1/16, 1:24,000 quadrangles.'); the validation reports themselves state no datum and no geoid",duluth2012,185.797,-0.038
L1O-1307,L1O,570885.971,5178040.664,188.788,m,EPSG:26915,NAVD88,GEOID09,lidar_duluth2012,2012,duluth2012_validation.pdf table 'Control Z',"datum is a DATASET-level assertion (lidar_duluth2012.html: 'Lidar data are in the UTM Zone 15 coordinate system, NAD83 96, NAVD88 Geoid09 meters tiled by USGS 1/16, 1:24,000 quadrangles.'); the validation reports themselves state no datum and no geoid",duluth2012,188.812,-0.024
L1O-1308,L1O,570940.852,5178064.908,184.742,m,EPSG:26915,NAVD88,GEOID09,lidar_duluth2012,2012,duluth2012_validation.pdf table 'Control Z',"datum is a DATASET-level assertion (lidar_duluth2012.html: 'Lidar data are in the UTM Zone 15 coordinate system, NAD83 96, NAVD88 Geoid09 meters tiled by USGS 1/16, 1:24,000 quadrangles.'); the validation reports themselves state no datum and no geoid",duluth2012,184.936,-0.194
L1O-1309,L1O,572203.493,5175767.141,184.016,m,EPSG:26915,NAVD88,GEOID09,lidar_duluth2012,2012,duluth2012_validation.pdf table 'Control Z',"datum is a DATASET-level assertion (lidar_duluth2012.html: 'Lidar data are in the UTM Zone 15 coordinate system, NAD83 96, NAVD88 Geoid09 meters tiled by USGS 1/16, 1:24,000 quadrangles.'); the validation reports themselves state no datum and no geoid",duluth2012,184.124,-0.108
L1O-1310,L1O,572249.527,5175704.363,184.409,m,EPSG:26915,NAVD88,GEOID09,lidar_duluth2012,2012,duluth2012_validation.pdf table 'Control Z',"datum is a DATASET-level assertion (lidar_duluth2012.html: 'Lidar data are in the UTM Zone 15 coordinate system, NAD83 96, NAVD88 Geoid09 meters tiled by USGS 1/16, 1:24,000 quadrangles.'); the validation reports themselves state no datum and no geoid",duluth2012,184.436,-0.027
L1O-1311,L1O,572790.48,5175293.693,184.044,m,EPSG:26915,NAVD88,GEOID09,lidar_duluth2012,2012,duluth2012_validation.pdf table 'Control Z',"datum is a DATASET-level assertion (lidar_duluth2012.html: 'Lidar data are in the UTM Zone 15 coordinate system, NAD83 96, NAVD88 Geoid09 meters tiled by USGS 1/16, 1:24,000 quadrangles.'); the validation reports themselves state no datum and no geoid",duluth2012,184.118,-0.074
L1O-1312,L1O,572827.877,5175286.27,184.301,m,EPSG:26915,NAVD88,GEOID09,lidar_duluth2012,2012,duluth2012_validation.pdf table 'Control Z',"datum is a DATASET-level assertion (lidar_duluth2012.html: 'Lidar data are in the UTM Zone 15 coordinate system, NAD83 96, NAVD88 Geoid09 meters tiled by USGS 1/16, 1:24,000 quadrangles.'); the validation reports themselves state no datum and no geoid",duluth2012,184.422,-0.121
L1O-1313,L1O,573028.446,5175001.416,185.05,m,EPSG:26915,NAVD88,GEOID09,lidar_duluth2012,2012,duluth2012_validation.pdf table 'Control Z',"datum is a DATASET-level assertion (lidar_duluth2012.html: 'Lidar data are in the UTM Zone 15 coordinate system, NAD83 96, NAVD88 Geoid09 meters tiled by USGS 1/16, 1:24,000 quadrangles.'); the validation reports themselves state no datum and no geoid",duluth2012,185.133,-0.083
L1O-1314,L1O,573164.201,5174823.914,186.155,m,EPSG:26915,NAVD88,GEOID09,lidar_duluth2012,2012,duluth2012_validation.pdf table 'Control Z',"datum is a DATASET-level assertion (lidar_duluth2012.html: 'Lidar data are in the UTM Zone 15 coordinate system, NAD83 96, NAVD88 Geoid09 meters tiled by USGS 1/16, 1:24,000 quadrangles.'); the validation reports themselves state no datum and no geoid",duluth2012,186.216,-0.061
L1O-1315,L1O,573018.528,5175168.511,184.919,m,EPSG:26915,NAVD88,GEOID09,lidar_duluth2012,2012,duluth2012_validation.pdf table 'Control Z',"datum is a DATASET-level assertion (lidar_duluth2012.html: 'Lidar data are in the UTM Zone 15 coordinate system, NAD83 96, NAVD88 Geoid09 meters tiled by USGS 1/16, 1:24,000 quadrangles.'); the validation reports themselves state no datum and no geoid",duluth2012,185.016,-0.097
L1O-1316,L1O,572936.295,5175236.666,188.126,m,EPSG:26915,NAVD88,GEOID09,lidar_duluth2012,2012,duluth2012_validation.pdf table 'Control Z',"datum is a DATASET-level assertion (lidar_duluth2012.html: 'Lidar data are in the UTM Zone 15 coordinate system, NAD83 96, NAVD88 Geoid09 meters tiled by USGS 1/16, 1:24,000 quadrangles.'); the validation reports themselves state no datum and no geoid",duluth2012,188.303,-0.177
L1O-1317,L1O,571577.495,5184033.805,194.174,m,EPSG:26915,NAVD88,GEOID09,lidar_duluth2012,2012,duluth2012_validation.pdf table 'Control Z',"datum is a DATASET-level assertion (lidar_duluth2012.html: 'Lidar data are in the UTM Zone 15 coordinate system, NAD83 96, NAVD88 Geoid09 meters tiled by USGS 1/16, 1:24,000 quadrangles.'); the validation reports themselves state no datum and no geoid",duluth2012,194.193,-0.019
L1O-1318,L1O,571550.977,5184069.688,199.547,m,EPSG:26915,NAVD88,GEOID09,lidar_duluth2012,2012,duluth2012_validation.pdf table 'Control Z',"datum is a DATASET-level assertion (lidar_duluth2012.html: 'Lidar data are in the UTM Zone 15 coordinate system, NAD83 96, NAVD88 Geoid09 meters tiled by USGS 1/16, 1:24,000 quadrangles.'); the validation reports themselves state no datum and no geoid",duluth2012,199.574,-0.027
L1O-1320,L1O,571630.387,5184045.627,186.945,m,EPSG:26915,NAVD88,GEOID09,lidar_duluth2012,2012,duluth2012_validation.pdf table 'Control Z',"datum is a DATASET-level assertion (lidar_duluth2012.html: 'Lidar data are in the UTM Zone 15 coordinate system, NAD83 96, NAVD88 Geoid09 meters tiled by USGS 1/16, 1:24,000 quadrangles.'); the validation reports themselves state no datum and no geoid",duluth2012,186.862,0.083
L1O-1322,L1O,571312.036,5186391.763,316.877,m,EPSG:26915,NAVD88,GEOID09,lidar_duluth2012,2012,duluth2012_validation.pdf table 'Control Z',"datum is a DATASET-level assertion (lidar_duluth2012.html: 'Lidar data are in the UTM Zone 15 coordinate system, NAD83 96, NAVD88 Geoid09 meters tiled by USGS 1/16, 1:24,000 quadrangles.'); the validation reports themselves state no datum and no geoid",duluth2012,316.841,0.036
L1O-1323,L1O,571414.041,5186396.599,308.152,m,EPSG:26915,NAVD88,GEOID09,lidar_duluth2012,2012,duluth2012_validation.pdf table 'Control Z',"datum is a DATASET-level assertion (lidar_duluth2012.html: 'Lidar data are in the UTM Zone 15 coordinate system, NAD83 96, NAVD88 Geoid09 meters tiled by USGS 1/16, 1:24,000 quadrangles.'); the validation reports themselves state no datum and no geoid",duluth2012,308.195,-0.043
L1O-1324,L1O,569701.009,5185902.419,348.976,m,EPSG:26915,NAVD88,GEOID09,lidar_duluth2012,2012,duluth2012_validation.pdf table 'Control Z',"datum is a DATASET-level assertion (lidar_duluth2012.html: 'Lidar data are in the UTM Zone 15 coordinate system, NAD83 96, NAVD88 Geoid09 meters tiled by USGS 1/16, 1:24,000 quadrangles.'); the validation reports themselves state no datum and no geoid",duluth2012,348.894,0.082
L1O-1325,L1O,569676.048,5185960.311,347.44,m,EPSG:26915,NAVD88,GEOID09,lidar_duluth2012,2012,duluth2012_validation.pdf table 'Control Z',"datum is a DATASET-level assertion (lidar_duluth2012.html: 'Lidar data are in the UTM Zone 15 coordinate system, NAD83 96, NAVD88 Geoid09 meters tiled by USGS 1/16, 1:24,000 quadrangles.'); the validation reports themselves state no datum and no geoid",duluth2012,347.468,-0.028
L1O-1335,L1O,570529.879,5187151.248,341.656,m,EPSG:26915,NAVD88,GEOID09,lidar_duluth2012,2012,duluth2012_validation.pdf table 'Control Z',"datum is a DATASET-level assertion (lidar_duluth2012.html: 'Lidar data are in the UTM Zone 15 coordinate system, NAD83 96, NAVD88 Geoid09 meters tiled by USGS 1/16, 1:24,000 quadrangles.'); the validation reports themselves state no datum and no geoid",duluth2012,341.684,-0.028
L1O-1336,L1O,570454.257,5187233.208,343.128,m,EPSG:26915,NAVD88,GEOID09,lidar_duluth2012,2012,duluth2012_validation.pdf table 'Control Z',"datum is a DATASET-level assertion (lidar_duluth2012.html: 'Lidar data are in the UTM Zone 15 coordinate system, NAD83 96, NAVD88 Geoid09 meters tiled by USGS 1/16, 1:24,000 quadrangles.'); the validation reports themselves state no datum and no geoid",duluth2012,343.148,-0.02
L1O-1338,L1O,570029.691,5187625.525,365.101,m,EPSG:26915,NAVD88,GEOID09,lidar_duluth2012,2012,duluth2012_validation.pdf table 'Control Z',"datum is a DATASET-level assertion (lidar_duluth2012.html: 'Lidar data are in the UTM Zone 15 coordinate system, NAD83 96, NAVD88 Geoid09 meters tiled by USGS 1/16, 1:24,000 quadrangles.'); the validation reports themselves state no datum and no geoid",duluth2012,365.112,-0.011
L1O-1339,L1O,570173.33,5187410.717,371.368,m,EPSG:26915,NAVD88,GEOID09,lidar_duluth2012,2012,duluth2012_validation.pdf table 'Control Z',"datum is a DATASET-level assertion (lidar_duluth2012.html: 'Lidar data are in the UTM Zone 15 coordinate system, NAD83 96, NAVD88 Geoid09 meters tiled by USGS 1/16, 1:24,000 quadrangles.'); the validation reports themselves state no datum and no geoid",duluth2012,371.271,0.097
L1O-1343,L1O,571801.544,5187844.458,354.962,m,EPSG:26915,NAVD88,GEOID09,lidar_duluth2012,2012,duluth2012_validation.pdf table 'Control Z',"datum is a DATASET-level assertion (lidar_duluth2012.html: 'Lidar data are in the UTM Zone 15 coordinate system, NAD83 96, NAVD88 Geoid09 meters tiled by USGS 1/16, 1:24,000 quadrangles.'); the validation reports themselves state no datum and no geoid",duluth2012,354.877,0.085
L1O-1344,L1O,573032.399,5187891.044,327.522,m,EPSG:26915,NAVD88,GEOID09,lidar_duluth2012,2012,duluth2012_validation.pdf table 'Control Z',"datum is a DATASET-level assertion (lidar_duluth2012.html: 'Lidar data are in the UTM Zone 15 coordinate system, NAD83 96, NAVD88 Geoid09 meters tiled by USGS 1/16, 1:24,000 quadrangles.'); the validation reports themselves state no datum and no geoid",duluth2012,327.454,0.068
L1O-1345,L1O,573836.488,5188610.085,345.769,m,EPSG:26915,NAVD88,GEOID09,lidar_duluth2012,2012,duluth2012_validation.pdf table 'Control Z',"datum is a DATASET-level assertion (lidar_duluth2012.html: 'Lidar data are in the UTM Zone 15 coordinate system, NAD83 96, NAVD88 Geoid09 meters tiled by USGS 1/16, 1:24,000 quadrangles.'); the validation reports themselves state no datum and no geoid",duluth2012,345.682,0.087
L1O-1347,L1O,574433.232,5189291.707,312.632,m,EPSG:26915,NAVD88,GEOID09,lidar_duluth2012,2012,duluth2012_validation.pdf table 'Control Z',"datum is a DATASET-level assertion (lidar_duluth2012.html: 'Lidar data are in the UTM Zone 15 coordinate system, NAD83 96, NAVD88 Geoid09 meters tiled by USGS 1/16, 1:24,000 quadrangles.'); the validation reports themselves state no datum and no geoid",duluth2012,312.575,0.057
L1O-1349,L1O,574437.826,5189284.09,313.167,m,EPSG:26915,NAVD88,GEOID09,lidar_duluth2012,2012,duluth2012_validation.pdf table 'Control Z',"datum is a DATASET-level assertion (lidar_duluth2012.html: 'Lidar data are in the UTM Zone 15 coordinate system, NAD83 96, NAVD88 Geoid09 meters tiled by USGS 1/16, 1:24,000 quadrangles.'); the validation reports themselves state no datum and no geoid",duluth2012,313.133,0.034
L1O-1350,L1O,574820.431,5189742.506,312.955,m,EPSG:26915,NAVD88,GEOID09,lidar_duluth2012,2012,duluth2012_validation.pdf table 'Control Z',"datum is a DATASET-level assertion (lidar_duluth2012.html: 'Lidar data are in the UTM Zone 15 coordinate system, NAD83 96, NAVD88 Geoid09 meters tiled by USGS 1/16, 1:24,000 quadrangles.'); the validation reports themselves state no datum and no geoid",duluth2012,312.819,0.136
L1O-1351,L1O,574999.591,5190295.238,300.23,m,EPSG:26915,NAVD88,GEOID09,lidar_duluth2012,2012,duluth2012_validation.pdf table 'Control Z',"datum is a DATASET-level assertion (lidar_duluth2012.html: 'Lidar data are in the UTM Zone 15 coordinate system, NAD83 96, NAVD88 Geoid09 meters tiled by USGS 1/16, 1:24,000 quadrangles.'); the validation reports themselves state no datum and no geoid",duluth2012,300.122,0.108
L1O-1353,L1O,575262.382,5189528.12,249.984,m,EPSG:26915,NAVD88,GEOID09,lidar_duluth2012,2012,duluth2012_validation.pdf table 'Control Z',"datum is a DATASET-level assertion (lidar_duluth2012.html: 'Lidar data are in the UTM Zone 15 coordinate system, NAD83 96, NAVD88 Geoid09 meters tiled by USGS 1/16, 1:24,000 quadrangles.'); the validation reports themselves state no datum and no geoid",duluth2012,250.1,-0.116
L1O-1355,L1O,575411.427,5188800.871,237.643,m,EPSG:26915,NAVD88,GEOID09,lidar_duluth2012,2012,duluth2012_validation.pdf table 'Control Z',"datum is a DATASET-level assertion (lidar_duluth2012.html: 'Lidar data are in the UTM Zone 15 coordinate system, NAD83 96, NAVD88 Geoid09 meters tiled by USGS 1/16, 1:24,000 quadrangles.'); the validation reports themselves state no datum and no geoid",duluth2012,237.869,-0.226
L1O-1358,L1O,575792.274,5187912.608,201.74,m,EPSG:26915,NAVD88,GEOID09,lidar_duluth2012,2012,duluth2012_validation.pdf table 'Control Z',"datum is a DATASET-level assertion (lidar_duluth2012.html: 'Lidar data are in the UTM Zone 15 coordinate system, NAD83 96, NAVD88 Geoid09 meters tiled by USGS 1/16, 1:24,000 quadrangles.'); the validation reports themselves state no datum and no geoid",duluth2012,201.797,-0.057
L1O-1359,L1O,575826.515,5187894.857,201.048,m,EPSG:26915,NAVD88,GEOID09,lidar_duluth2012,2012,duluth2012_validation.pdf table 'Control Z',"datum is a DATASET-level assertion (lidar_duluth2012.html: 'Lidar data are in the UTM Zone 15 coordinate system, NAD83 96, NAVD88 Geoid09 meters tiled by USGS 1/16, 1:24,000 quadrangles.'); the validation reports themselves state no datum and no geoid",duluth2012,201.086,-0.038
L1O-1363,L1O,575889.508,5187524.635,188.23,m,EPSG:26915,NAVD88,GEOID09,lidar_duluth2012,2012,duluth2012_validation.pdf table 'Control Z',"datum is a DATASET-level assertion (lidar_duluth2012.html: 'Lidar data are in the UTM Zone 15 coordinate system, NAD83 96, NAVD88 Geoid09 meters tiled by USGS 1/16, 1:24,000 quadrangles.'); the validation reports themselves state no datum and no geoid",duluth2012,188.267,-0.037
L1O-1366,L1O,575953.016,5189152.913,243.783,m,EPSG:26915,NAVD88,GEOID09,lidar_duluth2012,2012,duluth2012_validation.pdf table 'Control Z',"datum is a DATASET-level assertion (lidar_duluth2012.html: 'Lidar data are in the UTM Zone 15 coordinate system, NAD83 96, NAVD88 Geoid09 meters tiled by USGS 1/16, 1:24,000 quadrangles.'); the validation reports themselves state no datum and no geoid",duluth2012,243.965,-0.182
L1O-1369,L1O,576352.294,5190220.014,280.641,m,EPSG:26915,NAVD88,GEOID09,lidar_duluth2012,2012,duluth2012_validation.pdf table 'Control Z',"datum is a DATASET-level assertion (lidar_duluth2012.html: 'Lidar data are in the UTM Zone 15 coordinate system, NAD83 96, NAVD88 Geoid09 meters tiled by USGS 1/16, 1:24,000 quadrangles.'); the validation reports themselves state no datum and no geoid",duluth2012,280.713,-0.072
L1O-1370,L1O,577391.696,5193309.998,330.296,m,EPSG:26915,NAVD88,GEOID09,lidar_duluth2012,2012,duluth2012_validation.pdf table 'Control Z',"datum is a DATASET-level assertion (lidar_duluth2012.html: 'Lidar data are in the UTM Zone 15 coordinate system, NAD83 96, NAVD88 Geoid09 meters tiled by USGS 1/16, 1:24,000 quadrangles.'); the validation reports themselves state no datum and no geoid",duluth2012,330.232,0.064
L1O-1371,L1O,578996.096,5193871.735,337.604,m,EPSG:26915,NAVD88,GEOID09,lidar_duluth2012,2012,duluth2012_validation.pdf table 'Control Z',"datum is a DATASET-level assertion (lidar_duluth2012.html: 'Lidar data are in the UTM Zone 15 coordinate system, NAD83 96, NAVD88 Geoid09 meters tiled by USGS 1/16, 1:24,000 quadrangles.'); the validation reports themselves state no datum and no geoid",duluth2012,337.596,0.008
L1O-1372,L1O,579022.318,5192154.049,258.651,m,EPSG:26915,NAVD88,GEOID09,lidar_duluth2012,2012,duluth2012_validation.pdf table 'Control Z',"datum is a DATASET-level assertion (lidar_duluth2012.html: 'Lidar data are in the UTM Zone 15 coordinate system, NAD83 96, NAVD88 Geoid09 meters tiled by USGS 1/16, 1:24,000 quadrangles.'); the validation reports themselves state no datum and no geoid",duluth2012,258.53,0.121
L1O-1374,L1O,579026.947,5190769.701,213.015,m,EPSG:26915,NAVD88,GEOID09,lidar_duluth2012,2012,duluth2012_validation.pdf table 'Control Z',"datum is a DATASET-level assertion (lidar_duluth2012.html: 'Lidar data are in the UTM Zone 15 coordinate system, NAD83 96, NAVD88 Geoid09 meters tiled by USGS 1/16, 1:24,000 quadrangles.'); the validation reports themselves state no datum and no geoid",duluth2012,213.126,-0.111
L1O-1377,L1O,581312.613,5191904.578,188.783,m,EPSG:26915,NAVD88,GEOID09,lidar_duluth2012,2012,duluth2012_validation.pdf table 'Control Z',"datum is a DATASET-level assertion (lidar_duluth2012.html: 'Lidar data are in the UTM Zone 15 coordinate system, NAD83 96, NAVD88 Geoid09 meters tiled by USGS 1/16, 1:24,000 quadrangles.'); the validation reports themselves state no datum and no geoid",duluth2012,188.8,-0.017
L1O-1378,L1O,582137.527,5192593.792,192.255,m,EPSG:26915,NAVD88,GEOID09,lidar_duluth2012,2012,duluth2012_validation.pdf table 'Control Z',"datum is a DATASET-level assertion (lidar_duluth2012.html: 'Lidar data are in the UTM Zone 15 coordinate system, NAD83 96, NAVD88 Geoid09 meters tiled by USGS 1/16, 1:24,000 quadrangles.'); the validation reports themselves state no datum and no geoid",duluth2012,192.294,-0.039
L1O-138,L1O,515110.613,5143759.283,361.718,m,EPSG:26915,NAVD88,GEOID09,lidar_duluth2012,2012,duluth2012_validation.pdf table 'Control Z',"datum is a DATASET-level assertion (lidar_duluth2012.html: 'Lidar data are in the UTM Zone 15 coordinate system, NAD83 96, NAVD88 Geoid09 meters tiled by USGS 1/16, 1:24,000 quadrangles.'); the validation reports themselves state no datum and no geoid",duluth2012,361.685,0.033
L1O-1381,L1O,582210.942,5192473.377,184.584,m,EPSG:26915,NAVD88,GEOID09,lidar_duluth2012,2012,duluth2012_validation.pdf table 'Control Z',"datum is a DATASET-level assertion (lidar_duluth2012.html: 'Lidar data are in the UTM Zone 15 coordinate system, NAD83 96, NAVD88 Geoid09 meters tiled by USGS 1/16, 1:24,000 quadrangles.'); the validation reports themselves state no datum and no geoid",duluth2012,184.607,-0.023
L1O-160,L1O,534009.282,5176838.388,397.175,m,EPSG:26915,NAVD88,GEOID09,lidar_duluth2012,2012,duluth2012_validation.pdf table 'Control Z',"datum is a DATASET-level assertion (lidar_duluth2012.html: 'Lidar data are in the UTM Zone 15 coordinate system, NAD83 96, NAVD88 Geoid09 meters tiled by USGS 1/16, 1:24,000 quadrangles.'); the validation reports themselves state no datum and no geoid",duluth2012,397.148,0.027
L1O-163,L1O,527636.405,5174350.074,418.176,m,EPSG:26915,NAVD88,GEOID09,lidar_duluth2012,2012,duluth2012_validation.pdf table 'Control Z',"datum is a DATASET-level assertion (lidar_duluth2012.html: 'Lidar data are in the UTM Zone 15 coordinate system, NAD83 96, NAVD88 Geoid09 meters tiled by USGS 1/16, 1:24,000 quadrangles.'); the validation reports themselves state no datum and no geoid",duluth2012,418.169,0.007
L1O-164,L1O,516271.666,5167574.746,391.659,m,EPSG:26915,NAVD88,GEOID09,lidar_duluth2012,2012,duluth2012_validation.pdf table 'Control Z',"datum is a DATASET-level assertion (lidar_duluth2012.html: 'Lidar data are in the UTM Zone 15 coordinate system, NAD83 96, NAVD88 Geoid09 meters tiled by USGS 1/16, 1:24,000 quadrangles.'); the validation reports themselves state no datum and no geoid",duluth2012,391.677,-0.018
L1O-165,L1O,520304.629,5171064.665,409.391,m,EPSG:26915,NAVD88,GEOID09,lidar_duluth2012,2012,duluth2012_validation.pdf table 'Control Z',"datum is a DATASET-level assertion (lidar_duluth2012.html: 'Lidar data are in the UTM Zone 15 coordinate system, NAD83 96, NAVD88 Geoid09 meters tiled by USGS 1/16, 1:24,000 quadrangles.'); the validation reports themselves state no datum and no geoid",duluth2012,409.414,-0.023
L1O-166,L1O,525152.355,5168265.452,400.086,m,EPSG:26915,NAVD88,GEOID09,lidar_duluth2012,2012,duluth2012_validation.pdf table 'Control Z',"datum is a DATASET-level assertion (lidar_duluth2012.html: 'Lidar data are in the UTM Zone 15 coordinate system, NAD83 96, NAVD88 Geoid09 meters tiled by USGS 1/16, 1:24,000 quadrangles.'); the validation reports themselves state no datum and no geoid",duluth2012,400.079,0.007
L1O-168,L1O,530823.296,5166043.852,384.723,m,EPSG:26915,NAVD88,GEOID09,lidar_duluth2012,2012,duluth2012_validation.pdf table 'Control Z',"datum is a DATASET-level assertion (lidar_duluth2012.html: 'Lidar data are in the UTM Zone 15 coordinate system, NAD83 96, NAVD88 Geoid09 meters tiled by USGS 1/16, 1:24,000 quadrangles.'); the validation reports themselves state no datum and no geoid",duluth2012,384.681,0.042
L1O-169,L1O,535672.843,5169539.967,374.082,m,EPSG:26915,NAVD88,GEOID09,lidar_duluth2012,2012,duluth2012_validation.pdf table 'Control Z',"datum is a DATASET-level assertion (lidar_duluth2012.html: 'Lidar data are in the UTM Zone 15 coordinate system, NAD83 96, NAVD88 Geoid09 meters tiled by USGS 1/16, 1:24,000 quadrangles.'); the validation reports themselves state no datum and no geoid",duluth2012,373.985,0.097
L1O-173,L1O,552106.16,5141471.838,388.638,m,EPSG:26915,NAVD88,GEOID09,lidar_duluth2012,2012,duluth2012_validation.pdf table 'Control Z',"datum is a DATASET-level assertion (lidar_duluth2012.html: 'Lidar data are in the UTM Zone 15 coordinate system, NAD83 96, NAVD88 Geoid09 meters tiled by USGS 1/16, 1:24,000 quadrangles.'); the validation reports themselves state no datum and no geoid",duluth2012,388.527,0.111
L1O-181,L1O,531093.047,5145406.954,321.863,m,EPSG:26915,NAVD88,GEOID09,lidar_duluth2012,2012,duluth2012_validation.pdf table 'Control Z',"datum is a DATASET-level assertion (lidar_duluth2012.html: 'Lidar data are in the UTM Zone 15 coordinate system, NAD83 96, NAVD88 Geoid09 meters tiled by USGS 1/16, 1:24,000 quadrangles.'); the validation reports themselves state no datum and no geoid",duluth2012,321.923,-0.06
L1O-183,L1O,540917.389,5147136.984,294.499,m,EPSG:26915,NAVD88,GEOID09,lidar_duluth2012,2012,duluth2012_validation.pdf table 'Control Z',"datum is a DATASET-level assertion (lidar_duluth2012.html: 'Lidar data are in the UTM Zone 15 coordinate system, NAD83 96, NAVD88 Geoid09 meters tiled by USGS 1/16, 1:24,000 quadrangles.'); the validation reports themselves state no datum and no geoid",duluth2012,294.6,-0.101
L1O-189,L1O,551485.221,5163058.239,310.664,m,EPSG:26915,NAVD88,GEOID09,lidar_duluth2012,2012,duluth2012_validation.pdf table 'Control Z',"datum is a DATASET-level assertion (lidar_duluth2012.html: 'Lidar data are in the UTM Zone 15 coordinate system, NAD83 96, NAVD88 Geoid09 meters tiled by USGS 1/16, 1:24,000 quadrangles.'); the validation reports themselves state no datum and no geoid",duluth2012,310.699,-0.035
L1O-194,L1O,532623.361,5157559.143,336.971,m,EPSG:26915,NAVD88,GEOID09,lidar_duluth2012,2012,duluth2012_validation.pdf table 'Control Z',"datum is a DATASET-level assertion (lidar_duluth2012.html: 'Lidar data are in the UTM Zone 15 coordinate system, NAD83 96, NAVD88 Geoid09 meters tiled by USGS 1/16, 1:24,000 quadrangles.'); the validation reports themselves state no datum and no geoid",duluth2012,337.091,-0.12
L1O-198,L1O,518742.366,5162879.172,393.867,m,EPSG:26915,NAVD88,GEOID09,lidar_duluth2012,2012,duluth2012_validation.pdf table 'Control Z',"datum is a DATASET-level assertion (lidar_duluth2012.html: 'Lidar data are in the UTM Zone 15 coordinate system, NAD83 96, NAVD88 Geoid09 meters tiled by USGS 1/16, 1:24,000 quadrangles.'); the validation reports themselves state no datum and no geoid",duluth2012,393.923,-0.056
L1O-202,L1O,525399.436,5154189.282,341.411,m,EPSG:26915,NAVD88,GEOID09,lidar_duluth2012,2012,duluth2012_validation.pdf table 'Control Z',"datum is a DATASET-level assertion (lidar_duluth2012.html: 'Lidar data are in the UTM Zone 15 coordinate system, NAD83 96, NAVD88 Geoid09 meters tiled by USGS 1/16, 1:24,000 quadrangles.'); the validation reports themselves state no datum and no geoid",duluth2012,341.565,-0.154
L1O-36,L1O,538462.161,5212952.916,409.264,m,EPSG:26915,NAVD88,GEOID09,lidar_duluth2012,2012,duluth2012_validation.pdf table 'Control Z',"datum is a DATASET-level assertion (lidar_duluth2012.html: 'Lidar data are in the UTM Zone 15 coordinate system, NAD83 96, NAVD88 Geoid09 meters tiled by USGS 1/16, 1:24,000 quadrangles.'); the validation reports themselves state no datum and no geoid",duluth2012,409.188,0.076
L1O-40,L1O,519551.543,5196975.489,402.181,m,EPSG:26915,NAVD88,GEOID09,lidar_duluth2012,2012,duluth2012_validation.pdf table 'Control Z',"datum is a DATASET-level assertion (lidar_duluth2012.html: 'Lidar data are in the UTM Zone 15 coordinate system, NAD83 96, NAVD88 Geoid09 meters tiled by USGS 1/16, 1:24,000 quadrangles.'); the validation reports themselves state no datum and no geoid",duluth2012,402.173,0.008
L1O-53,L1O,529046.586,5202771.574,417.982,m,EPSG:26915,NAVD88,GEOID09,lidar_duluth2012,2012,duluth2012_validation.pdf table 'Control Z',"datum is a DATASET-level assertion (lidar_duluth2012.html: 'Lidar data are in the UTM Zone 15 coordinate system, NAD83 96, NAVD88 Geoid09 meters tiled by USGS 1/16, 1:24,000 quadrangles.'); the validation reports themselves state no datum and no geoid",duluth2012,417.949,0.033
L1O-58,L1O,560960.32,5211193.908,426.029,m,EPSG:26915,NAVD88,GEOID09,lidar_duluth2012,2012,duluth2012_validation.pdf table 'Control Z',"datum is a DATASET-level assertion (lidar_duluth2012.html: 'Lidar data are in the UTM Zone 15 coordinate system, NAD83 96, NAVD88 Geoid09 meters tiled by USGS 1/16, 1:24,000 quadrangles.'); the validation reports themselves state no datum and no geoid",duluth2012,425.976,0.053
L1O-62,L1O,548364.625,5193611.137,416.221,m,EPSG:26915,NAVD88,GEOID09,lidar_duluth2012,2012,duluth2012_validation.pdf table 'Control Z',"datum is a DATASET-level assertion (lidar_duluth2012.html: 'Lidar data are in the UTM Zone 15 coordinate system, NAD83 96, NAVD88 Geoid09 meters tiled by USGS 1/16, 1:24,000 quadrangles.'); the validation reports themselves state no datum and no geoid",duluth2012,416.098,0.123
L1O-68,L1O,576751.507,5233981.539,469.151,m,EPSG:26915,NAVD88,GEOID09,lidar_duluth2012,2012,duluth2012_validation.pdf table 'Control Z',"datum is a DATASET-level assertion (lidar_duluth2012.html: 'Lidar data are in the UTM Zone 15 coordinate system, NAD83 96, NAVD88 Geoid09 meters tiled by USGS 1/16, 1:24,000 quadrangles.'); the validation reports themselves state no datum and no geoid",duluth2012,469.063,0.088
L1O-79,L1O,556289.795,5171176.507,343.308,m,EPSG:26915,NAVD88,GEOID09,lidar_duluth2012,2012,duluth2012_validation.pdf table 'Control Z',"datum is a DATASET-level assertion (lidar_duluth2012.html: 'Lidar data are in the UTM Zone 15 coordinate system, NAD83 96, NAVD88 Geoid09 meters tiled by USGS 1/16, 1:24,000 quadrangles.'); the validation reports themselves state no datum and no geoid",duluth2012,343.167,0.141
L2T-1005,L2T,555602.315,5168353.81,192.816,m,EPSG:26915,NAVD88,GEOID09,lidar_duluth2012,2012,duluth2012_validation.pdf table 'Control Z',"datum is a DATASET-level assertion (lidar_duluth2012.html: 'Lidar data are in the UTM Zone 15 coordinate system, NAD83 96, NAVD88 Geoid09 meters tiled by USGS 1/16, 1:24,000 quadrangles.'); the validation reports themselves state no datum and no geoid",duluth2012,192.926,-0.11
L2T-101,L2T,500556.622,5144080.523,367.818,m,EPSG:26915,NAVD88,GEOID09,lidar_duluth2012,2012,duluth2012_validation.pdf table 'Control Z',"datum is a DATASET-level assertion (lidar_duluth2012.html: 'Lidar data are in the UTM Zone 15 coordinate system, NAD83 96, NAVD88 Geoid09 meters tiled by USGS 1/16, 1:24,000 quadrangles.'); the validation reports themselves state no datum and no geoid",duluth2012,368.071,-0.253
L2T-1017,L2T,557585.561,5167537.615,225.488,m,EPSG:26915,NAVD88,GEOID09,lidar_duluth2012,2012,duluth2012_validation.pdf table 'Control Z',"datum is a DATASET-level assertion (lidar_duluth2012.html: 'Lidar data are in the UTM Zone 15 coordinate system, NAD83 96, NAVD88 Geoid09 meters tiled by USGS 1/16, 1:24,000 quadrangles.'); the validation reports themselves state no datum and no geoid",duluth2012,225.496,-0.008
L2T-1018,L2T,557533.215,5167484.379,222.328,m,EPSG:26915,NAVD88,GEOID09,lidar_duluth2012,2012,duluth2012_validation.pdf table 'Control Z',"datum is a DATASET-level assertion (lidar_duluth2012.html: 'Lidar data are in the UTM Zone 15 coordinate system, NAD83 96, NAVD88 Geoid09 meters tiled by USGS 1/16, 1:24,000 quadrangles.'); the validation reports themselves state no datum and no geoid",duluth2012,222.281,0.047
L2T-1025,L2T,559839.022,5167368.431,197.637,m,EPSG:26915,NAVD88,GEOID09,lidar_duluth2012,2012,duluth2012_validation.pdf table 'Control Z',"datum is a DATASET-level assertion (lidar_duluth2012.html: 'Lidar data are in the UTM Zone 15 coordinate system, NAD83 96, NAVD88 Geoid09 meters tiled by USGS 1/16, 1:24,000 quadrangles.'); the validation reports themselves state no datum and no geoid",duluth2012,197.68,-0.043
L2T-1027,L2T,557560.448,5168758.245,233.354,m,EPSG:26915,NAVD88,GEOID09,lidar_duluth2012,2012,duluth2012_validation.pdf table 'Control Z',"datum is a DATASET-level assertion (lidar_duluth2012.html: 'Lidar data are in the UTM Zone 15 coordinate system, NAD83 96, NAVD88 Geoid09 meters tiled by USGS 1/16, 1:24,000 quadrangles.'); the validation reports themselves state no datum and no geoid",duluth2012,232.719,0.635
L2T-1028,L2T,557469.241,5168743.202,237.199,m,EPSG:26915,NAVD88,GEOID09,lidar_duluth2012,2012,duluth2012_validation.pdf table 'Control Z',"datum is a DATASET-level assertion (lidar_duluth2012.html: 'Lidar data are in the UTM Zone 15 coordinate system, NAD83 96, NAVD88 Geoid09 meters tiled by USGS 1/16, 1:24,000 quadrangles.'); the validation reports themselves state no datum and no geoid",duluth2012,237.308,-0.109
L2T-1034,L2T,559430.238,5169808.208,205.939,m,EPSG:26915,NAVD88,GEOID09,lidar_duluth2012,2012,duluth2012_validation.pdf table 'Control Z',"datum is a DATASET-level assertion (lidar_duluth2012.html: 'Lidar data are in the UTM Zone 15 coordinate system, NAD83 96, NAVD88 Geoid09 meters tiled by USGS 1/16, 1:24,000 quadrangles.'); the validation reports themselves state no datum and no geoid",duluth2012,205.78,0.159
L2T-1036,L2T,559410.627,5170683.054,208.062,m,EPSG:26915,NAVD88,GEOID09,lidar_duluth2012,2012,duluth2012_validation.pdf table 'Control Z',"datum is a DATASET-level assertion (lidar_duluth2012.html: 'Lidar data are in the UTM Zone 15 coordinate system, NAD83 96, NAVD88 Geoid09 meters tiled by USGS 1/16, 1:24,000 quadrangles.'); the validation reports themselves state no datum and no geoid",duluth2012,208.181,-0.119
L2T-104,L2T,503911.78,5142847.129,363.783,m,EPSG:26915,NAVD88,GEOID09,lidar_duluth2012,2012,duluth2012_validation.pdf table 'Control Z',"datum is a DATASET-level assertion (lidar_duluth2012.html: 'Lidar data are in the UTM Zone 15 coordinate system, NAD83 96, NAVD88 Geoid09 meters tiled by USGS 1/16, 1:24,000 quadrangles.'); the validation reports themselves state no datum and no geoid",duluth2012,363.758,0.025
L2T-1047,L2T,560555.619,5172179.414,185.497,m,EPSG:26915,NAVD88,GEOID09,lidar_duluth2012,2012,duluth2012_validation.pdf table 'Control Z',"datum is a DATASET-level assertion (lidar_duluth2012.html: 'Lidar data are in the UTM Zone 15 coordinate system, NAD83 96, NAVD88 Geoid09 meters tiled by USGS 1/16, 1:24,000 quadrangles.'); the validation reports themselves state no datum and no geoid",duluth2012,185.627,-0.13
L2T-105,L2T,501449.979,5148726.904,382.667,m,EPSG:26915,NAVD88,GEOID09,lidar_duluth2012,2012,duluth2012_validation.pdf table 'Control Z',"datum is a DATASET-level assertion (lidar_duluth2012.html: 'Lidar data are in the UTM Zone 15 coordinate system, NAD83 96, NAVD88 Geoid09 meters tiled by USGS 1/16, 1:24,000 quadrangles.'); the validation reports themselves state no datum and no geoid",duluth2012,382.714,-0.047
L2T-1053,L2T,560950.865,5173466.861,198.129,m,EPSG:26915,NAVD88,GEOID09,lidar_duluth2012,2012,duluth2012_validation.pdf table 'Control Z',"datum is a DATASET-level assertion (lidar_duluth2012.html: 'Lidar data are in the UTM Zone 15 coordinate system, NAD83 96, NAVD88 Geoid09 meters tiled by USGS 1/16, 1:24,000 quadrangles.'); the validation reports themselves state no datum and no geoid",duluth2012,198.299,-0.17
L2T-106,L2T,499042.16,5151957.598,387.107,m,EPSG:26915,NAVD88,GEOID09,lidar_duluth2012,2012,duluth2012_validation.pdf table 'Control Z',"datum is a DATASET-level assertion (lidar_duluth2012.html: 'Lidar data are in the UTM Zone 15 coordinate system, NAD83 96, NAVD88 Geoid09 meters tiled by USGS 1/16, 1:24,000 quadrangles.'); the validation reports themselves state no datum and no geoid",duluth2012,387.144,-0.037
L2T-1076,L2T,560613.056,5177271.353,379.019,m,EPSG:26915,NAVD88,GEOID09,lidar_duluth2012,2012,duluth2012_validation.pdf table 'Control Z',"datum is a DATASET-level assertion (lidar_duluth2012.html: 'Lidar data are in the UTM Zone 15 coordinate system, NAD83 96, NAVD88 Geoid09 meters tiled by USGS 1/16, 1:24,000 quadrangles.'); the validation reports themselves state no datum and no geoid",duluth2012,379.033,-0.014
L2T-108,L2T,498794.059,5159990.378,396.593,m,EPSG:26915,NAVD88,GEOID09,lidar_duluth2012,2012,duluth2012_validation.pdf table 'Control Z',"datum is a DATASET-level assertion (lidar_duluth2012.html: 'Lidar data are in the UTM Zone 15 coordinate system, NAD83 96, NAVD88 Geoid09 meters tiled by USGS 1/16, 1:24,000 quadrangles.'); the validation reports themselves state no datum and no geoid",duluth2012,396.649,-0.056
L2T-1086,L2T,562358.335,5175985.129,207.73,m,EPSG:26915,NAVD88,GEOID09,lidar_duluth2012,2012,duluth2012_validation.pdf table 'Control Z',"datum is a DATASET-level assertion (lidar_duluth2012.html: 'Lidar data are in the UTM Zone 15 coordinate system, NAD83 96, NAVD88 Geoid09 meters tiled by USGS 1/16, 1:24,000 quadrangles.'); the validation reports themselves state no datum and no geoid",duluth2012,207.935,-0.205
L2T-1092,L2T,564253.345,5175278.888,185.136,m,EPSG:26915,NAVD88,GEOID09,lidar_duluth2012,2012,duluth2012_validation.pdf table 'Control Z',"datum is a DATASET-level assertion (lidar_duluth2012.html: 'Lidar data are in the UTM Zone 15 coordinate system, NAD83 96, NAVD88 Geoid09 meters tiled by USGS 1/16, 1:24,000 quadrangles.'); the validation reports themselves state no datum and no geoid",duluth2012,185.151,-0.015
L2T-1095,L2T,564475.512,5175053.147,184.331,m,EPSG:26915,NAVD88,GEOID09,lidar_duluth2012,2012,duluth2012_validation.pdf table 'Control Z',"datum is a DATASET-level assertion (lidar_duluth2012.html: 'Lidar data are in the UTM Zone 15 coordinate system, NAD83 96, NAVD88 Geoid09 meters tiled by USGS 1/16, 1:24,000 quadrangles.'); the validation reports themselves state no datum and no geoid",duluth2012,184.411,-0.08
L2T-1101,L2T,562486.816,5174550.953,183.247,m,EPSG:26915,NAVD88,GEOID09,lidar_duluth2012,2012,duluth2012_validation.pdf table 'Control Z',"datum is a DATASET-level assertion (lidar_duluth2012.html: 'Lidar data are in the UTM Zone 15 coordinate system, NAD83 96, NAVD88 Geoid09 meters tiled by USGS 1/16, 1:24,000 quadrangles.'); the validation reports themselves state no datum and no geoid",duluth2012,183.502,-0.255
L2T-1112,L2T,563793.486,5178449.671,302.13,m,EPSG:26915,NAVD88,GEOID09,lidar_duluth2012,2012,duluth2012_validation.pdf table 'Control Z',"datum is a DATASET-level assertion (lidar_duluth2012.html: 'Lidar data are in the UTM Zone 15 coordinate system, NAD83 96, NAVD88 Geoid09 meters tiled by USGS 1/16, 1:24,000 quadrangles.'); the validation reports themselves state no datum and no geoid",duluth2012,302.159,-0.029
L2T-1123,L2T,563954.296,5176655.599,187.455,m,EPSG:26915,NAVD88,GEOID09,lidar_duluth2012,2012,duluth2012_validation.pdf table 'Control Z',"datum is a DATASET-level assertion (lidar_duluth2012.html: 'Lidar data are in the UTM Zone 15 coordinate system, NAD83 96, NAVD88 Geoid09 meters tiled by USGS 1/16, 1:24,000 quadrangles.'); the validation reports themselves state no datum and no geoid",duluth2012,187.399,0.056
L2T-1126,L2T,564583.006,5176819.768,191.393,m,EPSG:26915,NAVD88,GEOID09,lidar_duluth2012,2012,duluth2012_validation.pdf table 'Control Z',"datum is a DATASET-level assertion (lidar_duluth2012.html: 'Lidar data are in the UTM Zone 15 coordinate system, NAD83 96, NAVD88 Geoid09 meters tiled by USGS 1/16, 1:24,000 quadrangles.'); the validation reports themselves state no datum and no geoid",duluth2012,191.73,-0.337
L2T-1127,L2T,564617.589,5176806.206,184.739,m,EPSG:26915,NAVD88,GEOID09,lidar_duluth2012,2012,duluth2012_validation.pdf table 'Control Z',"datum is a DATASET-level assertion (lidar_duluth2012.html: 'Lidar data are in the UTM Zone 15 coordinate system, NAD83 96, NAVD88 Geoid09 meters tiled by USGS 1/16, 1:24,000 quadrangles.'); the validation reports themselves state no datum and no geoid",duluth2012,184.818,-0.079
L2T-114,L2T,500360.083,5174168.28,398.211,m,EPSG:26915,NAVD88,GEOID09,lidar_duluth2012,2012,duluth2012_validation.pdf table 'Control Z',"datum is a DATASET-level assertion (lidar_duluth2012.html: 'Lidar data are in the UTM Zone 15 coordinate system, NAD83 96, NAVD88 Geoid09 meters tiled by USGS 1/16, 1:24,000 quadrangles.'); the validation reports themselves state no datum and no geoid",duluth2012,398.297,-0.086
L2T-1151,L2T,565841.878,5183136.376,384.876,m,EPSG:26915,NAVD88,GEOID09,lidar_duluth2012,2012,duluth2012_validation.pdf table 'Control Z',"datum is a DATASET-level assertion (lidar_duluth2012.html: 'Lidar data are in the UTM Zone 15 coordinate system, NAD83 96, NAVD88 Geoid09 meters tiled by USGS 1/16, 1:24,000 quadrangles.'); the validation reports themselves state no datum and no geoid",duluth2012,385.018,-0.142
L2T-1152,L2T,565812.18,5183117.522,385.622,m,EPSG:26915,NAVD88,GEOID09,lidar_duluth2012,2012,duluth2012_validation.pdf table 'Control Z',"datum is a DATASET-level assertion (lidar_duluth2012.html: 'Lidar data are in the UTM Zone 15 coordinate system, NAD83 96, NAVD88 Geoid09 meters tiled by USGS 1/16, 1:24,000 quadrangles.'); the validation reports themselves state no datum and no geoid",duluth2012,385.724,-0.102
L2T-1156,L2T,567073.61,5181462.89,354.19,m,EPSG:26915,NAVD88,GEOID09,lidar_duluth2012,2012,duluth2012_validation.pdf table 'Control Z',"datum is a DATASET-level assertion (lidar_duluth2012.html: 'Lidar data are in the UTM Zone 15 coordinate system, NAD83 96, NAVD88 Geoid09 meters tiled by USGS 1/16, 1:24,000 quadrangles.'); the validation reports themselves state no datum and no geoid",duluth2012,354.361,-0.171
L2T-1158,L2T,567411.531,5180707.439,273.249,m,EPSG:26915,NAVD88,GEOID09,lidar_duluth2012,2012,duluth2012_validation.pdf table 'Control Z',"datum is a DATASET-level assertion (lidar_duluth2012.html: 'Lidar data are in the UTM Zone 15 coordinate system, NAD83 96, NAVD88 Geoid09 meters tiled by USGS 1/16, 1:24,000 quadrangles.'); the validation reports themselves state no datum and no geoid",duluth2012,273.61,-0.361
L2T-1179,L2T,562963.999,5186040.915,418.589,m,EPSG:26915,NAVD88,GEOID09,lidar_duluth2012,2012,duluth2012_validation.pdf table 'Control Z',"datum is a DATASET-level assertion (lidar_duluth2012.html: 'Lidar data are in the UTM Zone 15 coordinate system, NAD83 96, NAVD88 Geoid09 meters tiled by USGS 1/16, 1:24,000 quadrangles.'); the validation reports themselves state no datum and no geoid",duluth2012,418.743,-0.154
L2T-1191,L2T,565968.145,5183815.666,389.277,m,EPSG:26915,NAVD88,GEOID09,lidar_duluth2012,2012,duluth2012_validation.pdf table 'Control Z',"datum is a DATASET-level assertion (lidar_duluth2012.html: 'Lidar data are in the UTM Zone 15 coordinate system, NAD83 96, NAVD88 Geoid09 meters tiled by USGS 1/16, 1:24,000 quadrangles.'); the validation reports themselves state no datum and no geoid",duluth2012,389.45,-0.173
L2T-1194,L2T,567508.737,5182620.486,372.141,m,EPSG:26915,NAVD88,GEOID09,lidar_duluth2012,2012,duluth2012_validation.pdf table 'Control Z',"datum is a DATASET-level assertion (lidar_duluth2012.html: 'Lidar data are in the UTM Zone 15 coordinate system, NAD83 96, NAVD88 Geoid09 meters tiled by USGS 1/16, 1:24,000 quadrangles.'); the validation reports themselves state no datum and no geoid",duluth2012,372.239,-0.098
L2T-120,L2T,507237.924,5173603.235,401.453,m,EPSG:26915,NAVD88,GEOID09,lidar_duluth2012,2012,duluth2012_validation.pdf table 'Control Z',"datum is a DATASET-level assertion (lidar_duluth2012.html: 'Lidar data are in the UTM Zone 15 coordinate system, NAD83 96, NAVD88 Geoid09 meters tiled by USGS 1/16, 1:24,000 quadrangles.'); the validation reports themselves state no datum and no geoid",duluth2012,401.57,-0.117
L2T-1209,L2T,568529.673,5185095.542,360.286,m,EPSG:26915,NAVD88,GEOID09,lidar_duluth2012,2012,duluth2012_validation.pdf table 'Control Z',"datum is a DATASET-level assertion (lidar_duluth2012.html: 'Lidar data are in the UTM Zone 15 coordinate system, NAD83 96, NAVD88 Geoid09 meters tiled by USGS 1/16, 1:24,000 quadrangles.'); the validation reports themselves state no datum and no geoid",duluth2012,360.344,-0.058
L2T-121,L2T,508090.304,5177720.451,405.881,m,EPSG:26915,NAVD88,GEOID09,lidar_duluth2012,2012,duluth2012_validation.pdf table 'Control Z',"datum is a DATASET-level assertion (lidar_duluth2012.html: 'Lidar data are in the UTM Zone 15 coordinate system, NAD83 96, NAVD88 Geoid09 meters tiled by USGS 1/16, 1:24,000 quadrangles.'); the validation reports themselves state no datum and no geoid",duluth2012,405.924,-0.043
L2T-1210,L2T,568480.303,5185099.1,359.416,m,EPSG:26915,NAVD88,GEOID09,lidar_duluth2012,2012,duluth2012_validation.pdf table 'Control Z',"datum is a DATASET-level assertion (lidar_duluth2012.html: 'Lidar data are in the UTM Zone 15 coordinate system, NAD83 96, NAVD88 Geoid09 meters tiled by USGS 1/16, 1:24,000 quadrangles.'); the validation reports themselves state no datum and no geoid",duluth2012,359.711,-0.295
L2T-1212,L2T,567540.922,5185214.672,386.757,m,EPSG:26915,NAVD88,GEOID09,lidar_duluth2012,2012,duluth2012_validation.pdf table 'Control Z',"datum is a DATASET-level assertion (lidar_duluth2012.html: 'Lidar data are in the UTM Zone 15 coordinate system, NAD83 96, NAVD88 Geoid09 meters tiled by USGS 1/16, 1:24,000 quadrangles.'); the validation reports themselves state no datum and no geoid",duluth2012,386.78,-0.023
L2T-1213,L2T,567469.367,5185259.73,379.618,m,EPSG:26915,NAVD88,GEOID09,lidar_duluth2012,2012,duluth2012_validation.pdf table 'Control Z',"datum is a DATASET-level assertion (lidar_duluth2012.html: 'Lidar data are in the UTM Zone 15 coordinate system, NAD83 96, NAVD88 Geoid09 meters tiled by USGS 1/16, 1:24,000 quadrangles.'); the validation reports themselves state no datum and no geoid",duluth2012,379.67,-0.052
L2T-1216,L2T,567735.287,5187263.17,417.233,m,EPSG:26915,NAVD88,GEOID09,lidar_duluth2012,2012,duluth2012_validation.pdf table 'Control Z',"datum is a DATASET-level assertion (lidar_duluth2012.html: 'Lidar data are in the UTM Zone 15 coordinate system, NAD83 96, NAVD88 Geoid09 meters tiled by USGS 1/16, 1:24,000 quadrangles.'); the validation reports themselves state no datum and no geoid",duluth2012,417.375,-0.142
L2T-123,L2T,510330.794,5171189.14,406.632,m,EPSG:26915,NAVD88,GEOID09,lidar_duluth2012,2012,duluth2012_validation.pdf table 'Control Z',"datum is a DATASET-level assertion (lidar_duluth2012.html: 'Lidar data are in the UTM Zone 15 coordinate system, NAD83 96, NAVD88 Geoid09 meters tiled by USGS 1/16, 1:24,000 quadrangles.'); the validation reports themselves state no datum and no geoid",duluth2012,406.727,-0.095
L2T-125,L2T,513000.409,5174042.416,410.49,m,EPSG:26915,NAVD88,GEOID09,lidar_duluth2012,2012,duluth2012_validation.pdf table 'Control Z',"datum is a DATASET-level assertion (lidar_duluth2012.html: 'Lidar data are in the UTM Zone 15 coordinate system, NAD83 96, NAVD88 Geoid09 meters tiled by USGS 1/16, 1:24,000 quadrangles.'); the validation reports themselves state no datum and no geoid",duluth2012,410.554,-0.064
L2T-1254,L2T,575173.15,5187431.694,200.149,m,EPSG:26915,NAVD88,GEOID09,lidar_duluth2012,2012,duluth2012_validation.pdf table 'Control Z',"datum is a DATASET-level assertion (lidar_duluth2012.html: 'Lidar data are in the UTM Zone 15 coordinate system, NAD83 96, NAVD88 Geoid09 meters tiled by USGS 1/16, 1:24,000 quadrangles.'); the validation reports themselves state no datum and no geoid",duluth2012,200.365,-0.216
L2T-1267,L2T,563496.517,5183699.322,407.294,m,EPSG:26915,NAVD88,GEOID09,lidar_duluth2012,2012,duluth2012_validation.pdf table 'Control Z',"datum is a DATASET-level assertion (lidar_duluth2012.html: 'Lidar data are in the UTM Zone 15 coordinate system, NAD83 96, NAVD88 Geoid09 meters tiled by USGS 1/16, 1:24,000 quadrangles.'); the validation reports themselves state no datum and no geoid",duluth2012,407.326,-0.032
L2T-1271,L2T,563705.449,5184810.162,412.663,m,EPSG:26915,NAVD88,GEOID09,lidar_duluth2012,2012,duluth2012_validation.pdf table 'Control Z',"datum is a DATASET-level assertion (lidar_duluth2012.html: 'Lidar data are in the UTM Zone 15 coordinate system, NAD83 96, NAVD88 Geoid09 meters tiled by USGS 1/16, 1:24,000 quadrangles.'); the validation reports themselves state no datum and no geoid",duluth2012,412.962,-0.299
L2T-1273,L2T,564623.296,5185708.716,429.563,m,EPSG:26915,NAVD88,GEOID09,lidar_duluth2012,2012,duluth2012_validation.pdf table 'Control Z',"datum is a DATASET-level assertion (lidar_duluth2012.html: 'Lidar data are in the UTM Zone 15 coordinate system, NAD83 96, NAVD88 Geoid09 meters tiled by USGS 1/16, 1:24,000 quadrangles.'); the validation reports themselves state no datum and no geoid",duluth2012,429.6,-0.037
L2T-1276,L2T,566264.776,5186276.583,415.436,m,EPSG:26915,NAVD88,GEOID09,lidar_duluth2012,2012,duluth2012_validation.pdf table 'Control Z',"datum is a DATASET-level assertion (lidar_duluth2012.html: 'Lidar data are in the UTM Zone 15 coordinate system, NAD83 96, NAVD88 Geoid09 meters tiled by USGS 1/16, 1:24,000 quadrangles.'); the validation reports themselves state no datum and no geoid",duluth2012,415.395,0.041
L2T-1278,L2T,564707.465,5187733.34,425.255,m,EPSG:26915,NAVD88,GEOID09,lidar_duluth2012,2012,duluth2012_validation.pdf table 'Control Z',"datum is a DATASET-level assertion (lidar_duluth2012.html: 'Lidar data are in the UTM Zone 15 coordinate system, NAD83 96, NAVD88 Geoid09 meters tiled by USGS 1/16, 1:24,000 quadrangles.'); the validation reports themselves state no datum and no geoid",duluth2012,425.392,-0.137
L2T-128,L2T,506411.995,5167319.933,403.262,m,EPSG:26915,NAVD88,GEOID09,lidar_duluth2012,2012,duluth2012_validation.pdf table 'Control Z',"datum is a DATASET-level assertion (lidar_duluth2012.html: 'Lidar data are in the UTM Zone 15 coordinate system, NAD83 96, NAVD88 Geoid09 meters tiled by USGS 1/16, 1:24,000 quadrangles.'); the validation reports themselves state no datum and no geoid",duluth2012,403.314,-0.052
L2T-1288,L2T,572390.329,5188278.284,344.717,m,EPSG:26915,NAVD88,GEOID09,lidar_duluth2012,2012,duluth2012_validation.pdf table 'Control Z',"datum is a DATASET-level assertion (lidar_duluth2012.html: 'Lidar data are in the UTM Zone 15 coordinate system, NAD83 96, NAVD88 Geoid09 meters tiled by USGS 1/16, 1:24,000 quadrangles.'); the validation reports themselves state no datum and no geoid",duluth2012,344.705,0.012
L2T-129,L2T,509752.26,5160140.121,396.302,m,EPSG:26915,NAVD88,GEOID09,lidar_duluth2012,2012,duluth2012_validation.pdf table 'Control Z',"datum is a DATASET-level assertion (lidar_duluth2012.html: 'Lidar data are in the UTM Zone 15 coordinate system, NAD83 96, NAVD88 Geoid09 meters tiled by USGS 1/16, 1:24,000 quadrangles.'); the validation reports themselves state no datum and no geoid",duluth2012,396.546,-0.244
L2T-1297,L2T,569291.739,5181084.744,185.887,m,EPSG:26915,NAVD88,GEOID09,lidar_duluth2012,2012,duluth2012_validation.pdf table 'Control Z',"datum is a DATASET-level assertion (lidar_duluth2012.html: 'Lidar data are in the UTM Zone 15 coordinate system, NAD83 96, NAVD88 Geoid09 meters tiled by USGS 1/16, 1:24,000 quadrangles.'); the validation reports themselves state no datum and no geoid",duluth2012,186.085,-0.198
L2T-1346,L2T,573767.056,5188672.47,351.956,m,EPSG:26915,NAVD88,GEOID09,lidar_duluth2012,2012,duluth2012_validation.pdf table 'Control Z',"datum is a DATASET-level assertion (lidar_duluth2012.html: 'Lidar data are in the UTM Zone 15 coordinate system, NAD83 96, NAVD88 Geoid09 meters tiled by USGS 1/16, 1:24,000 quadrangles.'); the validation reports themselves state no datum and no geoid",duluth2012,351.952,0.004
L2T-1356,L2T,575430.576,5188818.811,238.592,m,EPSG:26915,NAVD88,GEOID09,lidar_duluth2012,2012,duluth2012_validation.pdf table 'Control Z',"datum is a DATASET-level assertion (lidar_duluth2012.html: 'Lidar data are in the UTM Zone 15 coordinate system, NAD83 96, NAVD88 Geoid09 meters tiled by USGS 1/16, 1:24,000 quadrangles.'); the validation reports themselves state no datum and no geoid",duluth2012,238.752,-0.16
L2T-1364,L2T,575873.704,5187555.446,189.921,m,EPSG:26915,NAVD88,GEOID09,lidar_duluth2012,2012,duluth2012_validation.pdf table 'Control Z',"datum is a DATASET-level assertion (lidar_duluth2012.html: 'Lidar data are in the UTM Zone 15 coordinate system, NAD83 96, NAVD88 Geoid09 meters tiled by USGS 1/16, 1:24,000 quadrangles.'); the validation reports themselves state no datum and no geoid",duluth2012,190.098,-0.177
L2T-1367,L2T,575919.642,5189129.903,242.313,m,EPSG:26915,NAVD88,GEOID09,lidar_duluth2012,2012,duluth2012_validation.pdf table 'Control Z',"datum is a DATASET-level assertion (lidar_duluth2012.html: 'Lidar data are in the UTM Zone 15 coordinate system, NAD83 96, NAVD88 Geoid09 meters tiled by USGS 1/16, 1:24,000 quadrangles.'); the validation reports themselves state no datum and no geoid",duluth2012,242.427,-0.114
L2T-139,L2T,515084.424,5147939.433,359.636,m,EPSG:26915,NAVD88,GEOID09,lidar_duluth2012,2012,duluth2012_validation.pdf table 'Control Z',"datum is a DATASET-level assertion (lidar_duluth2012.html: 'Lidar data are in the UTM Zone 15 coordinate system, NAD83 96, NAVD88 Geoid09 meters tiled by USGS 1/16, 1:24,000 quadrangles.'); the validation reports themselves state no datum and no geoid",duluth2012,359.86,-0.224
L2T-140,L2T,512698.446,5149823.272,382.037,m,EPSG:26915,NAVD88,GEOID09,lidar_duluth2012,2012,duluth2012_validation.pdf table 'Control Z',"datum is a DATASET-level assertion (lidar_duluth2012.html: 'Lidar data are in the UTM Zone 15 coordinate system, NAD83 96, NAVD88 Geoid09 meters tiled by USGS 1/16, 1:24,000 quadrangles.'); the validation reports themselves state no datum and no geoid",duluth2012,382.063,-0.026
L2T-141,L2T,507318.723,5156704.028,382.032,m,EPSG:26915,NAVD88,GEOID09,lidar_duluth2012,2012,duluth2012_validation.pdf table 'Control Z',"datum is a DATASET-level assertion (lidar_duluth2012.html: 'Lidar data are in the UTM Zone 15 coordinate system, NAD83 96, NAVD88 Geoid09 meters tiled by USGS 1/16, 1:24,000 quadrangles.'); the validation reports themselves state no datum and no geoid",duluth2012,381.982,0.05
L2T-146,L2T,540481.895,5177567.75,399.178,m,EPSG:26915,NAVD88,GEOID09,lidar_duluth2012,2012,duluth2012_validation.pdf table 'Control Z',"datum is a DATASET-level assertion (lidar_duluth2012.html: 'Lidar data are in the UTM Zone 15 coordinate system, NAD83 96, NAVD88 Geoid09 meters tiled by USGS 1/16, 1:24,000 quadrangles.'); the validation reports themselves state no datum and no geoid",duluth2012,399.112,0.066
L2T-147,L2T,544157.104,5175938.425,386.464,m,EPSG:26915,NAVD88,GEOID09,lidar_duluth2012,2012,duluth2012_validation.pdf table 'Control Z',"datum is a DATASET-level assertion (lidar_duluth2012.html: 'Lidar data are in the UTM Zone 15 coordinate system, NAD83 96, NAVD88 Geoid09 meters tiled by USGS 1/16, 1:24,000 quadrangles.'); the validation reports themselves state no datum and no geoid",duluth2012,386.465,-0.001
L2T-157,L2T,538942.414,5173942.348,388.499,m,EPSG:26915,NAVD88,GEOID09,lidar_duluth2012,2012,duluth2012_validation.pdf table 'Control Z',"datum is a DATASET-level assertion (lidar_duluth2012.html: 'Lidar data are in the UTM Zone 15 coordinate system, NAD83 96, NAVD88 Geoid09 meters tiled by USGS 1/16, 1:24,000 quadrangles.'); the validation reports themselves state no datum and no geoid",duluth2012,388.671,-0.172
L2T-158,L2T,538948.24,5173952.385,388.908,m,EPSG:26915,NAVD88,GEOID09,lidar_duluth2012,2012,duluth2012_validation.pdf table 'Control Z',"datum is a DATASET-level assertion (lidar_duluth2012.html: 'Lidar data are in the UTM Zone 15 coordinate system, NAD83 96, NAVD88 Geoid09 meters tiled by USGS 1/16, 1:24,000 quadrangles.'); the validation reports themselves state no datum and no geoid",duluth2012,388.921,-0.013
L2T-167,L2T,530747.257,5168448.961,393.93,m,EPSG:26915,NAVD88,GEOID09,lidar_duluth2012,2012,duluth2012_validation.pdf table 'Control Z',"datum is a DATASET-level assertion (lidar_duluth2012.html: 'Lidar data are in the UTM Zone 15 coordinate system, NAD83 96, NAVD88 Geoid09 meters tiled by USGS 1/16, 1:24,000 quadrangles.'); the validation reports themselves state no datum and no geoid",duluth2012,394.176,-0.246
L2T-174,L2T,547210.886,5142294.948,356.631,m,EPSG:26915,NAVD88,GEOID09,lidar_duluth2012,2012,duluth2012_validation.pdf table 'Control Z',"datum is a DATASET-level assertion (lidar_duluth2012.html: 'Lidar data are in the UTM Zone 15 coordinate system, NAD83 96, NAVD88 Geoid09 meters tiled by USGS 1/16, 1:24,000 quadrangles.'); the validation reports themselves state no datum and no geoid",duluth2012,356.87,-0.239
L2T-175,L2T,541961.241,5142247.149,351.626,m,EPSG:26915,NAVD88,GEOID09,lidar_duluth2012,2012,duluth2012_validation.pdf table 'Control Z',"datum is a DATASET-level assertion (lidar_duluth2012.html: 'Lidar data are in the UTM Zone 15 coordinate system, NAD83 96, NAVD88 Geoid09 meters tiled by USGS 1/16, 1:24,000 quadrangles.'); the validation reports themselves state no datum and no geoid",duluth2012,351.677,-0.051
L2T-177,L2T,533246.724,5140620.617,339.681,m,EPSG:26915,NAVD88,GEOID09,lidar_duluth2012,2012,duluth2012_validation.pdf table 'Control Z',"datum is a DATASET-level assertion (lidar_duluth2012.html: 'Lidar data are in the UTM Zone 15 coordinate system, NAD83 96, NAVD88 Geoid09 meters tiled by USGS 1/16, 1:24,000 quadrangles.'); the validation reports themselves state no datum and no geoid",duluth2012,340.087,-0.406
L2T-184,L2T,550396.883,5149090.994,281.57,m,EPSG:26915,NAVD88,GEOID09,lidar_duluth2012,2012,duluth2012_validation.pdf table 'Control Z',"datum is a DATASET-level assertion (lidar_duluth2012.html: 'Lidar data are in the UTM Zone 15 coordinate system, NAD83 96, NAVD88 Geoid09 meters tiled by USGS 1/16, 1:24,000 quadrangles.'); the validation reports themselves state no datum and no geoid",duluth2012,281.544,0.026
L2T-185,L2T,554344.777,5147635.262,299.036,m,EPSG:26915,NAVD88,GEOID09,lidar_duluth2012,2012,duluth2012_validation.pdf table 'Control Z',"datum is a DATASET-level assertion (lidar_duluth2012.html: 'Lidar data are in the UTM Zone 15 coordinate system, NAD83 96, NAVD88 Geoid09 meters tiled by USGS 1/16, 1:24,000 quadrangles.'); the validation reports themselves state no datum and no geoid",duluth2012,299.124,-0.088
L2T-188,L2T,547533.57,5162693.091,317.397,m,EPSG:26915,NAVD88,GEOID09,lidar_duluth2012,2012,duluth2012_validation.pdf table 'Control Z',"datum is a DATASET-level assertion (lidar_duluth2012.html: 'Lidar data are in the UTM Zone 15 coordinate system, NAD83 96, NAVD88 Geoid09 meters tiled by USGS 1/16, 1:24,000 quadrangles.'); the validation reports themselves state no datum and no geoid",duluth2012,317.54,-0.143
L2T-191,L2T,538912.376,5151879.413,303.259,m,EPSG:26915,NAVD88,GEOID09,lidar_duluth2012,2012,duluth2012_validation.pdf table 'Control Z',"datum is a DATASET-level assertion (lidar_duluth2012.html: 'Lidar data are in the UTM Zone 15 coordinate system, NAD83 96, NAVD88 Geoid09 meters tiled by USGS 1/16, 1:24,000 quadrangles.'); the validation reports themselves state no datum and no geoid",duluth2012,303.35,-0.091
L2T-30,L2T,555955.608,5225816.041,428.365,m,EPSG:26915,NAVD88,GEOID09,lidar_duluth2012,2012,duluth2012_validation.pdf table 'Control Z',"datum is a DATASET-level assertion (lidar_duluth2012.html: 'Lidar data are in the UTM Zone 15 coordinate system, NAD83 96, NAVD88 Geoid09 meters tiled by USGS 1/16, 1:24,000 quadrangles.'); the validation reports themselves state no datum and no geoid",duluth2012,428.522,-0.157
L2T-35,L2T,547588.867,5233026.313,424.172,m,EPSG:26915,NAVD88,GEOID09,lidar_duluth2012,2012,duluth2012_validation.pdf table 'Control Z',"datum is a DATASET-level assertion (lidar_duluth2012.html: 'Lidar data are in the UTM Zone 15 coordinate system, NAD83 96, NAVD88 Geoid09 meters tiled by USGS 1/16, 1:24,000 quadrangles.'); the validation reports themselves state no datum and no geoid",duluth2012,424.333,-0.161
L2T-38,L2T,519345.847,5212885.706,389.046,m,EPSG:26915,NAVD88,GEOID09,lidar_duluth2012,2012,duluth2012_validation.pdf table 'Control Z',"datum is a DATASET-level assertion (lidar_duluth2012.html: 'Lidar data are in the UTM Zone 15 coordinate system, NAD83 96, NAVD88 Geoid09 meters tiled by USGS 1/16, 1:24,000 quadrangles.'); the validation reports themselves state no datum and no geoid",duluth2012,389.041,0.005
L2T-46,L2T,501141.319,5184046.69,391.052,m,EPSG:26915,NAVD88,GEOID09,lidar_duluth2012,2012,duluth2012_validation.pdf table 'Control Z',"datum is a DATASET-level assertion (lidar_duluth2012.html: 'Lidar data are in the UTM Zone 15 coordinate system, NAD83 96, NAVD88 Geoid09 meters tiled by USGS 1/16, 1:24,000 quadrangles.'); the validation reports themselves state no datum and no geoid",duluth2012,391.365,-0.313
L2T-50,L2T,538380.074,5182474.913,398.905,m,EPSG:26915,NAVD88,GEOID09,lidar_duluth2012,2012,duluth2012_validation.pdf table 'Control Z',"datum is a DATASET-level assertion (lidar_duluth2012.html: 'Lidar data are in the UTM Zone 15 coordinate system, NAD83 96, NAVD88 Geoid09 meters tiled by USGS 1/16, 1:24,000 quadrangles.'); the validation reports themselves state no datum and no geoid",duluth2012,398.888,0.017
L2T-52,L2T,529457.26,5193881.111,399.388,m,EPSG:26915,NAVD88,GEOID09,lidar_duluth2012,2012,duluth2012_validation.pdf table 'Control Z',"datum is a DATASET-level assertion (lidar_duluth2012.html: 'Lidar data are in the UTM Zone 15 coordinate system, NAD83 96, NAVD88 Geoid09 meters tiled by USGS 1/16, 1:24,000 quadrangles.'); the validation reports themselves state no datum and no geoid",duluth2012,399.424,-0.036
L2T-56,L2T,549721.199,5214389.708,428.685,m,EPSG:26915,NAVD88,GEOID09,lidar_duluth2012,2012,duluth2012_validation.pdf table 'Control Z',"datum is a DATASET-level assertion (lidar_duluth2012.html: 'Lidar data are in the UTM Zone 15 coordinate system, NAD83 96, NAVD88 Geoid09 meters tiled by USGS 1/16, 1:24,000 quadrangles.'); the validation reports themselves state no datum and no geoid",duluth2012,428.818,-0.133
L2T-61,L2T,548488.823,5183843.4,418.732,m,EPSG:26915,NAVD88,GEOID09,lidar_duluth2012,2012,duluth2012_validation.pdf table 'Control Z',"datum is a DATASET-level assertion (lidar_duluth2012.html: 'Lidar data are in the UTM Zone 15 coordinate system, NAD83 96, NAVD88 Geoid09 meters tiled by USGS 1/16, 1:24,000 quadrangles.'); the validation reports themselves state no datum and no geoid",duluth2012,418.698,0.034
L2T-63,L2T,550963.396,5204004.019,408.789,m,EPSG:26915,NAVD88,GEOID09,lidar_duluth2012,2012,duluth2012_validation.pdf table 'Control Z',"datum is a DATASET-level assertion (lidar_duluth2012.html: 'Lidar data are in the UTM Zone 15 coordinate system, NAD83 96, NAVD88 Geoid09 meters tiled by USGS 1/16, 1:24,000 quadrangles.'); the validation reports themselves state no datum and no geoid",duluth2012,408.872,-0.083
L2T-64,L2T,577112.083,5213420.45,440.145,m,EPSG:26915,NAVD88,GEOID09,lidar_duluth2012,2012,duluth2012_validation.pdf table 'Control Z',"datum is a DATASET-level assertion (lidar_duluth2012.html: 'Lidar data are in the UTM Zone 15 coordinate system, NAD83 96, NAVD88 Geoid09 meters tiled by USGS 1/16, 1:24,000 quadrangles.'); the validation reports themselves state no datum and no geoid",duluth2012,440.361,-0.216
L3B-1006,L3B,555564.742,5168379.159,193.567,m,EPSG:26915,NAVD88,GEOID09,lidar_duluth2012,2012,duluth2012_validation.pdf table 'Control Z',"datum is a DATASET-level assertion (lidar_duluth2012.html: 'Lidar data are in the UTM Zone 15 coordinate system, NAD83 96, NAVD88 Geoid09 meters tiled by USGS 1/16, 1:24,000 quadrangles.'); the validation reports themselves state no datum and no geoid",duluth2012,193.611,-0.044
L3B-1012,L3B,556946.478,5167542.964,184.794,m,EPSG:26915,NAVD88,GEOID09,lidar_duluth2012,2012,duluth2012_validation.pdf table 'Control Z',"datum is a DATASET-level assertion (lidar_duluth2012.html: 'Lidar data are in the UTM Zone 15 coordinate system, NAD83 96, NAVD88 Geoid09 meters tiled by USGS 1/16, 1:24,000 quadrangles.'); the validation reports themselves state no datum and no geoid",duluth2012,184.819,-0.025
L3B-1016,L3B,557608.392,5167482.067,225.141,m,EPSG:26915,NAVD88,GEOID09,lidar_duluth2012,2012,duluth2012_validation.pdf table 'Control Z',"datum is a DATASET-level assertion (lidar_duluth2012.html: 'Lidar data are in the UTM Zone 15 coordinate system, NAD83 96, NAVD88 Geoid09 meters tiled by USGS 1/16, 1:24,000 quadrangles.'); the validation reports themselves state no datum and no geoid",duluth2012,225.287,-0.146
L3B-1024,L3B,559781.406,5167417.711,201.352,m,EPSG:26915,NAVD88,GEOID09,lidar_duluth2012,2012,duluth2012_validation.pdf table 'Control Z',"datum is a DATASET-level assertion (lidar_duluth2012.html: 'Lidar data are in the UTM Zone 15 coordinate system, NAD83 96, NAVD88 Geoid09 meters tiled by USGS 1/16, 1:24,000 quadrangles.'); the validation reports themselves state no datum and no geoid",duluth2012,201.401,-0.049
L3B-1029,L3B,557449.82,5168759.429,239.189,m,EPSG:26915,NAVD88,GEOID09,lidar_duluth2012,2012,duluth2012_validation.pdf table 'Control Z',"datum is a DATASET-level assertion (lidar_duluth2012.html: 'Lidar data are in the UTM Zone 15 coordinate system, NAD83 96, NAVD88 Geoid09 meters tiled by USGS 1/16, 1:24,000 quadrangles.'); the validation reports themselves state no datum and no geoid",duluth2012,239.186,0.003
L3B-1037,L3B,559393.138,5170690.527,208.741,m,EPSG:26915,NAVD88,GEOID09,lidar_duluth2012,2012,duluth2012_validation.pdf table 'Control Z',"datum is a DATASET-level assertion (lidar_duluth2012.html: 'Lidar data are in the UTM Zone 15 coordinate system, NAD83 96, NAVD88 Geoid09 meters tiled by USGS 1/16, 1:24,000 quadrangles.'); the validation reports themselves state no datum and no geoid",duluth2012,208.755,-0.014
L3B-1054,L3B,560915.202,5173480.666,198.705,m,EPSG:26915,NAVD88,GEOID09,lidar_duluth2012,2012,duluth2012_validation.pdf table 'Control Z',"datum is a DATASET-level assertion (lidar_duluth2012.html: 'Lidar data are in the UTM Zone 15 coordinate system, NAD83 96, NAVD88 Geoid09 meters tiled by USGS 1/16, 1:24,000 quadrangles.'); the validation reports themselves state no datum and no geoid",duluth2012,198.87,-0.165
L3B-1057,L3B,560785.294,5173725.769,207.911,m,EPSG:26915,NAVD88,GEOID09,lidar_duluth2012,2012,duluth2012_validation.pdf table 'Control Z',"datum is a DATASET-level assertion (lidar_duluth2012.html: 'Lidar data are in the UTM Zone 15 coordinate system, NAD83 96, NAVD88 Geoid09 meters tiled by USGS 1/16, 1:24,000 quadrangles.'); the validation reports themselves state no datum and no geoid",duluth2012,207.992,-0.081
L3B-1075,L3B,560665.225,5177342.406,378.593,m,EPSG:26915,NAVD88,GEOID09,lidar_duluth2012,2012,duluth2012_validation.pdf table 'Control Z',"datum is a DATASET-level assertion (lidar_duluth2012.html: 'Lidar data are in the UTM Zone 15 coordinate system, NAD83 96, NAVD88 Geoid09 meters tiled by USGS 1/16, 1:24,000 quadrangles.'); the validation reports themselves state no datum and no geoid",duluth2012,378.749,-0.156
L3B-1081,L3B,562693.164,5177247.074,267.299,m,EPSG:26915,NAVD88,GEOID09,lidar_duluth2012,2012,duluth2012_validation.pdf table 'Control Z',"datum is a DATASET-level assertion (lidar_duluth2012.html: 'Lidar data are in the UTM Zone 15 coordinate system, NAD83 96, NAVD88 Geoid09 meters tiled by USGS 1/16, 1:24,000 quadrangles.'); the validation reports themselves state no datum and no geoid",duluth2012,267.329,-0.03
L3B-1088,L3B,562316.275,5176040.447,210.128,m,EPSG:26915,NAVD88,GEOID09,lidar_duluth2012,2012,duluth2012_validation.pdf table 'Control Z',"datum is a DATASET-level assertion (lidar_duluth2012.html: 'Lidar data are in the UTM Zone 15 coordinate system, NAD83 96, NAVD88 Geoid09 meters tiled by USGS 1/16, 1:24,000 quadrangles.'); the validation reports themselves state no datum and no geoid",duluth2012,210.2,-0.072
L3B-110,L3B,496244.293,5167148.341,401.009,m,EPSG:26915,NAVD88,GEOID09,lidar_duluth2012,2012,duluth2012_validation.pdf table 'Control Z',"datum is a DATASET-level assertion (lidar_duluth2012.html: 'Lidar data are in the UTM Zone 15 coordinate system, NAD83 96, NAVD88 Geoid09 meters tiled by USGS 1/16, 1:24,000 quadrangles.'); the validation reports themselves state no datum and no geoid",duluth2012,401.044,-0.035
L3B-111,L3B,495872.495,5169987.648,392.594,m,EPSG:26915,NAVD88,GEOID09,lidar_duluth2012,2012,duluth2012_validation.pdf table 'Control Z',"datum is a DATASET-level assertion (lidar_duluth2012.html: 'Lidar data are in the UTM Zone 15 coordinate system, NAD83 96, NAVD88 Geoid09 meters tiled by USGS 1/16, 1:24,000 quadrangles.'); the validation reports themselves state no datum and no geoid",duluth2012,392.603,-0.009
L3B-1124,L3B,563956.453,5176717.288,192.539,m,EPSG:26915,NAVD88,GEOID09,lidar_duluth2012,2012,duluth2012_validation.pdf table 'Control Z',"datum is a DATASET-level assertion (lidar_duluth2012.html: 'Lidar data are in the UTM Zone 15 coordinate system, NAD83 96, NAVD88 Geoid09 meters tiled by USGS 1/16, 1:24,000 quadrangles.'); the validation reports themselves state no datum and no geoid",duluth2012,192.725,-0.186
L3B-1130,L3B,565767.364,5177856.947,184.88,m,EPSG:26915,NAVD88,GEOID09,lidar_duluth2012,2012,duluth2012_validation.pdf table 'Control Z',"datum is a DATASET-level assertion (lidar_duluth2012.html: 'Lidar data are in the UTM Zone 15 coordinate system, NAD83 96, NAVD88 Geoid09 meters tiled by USGS 1/16, 1:24,000 quadrangles.'); the validation reports themselves state no datum and no geoid",duluth2012,184.965,-0.085
L3B-1142,L3B,565301.062,5179630.793,275.725,m,EPSG:26915,NAVD88,GEOID09,lidar_duluth2012,2012,duluth2012_validation.pdf table 'Control Z',"datum is a DATASET-level assertion (lidar_duluth2012.html: 'Lidar data are in the UTM Zone 15 coordinate system, NAD83 96, NAVD88 Geoid09 meters tiled by USGS 1/16, 1:24,000 quadrangles.'); the validation reports themselves state no datum and no geoid",duluth2012,275.765,-0.04
L3B-1144,L3B,564261.506,5180332.536,387.279,m,EPSG:26915,NAVD88,GEOID09,lidar_duluth2012,2012,duluth2012_validation.pdf table 'Control Z',"datum is a DATASET-level assertion (lidar_duluth2012.html: 'Lidar data are in the UTM Zone 15 coordinate system, NAD83 96, NAVD88 Geoid09 meters tiled by USGS 1/16, 1:24,000 quadrangles.'); the validation reports themselves state no datum and no geoid",duluth2012,387.278,0.001
L3B-1160,L3B,569080.526,5181830.523,186.88,m,EPSG:26915,NAVD88,GEOID09,lidar_duluth2012,2012,duluth2012_validation.pdf table 'Control Z',"datum is a DATASET-level assertion (lidar_duluth2012.html: 'Lidar data are in the UTM Zone 15 coordinate system, NAD83 96, NAVD88 Geoid09 meters tiled by USGS 1/16, 1:24,000 quadrangles.'); the validation reports themselves state no datum and no geoid",duluth2012,187.007,-0.127
L3B-1162,L3B,569024.305,5181750.788,185.926,m,EPSG:26915,NAVD88,GEOID09,lidar_duluth2012,2012,duluth2012_validation.pdf table 'Control Z',"datum is a DATASET-level assertion (lidar_duluth2012.html: 'Lidar data are in the UTM Zone 15 coordinate system, NAD83 96, NAVD88 Geoid09 meters tiled by USGS 1/16, 1:24,000 quadrangles.'); the validation reports themselves state no datum and no geoid",duluth2012,186.003,-0.077
L3B-1166,L3B,568564.421,5181043.189,185.507,m,EPSG:26915,NAVD88,GEOID09,lidar_duluth2012,2012,duluth2012_validation.pdf table 'Control Z',"datum is a DATASET-level assertion (lidar_duluth2012.html: 'Lidar data are in the UTM Zone 15 coordinate system, NAD83 96, NAVD88 Geoid09 meters tiled by USGS 1/16, 1:24,000 quadrangles.'); the validation reports themselves state no datum and no geoid",duluth2012,185.623,-0.116
L3B-1183,L3B,564458.741,5186960.277,423.813,m,EPSG:26915,NAVD88,GEOID09,lidar_duluth2012,2012,duluth2012_validation.pdf table 'Control Z',"datum is a DATASET-level assertion (lidar_duluth2012.html: 'Lidar data are in the UTM Zone 15 coordinate system, NAD83 96, NAVD88 Geoid09 meters tiled by USGS 1/16, 1:24,000 quadrangles.'); the validation reports themselves state no datum and no geoid",duluth2012,423.834,-0.021
L3B-122,L3B,512516.478,5178062.379,406.8,m,EPSG:26915,NAVD88,GEOID09,lidar_duluth2012,2012,duluth2012_validation.pdf table 'Control Z',"datum is a DATASET-level assertion (lidar_duluth2012.html: 'Lidar data are in the UTM Zone 15 coordinate system, NAD83 96, NAVD88 Geoid09 meters tiled by USGS 1/16, 1:24,000 quadrangles.'); the validation reports themselves state no datum and no geoid",duluth2012,406.916,-0.116
L3B-124,L3B,513807.232,5171130.801,406.071,m,EPSG:26915,NAVD88,GEOID09,lidar_duluth2012,2012,duluth2012_validation.pdf table 'Control Z',"datum is a DATASET-level assertion (lidar_duluth2012.html: 'Lidar data are in the UTM Zone 15 coordinate system, NAD83 96, NAVD88 Geoid09 meters tiled by USGS 1/16, 1:24,000 quadrangles.'); the validation reports themselves state no datum and no geoid",duluth2012,406.221,-0.15
L3B-1247,L3B,574175.542,5188478.724,267.701,m,EPSG:26915,NAVD88,GEOID09,lidar_duluth2012,2012,duluth2012_validation.pdf table 'Control Z',"datum is a DATASET-level assertion (lidar_duluth2012.html: 'Lidar data are in the UTM Zone 15 coordinate system, NAD83 96, NAVD88 Geoid09 meters tiled by USGS 1/16, 1:24,000 quadrangles.'); the validation reports themselves state no datum and no geoid",duluth2012,267.83,-0.129
L3B-126,L3B,511231.098,5167958.002,402.285,m,EPSG:26915,NAVD88,GEOID09,lidar_duluth2012,2012,duluth2012_validation.pdf table 'Control Z',"datum is a DATASET-level assertion (lidar_duluth2012.html: 'Lidar data are in the UTM Zone 15 coordinate system, NAD83 96, NAVD88 Geoid09 meters tiled by USGS 1/16, 1:24,000 quadrangles.'); the validation reports themselves state no datum and no geoid",duluth2012,402.538,-0.253
L3B-1268,L3B,563498.85,5183656.522,407.962,m,EPSG:26915,NAVD88,GEOID09,lidar_duluth2012,2012,duluth2012_validation.pdf table 'Control Z',"datum is a DATASET-level assertion (lidar_duluth2012.html: 'Lidar data are in the UTM Zone 15 coordinate system, NAD83 96, NAVD88 Geoid09 meters tiled by USGS 1/16, 1:24,000 quadrangles.'); the validation reports themselves state no datum and no geoid",duluth2012,408.064,-0.102
L3B-1319,L3B,571607.133,5184084.963,193.514,m,EPSG:26915,NAVD88,GEOID09,lidar_duluth2012,2012,duluth2012_validation.pdf table 'Control Z',"datum is a DATASET-level assertion (lidar_duluth2012.html: 'Lidar data are in the UTM Zone 15 coordinate system, NAD83 96, NAVD88 Geoid09 meters tiled by USGS 1/16, 1:24,000 quadrangles.'); the validation reports themselves state no datum and no geoid",duluth2012,193.631,-0.117
L3B-132,L3B,505525.372,5150309.294,368.732,m,EPSG:26915,NAVD88,GEOID09,lidar_duluth2012,2012,duluth2012_validation.pdf table 'Control Z',"datum is a DATASET-level assertion (lidar_duluth2012.html: 'Lidar data are in the UTM Zone 15 coordinate system, NAD83 96, NAVD88 Geoid09 meters tiled by USGS 1/16, 1:24,000 quadrangles.'); the validation reports themselves state no datum and no geoid",duluth2012,368.853,-0.121
L3B-133,L3B,509464.621,5150198.356,367.508,m,EPSG:26915,NAVD88,GEOID09,lidar_duluth2012,2012,duluth2012_validation.pdf table 'Control Z',"datum is a DATASET-level assertion (lidar_duluth2012.html: 'Lidar data are in the UTM Zone 15 coordinate system, NAD83 96, NAVD88 Geoid09 meters tiled by USGS 1/16, 1:24,000 quadrangles.'); the validation reports themselves state no datum and no geoid",duluth2012,367.618,-0.11
L3B-1365,L3B,575874.654,5187576.149,190.371,m,EPSG:26915,NAVD88,GEOID09,lidar_duluth2012,2012,duluth2012_validation.pdf table 'Control Z',"datum is a DATASET-level assertion (lidar_duluth2012.html: 'Lidar data are in the UTM Zone 15 coordinate system, NAD83 96, NAVD88 Geoid09 meters tiled by USGS 1/16, 1:24,000 quadrangles.'); the validation reports themselves state no datum and no geoid",duluth2012,190.477,-0.106
L3B-142,L3B,518251.596,5150105.803,359.547,m,EPSG:26915,NAVD88,GEOID09,lidar_duluth2012,2012,duluth2012_validation.pdf table 'Control Z',"datum is a DATASET-level assertion (lidar_duluth2012.html: 'Lidar data are in the UTM Zone 15 coordinate system, NAD83 96, NAVD88 Geoid09 meters tiled by USGS 1/16, 1:24,000 quadrangles.'); the validation reports themselves state no datum and no geoid",duluth2012,359.861,-0.314
L3B-144,L3B,551762.956,5177536.988,377.288,m,EPSG:26915,NAVD88,GEOID09,lidar_duluth2012,2012,duluth2012_validation.pdf table 'Control Z',"datum is a DATASET-level assertion (lidar_duluth2012.html: 'Lidar data are in the UTM Zone 15 coordinate system, NAD83 96, NAVD88 Geoid09 meters tiled by USGS 1/16, 1:24,000 quadrangles.'); the validation reports themselves state no datum and no geoid",duluth2012,377.477,-0.189
L3B-145,L3B,546859.932,5177747.473,398.563,m,EPSG:26915,NAVD88,GEOID09,lidar_duluth2012,2012,duluth2012_validation.pdf table 'Control Z',"datum is a DATASET-level assertion (lidar_duluth2012.html: 'Lidar data are in the UTM Zone 15 coordinate system, NAD83 96, NAVD88 Geoid09 meters tiled by USGS 1/16, 1:24,000 quadrangles.'); the validation reports themselves state no datum and no geoid",duluth2012,398.662,-0.099
L3B-155,L3B,534201.748,5172805.764,389.944,m,EPSG:26915,NAVD88,GEOID09,lidar_duluth2012,2012,duluth2012_validation.pdf table 'Control Z',"datum is a DATASET-level assertion (lidar_duluth2012.html: 'Lidar data are in the UTM Zone 15 coordinate system, NAD83 96, NAVD88 Geoid09 meters tiled by USGS 1/16, 1:24,000 quadrangles.'); the validation reports themselves state no datum and no geoid",duluth2012,390.182,-0.238
L3B-161,L3B,529641.57,5177561.315,397.942,m,EPSG:26915,NAVD88,GEOID09,lidar_duluth2012,2012,duluth2012_validation.pdf table 'Control Z',"datum is a DATASET-level assertion (lidar_duluth2012.html: 'Lidar data are in the UTM Zone 15 coordinate system, NAD83 96, NAVD88 Geoid09 meters tiled by USGS 1/16, 1:24,000 quadrangles.'); the validation reports themselves state no datum and no geoid",duluth2012,398.13,-0.188
L3B-171,L3B,546256.807,5145895.673,316.411,m,EPSG:26915,NAVD88,GEOID09,lidar_duluth2012,2012,duluth2012_validation.pdf table 'Control Z',"datum is a DATASET-level assertion (lidar_duluth2012.html: 'Lidar data are in the UTM Zone 15 coordinate system, NAD83 96, NAVD88 Geoid09 meters tiled by USGS 1/16, 1:24,000 quadrangles.'); the validation reports themselves state no datum and no geoid",duluth2012,316.357,0.054
L3B-172,L3B,549649.928,5143714.053,335.636,m,EPSG:26915,NAVD88,GEOID09,lidar_duluth2012,2012,duluth2012_validation.pdf table 'Control Z',"datum is a DATASET-level assertion (lidar_duluth2012.html: 'Lidar data are in the UTM Zone 15 coordinate system, NAD83 96, NAVD88 Geoid09 meters tiled by USGS 1/16, 1:24,000 quadrangles.'); the validation reports themselves state no datum and no geoid",duluth2012,335.775,-0.139
L3B-178,L3B,528098.777,5140613.522,344.373,m,EPSG:26915,NAVD88,GEOID09,lidar_duluth2012,2012,duluth2012_validation.pdf table 'Control Z',"datum is a DATASET-level assertion (lidar_duluth2012.html: 'Lidar data are in the UTM Zone 15 coordinate system, NAD83 96, NAVD88 Geoid09 meters tiled by USGS 1/16, 1:24,000 quadrangles.'); the validation reports themselves state no datum and no geoid",duluth2012,344.616,-0.243
L3B-182,L3B,536118.968,5145262.036,316.726,m,EPSG:26915,NAVD88,GEOID09,lidar_duluth2012,2012,duluth2012_validation.pdf table 'Control Z',"datum is a DATASET-level assertion (lidar_duluth2012.html: 'Lidar data are in the UTM Zone 15 coordinate system, NAD83 96, NAVD88 Geoid09 meters tiled by USGS 1/16, 1:24,000 quadrangles.'); the validation reports themselves state no datum and no geoid",duluth2012,316.964,-0.238
L3B-193,L3B,537162.929,5165027.36,349.881,m,EPSG:26915,NAVD88,GEOID09,lidar_duluth2012,2012,duluth2012_validation.pdf table 'Control Z',"datum is a DATASET-level assertion (lidar_duluth2012.html: 'Lidar data are in the UTM Zone 15 coordinate system, NAD83 96, NAVD88 Geoid09 meters tiled by USGS 1/16, 1:24,000 quadrangles.'); the validation reports themselves state no datum and no geoid",duluth2012,350.12,-0.239
L3B-199,L3B,518718.774,5162867.49,393.48,m,EPSG:26915,NAVD88,GEOID09,lidar_duluth2012,2012,duluth2012_validation.pdf table 'Control Z',"datum is a DATASET-level assertion (lidar_duluth2012.html: 'Lidar data are in the UTM Zone 15 coordinate system, NAD83 96, NAVD88 Geoid09 meters tiled by USGS 1/16, 1:24,000 quadrangles.'); the validation reports themselves state no datum and no geoid",duluth2012,393.768,-0.288
L3B-20,L3B,539058.763,5232101.25,410.087,m,EPSG:26915,NAVD88,GEOID09,lidar_duluth2012,2012,duluth2012_validation.pdf table 'Control Z',"datum is a DATASET-level assertion (lidar_duluth2012.html: 'Lidar data are in the UTM Zone 15 coordinate system, NAD83 96, NAVD88 Geoid09 meters tiled by USGS 1/16, 1:24,000 quadrangles.'); the validation reports themselves state no datum and no geoid",duluth2012,410.335,-0.248
L3B-200,L3B,524638.407,5158244.524,368.669,m,EPSG:26915,NAVD88,GEOID09,lidar_duluth2012,2012,duluth2012_validation.pdf table 'Control Z',"datum is a DATASET-level assertion (lidar_duluth2012.html: 'Lidar data are in the UTM Zone 15 coordinate system, NAD83 96, NAVD88 Geoid09 meters tiled by USGS 1/16, 1:24,000 quadrangles.'); the validation reports themselves state no datum and no geoid",duluth2012,368.75,-0.081
L3B-22,L3B,529973.05,5222323.775,396.077,m,EPSG:26915,NAVD88,GEOID09,lidar_duluth2012,2012,duluth2012_validation.pdf table 'Control Z',"datum is a DATASET-level assertion (lidar_duluth2012.html: 'Lidar data are in the UTM Zone 15 coordinate system, NAD83 96, NAVD88 Geoid09 meters tiled by USGS 1/16, 1:24,000 quadrangles.'); the validation reports themselves state no datum and no geoid",duluth2012,396.316,-0.239
L3B-37,L3B,528726.832,5212965.244,393.803,m,EPSG:26915,NAVD88,GEOID09,lidar_duluth2012,2012,duluth2012_validation.pdf table 'Control Z',"datum is a DATASET-level assertion (lidar_duluth2012.html: 'Lidar data are in the UTM Zone 15 coordinate system, NAD83 96, NAVD88 Geoid09 meters tiled by USGS 1/16, 1:24,000 quadrangles.'); the validation reports themselves state no datum and no geoid",duluth2012,393.998,-0.195
L3B-47,L3B,509834.582,5184029.381,395.152,m,EPSG:26915,NAVD88,GEOID09,lidar_duluth2012,2012,duluth2012_validation.pdf table 'Control Z',"datum is a DATASET-level assertion (lidar_duluth2012.html: 'Lidar data are in the UTM Zone 15 coordinate system, NAD83 96, NAVD88 Geoid09 meters tiled by USGS 1/16, 1:24,000 quadrangles.'); the validation reports themselves state no datum and no geoid",duluth2012,395.469,-0.317
L3B-54,L3B,539419.088,5200866.958,403.799,m,EPSG:26915,NAVD88,GEOID09,lidar_duluth2012,2012,duluth2012_validation.pdf table 'Control Z',"datum is a DATASET-level assertion (lidar_duluth2012.html: 'Lidar data are in the UTM Zone 15 coordinate system, NAD83 96, NAVD88 Geoid09 meters tiled by USGS 1/16, 1:24,000 quadrangles.'); the validation reports themselves state no datum and no geoid",duluth2012,404.19,-0.391
L3B-55,L3B,538807.029,5193788.371,394.988,m,EPSG:26915,NAVD88,GEOID09,lidar_duluth2012,2012,duluth2012_validation.pdf table 'Control Z',"datum is a DATASET-level assertion (lidar_duluth2012.html: 'Lidar data are in the UTM Zone 15 coordinate system, NAD83 96, NAVD88 Geoid09 meters tiled by USGS 1/16, 1:24,000 quadrangles.'); the validation reports themselves state no datum and no geoid",duluth2012,395.129,-0.141
L3B-65,L3B,579394.844,5220332.023,449.227,m,EPSG:26915,NAVD88,GEOID09,lidar_duluth2012,2012,duluth2012_validation.pdf table 'Control Z',"datum is a DATASET-level assertion (lidar_duluth2012.html: 'Lidar data are in the UTM Zone 15 coordinate system, NAD83 96, NAVD88 Geoid09 meters tiled by USGS 1/16, 1:24,000 quadrangles.'); the validation reports themselves state no datum and no geoid",duluth2012,449.579,-0.352
L3B-66,L3B,587341.113,5233169.886,460.833,m,EPSG:26915,NAVD88,GEOID09,lidar_duluth2012,2012,duluth2012_validation.pdf table 'Control Z',"datum is a DATASET-level assertion (lidar_duluth2012.html: 'Lidar data are in the UTM Zone 15 coordinate system, NAD83 96, NAVD88 Geoid09 meters tiled by USGS 1/16, 1:24,000 quadrangles.'); the validation reports themselves state no datum and no geoid",duluth2012,460.776,0.057
L4F-1015,L4F,557819.181,5167473.444,227.171,m,EPSG:26915,NAVD88,GEOID09,lidar_duluth2012,2012,duluth2012_validation.pdf table 'Control Z',"datum is a DATASET-level assertion (lidar_duluth2012.html: 'Lidar data are in the UTM Zone 15 coordinate system, NAD83 96, NAVD88 Geoid09 meters tiled by USGS 1/16, 1:24,000 quadrangles.'); the validation reports themselves state no datum and no geoid",duluth2012,227.197,-0.026
L4F-102,L4F,500283.412,5144090.83,370.069,m,EPSG:26915,NAVD88,GEOID09,lidar_duluth2012,2012,duluth2012_validation.pdf table 'Control Z',"datum is a DATASET-level assertion (lidar_duluth2012.html: 'Lidar data are in the UTM Zone 15 coordinate system, NAD83 96, NAVD88 Geoid09 meters tiled by USGS 1/16, 1:24,000 quadrangles.'); the validation reports themselves state no datum and no geoid",duluth2012,370.217,-0.148
L4F-1023,L4F,559802.592,5167349.225,201.616,m,EPSG:26915,NAVD88,GEOID09,lidar_duluth2012,2012,duluth2012_validation.pdf table 'Control Z',"datum is a DATASET-level assertion (lidar_duluth2012.html: 'Lidar data are in the UTM Zone 15 coordinate system, NAD83 96, NAVD88 Geoid09 meters tiled by USGS 1/16, 1:24,000 quadrangles.'); the validation reports themselves state no datum and no geoid",duluth2012,201.551,0.065
L4F-103,L4F,500278.345,5144090.102,370.038,m,EPSG:26915,NAVD88,GEOID09,lidar_duluth2012,2012,duluth2012_validation.pdf table 'Control Z',"datum is a DATASET-level assertion (lidar_duluth2012.html: 'Lidar data are in the UTM Zone 15 coordinate system, NAD83 96, NAVD88 Geoid09 meters tiled by USGS 1/16, 1:24,000 quadrangles.'); the validation reports themselves state no datum and no geoid",duluth2012,369.934,0.104
L4F-1038,L4F,559403.983,5170621.173,207.54,m,EPSG:26915,NAVD88,GEOID09,lidar_duluth2012,2012,duluth2012_validation.pdf table 'Control Z',"datum is a DATASET-level assertion (lidar_duluth2012.html: 'Lidar data are in the UTM Zone 15 coordinate system, NAD83 96, NAVD88 Geoid09 meters tiled by USGS 1/16, 1:24,000 quadrangles.'); the validation reports themselves state no datum and no geoid",duluth2012,207.436,0.104
L4F-1052,L4F,560918.693,5173412.387,192.005,m,EPSG:26915,NAVD88,GEOID09,lidar_duluth2012,2012,duluth2012_validation.pdf table 'Control Z',"datum is a DATASET-level assertion (lidar_duluth2012.html: 'Lidar data are in the UTM Zone 15 coordinate system, NAD83 96, NAVD88 Geoid09 meters tiled by USGS 1/16, 1:24,000 quadrangles.'); the validation reports themselves state no datum and no geoid",duluth2012,192.01,-0.005
L4F-1060,L4F,560683.455,5173803.567,215.112,m,EPSG:26915,NAVD88,GEOID09,lidar_duluth2012,2012,duluth2012_validation.pdf table 'Control Z',"datum is a DATASET-level assertion (lidar_duluth2012.html: 'Lidar data are in the UTM Zone 15 coordinate system, NAD83 96, NAVD88 Geoid09 meters tiled by USGS 1/16, 1:24,000 quadrangles.'); the validation reports themselves state no datum and no geoid",duluth2012,215.048,0.064
L4F-1062,L4F,559609.617,5174602.065,360.181,m,EPSG:26915,NAVD88,GEOID09,lidar_duluth2012,2012,duluth2012_validation.pdf table 'Control Z',"datum is a DATASET-level assertion (lidar_duluth2012.html: 'Lidar data are in the UTM Zone 15 coordinate system, NAD83 96, NAVD88 Geoid09 meters tiled by USGS 1/16, 1:24,000 quadrangles.'); the validation reports themselves state no datum and no geoid",duluth2012,360.264,-0.083
L4F-1065,L4F,559486.632,5172934.71,324.627,m,EPSG:26915,NAVD88,GEOID09,lidar_duluth2012,2012,duluth2012_validation.pdf table 'Control Z',"datum is a DATASET-level assertion (lidar_duluth2012.html: 'Lidar data are in the UTM Zone 15 coordinate system, NAD83 96, NAVD88 Geoid09 meters tiled by USGS 1/16, 1:24,000 quadrangles.'); the validation reports themselves state no datum and no geoid",duluth2012,324.62,0.007
L4F-1067,L4F,559111.362,5172302.524,320.858,m,EPSG:26915,NAVD88,GEOID09,lidar_duluth2012,2012,duluth2012_validation.pdf table 'Control Z',"datum is a DATASET-level assertion (lidar_duluth2012.html: 'Lidar data are in the UTM Zone 15 coordinate system, NAD83 96, NAVD88 Geoid09 meters tiled by USGS 1/16, 1:24,000 quadrangles.'); the validation reports themselves state no datum and no geoid",duluth2012,320.878,-0.02
L4F-1068,L4F,559043.252,5172394.068,336.957,m,EPSG:26915,NAVD88,GEOID09,lidar_duluth2012,2012,duluth2012_validation.pdf table 'Control Z',"datum is a DATASET-level assertion (lidar_duluth2012.html: 'Lidar data are in the UTM Zone 15 coordinate system, NAD83 96, NAVD88 Geoid09 meters tiled by USGS 1/16, 1:24,000 quadrangles.'); the validation reports themselves state no datum and no geoid",duluth2012,336.893,0.064
L4F-1077,L4F,560642.233,5177239.056,376.29,m,EPSG:26915,NAVD88,GEOID09,lidar_duluth2012,2012,duluth2012_validation.pdf table 'Control Z',"datum is a DATASET-level assertion (lidar_duluth2012.html: 'Lidar data are in the UTM Zone 15 coordinate system, NAD83 96, NAVD88 Geoid09 meters tiled by USGS 1/16, 1:24,000 quadrangles.'); the validation reports themselves state no datum and no geoid",duluth2012,376.414,-0.124
L4F-1079,L4F,562036.9,5177570.347,340.724,m,EPSG:26915,NAVD88,GEOID09,lidar_duluth2012,2012,duluth2012_validation.pdf table 'Control Z',"datum is a DATASET-level assertion (lidar_duluth2012.html: 'Lidar data are in the UTM Zone 15 coordinate system, NAD83 96, NAVD88 Geoid09 meters tiled by USGS 1/16, 1:24,000 quadrangles.'); the validation reports themselves state no datum and no geoid",duluth2012,340.75,-0.026
L4F-1093,L4F,564301.394,5175289.914,185.318,m,EPSG:26915,NAVD88,GEOID09,lidar_duluth2012,2012,duluth2012_validation.pdf table 'Control Z',"datum is a DATASET-level assertion (lidar_duluth2012.html: 'Lidar data are in the UTM Zone 15 coordinate system, NAD83 96, NAVD88 Geoid09 meters tiled by USGS 1/16, 1:24,000 quadrangles.'); the validation reports themselves state no datum and no geoid",duluth2012,185.335,-0.017
L4F-1098,L4F,561778.201,5175205.959,208.098,m,EPSG:26915,NAVD88,GEOID09,lidar_duluth2012,2012,duluth2012_validation.pdf table 'Control Z',"datum is a DATASET-level assertion (lidar_duluth2012.html: 'Lidar data are in the UTM Zone 15 coordinate system, NAD83 96, NAVD88 Geoid09 meters tiled by USGS 1/16, 1:24,000 quadrangles.'); the validation reports themselves state no datum and no geoid",duluth2012,208.16,-0.062
L4F-1104,L4F,566751.847,5180892.619,324.656,m,EPSG:26915,NAVD88,GEOID09,lidar_duluth2012,2012,duluth2012_validation.pdf table 'Control Z',"datum is a DATASET-level assertion (lidar_duluth2012.html: 'Lidar data are in the UTM Zone 15 coordinate system, NAD83 96, NAVD88 Geoid09 meters tiled by USGS 1/16, 1:24,000 quadrangles.'); the validation reports themselves state no datum and no geoid",duluth2012,324.711,-0.055
L4F-1110,L4F,563414.997,5180865.636,404.506,m,EPSG:26915,NAVD88,GEOID09,lidar_duluth2012,2012,duluth2012_validation.pdf table 'Control Z',"datum is a DATASET-level assertion (lidar_duluth2012.html: 'Lidar data are in the UTM Zone 15 coordinate system, NAD83 96, NAVD88 Geoid09 meters tiled by USGS 1/16, 1:24,000 quadrangles.'); the validation reports themselves state no datum and no geoid",duluth2012,404.589,-0.083
L4F-1114,L4F,563132.329,5178008.424,314.284,m,EPSG:26915,NAVD88,GEOID09,lidar_duluth2012,2012,duluth2012_validation.pdf table 'Control Z',"datum is a DATASET-level assertion (lidar_duluth2012.html: 'Lidar data are in the UTM Zone 15 coordinate system, NAD83 96, NAVD88 Geoid09 meters tiled by USGS 1/16, 1:24,000 quadrangles.'); the validation reports themselves state no datum and no geoid",duluth2012,314.289,-0.005
L4F-1115,L4F,563097.922,5178062.791,327.807,m,EPSG:26915,NAVD88,GEOID09,lidar_duluth2012,2012,duluth2012_validation.pdf table 'Control Z',"datum is a DATASET-level assertion (lidar_duluth2012.html: 'Lidar data are in the UTM Zone 15 coordinate system, NAD83 96, NAVD88 Geoid09 meters tiled by USGS 1/16, 1:24,000 quadrangles.'); the validation reports themselves state no datum and no geoid",duluth2012,327.793,0.014
L4F-1133,L4F,565396.717,5177996.408,185.737,m,EPSG:26915,NAVD88,GEOID09,lidar_duluth2012,2012,duluth2012_validation.pdf table 'Control Z',"datum is a DATASET-level assertion (lidar_duluth2012.html: 'Lidar data are in the UTM Zone 15 coordinate system, NAD83 96, NAVD88 Geoid09 meters tiled by USGS 1/16, 1:24,000 quadrangles.'); the validation reports themselves state no datum and no geoid",duluth2012,185.731,0.006
L4F-1134,L4F,566591.692,5178499.146,184.568,m,EPSG:26915,NAVD88,GEOID09,lidar_duluth2012,2012,duluth2012_validation.pdf table 'Control Z',"datum is a DATASET-level assertion (lidar_duluth2012.html: 'Lidar data are in the UTM Zone 15 coordinate system, NAD83 96, NAVD88 Geoid09 meters tiled by USGS 1/16, 1:24,000 quadrangles.'); the validation reports themselves state no datum and no geoid",duluth2012,184.703,-0.135
L4F-1140,L4F,565612.781,5180054.063,267.751,m,EPSG:26915,NAVD88,GEOID09,lidar_duluth2012,2012,duluth2012_validation.pdf table 'Control Z',"datum is a DATASET-level assertion (lidar_duluth2012.html: 'Lidar data are in the UTM Zone 15 coordinate system, NAD83 96, NAVD88 Geoid09 meters tiled by USGS 1/16, 1:24,000 quadrangles.'); the validation reports themselves state no datum and no geoid",duluth2012,267.84,-0.089
L4F-1147,L4F,564640.101,5182730.328,400.888,m,EPSG:26915,NAVD88,GEOID09,lidar_duluth2012,2012,duluth2012_validation.pdf table 'Control Z',"datum is a DATASET-level assertion (lidar_duluth2012.html: 'Lidar data are in the UTM Zone 15 coordinate system, NAD83 96, NAVD88 Geoid09 meters tiled by USGS 1/16, 1:24,000 quadrangles.'); the validation reports themselves state no datum and no geoid",duluth2012,400.907,-0.019
L4F-1148,L4F,565142.805,5182801.654,419.937,m,EPSG:26915,NAVD88,GEOID09,lidar_duluth2012,2012,duluth2012_validation.pdf table 'Control Z',"datum is a DATASET-level assertion (lidar_duluth2012.html: 'Lidar data are in the UTM Zone 15 coordinate system, NAD83 96, NAVD88 Geoid09 meters tiled by USGS 1/16, 1:24,000 quadrangles.'); the validation reports themselves state no datum and no geoid",duluth2012,419.846,0.091
L4F-1154,L4F,566949.344,5182549.081,381.271,m,EPSG:26915,NAVD88,GEOID09,lidar_duluth2012,2012,duluth2012_validation.pdf table 'Control Z',"datum is a DATASET-level assertion (lidar_duluth2012.html: 'Lidar data are in the UTM Zone 15 coordinate system, NAD83 96, NAVD88 Geoid09 meters tiled by USGS 1/16, 1:24,000 quadrangles.'); the validation reports themselves state no datum and no geoid",duluth2012,381.285,-0.014
L4F-117,L4F,500837.323,5166309.922,399.85,m,EPSG:26915,NAVD88,GEOID09,lidar_duluth2012,2012,duluth2012_validation.pdf table 'Control Z',"datum is a DATASET-level assertion (lidar_duluth2012.html: 'Lidar data are in the UTM Zone 15 coordinate system, NAD83 96, NAVD88 Geoid09 meters tiled by USGS 1/16, 1:24,000 quadrangles.'); the validation reports themselves state no datum and no geoid",duluth2012,400.031,-0.181
L4F-1177,L4F,565016.818,5181741.086,383.472,m,EPSG:26915,NAVD88,GEOID09,lidar_duluth2012,2012,duluth2012_validation.pdf table 'Control Z',"datum is a DATASET-level assertion (lidar_duluth2012.html: 'Lidar data are in the UTM Zone 15 coordinate system, NAD83 96, NAVD88 Geoid09 meters tiled by USGS 1/16, 1:24,000 quadrangles.'); the validation reports themselves state no datum and no geoid",duluth2012,383.497,-0.025
L4F-1180,L4F,562977.521,5186036.654,418.71,m,EPSG:26915,NAVD88,GEOID09,lidar_duluth2012,2012,duluth2012_validation.pdf table 'Control Z',"datum is a DATASET-level assertion (lidar_duluth2012.html: 'Lidar data are in the UTM Zone 15 coordinate system, NAD83 96, NAVD88 Geoid09 meters tiled by USGS 1/16, 1:24,000 quadrangles.'); the validation reports themselves state no datum and no geoid",duluth2012,418.888,-0.178
L4F-1181,L4F,563001.932,5186027.155,420.19,m,EPSG:26915,NAVD88,GEOID09,lidar_duluth2012,2012,duluth2012_validation.pdf table 'Control Z',"datum is a DATASET-level assertion (lidar_duluth2012.html: 'Lidar data are in the UTM Zone 15 coordinate system, NAD83 96, NAVD88 Geoid09 meters tiled by USGS 1/16, 1:24,000 quadrangles.'); the validation reports themselves state no datum and no geoid",duluth2012,420.288,-0.098
L4F-1185,L4F,564425.511,5186839.214,425.267,m,EPSG:26915,NAVD88,GEOID09,lidar_duluth2012,2012,duluth2012_validation.pdf table 'Control Z',"datum is a DATASET-level assertion (lidar_duluth2012.html: 'Lidar data are in the UTM Zone 15 coordinate system, NAD83 96, NAVD88 Geoid09 meters tiled by USGS 1/16, 1:24,000 quadrangles.'); the validation reports themselves state no datum and no geoid",duluth2012,425.228,0.039
L4F-1206,L4F,569606.203,5183980.33,263.216,m,EPSG:26915,NAVD88,GEOID09,lidar_duluth2012,2012,duluth2012_validation.pdf table 'Control Z',"datum is a DATASET-level assertion (lidar_duluth2012.html: 'Lidar data are in the UTM Zone 15 coordinate system, NAD83 96, NAVD88 Geoid09 meters tiled by USGS 1/16, 1:24,000 quadrangles.'); the validation reports themselves state no datum and no geoid",duluth2012,263.24,-0.024
L4F-1207,L4F,569604.828,5184046.654,277.05,m,EPSG:26915,NAVD88,GEOID09,lidar_duluth2012,2012,duluth2012_validation.pdf table 'Control Z',"datum is a DATASET-level assertion (lidar_duluth2012.html: 'Lidar data are in the UTM Zone 15 coordinate system, NAD83 96, NAVD88 Geoid09 meters tiled by USGS 1/16, 1:24,000 quadrangles.'); the validation reports themselves state no datum and no geoid",duluth2012,277.136,-0.086
L4F-1214,L4F,567510.036,5185204.42,387.361,m,EPSG:26915,NAVD88,GEOID09,lidar_duluth2012,2012,duluth2012_validation.pdf table 'Control Z',"datum is a DATASET-level assertion (lidar_duluth2012.html: 'Lidar data are in the UTM Zone 15 coordinate system, NAD83 96, NAVD88 Geoid09 meters tiled by USGS 1/16, 1:24,000 quadrangles.'); the validation reports themselves state no datum and no geoid",duluth2012,387.371,-0.01
L4F-1217,L4F,567730.225,5187194.761,415.896,m,EPSG:26915,NAVD88,GEOID09,lidar_duluth2012,2012,duluth2012_validation.pdf table 'Control Z',"datum is a DATASET-level assertion (lidar_duluth2012.html: 'Lidar data are in the UTM Zone 15 coordinate system, NAD83 96, NAVD88 Geoid09 meters tiled by USGS 1/16, 1:24,000 quadrangles.'); the validation reports themselves state no datum and no geoid",duluth2012,416.066,-0.17
L4F-1224,L4F,570487.103,5186797.128,340.344,m,EPSG:26915,NAVD88,GEOID09,lidar_duluth2012,2012,duluth2012_validation.pdf table 'Control Z',"datum is a DATASET-level assertion (lidar_duluth2012.html: 'Lidar data are in the UTM Zone 15 coordinate system, NAD83 96, NAVD88 Geoid09 meters tiled by USGS 1/16, 1:24,000 quadrangles.'); the validation reports themselves state no datum and no geoid",duluth2012,340.394,-0.05
L4F-1230,L4F,572034.165,5185351.691,222.066,m,EPSG:26915,NAVD88,GEOID09,lidar_duluth2012,2012,duluth2012_validation.pdf table 'Control Z',"datum is a DATASET-level assertion (lidar_duluth2012.html: 'Lidar data are in the UTM Zone 15 coordinate system, NAD83 96, NAVD88 Geoid09 meters tiled by USGS 1/16, 1:24,000 quadrangles.'); the validation reports themselves state no datum and no geoid",duluth2012,222.123,-0.057
L4F-1233,L4F,573774.556,5186172.6,199.143,m,EPSG:26915,NAVD88,GEOID09,lidar_duluth2012,2012,duluth2012_validation.pdf table 'Control Z',"datum is a DATASET-level assertion (lidar_duluth2012.html: 'Lidar data are in the UTM Zone 15 coordinate system, NAD83 96, NAVD88 Geoid09 meters tiled by USGS 1/16, 1:24,000 quadrangles.'); the validation reports themselves state no datum and no geoid",duluth2012,199.255,-0.112
L4F-1239,L4F,573762.791,5187313.841,240.084,m,EPSG:26915,NAVD88,GEOID09,lidar_duluth2012,2012,duluth2012_validation.pdf table 'Control Z',"datum is a DATASET-level assertion (lidar_duluth2012.html: 'Lidar data are in the UTM Zone 15 coordinate system, NAD83 96, NAVD88 Geoid09 meters tiled by USGS 1/16, 1:24,000 quadrangles.'); the validation reports themselves state no datum and no geoid",duluth2012,240.157,-0.073
L4F-1243,L4F,574736.995,5189441.022,282.355,m,EPSG:26915,NAVD88,GEOID09,lidar_duluth2012,2012,duluth2012_validation.pdf table 'Control Z',"datum is a DATASET-level assertion (lidar_duluth2012.html: 'Lidar data are in the UTM Zone 15 coordinate system, NAD83 96, NAVD88 Geoid09 meters tiled by USGS 1/16, 1:24,000 quadrangles.'); the validation reports themselves state no datum and no geoid",duluth2012,282.475,-0.12
L4F-1248,L4F,574104.009,5188547.041,273.207,m,EPSG:26915,NAVD88,GEOID09,lidar_duluth2012,2012,duluth2012_validation.pdf table 'Control Z',"datum is a DATASET-level assertion (lidar_duluth2012.html: 'Lidar data are in the UTM Zone 15 coordinate system, NAD83 96, NAVD88 Geoid09 meters tiled by USGS 1/16, 1:24,000 quadrangles.'); the validation reports themselves state no datum and no geoid",duluth2012,273.25,-0.043
L4F-1250,L4F,574517.872,5187965.539,237.406,m,EPSG:26915,NAVD88,GEOID09,lidar_duluth2012,2012,duluth2012_validation.pdf table 'Control Z',"datum is a DATASET-level assertion (lidar_duluth2012.html: 'Lidar data are in the UTM Zone 15 coordinate system, NAD83 96, NAVD88 Geoid09 meters tiled by USGS 1/16, 1:24,000 quadrangles.'); the validation reports themselves state no datum and no geoid",duluth2012,237.336,0.07
L4F-1251,L4F,574488.009,5187985.741,234.817,m,EPSG:26915,NAVD88,GEOID09,lidar_duluth2012,2012,duluth2012_validation.pdf table 'Control Z',"datum is a DATASET-level assertion (lidar_duluth2012.html: 'Lidar data are in the UTM Zone 15 coordinate system, NAD83 96, NAVD88 Geoid09 meters tiled by USGS 1/16, 1:24,000 quadrangles.'); the validation reports themselves state no datum and no geoid",duluth2012,235.024,-0.207
L4F-1255,L4F,575204.201,5187478.012,200.571,m,EPSG:26915,NAVD88,GEOID09,lidar_duluth2012,2012,duluth2012_validation.pdf table 'Control Z',"datum is a DATASET-level assertion (lidar_duluth2012.html: 'Lidar data are in the UTM Zone 15 coordinate system, NAD83 96, NAVD88 Geoid09 meters tiled by USGS 1/16, 1:24,000 quadrangles.'); the validation reports themselves state no datum and no geoid",duluth2012,200.698,-0.127
L4F-1256,L4F,575210.357,5187495.113,200.699,m,EPSG:26915,NAVD88,GEOID09,lidar_duluth2012,2012,duluth2012_validation.pdf table 'Control Z',"datum is a DATASET-level assertion (lidar_duluth2012.html: 'Lidar data are in the UTM Zone 15 coordinate system, NAD83 96, NAVD88 Geoid09 meters tiled by USGS 1/16, 1:24,000 quadrangles.'); the validation reports themselves state no datum and no geoid",duluth2012,200.878,-0.179
L4F-1261,L4F,571804.968,5185917.408,264.305,m,EPSG:26915,NAVD88,GEOID09,lidar_duluth2012,2012,duluth2012_validation.pdf table 'Control Z',"datum is a DATASET-level assertion (lidar_duluth2012.html: 'Lidar data are in the UTM Zone 15 coordinate system, NAD83 96, NAVD88 Geoid09 meters tiled by USGS 1/16, 1:24,000 quadrangles.'); the validation reports themselves state no datum and no geoid",duluth2012,264.574,-0.269
L4F-1263,L4F,566414.37,5183215.124,389.818,m,EPSG:26915,NAVD88,GEOID09,lidar_duluth2012,2012,duluth2012_validation.pdf table 'Control Z',"datum is a DATASET-level assertion (lidar_duluth2012.html: 'Lidar data are in the UTM Zone 15 coordinate system, NAD83 96, NAVD88 Geoid09 meters tiled by USGS 1/16, 1:24,000 quadrangles.'); the validation reports themselves state no datum and no geoid",duluth2012,389.877,-0.059
L4F-127,L4F,506552.679,5163064.973,401.726,m,EPSG:26915,NAVD88,GEOID09,lidar_duluth2012,2012,duluth2012_validation.pdf table 'Control Z',"datum is a DATASET-level assertion (lidar_duluth2012.html: 'Lidar data are in the UTM Zone 15 coordinate system, NAD83 96, NAVD88 Geoid09 meters tiled by USGS 1/16, 1:24,000 quadrangles.'); the validation reports themselves state no datum and no geoid",duluth2012,401.779,-0.053
L4F-1274,L4F,564608.918,5185682.991,430.61,m,EPSG:26915,NAVD88,GEOID09,lidar_duluth2012,2012,duluth2012_validation.pdf table 'Control Z',"datum is a DATASET-level assertion (lidar_duluth2012.html: 'Lidar data are in the UTM Zone 15 coordinate system, NAD83 96, NAVD88 Geoid09 meters tiled by USGS 1/16, 1:24,000 quadrangles.'); the validation reports themselves state no datum and no geoid",duluth2012,430.697,-0.087
L4F-1285,L4F,570789.933,5190601.445,371.982,m,EPSG:26915,NAVD88,GEOID09,lidar_duluth2012,2012,duluth2012_validation.pdf table 'Control Z',"datum is a DATASET-level assertion (lidar_duluth2012.html: 'Lidar data are in the UTM Zone 15 coordinate system, NAD83 96, NAVD88 Geoid09 meters tiled by USGS 1/16, 1:24,000 quadrangles.'); the validation reports themselves state no datum and no geoid",duluth2012,371.987,-0.005
L4F-1289,L4F,572376.368,5188307.377,344.32,m,EPSG:26915,NAVD88,GEOID09,lidar_duluth2012,2012,duluth2012_validation.pdf table 'Control Z',"datum is a DATASET-level assertion (lidar_duluth2012.html: 'Lidar data are in the UTM Zone 15 coordinate system, NAD83 96, NAVD88 Geoid09 meters tiled by USGS 1/16, 1:24,000 quadrangles.'); the validation reports themselves state no datum and no geoid",duluth2012,344.371,-0.051
L4F-130,L4F,512324.098,5163075.932,395.901,m,EPSG:26915,NAVD88,GEOID09,lidar_duluth2012,2012,duluth2012_validation.pdf table 'Control Z',"datum is a DATASET-level assertion (lidar_duluth2012.html: 'Lidar data are in the UTM Zone 15 coordinate system, NAD83 96, NAVD88 Geoid09 meters tiled by USGS 1/16, 1:24,000 quadrangles.'); the validation reports themselves state no datum and no geoid",duluth2012,396.028,-0.127
L4F-131,L4F,506292.847,5155133.943,382.699,m,EPSG:26915,NAVD88,GEOID09,lidar_duluth2012,2012,duluth2012_validation.pdf table 'Control Z',"datum is a DATASET-level assertion (lidar_duluth2012.html: 'Lidar data are in the UTM Zone 15 coordinate system, NAD83 96, NAVD88 Geoid09 meters tiled by USGS 1/16, 1:24,000 quadrangles.'); the validation reports themselves state no datum and no geoid",duluth2012,382.817,-0.118
L4F-1326,L4F,569710.564,5186007.747,352.746,m,EPSG:26915,NAVD88,GEOID09,lidar_duluth2012,2012,duluth2012_validation.pdf table 'Control Z',"datum is a DATASET-level assertion (lidar_duluth2012.html: 'Lidar data are in the UTM Zone 15 coordinate system, NAD83 96, NAVD88 Geoid09 meters tiled by USGS 1/16, 1:24,000 quadrangles.'); the validation reports themselves state no datum and no geoid",duluth2012,352.633,0.113
L4F-1337,L4F,570494.634,5187078.428,340.496,m,EPSG:26915,NAVD88,GEOID09,lidar_duluth2012,2012,duluth2012_validation.pdf table 'Control Z',"datum is a DATASET-level assertion (lidar_duluth2012.html: 'Lidar data are in the UTM Zone 15 coordinate system, NAD83 96, NAVD88 Geoid09 meters tiled by USGS 1/16, 1:24,000 quadrangles.'); the validation reports themselves state no datum and no geoid",duluth2012,340.544,-0.048
L4F-1340,L4F,570151.294,5187275.262,402.322,m,EPSG:26915,NAVD88,GEOID09,lidar_duluth2012,2012,duluth2012_validation.pdf table 'Control Z',"datum is a DATASET-level assertion (lidar_duluth2012.html: 'Lidar data are in the UTM Zone 15 coordinate system, NAD83 96, NAVD88 Geoid09 meters tiled by USGS 1/16, 1:24,000 quadrangles.'); the validation reports themselves state no datum and no geoid",duluth2012,402.474,-0.152
L4F-1341,L4F,570173.157,5187255.629,397.216,m,EPSG:26915,NAVD88,GEOID09,lidar_duluth2012,2012,duluth2012_validation.pdf table 'Control Z',"datum is a DATASET-level assertion (lidar_duluth2012.html: 'Lidar data are in the UTM Zone 15 coordinate system, NAD83 96, NAVD88 Geoid09 meters tiled by USGS 1/16, 1:24,000 quadrangles.'); the validation reports themselves state no datum and no geoid",duluth2012,397.405,-0.189
L4F-1342,L4F,570221.062,5187280.699,394.012,m,EPSG:26915,NAVD88,GEOID09,lidar_duluth2012,2012,duluth2012_validation.pdf table 'Control Z',"datum is a DATASET-level assertion (lidar_duluth2012.html: 'Lidar data are in the UTM Zone 15 coordinate system, NAD83 96, NAVD88 Geoid09 meters tiled by USGS 1/16, 1:24,000 quadrangles.'); the validation reports themselves state no datum and no geoid",duluth2012,394.018,-0.006
L4F-1348,L4F,574419.846,5189296.504,312.869,m,EPSG:26915,NAVD88,GEOID09,lidar_duluth2012,2012,duluth2012_validation.pdf table 'Control Z',"datum is a DATASET-level assertion (lidar_duluth2012.html: 'Lidar data are in the UTM Zone 15 coordinate system, NAD83 96, NAVD88 Geoid09 meters tiled by USGS 1/16, 1:24,000 quadrangles.'); the validation reports themselves state no datum and no geoid",duluth2012,312.91,-0.041
L4F-135,L4F,505564.903,5147106.709,364.266,m,EPSG:26915,NAVD88,GEOID09,lidar_duluth2012,2012,duluth2012_validation.pdf table 'Control Z',"datum is a DATASET-level assertion (lidar_duluth2012.html: 'Lidar data are in the UTM Zone 15 coordinate system, NAD83 96, NAVD88 Geoid09 meters tiled by USGS 1/16, 1:24,000 quadrangles.'); the validation reports themselves state no datum and no geoid",duluth2012,364.354,-0.088
L4F-1352,L4F,574960.484,5190296.142,302.632,m,EPSG:26915,NAVD88,GEOID09,lidar_duluth2012,2012,duluth2012_validation.pdf table 'Control Z',"datum is a DATASET-level assertion (lidar_duluth2012.html: 'Lidar data are in the UTM Zone 15 coordinate system, NAD83 96, NAVD88 Geoid09 meters tiled by USGS 1/16, 1:24,000 quadrangles.'); the validation reports themselves state no datum and no geoid",duluth2012,302.548,0.084
L4F-1357,L4F,575444.472,5188842.569,245.623,m,EPSG:26915,NAVD88,GEOID09,lidar_duluth2012,2012,duluth2012_validation.pdf table 'Control Z',"datum is a DATASET-level assertion (lidar_duluth2012.html: 'Lidar data are in the UTM Zone 15 coordinate system, NAD83 96, NAVD88 Geoid09 meters tiled by USGS 1/16, 1:24,000 quadrangles.'); the validation reports themselves state no datum and no geoid",duluth2012,245.7,-0.077
L4F-136,L4F,505570.595,5143848.47,365.64,m,EPSG:26915,NAVD88,GEOID09,lidar_duluth2012,2012,duluth2012_validation.pdf table 'Control Z',"datum is a DATASET-level assertion (lidar_duluth2012.html: 'Lidar data are in the UTM Zone 15 coordinate system, NAD83 96, NAVD88 Geoid09 meters tiled by USGS 1/16, 1:24,000 quadrangles.'); the validation reports themselves state no datum and no geoid",duluth2012,365.833,-0.193
L4F-1368,L4F,575903.721,5189148.896,237.486,m,EPSG:26915,NAVD88,GEOID09,lidar_duluth2012,2012,duluth2012_validation.pdf table 'Control Z',"datum is a DATASET-level assertion (lidar_duluth2012.html: 'Lidar data are in the UTM Zone 15 coordinate system, NAD83 96, NAVD88 Geoid09 meters tiled by USGS 1/16, 1:24,000 quadrangles.'); the validation reports themselves state no datum and no geoid",duluth2012,237.719,-0.233
L4F-137,L4F,511049.995,5143790.786,355.838,m,EPSG:26915,NAVD88,GEOID09,lidar_duluth2012,2012,duluth2012_validation.pdf table 'Control Z',"datum is a DATASET-level assertion (lidar_duluth2012.html: 'Lidar data are in the UTM Zone 15 coordinate system, NAD83 96, NAVD88 Geoid09 meters tiled by USGS 1/16, 1:24,000 quadrangles.'); the validation reports themselves state no datum and no geoid",duluth2012,355.964,-0.126
L4F-1373,L4F,579051.568,5192157.884,257.47,m,EPSG:26915,NAVD88,GEOID09,lidar_duluth2012,2012,duluth2012_validation.pdf table 'Control Z',"datum is a DATASET-level assertion (lidar_duluth2012.html: 'Lidar data are in the UTM Zone 15 coordinate system, NAD83 96, NAVD88 Geoid09 meters tiled by USGS 1/16, 1:24,000 quadrangles.'); the validation reports themselves state no datum and no geoid",duluth2012,257.692,-0.222
L4F-1375,L4F,578991.304,5190731.63,212.014,m,EPSG:26915,NAVD88,GEOID09,lidar_duluth2012,2012,duluth2012_validation.pdf table 'Control Z',"datum is a DATASET-level assertion (lidar_duluth2012.html: 'Lidar data are in the UTM Zone 15 coordinate system, NAD83 96, NAVD88 Geoid09 meters tiled by USGS 1/16, 1:24,000 quadrangles.'); the validation reports themselves state no datum and no geoid",duluth2012,212.065,-0.051
L4F-1376,L4F,579485.362,5190550.872,187.9,m,EPSG:26915,NAVD88,GEOID09,lidar_duluth2012,2012,duluth2012_validation.pdf table 'Control Z',"datum is a DATASET-level assertion (lidar_duluth2012.html: 'Lidar data are in the UTM Zone 15 coordinate system, NAD83 96, NAVD88 Geoid09 meters tiled by USGS 1/16, 1:24,000 quadrangles.'); the validation reports themselves state no datum and no geoid",duluth2012,187.867,0.033
L4F-143,L4F,518263.019,5145088.439,335.683,m,EPSG:26915,NAVD88,GEOID09,lidar_duluth2012,2012,duluth2012_validation.pdf table 'Control Z',"datum is a DATASET-level assertion (lidar_duluth2012.html: 'Lidar data are in the UTM Zone 15 coordinate system, NAD83 96, NAVD88 Geoid09 meters tiled by USGS 1/16, 1:24,000 quadrangles.'); the validation reports themselves state no datum and no geoid",duluth2012,335.681,0.002
L4F-149,L4F,551388.933,5169746.19,321.672,m,EPSG:26915,NAVD88,GEOID09,lidar_duluth2012,2012,duluth2012_validation.pdf table 'Control Z',"datum is a DATASET-level assertion (lidar_duluth2012.html: 'Lidar data are in the UTM Zone 15 coordinate system, NAD83 96, NAVD88 Geoid09 meters tiled by USGS 1/16, 1:24,000 quadrangles.'); the validation reports themselves state no datum and no geoid",duluth2012,321.674,-0.002
L4F-150,L4F,546925.561,5169552.28,356.525,m,EPSG:26915,NAVD88,GEOID09,lidar_duluth2012,2012,duluth2012_validation.pdf table 'Control Z',"datum is a DATASET-level assertion (lidar_duluth2012.html: 'Lidar data are in the UTM Zone 15 coordinate system, NAD83 96, NAVD88 Geoid09 meters tiled by USGS 1/16, 1:24,000 quadrangles.'); the validation reports themselves state no datum and no geoid",duluth2012,356.52,0.005
L4F-159,L4F,537360.351,5177575.13,391.759,m,EPSG:26915,NAVD88,GEOID09,lidar_duluth2012,2012,duluth2012_validation.pdf table 'Control Z',"datum is a DATASET-level assertion (lidar_duluth2012.html: 'Lidar data are in the UTM Zone 15 coordinate system, NAD83 96, NAVD88 Geoid09 meters tiled by USGS 1/16, 1:24,000 quadrangles.'); the validation reports themselves state no datum and no geoid",duluth2012,391.973,-0.214
L4F-162,L4F,529210.834,5171162.872,399.94,m,EPSG:26915,NAVD88,GEOID09,lidar_duluth2012,2012,duluth2012_validation.pdf table 'Control Z',"datum is a DATASET-level assertion (lidar_duluth2012.html: 'Lidar data are in the UTM Zone 15 coordinate system, NAD83 96, NAVD88 Geoid09 meters tiled by USGS 1/16, 1:24,000 quadrangles.'); the validation reports themselves state no datum and no geoid",duluth2012,399.977,-0.037
L4F-176,L4F,538031.458,5140643.358,344.49,m,EPSG:26915,NAVD88,GEOID09,lidar_duluth2012,2012,duluth2012_validation.pdf table 'Control Z',"datum is a DATASET-level assertion (lidar_duluth2012.html: 'Lidar data are in the UTM Zone 15 coordinate system, NAD83 96, NAVD88 Geoid09 meters tiled by USGS 1/16, 1:24,000 quadrangles.'); the validation reports themselves state no datum and no geoid",duluth2012,344.546,-0.056
L4F-179,L4F,522464.578,5140591.112,348.243,m,EPSG:26915,NAVD88,GEOID09,lidar_duluth2012,2012,duluth2012_validation.pdf table 'Control Z',"datum is a DATASET-level assertion (lidar_duluth2012.html: 'Lidar data are in the UTM Zone 15 coordinate system, NAD83 96, NAVD88 Geoid09 meters tiled by USGS 1/16, 1:24,000 quadrangles.'); the validation reports themselves state no datum and no geoid",duluth2012,348.471,-0.228
L4F-180,L4F,526305.81,5145381.152,325.251,m,EPSG:26915,NAVD88,GEOID09,lidar_duluth2012,2012,duluth2012_validation.pdf table 'Control Z',"datum is a DATASET-level assertion (lidar_duluth2012.html: 'Lidar data are in the UTM Zone 15 coordinate system, NAD83 96, NAVD88 Geoid09 meters tiled by USGS 1/16, 1:24,000 quadrangles.'); the validation reports themselves state no datum and no geoid",duluth2012,325.561,-0.31
L4F-186,L4F,545708.859,5149767.686,278.096,m,EPSG:26915,NAVD88,GEOID09,lidar_duluth2012,2012,duluth2012_validation.pdf table 'Control Z',"datum is a DATASET-level assertion (lidar_duluth2012.html: 'Lidar data are in the UTM Zone 15 coordinate system, NAD83 96, NAVD88 Geoid09 meters tiled by USGS 1/16, 1:24,000 quadrangles.'); the validation reports themselves state no datum and no geoid",duluth2012,278.201,-0.105
L4F-187,L4F,549417.226,5155304.212,279.547,m,EPSG:26915,NAVD88,GEOID09,lidar_duluth2012,2012,duluth2012_validation.pdf table 'Control Z',"datum is a DATASET-level assertion (lidar_duluth2012.html: 'Lidar data are in the UTM Zone 15 coordinate system, NAD83 96, NAVD88 Geoid09 meters tiled by USGS 1/16, 1:24,000 quadrangles.'); the validation reports themselves state no datum and no geoid",duluth2012,279.628,-0.081
L4F-190,L4F,547175.848,5158313.101,306.249,m,EPSG:26915,NAVD88,GEOID09,lidar_duluth2012,2012,duluth2012_validation.pdf table 'Control Z',"datum is a DATASET-level assertion (lidar_duluth2012.html: 'Lidar data are in the UTM Zone 15 coordinate system, NAD83 96, NAVD88 Geoid09 meters tiled by USGS 1/16, 1:24,000 quadrangles.'); the validation reports themselves state no datum and no geoid",duluth2012,306.451,-0.202
L4F-192,L4F,539500.389,5159899.062,344.521,m,EPSG:26915,NAVD88,GEOID09,lidar_duluth2012,2012,duluth2012_validation.pdf table 'Control Z',"datum is a DATASET-level assertion (lidar_duluth2012.html: 'Lidar data are in the UTM Zone 15 coordinate system, NAD83 96, NAVD88 Geoid09 meters tiled by USGS 1/16, 1:24,000 quadrangles.'); the validation reports themselves state no datum and no geoid",duluth2012,344.546,-0.025
L4F-195,L4F,529252.649,5151818.528,357.099,m,EPSG:26915,NAVD88,GEOID09,lidar_duluth2012,2012,duluth2012_validation.pdf table 'Control Z',"datum is a DATASET-level assertion (lidar_duluth2012.html: 'Lidar data are in the UTM Zone 15 coordinate system, NAD83 96, NAVD88 Geoid09 meters tiled by USGS 1/16, 1:24,000 quadrangles.'); the validation reports themselves state no datum and no geoid",duluth2012,357.22,-0.121
L4F-197,L4F,515299.902,5156428.478,379.347,m,EPSG:26915,NAVD88,GEOID09,lidar_duluth2012,2012,duluth2012_validation.pdf table 'Control Z',"datum is a DATASET-level assertion (lidar_duluth2012.html: 'Lidar data are in the UTM Zone 15 coordinate system, NAD83 96, NAVD88 Geoid09 meters tiled by USGS 1/16, 1:24,000 quadrangles.'); the validation reports themselves state no datum and no geoid",duluth2012,379.519,-0.172
L4F-201,L4F,528036.405,5162284.322,386.013,m,EPSG:26915,NAVD88,GEOID09,lidar_duluth2012,2012,duluth2012_validation.pdf table 'Control Z',"datum is a DATASET-level assertion (lidar_duluth2012.html: 'Lidar data are in the UTM Zone 15 coordinate system, NAD83 96, NAVD88 Geoid09 meters tiled by USGS 1/16, 1:24,000 quadrangles.'); the validation reports themselves state no datum and no geoid",duluth2012,386.193,-0.18
L4F-21,L4F,539867.715,5222477.786,405.461,m,EPSG:26915,NAVD88,GEOID09,lidar_duluth2012,2012,duluth2012_validation.pdf table 'Control Z',"datum is a DATASET-level assertion (lidar_duluth2012.html: 'Lidar data are in the UTM Zone 15 coordinate system, NAD83 96, NAVD88 Geoid09 meters tiled by USGS 1/16, 1:24,000 quadrangles.'); the validation reports themselves state no datum and no geoid",duluth2012,405.601,-0.14
L4F-29,L4F,548395.9,5222166.199,421.175,m,EPSG:26915,NAVD88,GEOID09,lidar_duluth2012,2012,duluth2012_validation.pdf table 'Control Z',"datum is a DATASET-level assertion (lidar_duluth2012.html: 'Lidar data are in the UTM Zone 15 coordinate system, NAD83 96, NAVD88 Geoid09 meters tiled by USGS 1/16, 1:24,000 quadrangles.'); the validation reports themselves state no datum and no geoid",duluth2012,421.526,-0.351
L4F-31,L4F,557871.378,5229647.836,426.614,m,EPSG:26915,NAVD88,GEOID09,lidar_duluth2012,2012,duluth2012_validation.pdf table 'Control Z',"datum is a DATASET-level assertion (lidar_duluth2012.html: 'Lidar data are in the UTM Zone 15 coordinate system, NAD83 96, NAVD88 Geoid09 meters tiled by USGS 1/16, 1:24,000 quadrangles.'); the validation reports themselves state no datum and no geoid",duluth2012,426.769,-0.155
L4F-39,L4F,519513.764,5203353.601,389.884,m,EPSG:26915,NAVD88,GEOID09,lidar_duluth2012,2012,duluth2012_validation.pdf table 'Control Z',"datum is a DATASET-level assertion (lidar_duluth2012.html: 'Lidar data are in the UTM Zone 15 coordinate system, NAD83 96, NAVD88 Geoid09 meters tiled by USGS 1/16, 1:24,000 quadrangles.'); the validation reports themselves state no datum and no geoid",duluth2012,389.702,0.182
L4F-41,L4F,511518.425,5192024.397,397.122,m,EPSG:26915,NAVD88,GEOID09,lidar_duluth2012,2012,duluth2012_validation.pdf table 'Control Z',"datum is a DATASET-level assertion (lidar_duluth2012.html: 'Lidar data are in the UTM Zone 15 coordinate system, NAD83 96, NAVD88 Geoid09 meters tiled by USGS 1/16, 1:24,000 quadrangles.'); the validation reports themselves state no datum and no geoid",duluth2012,397.261,-0.139
L4F-48,L4F,520998.65,5186096.845,422.048,m,EPSG:26915,NAVD88,GEOID09,lidar_duluth2012,2012,duluth2012_validation.pdf table 'Control Z',"datum is a DATASET-level assertion (lidar_duluth2012.html: 'Lidar data are in the UTM Zone 15 coordinate system, NAD83 96, NAVD88 Geoid09 meters tiled by USGS 1/16, 1:24,000 quadrangles.'); the validation reports themselves state no datum and no geoid",duluth2012,421.998,0.05
L4F-49,L4F,530746.865,5184228.356,403.415,m,EPSG:26915,NAVD88,GEOID09,lidar_duluth2012,2012,duluth2012_validation.pdf table 'Control Z',"datum is a DATASET-level assertion (lidar_duluth2012.html: 'Lidar data are in the UTM Zone 15 coordinate system, NAD83 96, NAVD88 Geoid09 meters tiled by USGS 1/16, 1:24,000 quadrangles.'); the validation reports themselves state no datum and no geoid",duluth2012,403.44,-0.025
L4F-57,L4F,568487.77,5222503.981,476.695,m,EPSG:26915,NAVD88,GEOID09,lidar_duluth2012,2012,duluth2012_validation.pdf table 'Control Z',"datum is a DATASET-level assertion (lidar_duluth2012.html: 'Lidar data are in the UTM Zone 15 coordinate system, NAD83 96, NAVD88 Geoid09 meters tiled by USGS 1/16, 1:24,000 quadrangles.'); the validation reports themselves state no datum and no geoid",duluth2012,476.642,0.053
L4F-59,L4F,557424.64,5203748.871,410.967,m,EPSG:26915,NAVD88,GEOID09,lidar_duluth2012,2012,duluth2012_validation.pdf table 'Control Z',"datum is a DATASET-level assertion (lidar_duluth2012.html: 'Lidar data are in the UTM Zone 15 coordinate system, NAD83 96, NAVD88 Geoid09 meters tiled by USGS 1/16, 1:24,000 quadrangles.'); the validation reports themselves state no datum and no geoid",duluth2012,410.969,-0.002
L4F-60,L4F,558036.612,5193879.414,443.006,m,EPSG:26915,NAVD88,GEOID09,lidar_duluth2012,2012,duluth2012_validation.pdf table 'Control Z',"datum is a DATASET-level assertion (lidar_duluth2012.html: 'Lidar data are in the UTM Zone 15 coordinate system, NAD83 96, NAVD88 Geoid09 meters tiled by USGS 1/16, 1:24,000 quadrangles.'); the validation reports themselves state no datum and no geoid",duluth2012,443.209,-0.203
L4F-67,L4F,587401.361,5242112.918,489.995,m,EPSG:26915,NAVD88,GEOID09,lidar_duluth2012,2012,duluth2012_validation.pdf table 'Control Z',"datum is a DATASET-level assertion (lidar_duluth2012.html: 'Lidar data are in the UTM Zone 15 coordinate system, NAD83 96, NAVD88 Geoid09 meters tiled by USGS 1/16, 1:24,000 quadrangles.'); the validation reports themselves state no datum and no geoid",duluth2012,490.33,-0.335
L4F-69,L4F,566969.617,5233042.254,481.837,m,EPSG:26915,NAVD88,GEOID09,lidar_duluth2012,2012,duluth2012_validation.pdf table 'Control Z',"datum is a DATASET-level assertion (lidar_duluth2012.html: 'Lidar data are in the UTM Zone 15 coordinate system, NAD83 96, NAVD88 Geoid09 meters tiled by USGS 1/16, 1:24,000 quadrangles.'); the validation reports themselves state no datum and no geoid",duluth2012,482.016,-0.179
L4F-70,L4F,570060.834,5241646.277,458.88,m,EPSG:26915,NAVD88,GEOID09,lidar_duluth2012,2012,duluth2012_validation.pdf table 'Control Z',"datum is a DATASET-level assertion (lidar_duluth2012.html: 'Lidar data are in the UTM Zone 15 coordinate system, NAD83 96, NAVD88 Geoid09 meters tiled by USGS 1/16, 1:24,000 quadrangles.'); the validation reports themselves state no datum and no geoid",duluth2012,458.907,-0.027
L4F-71,L4F,578899.76,5241840.853,498.541,m,EPSG:26915,NAVD88,GEOID09,lidar_duluth2012,2012,duluth2012_validation.pdf table 'Control Z',"datum is a DATASET-level assertion (lidar_duluth2012.html: 'Lidar data are in the UTM Zone 15 coordinate system, NAD83 96, NAVD88 Geoid09 meters tiled by USGS 1/16, 1:24,000 quadrangles.'); the validation reports themselves state no datum and no geoid",duluth2012,498.465,0.076
L5F-1227,L5U,570600.773,5185315.859,327.337,m,EPSG:26915,NAVD88,GEOID09,lidar_duluth2012,2012,duluth2012_validation.pdf table 'Control Z',"datum is a DATASET-level assertion (lidar_duluth2012.html: 'Lidar data are in the UTM Zone 15 coordinate system, NAD83 96, NAVD88 Geoid09 meters tiled by USGS 1/16, 1:24,000 quadrangles.'); the validation reports themselves state no datum and no geoid",duluth2012,327.377,-0.04
L5U-1002,L5U,554856.82,5167779.513,189.052,m,EPSG:26915,NAVD88,GEOID09,lidar_duluth2012,2012,duluth2012_validation.pdf table 'Control Z',"datum is a DATASET-level assertion (lidar_duluth2012.html: 'Lidar data are in the UTM Zone 15 coordinate system, NAD83 96, NAVD88 Geoid09 meters tiled by USGS 1/16, 1:24,000 quadrangles.'); the validation reports themselves state no datum and no geoid",duluth2012,189.046,0.006
L5U-1007,L5U,555537.222,5167735.602,186.411,m,EPSG:26915,NAVD88,GEOID09,lidar_duluth2012,2012,duluth2012_validation.pdf table 'Control Z',"datum is a DATASET-level assertion (lidar_duluth2012.html: 'Lidar data are in the UTM Zone 15 coordinate system, NAD83 96, NAVD88 Geoid09 meters tiled by USGS 1/16, 1:24,000 quadrangles.'); the validation reports themselves state no datum and no geoid",duluth2012,186.259,0.152
L5U-1009,L5U,555562.735,5167807.859,186.635,m,EPSG:26915,NAVD88,GEOID09,lidar_duluth2012,2012,duluth2012_validation.pdf table 'Control Z',"datum is a DATASET-level assertion (lidar_duluth2012.html: 'Lidar data are in the UTM Zone 15 coordinate system, NAD83 96, NAVD88 Geoid09 meters tiled by USGS 1/16, 1:24,000 quadrangles.'); the validation reports themselves state no datum and no geoid",duluth2012,186.636,-0.001
L5U-1014,L5U,557749.524,5167509.889,224.353,m,EPSG:26915,NAVD88,GEOID09,lidar_duluth2012,2012,duluth2012_validation.pdf table 'Control Z',"datum is a DATASET-level assertion (lidar_duluth2012.html: 'Lidar data are in the UTM Zone 15 coordinate system, NAD83 96, NAVD88 Geoid09 meters tiled by USGS 1/16, 1:24,000 quadrangles.'); the validation reports themselves state no datum and no geoid",duluth2012,224.37,-0.017
L5U-1021,L5U,559754.673,5167355.594,201.516,m,EPSG:26915,NAVD88,GEOID09,lidar_duluth2012,2012,duluth2012_validation.pdf table 'Control Z',"datum is a DATASET-level assertion (lidar_duluth2012.html: 'Lidar data are in the UTM Zone 15 coordinate system, NAD83 96, NAVD88 Geoid09 meters tiled by USGS 1/16, 1:24,000 quadrangles.'); the validation reports themselves state no datum and no geoid",duluth2012,201.557,-0.041
L5U-1022,L5U,559718.616,5167247.219,201.354,m,EPSG:26915,NAVD88,GEOID09,lidar_duluth2012,2012,duluth2012_validation.pdf table 'Control Z',"datum is a DATASET-level assertion (lidar_duluth2012.html: 'Lidar data are in the UTM Zone 15 coordinate system, NAD83 96, NAVD88 Geoid09 meters tiled by USGS 1/16, 1:24,000 quadrangles.'); the validation reports themselves state no datum and no geoid",duluth2012,201.427,-0.073
L5U-1040,L5U,560406.913,5170701.887,201.559,m,EPSG:26915,NAVD88,GEOID09,lidar_duluth2012,2012,duluth2012_validation.pdf table 'Control Z',"datum is a DATASET-level assertion (lidar_duluth2012.html: 'Lidar data are in the UTM Zone 15 coordinate system, NAD83 96, NAVD88 Geoid09 meters tiled by USGS 1/16, 1:24,000 quadrangles.'); the validation reports themselves state no datum and no geoid",duluth2012,201.572,-0.013
L5U-1042,L5U,560426.262,5170776.722,201.902,m,EPSG:26915,NAVD88,GEOID09,lidar_duluth2012,2012,duluth2012_validation.pdf table 'Control Z',"datum is a DATASET-level assertion (lidar_duluth2012.html: 'Lidar data are in the UTM Zone 15 coordinate system, NAD83 96, NAVD88 Geoid09 meters tiled by USGS 1/16, 1:24,000 quadrangles.'); the validation reports themselves state no datum and no geoid",duluth2012,201.87,0.032
L5U-1050,L5U,560799.388,5173378.127,200.622,m,EPSG:26915,NAVD88,GEOID09,lidar_duluth2012,2012,duluth2012_validation.pdf table 'Control Z',"datum is a DATASET-level assertion (lidar_duluth2012.html: 'Lidar data are in the UTM Zone 15 coordinate system, NAD83 96, NAVD88 Geoid09 meters tiled by USGS 1/16, 1:24,000 quadrangles.'); the validation reports themselves state no datum and no geoid",duluth2012,200.7,-0.078
L5U-1070,L5U,559829.582,5176968.753,378.83,m,EPSG:26915,NAVD88,GEOID09,lidar_duluth2012,2012,duluth2012_validation.pdf table 'Control Z',"datum is a DATASET-level assertion (lidar_duluth2012.html: 'Lidar data are in the UTM Zone 15 coordinate system, NAD83 96, NAVD88 Geoid09 meters tiled by USGS 1/16, 1:24,000 quadrangles.'); the validation reports themselves state no datum and no geoid",duluth2012,378.918,-0.088
L5U-1073,L5U,559853.19,5177775.897,393.108,m,EPSG:26915,NAVD88,GEOID09,lidar_duluth2012,2012,duluth2012_validation.pdf table 'Control Z',"datum is a DATASET-level assertion (lidar_duluth2012.html: 'Lidar data are in the UTM Zone 15 coordinate system, NAD83 96, NAVD88 Geoid09 meters tiled by USGS 1/16, 1:24,000 quadrangles.'); the validation reports themselves state no datum and no geoid",duluth2012,393.144,-0.036
L5U-1084,L5U,562905.878,5176288.617,196.658,m,EPSG:26915,NAVD88,GEOID09,lidar_duluth2012,2012,duluth2012_validation.pdf table 'Control Z',"datum is a DATASET-level assertion (lidar_duluth2012.html: 'Lidar data are in the UTM Zone 15 coordinate system, NAD83 96, NAVD88 Geoid09 meters tiled by USGS 1/16, 1:24,000 quadrangles.'); the validation reports themselves state no datum and no geoid",duluth2012,196.682,-0.024
L5U-1096,L5U,561829.099,5175101.604,202.298,m,EPSG:26915,NAVD88,GEOID09,lidar_duluth2012,2012,duluth2012_validation.pdf table 'Control Z',"datum is a DATASET-level assertion (lidar_duluth2012.html: 'Lidar data are in the UTM Zone 15 coordinate system, NAD83 96, NAVD88 Geoid09 meters tiled by USGS 1/16, 1:24,000 quadrangles.'); the validation reports themselves state no datum and no geoid",duluth2012,202.286,0.012
L5U-1108,L5U,564427.36,5180747.385,394.246,m,EPSG:26915,NAVD88,GEOID09,lidar_duluth2012,2012,duluth2012_validation.pdf table 'Control Z',"datum is a DATASET-level assertion (lidar_duluth2012.html: 'Lidar data are in the UTM Zone 15 coordinate system, NAD83 96, NAVD88 Geoid09 meters tiled by USGS 1/16, 1:24,000 quadrangles.'); the validation reports themselves state no datum and no geoid",duluth2012,394.282,-0.036
L5U-1118,L5U,564393.963,5178226.636,210.527,m,EPSG:26915,NAVD88,GEOID09,lidar_duluth2012,2012,duluth2012_validation.pdf table 'Control Z',"datum is a DATASET-level assertion (lidar_duluth2012.html: 'Lidar data are in the UTM Zone 15 coordinate system, NAD83 96, NAVD88 Geoid09 meters tiled by USGS 1/16, 1:24,000 quadrangles.'); the validation reports themselves state no datum and no geoid",duluth2012,210.569,-0.042
L5U-1121,L5U,564192.368,5177461.048,196.032,m,EPSG:26915,NAVD88,GEOID09,lidar_duluth2012,2012,duluth2012_validation.pdf table 'Control Z',"datum is a DATASET-level assertion (lidar_duluth2012.html: 'Lidar data are in the UTM Zone 15 coordinate system, NAD83 96, NAVD88 Geoid09 meters tiled by USGS 1/16, 1:24,000 quadrangles.'); the validation reports themselves state no datum and no geoid",duluth2012,196.008,0.024
L5U-1131,L5U,565673.781,5177771.7,184.897,m,EPSG:26915,NAVD88,GEOID09,lidar_duluth2012,2012,duluth2012_validation.pdf table 'Control Z',"datum is a DATASET-level assertion (lidar_duluth2012.html: 'Lidar data are in the UTM Zone 15 coordinate system, NAD83 96, NAVD88 Geoid09 meters tiled by USGS 1/16, 1:24,000 quadrangles.'); the validation reports themselves state no datum and no geoid",duluth2012,184.891,0.006
L5U-1137,L5U,566063.254,5179531.01,210.413,m,EPSG:26915,NAVD88,GEOID09,lidar_duluth2012,2012,duluth2012_validation.pdf table 'Control Z',"datum is a DATASET-level assertion (lidar_duluth2012.html: 'Lidar data are in the UTM Zone 15 coordinate system, NAD83 96, NAVD88 Geoid09 meters tiled by USGS 1/16, 1:24,000 quadrangles.'); the validation reports themselves state no datum and no geoid",duluth2012,210.484,-0.071
L5U-115,L5U,499890.364,5168799.045,400.825,m,EPSG:26915,NAVD88,GEOID09,lidar_duluth2012,2012,duluth2012_validation.pdf table 'Control Z',"datum is a DATASET-level assertion (lidar_duluth2012.html: 'Lidar data are in the UTM Zone 15 coordinate system, NAD83 96, NAVD88 Geoid09 meters tiled by USGS 1/16, 1:24,000 quadrangles.'); the validation reports themselves state no datum and no geoid",duluth2012,400.893,-0.068
L5U-1164,L5U,568538.635,5181091.171,185.524,m,EPSG:26915,NAVD88,GEOID09,lidar_duluth2012,2012,duluth2012_validation.pdf table 'Control Z',"datum is a DATASET-level assertion (lidar_duluth2012.html: 'Lidar data are in the UTM Zone 15 coordinate system, NAD83 96, NAVD88 Geoid09 meters tiled by USGS 1/16, 1:24,000 quadrangles.'); the validation reports themselves state no datum and no geoid",duluth2012,185.556,-0.032
L5U-1165,L5U,568538.833,5181074.976,185.644,m,EPSG:26915,NAVD88,GEOID09,lidar_duluth2012,2012,duluth2012_validation.pdf table 'Control Z',"datum is a DATASET-level assertion (lidar_duluth2012.html: 'Lidar data are in the UTM Zone 15 coordinate system, NAD83 96, NAVD88 Geoid09 meters tiled by USGS 1/16, 1:24,000 quadrangles.'); the validation reports themselves state no datum and no geoid",duluth2012,185.648,-0.004
L5U-1171,L5U,568542.221,5177989.592,184.648,m,EPSG:26915,NAVD88,GEOID09,lidar_duluth2012,2012,duluth2012_validation.pdf table 'Control Z',"datum is a DATASET-level assertion (lidar_duluth2012.html: 'Lidar data are in the UTM Zone 15 coordinate system, NAD83 96, NAVD88 Geoid09 meters tiled by USGS 1/16, 1:24,000 quadrangles.'); the validation reports themselves state no datum and no geoid",duluth2012,184.615,0.033
L5U-1172,L5U,568531.649,5177972.852,184.761,m,EPSG:26915,NAVD88,GEOID09,lidar_duluth2012,2012,duluth2012_validation.pdf table 'Control Z',"datum is a DATASET-level assertion (lidar_duluth2012.html: 'Lidar data are in the UTM Zone 15 coordinate system, NAD83 96, NAVD88 Geoid09 meters tiled by USGS 1/16, 1:24,000 quadrangles.'); the validation reports themselves state no datum and no geoid",duluth2012,184.701,0.06
L5U-118,L5U,499495.367,5168484.027,398.492,m,EPSG:26915,NAVD88,GEOID09,lidar_duluth2012,2012,duluth2012_validation.pdf table 'Control Z',"datum is a DATASET-level assertion (lidar_duluth2012.html: 'Lidar data are in the UTM Zone 15 coordinate system, NAD83 96, NAVD88 Geoid09 meters tiled by USGS 1/16, 1:24,000 quadrangles.'); the validation reports themselves state no datum and no geoid",duluth2012,398.446,0.046
L5U-1189,L5U,566048.491,5183805.13,392.596,m,EPSG:26915,NAVD88,GEOID09,lidar_duluth2012,2012,duluth2012_validation.pdf table 'Control Z',"datum is a DATASET-level assertion (lidar_duluth2012.html: 'Lidar data are in the UTM Zone 15 coordinate system, NAD83 96, NAVD88 Geoid09 meters tiled by USGS 1/16, 1:24,000 quadrangles.'); the validation reports themselves state no datum and no geoid",duluth2012,392.617,-0.021
L5U-119,L5U,509038.815,5169780.211,398.772,m,EPSG:26915,NAVD88,GEOID09,lidar_duluth2012,2012,duluth2012_validation.pdf table 'Control Z',"datum is a DATASET-level assertion (lidar_duluth2012.html: 'Lidar data are in the UTM Zone 15 coordinate system, NAD83 96, NAVD88 Geoid09 meters tiled by USGS 1/16, 1:24,000 quadrangles.'); the validation reports themselves state no datum and no geoid",duluth2012,398.835,-0.063
L5U-1190,L5U,566055.991,5183792.095,392.393,m,EPSG:26915,NAVD88,GEOID09,lidar_duluth2012,2012,duluth2012_validation.pdf table 'Control Z',"datum is a DATASET-level assertion (lidar_duluth2012.html: 'Lidar data are in the UTM Zone 15 coordinate system, NAD83 96, NAVD88 Geoid09 meters tiled by USGS 1/16, 1:24,000 quadrangles.'); the validation reports themselves state no datum and no geoid",duluth2012,392.45,-0.057
L5U-1196,L5U,568281.202,5182254.261,266.847,m,EPSG:26915,NAVD88,GEOID09,lidar_duluth2012,2012,duluth2012_validation.pdf table 'Control Z',"datum is a DATASET-level assertion (lidar_duluth2012.html: 'Lidar data are in the UTM Zone 15 coordinate system, NAD83 96, NAVD88 Geoid09 meters tiled by USGS 1/16, 1:24,000 quadrangles.'); the validation reports themselves state no datum and no geoid",duluth2012,266.825,0.022
L5U-1197,L5U,568294.341,5182240.95,263.767,m,EPSG:26915,NAVD88,GEOID09,lidar_duluth2012,2012,duluth2012_validation.pdf table 'Control Z',"datum is a DATASET-level assertion (lidar_duluth2012.html: 'Lidar data are in the UTM Zone 15 coordinate system, NAD83 96, NAVD88 Geoid09 meters tiled by USGS 1/16, 1:24,000 quadrangles.'); the validation reports themselves state no datum and no geoid",duluth2012,263.771,-0.004
L5U-1201,L5U,568835.672,5181826.834,192.214,m,EPSG:26915,NAVD88,GEOID09,lidar_duluth2012,2012,duluth2012_validation.pdf table 'Control Z',"datum is a DATASET-level assertion (lidar_duluth2012.html: 'Lidar data are in the UTM Zone 15 coordinate system, NAD83 96, NAVD88 Geoid09 meters tiled by USGS 1/16, 1:24,000 quadrangles.'); the validation reports themselves state no datum and no geoid",duluth2012,192.542,-0.328
L5U-1202,L5U,568834.692,5181854.63,191.844,m,EPSG:26915,NAVD88,GEOID09,lidar_duluth2012,2012,duluth2012_validation.pdf table 'Control Z',"datum is a DATASET-level assertion (lidar_duluth2012.html: 'Lidar data are in the UTM Zone 15 coordinate system, NAD83 96, NAVD88 Geoid09 meters tiled by USGS 1/16, 1:24,000 quadrangles.'); the validation reports themselves state no datum and no geoid",duluth2012,191.886,-0.042
L5U-1221,L5U,569854.798,5188879.948,398.37,m,EPSG:26915,NAVD88,GEOID09,lidar_duluth2012,2012,duluth2012_validation.pdf table 'Control Z',"datum is a DATASET-level assertion (lidar_duluth2012.html: 'Lidar data are in the UTM Zone 15 coordinate system, NAD83 96, NAVD88 Geoid09 meters tiled by USGS 1/16, 1:24,000 quadrangles.'); the validation reports themselves state no datum and no geoid",duluth2012,398.408,-0.038
L5U-1225,L5U,570630.513,5186858.6,342.341,m,EPSG:26915,NAVD88,GEOID09,lidar_duluth2012,2012,duluth2012_validation.pdf table 'Control Z',"datum is a DATASET-level assertion (lidar_duluth2012.html: 'Lidar data are in the UTM Zone 15 coordinate system, NAD83 96, NAVD88 Geoid09 meters tiled by USGS 1/16, 1:24,000 quadrangles.'); the validation reports themselves state no datum and no geoid",duluth2012,342.41,-0.069
L5U-1236,L5U,573910.667,5186731.768,217.499,m,EPSG:26915,NAVD88,GEOID09,lidar_duluth2012,2012,duluth2012_validation.pdf table 'Control Z',"datum is a DATASET-level assertion (lidar_duluth2012.html: 'Lidar data are in the UTM Zone 15 coordinate system, NAD83 96, NAVD88 Geoid09 meters tiled by USGS 1/16, 1:24,000 quadrangles.'); the validation reports themselves state no datum and no geoid",duluth2012,217.641,-0.142
L5U-1237,L5U,573926.719,5186741.395,217.044,m,EPSG:26915,NAVD88,GEOID09,lidar_duluth2012,2012,duluth2012_validation.pdf table 'Control Z',"datum is a DATASET-level assertion (lidar_duluth2012.html: 'Lidar data are in the UTM Zone 15 coordinate system, NAD83 96, NAVD88 Geoid09 meters tiled by USGS 1/16, 1:24,000 quadrangles.'); the validation reports themselves state no datum and no geoid",duluth2012,217.17,-0.126
L5U-1244,L5U,574161.841,5188517.375,270.234,m,EPSG:26915,NAVD88,GEOID09,lidar_duluth2012,2012,duluth2012_validation.pdf table 'Control Z',"datum is a DATASET-level assertion (lidar_duluth2012.html: 'Lidar data are in the UTM Zone 15 coordinate system, NAD83 96, NAVD88 Geoid09 meters tiled by USGS 1/16, 1:24,000 quadrangles.'); the validation reports themselves state no datum and no geoid",duluth2012,270.182,0.052
L5U-1245,L5U,574154.189,5188506.832,269.839,m,EPSG:26915,NAVD88,GEOID09,lidar_duluth2012,2012,duluth2012_validation.pdf table 'Control Z',"datum is a DATASET-level assertion (lidar_duluth2012.html: 'Lidar data are in the UTM Zone 15 coordinate system, NAD83 96, NAVD88 Geoid09 meters tiled by USGS 1/16, 1:24,000 quadrangles.'); the validation reports themselves state no datum and no geoid",duluth2012,269.773,0.066
L5U-1265,L5U,564105.372,5183937.909,403.739,m,EPSG:26915,NAVD88,GEOID09,lidar_duluth2012,2012,duluth2012_validation.pdf table 'Control Z',"datum is a DATASET-level assertion (lidar_duluth2012.html: 'Lidar data are in the UTM Zone 15 coordinate system, NAD83 96, NAVD88 Geoid09 meters tiled by USGS 1/16, 1:24,000 quadrangles.'); the validation reports themselves state no datum and no geoid",duluth2012,403.805,-0.066
L5U-1269,L5U,563437.33,5183646.04,412.392,m,EPSG:26915,NAVD88,GEOID09,lidar_duluth2012,2012,duluth2012_validation.pdf table 'Control Z',"datum is a DATASET-level assertion (lidar_duluth2012.html: 'Lidar data are in the UTM Zone 15 coordinate system, NAD83 96, NAVD88 Geoid09 meters tiled by USGS 1/16, 1:24,000 quadrangles.'); the validation reports themselves state no datum and no geoid",duluth2012,412.504,-0.112
L5U-1292,L5U,569114.686,5181087.484,185.116,m,EPSG:26915,NAVD88,GEOID09,lidar_duluth2012,2012,duluth2012_validation.pdf table 'Control Z',"datum is a DATASET-level assertion (lidar_duluth2012.html: 'Lidar data are in the UTM Zone 15 coordinate system, NAD83 96, NAVD88 Geoid09 meters tiled by USGS 1/16, 1:24,000 quadrangles.'); the validation reports themselves state no datum and no geoid",duluth2012,185.255,-0.139
L5U-1294,L5U,569172.231,5181064.722,185.045,m,EPSG:26915,NAVD88,GEOID09,lidar_duluth2012,2012,duluth2012_validation.pdf table 'Control Z',"datum is a DATASET-level assertion (lidar_duluth2012.html: 'Lidar data are in the UTM Zone 15 coordinate system, NAD83 96, NAVD88 Geoid09 meters tiled by USGS 1/16, 1:24,000 quadrangles.'); the validation reports themselves state no datum and no geoid",duluth2012,185.087,-0.042
L5U-1295,L5U,569200.803,5181044.603,184.963,m,EPSG:26915,NAVD88,GEOID09,lidar_duluth2012,2012,duluth2012_validation.pdf table 'Control Z',"datum is a DATASET-level assertion (lidar_duluth2012.html: 'Lidar data are in the UTM Zone 15 coordinate system, NAD83 96, NAVD88 Geoid09 meters tiled by USGS 1/16, 1:24,000 quadrangles.'); the validation reports themselves state no datum and no geoid",duluth2012,185.056,-0.093
L5U-1296,L5U,569251.008,5181051.525,185.118,m,EPSG:26915,NAVD88,GEOID09,lidar_duluth2012,2012,duluth2012_validation.pdf table 'Control Z',"datum is a DATASET-level assertion (lidar_duluth2012.html: 'Lidar data are in the UTM Zone 15 coordinate system, NAD83 96, NAVD88 Geoid09 meters tiled by USGS 1/16, 1:24,000 quadrangles.'); the validation reports themselves state no datum and no geoid",duluth2012,185.201,-0.083
L5U-1303,L5U,569560.836,5180239.127,184.942,m,EPSG:26915,NAVD88,GEOID09,lidar_duluth2012,2012,duluth2012_validation.pdf table 'Control Z',"datum is a DATASET-level assertion (lidar_duluth2012.html: 'Lidar data are in the UTM Zone 15 coordinate system, NAD83 96, NAVD88 Geoid09 meters tiled by USGS 1/16, 1:24,000 quadrangles.'); the validation reports themselves state no datum and no geoid",duluth2012,185.018,-0.076
L5U-1304,L5U,569557.197,5180232.686,184.981,m,EPSG:26915,NAVD88,GEOID09,lidar_duluth2012,2012,duluth2012_validation.pdf table 'Control Z',"datum is a DATASET-level assertion (lidar_duluth2012.html: 'Lidar data are in the UTM Zone 15 coordinate system, NAD83 96, NAVD88 Geoid09 meters tiled by USGS 1/16, 1:24,000 quadrangles.'); the validation reports themselves state no datum and no geoid",duluth2012,185.061,-0.08
L5U-1327,L5U,569716.792,5185970.41,352.728,m,EPSG:26915,NAVD88,GEOID09,lidar_duluth2012,2012,duluth2012_validation.pdf table 'Control Z',"datum is a DATASET-level assertion (lidar_duluth2012.html: 'Lidar data are in the UTM Zone 15 coordinate system, NAD83 96, NAVD88 Geoid09 meters tiled by USGS 1/16, 1:24,000 quadrangles.'); the validation reports themselves state no datum and no geoid",duluth2012,352.681,0.047
L5U-134,L5U,509376.721,5148240.566,359.78,m,EPSG:26915,NAVD88,GEOID09,lidar_duluth2012,2012,duluth2012_validation.pdf table 'Control Z',"datum is a DATASET-level assertion (lidar_duluth2012.html: 'Lidar data are in the UTM Zone 15 coordinate system, NAD83 96, NAVD88 Geoid09 meters tiled by USGS 1/16, 1:24,000 quadrangles.'); the validation reports themselves state no datum and no geoid",duluth2012,359.856,-0.076
L5U-1354,L5U,575294.913,5189525.124,249.756,m,EPSG:26915,NAVD88,GEOID09,lidar_duluth2012,2012,duluth2012_validation.pdf table 'Control Z',"datum is a DATASET-level assertion (lidar_duluth2012.html: 'Lidar data are in the UTM Zone 15 coordinate system, NAD83 96, NAVD88 Geoid09 meters tiled by USGS 1/16, 1:24,000 quadrangles.'); the validation reports themselves state no datum and no geoid",duluth2012,249.861,-0.105
L5U-1362,L5U,575706.517,5187877.968,199.858,m,EPSG:26915,NAVD88,GEOID09,lidar_duluth2012,2012,duluth2012_validation.pdf table 'Control Z',"datum is a DATASET-level assertion (lidar_duluth2012.html: 'Lidar data are in the UTM Zone 15 coordinate system, NAD83 96, NAVD88 Geoid09 meters tiled by USGS 1/16, 1:24,000 quadrangles.'); the validation reports themselves state no datum and no geoid",duluth2012,199.787,0.071
L5U-1379,L5U,582129.893,5192539.072,190.634,m,EPSG:26915,NAVD88,GEOID09,lidar_duluth2012,2012,duluth2012_validation.pdf table 'Control Z',"datum is a DATASET-level assertion (lidar_duluth2012.html: 'Lidar data are in the UTM Zone 15 coordinate system, NAD83 96, NAVD88 Geoid09 meters tiled by USGS 1/16, 1:24,000 quadrangles.'); the validation reports themselves state no datum and no geoid",duluth2012,190.684,-0.05
L5U-148,L5U,548901.241,5172616.891,357.797,m,EPSG:26915,NAVD88,GEOID09,lidar_duluth2012,2012,duluth2012_validation.pdf table 'Control Z',"datum is a DATASET-level assertion (lidar_duluth2012.html: 'Lidar data are in the UTM Zone 15 coordinate system, NAD83 96, NAVD88 Geoid09 meters tiled by USGS 1/16, 1:24,000 quadrangles.'); the validation reports themselves state no datum and no geoid",duluth2012,357.856,-0.059
L5U-151,L5U,544134.807,5167863.581,329.472,m,EPSG:26915,NAVD88,GEOID09,lidar_duluth2012,2012,duluth2012_validation.pdf table 'Control Z',"datum is a DATASET-level assertion (lidar_duluth2012.html: 'Lidar data are in the UTM Zone 15 coordinate system, NAD83 96, NAVD88 Geoid09 meters tiled by USGS 1/16, 1:24,000 quadrangles.'); the validation reports themselves state no datum and no geoid",duluth2012,329.465,0.007
L5U-152,L5U,543127.881,5172840.052,366.617,m,EPSG:26915,NAVD88,GEOID09,lidar_duluth2012,2012,duluth2012_validation.pdf table 'Control Z',"datum is a DATASET-level assertion (lidar_duluth2012.html: 'Lidar data are in the UTM Zone 15 coordinate system, NAD83 96, NAVD88 Geoid09 meters tiled by USGS 1/16, 1:24,000 quadrangles.'); the validation reports themselves state no datum and no geoid",duluth2012,366.547,0.07
L5U-153,L5U,543127.941,5172839.981,366.619,m,EPSG:26915,NAVD88,GEOID09,lidar_duluth2012,2012,duluth2012_validation.pdf table 'Control Z',"datum is a DATASET-level assertion (lidar_duluth2012.html: 'Lidar data are in the UTM Zone 15 coordinate system, NAD83 96, NAVD88 Geoid09 meters tiled by USGS 1/16, 1:24,000 quadrangles.'); the validation reports themselves state no datum and no geoid",duluth2012,366.542,0.077
L5U-154,L5U,543127.849,5172839.984,366.624,m,EPSG:26915,NAVD88,GEOID09,lidar_duluth2012,2012,duluth2012_validation.pdf table 'Control Z',"datum is a DATASET-level assertion (lidar_duluth2012.html: 'Lidar data are in the UTM Zone 15 coordinate system, NAD83 96, NAVD88 Geoid09 meters tiled by USGS 1/16, 1:24,000 quadrangles.'); the validation reports themselves state no datum and no geoid",duluth2012,366.548,0.076
L5U-156,L5U,543128.05,5172839.99,366.61,m,EPSG:26915,NAVD88,GEOID09,lidar_duluth2012,2012,duluth2012_validation.pdf table 'Control Z',"datum is a DATASET-level assertion (lidar_duluth2012.html: 'Lidar data are in the UTM Zone 15 coordinate system, NAD83 96, NAVD88 Geoid09 meters tiled by USGS 1/16, 1:24,000 quadrangles.'); the validation reports themselves state no datum and no geoid",duluth2012,366.536,0.074
L5U-170,L5U,541240.804,5169550.783,365.027,m,EPSG:26915,NAVD88,GEOID09,lidar_duluth2012,2012,duluth2012_validation.pdf table 'Control Z',"datum is a DATASET-level assertion (lidar_duluth2012.html: 'Lidar data are in the UTM Zone 15 coordinate system, NAD83 96, NAVD88 Geoid09 meters tiled by USGS 1/16, 1:24,000 quadrangles.'); the validation reports themselves state no datum and no geoid",duluth2012,365.023,0.004
L5U-196,L5U,523759.721,5149952.542,330.996,m,EPSG:26915,NAVD88,GEOID09,lidar_duluth2012,2012,duluth2012_validation.pdf table 'Control Z',"datum is a DATASET-level assertion (lidar_duluth2012.html: 'Lidar data are in the UTM Zone 15 coordinate system, NAD83 96, NAVD88 Geoid09 meters tiled by USGS 1/16, 1:24,000 quadrangles.'); the validation reports themselves state no datum and no geoid",duluth2012,331.26,-0.264
L5U-203,L5U,517778.357,5143802.725,319.231,m,EPSG:26915,NAVD88,GEOID09,lidar_duluth2012,2012,duluth2012_validation.pdf table 'Control Z',"datum is a DATASET-level assertion (lidar_duluth2012.html: 'Lidar data are in the UTM Zone 15 coordinate system, NAD83 96, NAVD88 Geoid09 meters tiled by USGS 1/16, 1:24,000 quadrangles.'); the validation reports themselves state no datum and no geoid",duluth2012,319.341,-0.11
L5U-28,L5U,539767.435,5224135.79,405.057,m,EPSG:26915,NAVD88,GEOID09,lidar_duluth2012,2012,duluth2012_validation.pdf table 'Control Z',"datum is a DATASET-level assertion (lidar_duluth2012.html: 'Lidar data are in the UTM Zone 15 coordinate system, NAD83 96, NAVD88 Geoid09 meters tiled by USGS 1/16, 1:24,000 quadrangles.'); the validation reports themselves state no datum and no geoid",duluth2012,404.985,0.072
L5U-44,L5U,506460.936,5196747.392,383.622,m,EPSG:26915,NAVD88,GEOID09,lidar_duluth2012,2012,duluth2012_validation.pdf table 'Control Z',"datum is a DATASET-level assertion (lidar_duluth2012.html: 'Lidar data are in the UTM Zone 15 coordinate system, NAD83 96, NAVD88 Geoid09 meters tiled by USGS 1/16, 1:24,000 quadrangles.'); the validation reports themselves state no datum and no geoid",duluth2012,383.67,-0.048
L5U-51,L5U,530149.302,5190445.261,375.407,m,EPSG:26915,NAVD88,GEOID09,lidar_duluth2012,2012,duluth2012_validation.pdf table 'Control Z',"datum is a DATASET-level assertion (lidar_duluth2012.html: 'Lidar data are in the UTM Zone 15 coordinate system, NAD83 96, NAVD88 Geoid09 meters tiled by USGS 1/16, 1:24,000 quadrangles.'); the validation reports themselves state no datum and no geoid",duluth2012,375.274,0.133
