point_id,point_type,easting,northing,elevation,elevation_units,horizontal_crs,vertical_datum,geoid_model,project_id,collected,source,verified,county,dnr_surface_z_m,dnr_error_m
FSA Target 1 Dodge-9401-Dodge VRS,other,502750.225,4888909.857,372.97,m,EPSG:26915,NAVD88,GEOID03,lidar_semn2008,2008,dodge_val.pdf table 'Control Z',datum is a DATASET-level assertion (lidar_semn2008.html: 'Vertical datum: NAVD88 (Geoid03)'); the validation reports themselves state no datum and no geoid,dodge,372.872,0.098
FSA Target 2 Dodge-9402-Dodge VRS,other,520077.399,4886831.04,380.763,m,EPSG:26915,NAVD88,GEOID03,lidar_semn2008,2008,dodge_val.pdf table 'Control Z',datum is a DATASET-level assertion (lidar_semn2008.html: 'Vertical datum: NAVD88 (Geoid03)'); the validation reports themselves state no datum and no geoid,dodge,380.626,0.137
FSA Target 3 Dodge-9403-Dodge VRS,other,501151.301,4874418.338,389.377,m,EPSG:26915,NAVD88,GEOID03,lidar_semn2008,2008,dodge_val.pdf table 'Control Z',datum is a DATASET-level assertion (lidar_semn2008.html: 'Vertical datum: NAVD88 (Geoid03)'); the validation reports themselves state no datum and no geoid,dodge,389.344,0.033
FSA Target 4 Dodge-9404-Dodge VRS,other,524195.985,4872755.311,383.714,m,EPSG:26915,NAVD88,GEOID03,lidar_semn2008,2008,dodge_val.pdf table 'Control Z',datum is a DATASET-level assertion (lidar_semn2008.html: 'Vertical datum: NAVD88 (Geoid03)'); the validation reports themselves state no datum and no geoid,dodge,383.623,0.091
FSA Target 5 Dodge-9405-Dodge VRS,other,501184.14,4861497.597,390.794,m,EPSG:26915,NAVD88,GEOID03,lidar_semn2008,2008,dodge_val.pdf table 'Control Z',datum is a DATASET-level assertion (lidar_semn2008.html: 'Vertical datum: NAVD88 (Geoid03)'); the validation reports themselves state no datum and no geoid,dodge,390.785,0.009
FSA Target 6 Dodge-9406-Dodge VRS,other,517768.61,4863143.805,391.192,m,EPSG:26915,NAVD88,GEOID03,lidar_semn2008,2008,dodge_val.pdf table 'Control Z',datum is a DATASET-level assertion (lidar_semn2008.html: 'Vertical datum: NAVD88 (Geoid03)'); the validation reports themselves state no datum and no geoid,dodge,391.199,-0.007
FSA Target 601 Dodge-9601-Dodge VRS,other,512967.088,4874822.666,396.386,m,EPSG:26915,NAVD88,GEOID03,lidar_semn2008,2008,dodge_val.pdf table 'Control Z',datum is a DATASET-level assertion (lidar_semn2008.html: 'Vertical datum: NAVD88 (Geoid03)'); the validation reports themselves state no datum and no geoid,dodge,396.318,0.068
L10-1094-Olmsted VRS,L1O,527478.797,4861543.279,381.21,m,EPSG:26915,NAVD88,GEOID03,lidar_semn2008,2008,dodge_val.pdf table 'Control Z',datum is a DATASET-level assertion (lidar_semn2008.html: 'Vertical datum: NAVD88 (Geoid03)'); the validation reports themselves state no datum and no geoid,dodge,381.201,0.009
L1O-4119-Steele RTK,L1O,495579.716,4863318.542,391.77,m,EPSG:26915,NAVD88,GEOID03,lidar_semn2008,2008,dodge_val.pdf table 'Control Z',datum is a DATASET-level assertion (lidar_semn2008.html: 'Vertical datum: NAVD88 (Geoid03)'); the validation reports themselves state no datum and no geoid,dodge,391.435,0.335
L1O-9004-Dodge VRS,L1O,520870.793,4889398.992,357.802,m,EPSG:26915,NAVD88,GEOID03,lidar_semn2008,2008,dodge_val.pdf table 'Control Z',datum is a DATASET-level assertion (lidar_semn2008.html: 'Vertical datum: NAVD88 (Geoid03)'); the validation reports themselves state no datum and no geoid,dodge,357.747,0.055
L1O-9009-Dodge VRS,L1O,518195.079,4879585.027,370.88,m,EPSG:26915,NAVD88,GEOID03,lidar_semn2008,2008,dodge_val.pdf table 'Control Z',datum is a DATASET-level assertion (lidar_semn2008.html: 'Vertical datum: NAVD88 (Geoid03)'); the validation reports themselves state no datum and no geoid,dodge,370.688,0.192
L1O-9010-Dodge VRS,L1O,518986.234,4879982.347,361.676,m,EPSG:26915,NAVD88,GEOID03,lidar_semn2008,2008,dodge_val.pdf table 'Control Z',datum is a DATASET-level assertion (lidar_semn2008.html: 'Vertical datum: NAVD88 (Geoid03)'); the validation reports themselves state no datum and no geoid,dodge,361.6,0.076
L1O-9012-Dodge VRS,L1O,514449.491,4888055.248,363.637,m,EPSG:26915,NAVD88,GEOID03,lidar_semn2008,2008,dodge_val.pdf table 'Control Z',datum is a DATASET-level assertion (lidar_semn2008.html: 'Vertical datum: NAVD88 (Geoid03)'); the validation reports themselves state no datum and no geoid,dodge,363.675,-0.038
L1O-9018-Dodge VRS,L1O,525318.532,4888769.201,333.028,m,EPSG:26915,NAVD88,GEOID03,lidar_semn2008,2008,dodge_val.pdf table 'Control Z',datum is a DATASET-level assertion (lidar_semn2008.html: 'Vertical datum: NAVD88 (Geoid03)'); the validation reports themselves state no datum and no geoid,dodge,332.864,0.164
L1O-9031-Dodge VRS,L1O,504393.297,4887310.032,387.557,m,EPSG:26915,NAVD88,GEOID03,lidar_semn2008,2008,dodge_val.pdf table 'Control Z',datum is a DATASET-level assertion (lidar_semn2008.html: 'Vertical datum: NAVD88 (Geoid03)'); the validation reports themselves state no datum and no geoid,dodge,387.418,0.139
L1O-9034-Dodge VRS,L1O,503544.521,4885670.629,382.216,m,EPSG:26915,NAVD88,GEOID03,lidar_semn2008,2008,dodge_val.pdf table 'Control Z',datum is a DATASET-level assertion (lidar_semn2008.html: 'Vertical datum: NAVD88 (Geoid03)'); the validation reports themselves state no datum and no geoid,dodge,382.104,0.112
L1O-9039-Dodge VRS,L1O,508552.599,4881642.849,381.272,m,EPSG:26915,NAVD88,GEOID03,lidar_semn2008,2008,dodge_val.pdf table 'Control Z',datum is a DATASET-level assertion (lidar_semn2008.html: 'Vertical datum: NAVD88 (Geoid03)'); the validation reports themselves state no datum and no geoid,dodge,381.222,0.05
L1O-9043-Dodge VRS,L1O,505260.691,4881637.969,380.964,m,EPSG:26915,NAVD88,GEOID03,lidar_semn2008,2008,dodge_val.pdf table 'Control Z',datum is a DATASET-level assertion (lidar_semn2008.html: 'Vertical datum: NAVD88 (Geoid03)'); the validation reports themselves state no datum and no geoid,dodge,380.876,0.088
L1O-9046-Dodge VRS,L1O,498303.115,4881639.213,377.731,m,EPSG:26915,NAVD88,GEOID03,lidar_semn2008,2008,dodge_val.pdf table 'Control Z',datum is a DATASET-level assertion (lidar_semn2008.html: 'Vertical datum: NAVD88 (Geoid03)'); the validation reports themselves state no datum and no geoid,dodge,377.641,0.09
L1O-9050-Dodge VRS,L1O,506431.464,4879258.731,384.927,m,EPSG:26915,NAVD88,GEOID03,lidar_semn2008,2008,dodge_val.pdf table 'Control Z',datum is a DATASET-level assertion (lidar_semn2008.html: 'Vertical datum: NAVD88 (Geoid03)'); the validation reports themselves state no datum and no geoid,dodge,384.803,0.124
L1O-9055-Dodge VRS,L1O,499532.883,4872017.654,389.297,m,EPSG:26915,NAVD88,GEOID03,lidar_semn2008,2008,dodge_val.pdf table 'Control Z',datum is a DATASET-level assertion (lidar_semn2008.html: 'Vertical datum: NAVD88 (Geoid03)'); the validation reports themselves state no datum and no geoid,dodge,389.21,0.087
L1O-9058-Dodge VRS,L1O,502793.403,4869129.363,392.933,m,EPSG:26915,NAVD88,GEOID03,lidar_semn2008,2008,dodge_val.pdf table 'Control Z',datum is a DATASET-level assertion (lidar_semn2008.html: 'Vertical datum: NAVD88 (Geoid03)'); the validation reports themselves state no datum and no geoid,dodge,392.796,0.137
L1O-9063-Dodge VRS,L1O,508286.09,4866339.107,402.434,m,EPSG:26915,NAVD88,GEOID03,lidar_semn2008,2008,dodge_val.pdf table 'Control Z',datum is a DATASET-level assertion (lidar_semn2008.html: 'Vertical datum: NAVD88 (Geoid03)'); the validation reports themselves state no datum and no geoid,dodge,402.325,0.109
L1O-9073-Dodge VRS,L1O,519376.852,4869355.424,390.156,m,EPSG:26915,NAVD88,GEOID03,lidar_semn2008,2008,dodge_val.pdf table 'Control Z',datum is a DATASET-level assertion (lidar_semn2008.html: 'Vertical datum: NAVD88 (Geoid03)'); the validation reports themselves state no datum and no geoid,dodge,390.098,0.058
L1O-9080-Dodge VRS,L1O,524231.864,4858793.197,370.516,m,EPSG:26915,NAVD88,GEOID03,lidar_semn2008,2008,dodge_val.pdf table 'Control Z',datum is a DATASET-level assertion (lidar_semn2008.html: 'Vertical datum: NAVD88 (Geoid03)'); the validation reports themselves state no datum and no geoid,dodge,370.442,0.074
L1O-9081-Dodge VRS,L1O,524251.669,4856695.783,390.073,m,EPSG:26915,NAVD88,GEOID03,lidar_semn2008,2008,dodge_val.pdf table 'Control Z',datum is a DATASET-level assertion (lidar_semn2008.html: 'Vertical datum: NAVD88 (Geoid03)'); the validation reports themselves state no datum and no geoid,dodge,389.994,0.079
L1O-9083-Dodge VRS,L1O,516152.986,4857033.357,413.745,m,EPSG:26915,NAVD88,GEOID03,lidar_semn2008,2008,dodge_val.pdf table 'Control Z',datum is a DATASET-level assertion (lidar_semn2008.html: 'Vertical datum: NAVD88 (Geoid03)'); the validation reports themselves state no datum and no geoid,dodge,413.691,0.054
L1O-9088-Dodge VRS,L1O,510234.854,4858324.061,392.534,m,EPSG:26915,NAVD88,GEOID03,lidar_semn2008,2008,dodge_val.pdf table 'Control Z',datum is a DATASET-level assertion (lidar_semn2008.html: 'Vertical datum: NAVD88 (Geoid03)'); the validation reports themselves state no datum and no geoid,dodge,392.819,-0.285
L1O-9092-Dodge VRS,L1O,501433.888,4858242.219,383.165,m,EPSG:26915,NAVD88,GEOID03,lidar_semn2008,2008,dodge_val.pdf table 'Control Z',datum is a DATASET-level assertion (lidar_semn2008.html: 'Vertical datum: NAVD88 (Geoid03)'); the validation reports themselves state no datum and no geoid,dodge,383.122,0.043
L1O-9094-Dodge VRS,L1O,496193.143,4857485.573,393.041,m,EPSG:26915,NAVD88,GEOID03,lidar_semn2008,2008,dodge_val.pdf table 'Control Z',datum is a DATASET-level assertion (lidar_semn2008.html: 'Vertical datum: NAVD88 (Geoid03)'); the validation reports themselves state no datum and no geoid,dodge,392.925,0.116
L1O-9097-Dodge VRS,L1O,504390.174,4864380.861,394.91,m,EPSG:26915,NAVD88,GEOID03,lidar_semn2008,2008,dodge_val.pdf table 'Control Z',datum is a DATASET-level assertion (lidar_semn2008.html: 'Vertical datum: NAVD88 (Geoid03)'); the validation reports themselves state no datum and no geoid,dodge,394.769,0.141
L1O-9098-Dodge VRS,L1O,498915.348,4863123.221,387.348,m,EPSG:26915,NAVD88,GEOID03,lidar_semn2008,2008,dodge_val.pdf table 'Control Z',datum is a DATASET-level assertion (lidar_semn2008.html: 'Vertical datum: NAVD88 (Geoid03)'); the validation reports themselves state no datum and no geoid,dodge,387.288,0.06
L1O-9103-Dodge VRS,L1O,516821.965,4856713.622,409.864,m,EPSG:26915,NAVD88,GEOID03,lidar_semn2008,2008,dodge_val.pdf table 'Control Z',datum is a DATASET-level assertion (lidar_semn2008.html: 'Vertical datum: NAVD88 (Geoid03)'); the validation reports themselves state no datum and no geoid,dodge,409.808,0.056
L1O-9104-Dodge VRS,L1O,519397.671,4858437.198,398.597,m,EPSG:26915,NAVD88,GEOID03,lidar_semn2008,2008,dodge_val.pdf table 'Control Z',datum is a DATASET-level assertion (lidar_semn2008.html: 'Vertical datum: NAVD88 (Geoid03)'); the validation reports themselves state no datum and no geoid,dodge,398.354,0.243
L1O-9105-Dodge VRS,L1O,519396.267,4860731.982,385.506,m,EPSG:26915,NAVD88,GEOID03,lidar_semn2008,2008,dodge_val.pdf table 'Control Z',datum is a DATASET-level assertion (lidar_semn2008.html: 'Vertical datum: NAVD88 (Geoid03)'); the validation reports themselves state no datum and no geoid,dodge,385.387,0.119
L1O-9106-Dodge VRS,L1O,515184.376,4861542.398,410.399,m,EPSG:26915,NAVD88,GEOID03,lidar_semn2008,2008,dodge_val.pdf table 'Control Z',datum is a DATASET-level assertion (lidar_semn2008.html: 'Vertical datum: NAVD88 (Geoid03)'); the validation reports themselves state no datum and no geoid,dodge,410.447,-0.048
L1O-9107-Dodge VRS,L1O,512920.99,4864411.157,412.469,m,EPSG:26915,NAVD88,GEOID03,lidar_semn2008,2008,dodge_val.pdf table 'Control Z',datum is a DATASET-level assertion (lidar_semn2008.html: 'Vertical datum: NAVD88 (Geoid03)'); the validation reports themselves state no datum and no geoid,dodge,412.392,0.077
L1O-9108-Dodge VRS,L1O,512898.518,4866374.13,394.199,m,EPSG:26915,NAVD88,GEOID03,lidar_semn2008,2008,dodge_val.pdf table 'Control Z',datum is a DATASET-level assertion (lidar_semn2008.html: 'Vertical datum: NAVD88 (Geoid03)'); the validation reports themselves state no datum and no geoid,dodge,394.232,-0.033
L1O-9109-Dodge VRS,L1O,512907.014,4869593.509,399.654,m,EPSG:26915,NAVD88,GEOID03,lidar_semn2008,2008,dodge_val.pdf table 'Control Z',datum is a DATASET-level assertion (lidar_semn2008.html: 'Vertical datum: NAVD88 (Geoid03)'); the validation reports themselves state no datum and no geoid,dodge,399.631,0.023
L1O-9110-Dodge VRS,L1O,513110.694,4874899.079,395.412,m,EPSG:26915,NAVD88,GEOID03,lidar_semn2008,2008,dodge_val.pdf table 'Control Z',datum is a DATASET-level assertion (lidar_semn2008.html: 'Vertical datum: NAVD88 (Geoid03)'); the validation reports themselves state no datum and no geoid,dodge,395.254,0.158
L2T-1010-Olmsted VRS,L2T,526020.663,4883113.844,377.776,m,EPSG:26915,NAVD88,GEOID03,lidar_semn2008,2008,dodge_val.pdf table 'Control Z',datum is a DATASET-level assertion (lidar_semn2008.html: 'Vertical datum: NAVD88 (Geoid03)'); the validation reports themselves state no datum and no geoid,dodge,377.686,0.09
L2T-4118-Steele RTK,L2T,495510.982,4860379.361,393.835,m,EPSG:26915,NAVD88,GEOID03,lidar_semn2008,2008,dodge_val.pdf table 'Control Z',datum is a DATASET-level assertion (lidar_semn2008.html: 'Vertical datum: NAVD88 (Geoid03)'); the validation reports themselves state no datum and no geoid,dodge,393.908,-0.073
L2T-4140-Steele RTK,L2T,495544.976,4858284.827,393.665,m,EPSG:26915,NAVD88,GEOID03,lidar_semn2008,2008,dodge_val.pdf table 'Control Z',datum is a DATASET-level assertion (lidar_semn2008.html: 'Vertical datum: NAVD88 (Geoid03)'); the validation reports themselves state no datum and no geoid,dodge,393.543,0.122
L2T-9003-Dodge VRS,L2T,520805.384,4891890.517,363.215,m,EPSG:26915,NAVD88,GEOID03,lidar_semn2008,2008,dodge_val.pdf table 'Control Z',datum is a DATASET-level assertion (lidar_semn2008.html: 'Vertical datum: NAVD88 (Geoid03)'); the validation reports themselves state no datum and no geoid,dodge,363.213,0.002
L2T-9013-Dodge VRS,L2T,514439.297,4891298.452,366.072,m,EPSG:26915,NAVD88,GEOID03,lidar_semn2008,2008,dodge_val.pdf table 'Control Z',datum is a DATASET-level assertion (lidar_semn2008.html: 'Vertical datum: NAVD88 (Geoid03)'); the validation reports themselves state no datum and no geoid,dodge,366.266,-0.194
L2T-9019-Dodge VRS,L2T,525309.997,4888750.863,331.318,m,EPSG:26915,NAVD88,GEOID03,lidar_semn2008,2008,dodge_val.pdf table 'Control Z',datum is a DATASET-level assertion (lidar_semn2008.html: 'Vertical datum: NAVD88 (Geoid03)'); the validation reports themselves state no datum and no geoid,dodge,331.36,-0.042
L2T-9022-Dodge VRS,L2T,520582.622,4879373.481,361.621,m,EPSG:26915,NAVD88,GEOID03,lidar_semn2008,2008,dodge_val.pdf table 'Control Z',datum is a DATASET-level assertion (lidar_semn2008.html: 'Vertical datum: NAVD88 (Geoid03)'); the validation reports themselves state no datum and no geoid,dodge,361.523,0.098
L2T-9024-Dodge VRS,L2T,524586.896,4879189.865,366.6,m,EPSG:26915,NAVD88,GEOID03,lidar_semn2008,2008,dodge_val.pdf table 'Control Z',datum is a DATASET-level assertion (lidar_semn2008.html: 'Vertical datum: NAVD88 (Geoid03)'); the validation reports themselves state no datum and no geoid,dodge,366.634,-0.034
L2T-9025-Dodge VRS,L2T,524219.542,4875043.143,384.122,m,EPSG:26915,NAVD88,GEOID03,lidar_semn2008,2008,dodge_val.pdf table 'Control Z',datum is a DATASET-level assertion (lidar_semn2008.html: 'Vertical datum: NAVD88 (Geoid03)'); the validation reports themselves state no datum and no geoid,dodge,384.195,-0.073
L2T-9027-Dodge VRS,L2T,502736.129,4890370.617,364.39,m,EPSG:26915,NAVD88,GEOID03,lidar_semn2008,2008,dodge_val.pdf table 'Control Z',datum is a DATASET-level assertion (lidar_semn2008.html: 'Vertical datum: NAVD88 (Geoid03)'); the validation reports themselves state no datum and no geoid,dodge,364.656,-0.266
L2T-9045-Dodge VRS,L2T,499917.767,4881647.526,375.099,m,EPSG:26915,NAVD88,GEOID03,lidar_semn2008,2008,dodge_val.pdf table 'Control Z',datum is a DATASET-level assertion (lidar_semn2008.html: 'Vertical datum: NAVD88 (Geoid03)'); the validation reports themselves state no datum and no geoid,dodge,375.008,0.091
L2T-9047-Dodge VRS,L2T,500651.146,4879266.332,388.033,m,EPSG:26915,NAVD88,GEOID03,lidar_semn2008,2008,dodge_val.pdf table 'Control Z',datum is a DATASET-level assertion (lidar_semn2008.html: 'Vertical datum: NAVD88 (Geoid03)'); the validation reports themselves state no datum and no geoid,dodge,388.013,0.02
L2T-9048-Dodge VRS,L2T,501137.612,4879267.649,384.345,m,EPSG:26915,NAVD88,GEOID03,lidar_semn2008,2008,dodge_val.pdf table 'Control Z',datum is a DATASET-level assertion (lidar_semn2008.html: 'Vertical datum: NAVD88 (Geoid03)'); the validation reports themselves state no datum and no geoid,dodge,384.464,-0.119
L2T-9051-Dodge VRS,L2T,510484.196,4879092.656,370.66,m,EPSG:26915,NAVD88,GEOID03,lidar_semn2008,2008,dodge_val.pdf table 'Control Z',datum is a DATASET-level assertion (lidar_semn2008.html: 'Vertical datum: NAVD88 (Geoid03)'); the validation reports themselves state no datum and no geoid,dodge,371.017,-0.357
L2T-9052-Dodge VRS,L2T,508582.078,4877609.188,388.635,m,EPSG:26915,NAVD88,GEOID03,lidar_semn2008,2008,dodge_val.pdf table 'Control Z',datum is a DATASET-level assertion (lidar_semn2008.html: 'Vertical datum: NAVD88 (Geoid03)'); the validation reports themselves state no datum and no geoid,dodge,388.531,0.104
L2T-9059-Dodge VRS,L2T,502769.13,4867985.916,394.939,m,EPSG:26915,NAVD88,GEOID03,lidar_semn2008,2008,dodge_val.pdf table 'Control Z',datum is a DATASET-level assertion (lidar_semn2008.html: 'Vertical datum: NAVD88 (Geoid03)'); the validation reports themselves state no datum and no geoid,dodge,395.073,-0.134
L2T-9062-Dodge VRS,L2T,504807.846,4866368.829,393.1,m,EPSG:26915,NAVD88,GEOID03,lidar_semn2008,2008,dodge_val.pdf table 'Control Z',datum is a DATASET-level assertion (lidar_semn2008.html: 'Vertical datum: NAVD88 (Geoid03)'); the validation reports themselves state no datum and no geoid,dodge,393.179,-0.079
L2T-9078-Dodge VRS,L2T,524254.646,4863950.523,382.462,m,EPSG:26915,NAVD88,GEOID03,lidar_semn2008,2008,dodge_val.pdf table 'Control Z',datum is a DATASET-level assertion (lidar_semn2008.html: 'Vertical datum: NAVD88 (Geoid03)'); the validation reports themselves state no datum and no geoid,dodge,382.416,0.046
L2T-9099-Dodge VRS,L2T,497958.087,4861427.83,386.4,m,EPSG:26915,NAVD88,GEOID03,lidar_semn2008,2008,dodge_val.pdf table 'Control Z',datum is a DATASET-level assertion (lidar_semn2008.html: 'Vertical datum: NAVD88 (Geoid03)'); the validation reports themselves state no datum and no geoid,dodge,386.468,-0.068
L2T-9100-Dodge VRS,L2T,497687.79,4859865.525,384.204,m,EPSG:26915,NAVD88,GEOID03,lidar_semn2008,2008,dodge_val.pdf table 'Control Z',datum is a DATASET-level assertion (lidar_semn2008.html: 'Vertical datum: NAVD88 (Geoid03)'); the validation reports themselves state no datum and no geoid,dodge,384.292,-0.088
L3B-9002-Dodge VRS,L3B,520801.785,4891911.169,364.346,m,EPSG:26915,NAVD88,GEOID03,lidar_semn2008,2008,dodge_val.pdf table 'Control Z',datum is a DATASET-level assertion (lidar_semn2008.html: 'Vertical datum: NAVD88 (Geoid03)'); the validation reports themselves state no datum and no geoid,dodge,364.245,0.101
L3B-9015-Dodge VRS,L3B,516414.505,4892066.758,373.568,m,EPSG:26915,NAVD88,GEOID03,lidar_semn2008,2008,dodge_val.pdf table 'Control Z',datum is a DATASET-level assertion (lidar_semn2008.html: 'Vertical datum: NAVD88 (Geoid03)'); the validation reports themselves state no datum and no geoid,dodge,373.491,0.077
L3B-9017-Dodge VRS,L3B,519587.505,4892065.443,368.439,m,EPSG:26915,NAVD88,GEOID03,lidar_semn2008,2008,dodge_val.pdf table 'Control Z',datum is a DATASET-level assertion (lidar_semn2008.html: 'Vertical datum: NAVD88 (Geoid03)'); the validation reports themselves state no datum and no geoid,dodge,368.621,-0.182
L3B-9023-Dodge VRS,L3B,524552.242,4880918.499,362.686,m,EPSG:26915,NAVD88,GEOID03,lidar_semn2008,2008,dodge_val.pdf table 'Control Z',datum is a DATASET-level assertion (lidar_semn2008.html: 'Vertical datum: NAVD88 (Geoid03)'); the validation reports themselves state no datum and no geoid,dodge,362.764,-0.078
L3B-9028-Dodge VRS,L3B,502777.95,4890367.769,364.501,m,EPSG:26915,NAVD88,GEOID03,lidar_semn2008,2008,dodge_val.pdf table 'Control Z',datum is a DATASET-level assertion (lidar_semn2008.html: 'Vertical datum: NAVD88 (Geoid03)'); the validation reports themselves state no datum and no geoid,dodge,364.597,-0.096
L3B-9033-Dodge VRS,L3B,503593.207,4885670.591,381.804,m,EPSG:26915,NAVD88,GEOID03,lidar_semn2008,2008,dodge_val.pdf table 'Control Z',datum is a DATASET-level assertion (lidar_semn2008.html: 'Vertical datum: NAVD88 (Geoid03)'); the validation reports themselves state no datum and no geoid,dodge,381.77,0.034
L3B-9036-Dodge VRS,L3B,510443.053,4884683.773,381.815,m,EPSG:26915,NAVD88,GEOID03,lidar_semn2008,2008,dodge_val.pdf table 'Control Z',datum is a DATASET-level assertion (lidar_semn2008.html: 'Vertical datum: NAVD88 (Geoid03)'); the validation reports themselves state no datum and no geoid,dodge,382.077,-0.262
L3B-9037-Dodge VRS,L3B,510505.107,4882652.096,385.115,m,EPSG:26915,NAVD88,GEOID03,lidar_semn2008,2008,dodge_val.pdf table 'Control Z',datum is a DATASET-level assertion (lidar_semn2008.html: 'Vertical datum: NAVD88 (Geoid03)'); the validation reports themselves state no datum and no geoid,dodge,385.391,-0.276
L3B-9038-Dodge VRS,L3B,509654.226,4881639.276,366.403,m,EPSG:26915,NAVD88,GEOID03,lidar_semn2008,2008,dodge_val.pdf table 'Control Z',datum is a DATASET-level assertion (lidar_semn2008.html: 'Vertical datum: NAVD88 (Geoid03)'); the validation reports themselves state no datum and no geoid,dodge,366.698,-0.295
L3B-9044-Dodge VRS,L3B,504403.576,4881640.337,372.085,m,EPSG:26915,NAVD88,GEOID03,lidar_semn2008,2008,dodge_val.pdf table 'Control Z',datum is a DATASET-level assertion (lidar_semn2008.html: 'Vertical datum: NAVD88 (Geoid03)'); the validation reports themselves state no datum and no geoid,dodge,372.254,-0.169
L3B-9057-Dodge VRS,L3B,497921.97,4869549.33,388.666,m,EPSG:26915,NAVD88,GEOID03,lidar_semn2008,2008,dodge_val.pdf table 'Control Z',datum is a DATASET-level assertion (lidar_semn2008.html: 'Vertical datum: NAVD88 (Geoid03)'); the validation reports themselves state no datum and no geoid,dodge,388.671,-0.005
L3B-9060-Dodge VRS,L3B,499955.75,4867962.093,389.059,m,EPSG:26915,NAVD88,GEOID03,lidar_semn2008,2008,dodge_val.pdf table 'Control Z',datum is a DATASET-level assertion (lidar_semn2008.html: 'Vertical datum: NAVD88 (Geoid03)'); the validation reports themselves state no datum and no geoid,dodge,388.934,0.125
L3B-9065-Dodge VRS,L3B,508866.925,4869570.862,394.723,m,EPSG:26915,NAVD88,GEOID03,lidar_semn2008,2008,dodge_val.pdf table 'Control Z',datum is a DATASET-level assertion (lidar_semn2008.html: 'Vertical datum: NAVD88 (Geoid03)'); the validation reports themselves state no datum and no geoid,dodge,394.639,0.084
L3B-9067-Dodge VRS,L3B,507242.568,4871222.085,390.685,m,EPSG:26915,NAVD88,GEOID03,lidar_semn2008,2008,dodge_val.pdf table 'Control Z',datum is a DATASET-level assertion (lidar_semn2008.html: 'Vertical datum: NAVD88 (Geoid03)'); the validation reports themselves state no datum and no geoid,dodge,390.771,-0.086
L3B-9076-Dodge VRS,L3B,524660.202,4866371.941,385.264,m,EPSG:26915,NAVD88,GEOID03,lidar_semn2008,2008,dodge_val.pdf table 'Control Z',datum is a DATASET-level assertion (lidar_semn2008.html: 'Vertical datum: NAVD88 (Geoid03)'); the validation reports themselves state no datum and no geoid,dodge,385.375,-0.111
L3B-9077-Dodge VRS,L3B,525522.02,4866323.408,378.846,m,EPSG:26915,NAVD88,GEOID03,lidar_semn2008,2008,dodge_val.pdf table 'Control Z',datum is a DATASET-level assertion (lidar_semn2008.html: 'Vertical datum: NAVD88 (Geoid03)'); the validation reports themselves state no datum and no geoid,dodge,378.959,-0.113
L3B-9084-Dodge VRS,L3B,516130.451,4859817.206,399.465,m,EPSG:26915,NAVD88,GEOID03,lidar_semn2008,2008,dodge_val.pdf table 'Control Z',datum is a DATASET-level assertion (lidar_semn2008.html: 'Vertical datum: NAVD88 (Geoid03)'); the validation reports themselves state no datum and no geoid,dodge,399.393,0.072
L3B-9090-Dodge VRS,L3B,505532.452,4858303.255,385.655,m,EPSG:26915,NAVD88,GEOID03,lidar_semn2008,2008,dodge_val.pdf table 'Control Z',datum is a DATASET-level assertion (lidar_semn2008.html: 'Vertical datum: NAVD88 (Geoid03)'); the validation reports themselves state no datum and no geoid,dodge,385.632,0.023
L3B-9102-Dodge VRS,L3B,516833.643,4856714.065,409.858,m,EPSG:26915,NAVD88,GEOID03,lidar_semn2008,2008,dodge_val.pdf table 'Control Z',datum is a DATASET-level assertion (lidar_semn2008.html: 'Vertical datum: NAVD88 (Geoid03)'); the validation reports themselves state no datum and no geoid,dodge,409.914,-0.056
L4F-1092-Olmsted VRS,L4F,527536.241,4861513.426,378.27,m,EPSG:26915,NAVD88,GEOID03,lidar_semn2008,2008,dodge_val.pdf table 'Control Z',datum is a DATASET-level assertion (lidar_semn2008.html: 'Vertical datum: NAVD88 (Geoid03)'); the validation reports themselves state no datum and no geoid,dodge,378.398,-0.128
L4F-9001-Dodge VRS,L4F,523249.832,4892719.974,364.421,m,EPSG:26915,NAVD88,GEOID03,lidar_semn2008,2008,dodge_val.pdf table 'Control Z',datum is a DATASET-level assertion (lidar_semn2008.html: 'Vertical datum: NAVD88 (Geoid03)'); the validation reports themselves state no datum and no geoid,dodge,364.444,-0.023
L4F-9005-Dodge VRS,L4F,520155.942,4880841.573,377.296,m,EPSG:26915,NAVD88,GEOID03,lidar_semn2008,2008,dodge_val.pdf table 'Control Z',datum is a DATASET-level assertion (lidar_semn2008.html: 'Vertical datum: NAVD88 (Geoid03)'); the validation reports themselves state no datum and no geoid,dodge,377.628,-0.332
L4F-9008-Dodge VRS,L4F,518442.432,4879561.053,366.103,m,EPSG:26915,NAVD88,GEOID03,lidar_semn2008,2008,dodge_val.pdf table 'Control Z',datum is a DATASET-level assertion (lidar_semn2008.html: 'Vertical datum: NAVD88 (Geoid03)'); the validation reports themselves state no datum and no geoid,dodge,365.862,0.241
L4F-9011-Dodge VRS,L4F,514478.543,4888052.928,363.146,m,EPSG:26915,NAVD88,GEOID03,lidar_semn2008,2008,dodge_val.pdf table 'Control Z',datum is a DATASET-level assertion (lidar_semn2008.html: 'Vertical datum: NAVD88 (Geoid03)'); the validation reports themselves state no datum and no geoid,dodge,363.089,0.057
L4F-9014-Dodge VRS,L4F,514983.391,4891982.557,372.698,m,EPSG:26915,NAVD88,GEOID03,lidar_semn2008,2008,dodge_val.pdf table 'Control Z',datum is a DATASET-level assertion (lidar_semn2008.html: 'Vertical datum: NAVD88 (Geoid03)'); the validation reports themselves state no datum and no geoid,dodge,372.716,-0.018
L4F-9016-Dodge VRS,L4F,517822.186,4892058.06,372.344,m,EPSG:26915,NAVD88,GEOID03,lidar_semn2008,2008,dodge_val.pdf table 'Control Z',datum is a DATASET-level assertion (lidar_semn2008.html: 'Vertical datum: NAVD88 (Geoid03)'); the validation reports themselves state no datum and no geoid,dodge,372.299,0.045
L4F-9026-Dodge VRS,L4F,499523.796,4891289.608,377.132,m,EPSG:26915,NAVD88,GEOID03,lidar_semn2008,2008,dodge_val.pdf table 'Control Z',datum is a DATASET-level assertion (lidar_semn2008.html: 'Vertical datum: NAVD88 (Geoid03)'); the validation reports themselves state no datum and no geoid,dodge,377.344,-0.212
L4F-9032-Dodge VRS,L4F,504394.882,4887285.509,387.908,m,EPSG:26915,NAVD88,GEOID03,lidar_semn2008,2008,dodge_val.pdf table 'Control Z',datum is a DATASET-level assertion (lidar_semn2008.html: 'Vertical datum: NAVD88 (Geoid03)'); the validation reports themselves state no datum and no geoid,dodge,388.045,-0.137
L4F-9040-Dodge VRS,L4F,507168.768,4881646.643,382.486,m,EPSG:26915,NAVD88,GEOID03,lidar_semn2008,2008,dodge_val.pdf table 'Control Z',datum is a DATASET-level assertion (lidar_semn2008.html: 'Vertical datum: NAVD88 (Geoid03)'); the validation reports themselves state no datum and no geoid,dodge,382.455,0.031
L4F-9042-Dodge VRS,L4F,505256.781,4881662.726,381.598,m,EPSG:26915,NAVD88,GEOID03,lidar_semn2008,2008,dodge_val.pdf table 'Control Z',datum is a DATASET-level assertion (lidar_semn2008.html: 'Vertical datum: NAVD88 (Geoid03)'); the validation reports themselves state no datum and no geoid,dodge,381.495,0.103
L4F-9049-Dodge VRS,L4F,502960.728,4879261.385,385.528,m,EPSG:26915,NAVD88,GEOID03,lidar_semn2008,2008,dodge_val.pdf table 'Control Z',datum is a DATASET-level assertion (lidar_semn2008.html: 'Vertical datum: NAVD88 (Geoid03)'); the validation reports themselves state no datum and no geoid,dodge,385.475,0.053
L4F-9056-Dodge VRS,L4F,498915.392,4871974.762,385.66,m,EPSG:26915,NAVD88,GEOID03,lidar_semn2008,2008,dodge_val.pdf table 'Control Z',datum is a DATASET-level assertion (lidar_semn2008.html: 'Vertical datum: NAVD88 (Geoid03)'); the validation reports themselves state no datum and no geoid,dodge,385.651,0.009
L4F-9061-Dodge VRS,L4F,502812.786,4865098.091,394.866,m,EPSG:26915,NAVD88,GEOID03,lidar_semn2008,2008,dodge_val.pdf table 'Control Z',datum is a DATASET-level assertion (lidar_semn2008.html: 'Vertical datum: NAVD88 (Geoid03)'); the validation reports themselves state no datum and no geoid,dodge,394.771,0.095
L4F-9064-Dodge VRS,L4F,511044.374,4866351.293,406.403,m,EPSG:26915,NAVD88,GEOID03,lidar_semn2008,2008,dodge_val.pdf table 'Control Z',datum is a DATASET-level assertion (lidar_semn2008.html: 'Vertical datum: NAVD88 (Geoid03)'); the validation reports themselves state no datum and no geoid,dodge,406.485,-0.082
L4F-9068-Dodge VRS,L4F,507599.824,4875177.197,386.9,m,EPSG:26915,NAVD88,GEOID03,lidar_semn2008,2008,dodge_val.pdf table 'Control Z',datum is a DATASET-level assertion (lidar_semn2008.html: 'Vertical datum: NAVD88 (Geoid03)'); the validation reports themselves state no datum and no geoid,dodge,386.911,-0.011
L4F-9072-Dodge VRS,L4F,520954.364,4871464.483,387.847,m,EPSG:26915,NAVD88,GEOID03,lidar_semn2008,2008,dodge_val.pdf table 'Control Z',datum is a DATASET-level assertion (lidar_semn2008.html: 'Vertical datum: NAVD88 (Geoid03)'); the validation reports themselves state no datum and no geoid,dodge,387.736,0.111
L4F-9079-Dodge VRS,L4F,524198.82,4862397.986,378.044,m,EPSG:26915,NAVD88,GEOID03,lidar_semn2008,2008,dodge_val.pdf table 'Control Z',datum is a DATASET-level assertion (lidar_semn2008.html: 'Vertical datum: NAVD88 (Geoid03)'); the validation reports themselves state no datum and no geoid,dodge,377.893,0.151
L4F-9082-Dodge VRS,L4F,522616.484,4855790.946,401.351,m,EPSG:26915,NAVD88,GEOID03,lidar_semn2008,2008,dodge_val.pdf table 'Control Z',datum is a DATASET-level assertion (lidar_semn2008.html: 'Vertical datum: NAVD88 (Geoid03)'); the validation reports themselves state no datum and no geoid,dodge,401.293,0.058
L4F-9089-Dodge VRS,L4F,508895.583,4858324.926,390.696,m,EPSG:26915,NAVD88,GEOID03,lidar_semn2008,2008,dodge_val.pdf table 'Control Z',datum is a DATASET-level assertion (lidar_semn2008.html: 'Vertical datum: NAVD88 (Geoid03)'); the validation reports themselves state no datum and no geoid,dodge,390.648,0.048
L4F-9091-Dodge VRS,L4F,501417.954,4858245.999,382.964,m,EPSG:26915,NAVD88,GEOID03,lidar_semn2008,2008,dodge_val.pdf table 'Control Z',datum is a DATASET-level assertion (lidar_semn2008.html: 'Vertical datum: NAVD88 (Geoid03)'); the validation reports themselves state no datum and no geoid,dodge,382.981,-0.017
L4F-9095-Dodge VRS,L4F,502401.331,4856632.322,382.93,m,EPSG:26915,NAVD88,GEOID03,lidar_semn2008,2008,dodge_val.pdf table 'Control Z',datum is a DATASET-level assertion (lidar_semn2008.html: 'Vertical datum: NAVD88 (Geoid03)'); the validation reports themselves state no datum and no geoid,dodge,383.143,-0.213
L4F-9101-Dodge VRS,L4F,508282.023,4856702.653,401.964,m,EPSG:26915,NAVD88,GEOID03,lidar_semn2008,2008,dodge_val.pdf table 'Control Z',datum is a DATASET-level assertion (lidar_semn2008.html: 'Vertical datum: NAVD88 (Geoid03)'); the validation reports themselves state no datum and no geoid,dodge,401.892,0.072
L5U-1008-Olmsted VRS,L5U,526589.86,4883106.233,377.197,m,EPSG:26915,NAVD88,GEOID03,lidar_semn2008,2008,dodge_val.pdf table 'Control Z',datum is a DATASET-level assertion (lidar_semn2008.html: 'Vertical datum: NAVD88 (Geoid03)'); the validation reports themselves state no datum and no geoid,dodge,377.096,0.101
L5U-4115-Steele RTK,L5U,495923.423,4857068.121,394.538,m,EPSG:26915,NAVD88,GEOID03,lidar_semn2008,2008,dodge_val.pdf table 'Control Z',datum is a DATASET-level assertion (lidar_semn2008.html: 'Vertical datum: NAVD88 (Geoid03)'); the validation reports themselves state no datum and no geoid,dodge,394.152,0.386
L5U-9006-Dodge VRS,L5U,519664.821,4879501.009,359.212,m,EPSG:26915,NAVD88,GEOID03,lidar_semn2008,2008,dodge_val.pdf table 'Control Z',datum is a DATASET-level assertion (lidar_semn2008.html: 'Vertical datum: NAVD88 (Geoid03)'); the validation reports themselves state no datum and no geoid,dodge,359.088,0.124
L5U-9007-Dodge VRS,L5U,519237.572,4879363.102,350.047,m,EPSG:26915,NAVD88,GEOID03,lidar_semn2008,2008,dodge_val.pdf table 'Control Z',datum is a DATASET-level assertion (lidar_semn2008.html: 'Vertical datum: NAVD88 (Geoid03)'); the validation reports themselves state no datum and no geoid,dodge,349.903,0.144
L5U-9020-Dodge VRS,L5U,524083.716,4886347.79,372.153,m,EPSG:26915,NAVD88,GEOID03,lidar_semn2008,2008,dodge_val.pdf table 'Control Z',datum is a DATASET-level assertion (lidar_semn2008.html: 'Vertical datum: NAVD88 (Geoid03)'); the validation reports themselves state no datum and no geoid,dodge,372.015,0.138
L5U-9021-Dodge VRS,L5U,520680.604,4884796.005,360.765,m,EPSG:26915,NAVD88,GEOID03,lidar_semn2008,2008,dodge_val.pdf table 'Control Z',datum is a DATASET-level assertion (lidar_semn2008.html: 'Vertical datum: NAVD88 (Geoid03)'); the validation reports themselves state no datum and no geoid,dodge,360.696,0.069
L5U-9029-Dodge VRS,L5U,508087.435,4888711.212,376.455,m,EPSG:26915,NAVD88,GEOID03,lidar_semn2008,2008,dodge_val.pdf table 'Control Z',datum is a DATASET-level assertion (lidar_semn2008.html: 'Vertical datum: NAVD88 (Geoid03)'); the validation reports themselves state no datum and no geoid,dodge,376.39,0.065
L5U-9030-Dodge VRS,L5U,507924.607,4888413.343,379.601,m,EPSG:26915,NAVD88,GEOID03,lidar_semn2008,2008,dodge_val.pdf table 'Control Z',datum is a DATASET-level assertion (lidar_semn2008.html: 'Vertical datum: NAVD88 (Geoid03)'); the validation reports themselves state no datum and no geoid,dodge,379.553,0.048
L5U-9041-Dodge VRS,L5U,507176.539,4881679.174,383.265,m,EPSG:26915,NAVD88,GEOID03,lidar_semn2008,2008,dodge_val.pdf table 'Control Z',datum is a DATASET-level assertion (lidar_semn2008.html: 'Vertical datum: NAVD88 (Geoid03)'); the validation reports themselves state no datum and no geoid,dodge,383.14,0.125
L5U-9053-Dodge VRS,L5U,500348.636,4876834.561,391.173,m,EPSG:26915,NAVD88,GEOID03,lidar_semn2008,2008,dodge_val.pdf table 'Control Z',datum is a DATASET-level assertion (lidar_semn2008.html: 'Vertical datum: NAVD88 (Geoid03)'); the validation reports themselves state no datum and no geoid,dodge,391.15,0.023
L5U-9054-Dodge VRS,L5U,500156.121,4876760.244,392.449,m,EPSG:26915,NAVD88,GEOID03,lidar_semn2008,2008,dodge_val.pdf table 'Control Z',datum is a DATASET-level assertion (lidar_semn2008.html: 'Vertical datum: NAVD88 (Geoid03)'); the validation reports themselves state no datum and no geoid,dodge,392.359,0.09
L5U-9066-Dodge VRS,L5U,508040.731,4869558.512,396.028,m,EPSG:26915,NAVD88,GEOID03,lidar_semn2008,2008,dodge_val.pdf table 'Control Z',datum is a DATASET-level assertion (lidar_semn2008.html: 'Vertical datum: NAVD88 (Geoid03)'); the validation reports themselves state no datum and no geoid,dodge,395.935,0.093
L5U-9069-Dodge VRS,L5U,511257.643,4874968.824,390.496,m,EPSG:26915,NAVD88,GEOID03,lidar_semn2008,2008,dodge_val.pdf table 'Control Z',datum is a DATASET-level assertion (lidar_semn2008.html: 'Vertical datum: NAVD88 (Geoid03)'); the validation reports themselves state no datum and no geoid,dodge,390.56,-0.064
L5U-9070-Dodge VRS,L5U,511670.425,4875010.033,394.447,m,EPSG:26915,NAVD88,GEOID03,lidar_semn2008,2008,dodge_val.pdf table 'Control Z',datum is a DATASET-level assertion (lidar_semn2008.html: 'Vertical datum: NAVD88 (Geoid03)'); the validation reports themselves state no datum and no geoid,dodge,394.426,0.021
L5U-9071-Dodge VRS,L5U,520133.324,4875189.277,379.668,m,EPSG:26915,NAVD88,GEOID03,lidar_semn2008,2008,dodge_val.pdf table 'Control Z',datum is a DATASET-level assertion (lidar_semn2008.html: 'Vertical datum: NAVD88 (Geoid03)'); the validation reports themselves state no datum and no geoid,dodge,379.55,0.118
L5U-9085-Dodge VRS,L5U,512300.212,4859728.233,402.407,m,EPSG:26915,NAVD88,GEOID03,lidar_semn2008,2008,dodge_val.pdf table 'Control Z',datum is a DATASET-level assertion (lidar_semn2008.html: 'Vertical datum: NAVD88 (Geoid03)'); the validation reports themselves state no datum and no geoid,dodge,402.568,-0.161
L5U-9086-Dodge VRS,L5U,512339.11,4859627.665,402.125,m,EPSG:26915,NAVD88,GEOID03,lidar_semn2008,2008,dodge_val.pdf table 'Control Z',datum is a DATASET-level assertion (lidar_semn2008.html: 'Vertical datum: NAVD88 (Geoid03)'); the validation reports themselves state no datum and no geoid,dodge,402.205,-0.08
L5U-9087-Dodge VRS,L5U,512954.998,4859541.958,403.535,m,EPSG:26915,NAVD88,GEOID03,lidar_semn2008,2008,dodge_val.pdf table 'Control Z',datum is a DATASET-level assertion (lidar_semn2008.html: 'Vertical datum: NAVD88 (Geoid03)'); the validation reports themselves state no datum and no geoid,dodge,403.554,-0.019
FSA Target 1 Spring Valley-2401 Fillmore VRS,other,549295.58,4827854.474,401.663,m,EPSG:26915,NAVD88,GEOID03,lidar_semn2008,2008,fillmore_val.pdf table 'Control Z',datum is a DATASET-level assertion (lidar_semn2008.html: 'Vertical datum: NAVD88 (Geoid03)'); the validation reports themselves state no datum and no geoid,fillmore,401.625,0.038
FSA Target 2 Fillmore-2402 Fillmore VRS,other,557400.54,4821491.905,400.426,m,EPSG:26915,NAVD88,GEOID03,lidar_semn2008,2008,fillmore_val.pdf table 'Control Z',datum is a DATASET-level assertion (lidar_semn2008.html: 'Vertical datum: NAVD88 (Geoid03)'); the validation reports themselves state no datum and no geoid,fillmore,400.433,-0.007
FSA Target 3 Fillmore-2403 Fillmore VRS,other,573554.979,4821636.801,405.962,m,EPSG:26915,NAVD88,GEOID03,lidar_semn2008,2008,fillmore_val.pdf table 'Control Z',datum is a DATASET-level assertion (lidar_semn2008.html: 'Vertical datum: NAVD88 (Geoid03)'); the validation reports themselves state no datum and no geoid,fillmore,405.91,0.052
FSA Target 4 Fillmore-2404 Fillmore VRS,other,589597.327,4827442.413,352.923,m,EPSG:26915,NAVD88,GEOID03,lidar_semn2008,2008,fillmore_val.pdf table 'Control Z',datum is a DATASET-level assertion (lidar_semn2008.html: 'Vertical datum: NAVD88 (Geoid03)'); the validation reports themselves state no datum and no geoid,fillmore,352.934,-0.011
FSA Target 601 Spring Valley-2601 Fillmore VRS,other,549629.466,4837580.699,386.864,m,EPSG:26915,NAVD88,GEOID03,lidar_semn2008,2008,fillmore_val.pdf table 'Control Z',datum is a DATASET-level assertion (lidar_semn2008.html: 'Vertical datum: NAVD88 (Geoid03)'); the validation reports themselves state no datum and no geoid,fillmore,386.764,0.1
FSA Target 602 Preston-2602 Fillmore VRS,other,575354.156,4835965.66,290.284,m,EPSG:26915,NAVD88,GEOID03,lidar_semn2008,2008,fillmore_val.pdf table 'Control Z',datum is a DATASET-level assertion (lidar_semn2008.html: 'Vertical datum: NAVD88 (Geoid03)'); the validation reports themselves state no datum and no geoid,fillmore,290.171,0.113
L1O-2108 Fillmore VRS,L1O,592962.471,4818184.627,405.797,m,EPSG:26915,NAVD88,GEOID03,lidar_semn2008,2008,fillmore_val.pdf table 'Control Z',datum is a DATASET-level assertion (lidar_semn2008.html: 'Vertical datum: NAVD88 (Geoid03)'); the validation reports themselves state no datum and no geoid,fillmore,405.883,-0.086
L1O-2124 Fillmore VRS,L1O,575957.556,4821660.581,412.038,m,EPSG:26915,NAVD88,GEOID03,lidar_semn2008,2008,fillmore_val.pdf table 'Control Z',datum is a DATASET-level assertion (lidar_semn2008.html: 'Vertical datum: NAVD88 (Geoid03)'); the validation reports themselves state no datum and no geoid,fillmore,411.909,0.129
L1O-2131 Fillmore VRS,L1O,567101.095,4821587.429,406.468,m,EPSG:26915,NAVD88,GEOID03,lidar_semn2008,2008,fillmore_val.pdf table 'Control Z',datum is a DATASET-level assertion (lidar_semn2008.html: 'Vertical datum: NAVD88 (Geoid03)'); the validation reports themselves state no datum and no geoid,fillmore,406.414,0.054
L1O-2314 Fillmore VRS,L1O,558725.814,4839209.73,409.482,m,EPSG:26915,NAVD88,GEOID03,lidar_semn2008,2008,fillmore_val.pdf table 'Control Z',datum is a DATASET-level assertion (lidar_semn2008.html: 'Vertical datum: NAVD88 (Geoid03)'); the validation reports themselves state no datum and no geoid,fillmore,409.639,-0.157
L1O-2320 Fillmore VRS,L1O,573303.266,4836382.522,305.371,m,EPSG:26915,NAVD88,GEOID03,lidar_semn2008,2008,fillmore_val.pdf table 'Control Z',datum is a DATASET-level assertion (lidar_semn2008.html: 'Vertical datum: NAVD88 (Geoid03)'); the validation reports themselves state no datum and no geoid,fillmore,305.317,0.054
L1O-2323 Fillmore VRS,L1O,574535.55,4835767.761,284.677,m,EPSG:26915,NAVD88,GEOID03,lidar_semn2008,2008,fillmore_val.pdf table 'Control Z',datum is a DATASET-level assertion (lidar_semn2008.html: 'Vertical datum: NAVD88 (Geoid03)'); the validation reports themselves state no datum and no geoid,fillmore,284.631,0.046
L1O-2326 Fillmore VRS,L1O,582223.346,4840793.88,259.087,m,EPSG:26915,NAVD88,GEOID03,lidar_semn2008,2008,fillmore_val.pdf table 'Control Z',datum is a DATASET-level assertion (lidar_semn2008.html: 'Vertical datum: NAVD88 (Geoid03)'); the validation reports themselves state no datum and no geoid,fillmore,259.064,0.023
L1O-2327 Fillmore VRS,L1O,599681.51,4850833.425,220.703,m,EPSG:26915,NAVD88,GEOID03,lidar_semn2008,2008,fillmore_val.pdf table 'Control Z',datum is a DATASET-level assertion (lidar_semn2008.html: 'Vertical datum: NAVD88 (Geoid03)'); the validation reports themselves state no datum and no geoid,fillmore,220.887,-0.184
L1O-2334 Fillmore VRS,L1O,601977.219,4849730.005,224.448,m,EPSG:26915,NAVD88,GEOID03,lidar_semn2008,2008,fillmore_val.pdf table 'Control Z',datum is a DATASET-level assertion (lidar_semn2008.html: 'Vertical datum: NAVD88 (Geoid03)'); the validation reports themselves state no datum and no geoid,fillmore,224.608,-0.16
L1O-2340 Fillmore VRS,L1O,600701.735,4851370.174,219.582,m,EPSG:26915,NAVD88,GEOID03,lidar_semn2008,2008,fillmore_val.pdf table 'Control Z',datum is a DATASET-level assertion (lidar_semn2008.html: 'Vertical datum: NAVD88 (Geoid03)'); the validation reports themselves state no datum and no geoid,fillmore,219.777,-0.195
L1O-2344 Fillmore VRS,L1O,601495.512,4850846.984,219.158,m,EPSG:26915,NAVD88,GEOID03,lidar_semn2008,2008,fillmore_val.pdf table 'Control Z',datum is a DATASET-level assertion (lidar_semn2008.html: 'Vertical datum: NAVD88 (Geoid03)'); the validation reports themselves state no datum and no geoid,fillmore,219.413,-0.255
L1O-2504 Fillmore VRS,L1O,549249.253,4839883.58,395.2,m,EPSG:26915,NAVD88,GEOID03,lidar_semn2008,2008,fillmore_val.pdf table 'Control Z',datum is a DATASET-level assertion (lidar_semn2008.html: 'Vertical datum: NAVD88 (Geoid03)'); the validation reports themselves state no datum and no geoid,fillmore,395.128,0.072
L1O-2506 Fillmore VRS,L1O,549314.869,4838525.347,408.457,m,EPSG:26915,NAVD88,GEOID03,lidar_semn2008,2008,fillmore_val.pdf table 'Control Z',datum is a DATASET-level assertion (lidar_semn2008.html: 'Vertical datum: NAVD88 (Geoid03)'); the validation reports themselves state no datum and no geoid,fillmore,408.392,0.065
L1O-2511 Fillmore VRS,L1O,549029.168,4835974.612,403.858,m,EPSG:26915,NAVD88,GEOID03,lidar_semn2008,2008,fillmore_val.pdf table 'Control Z',datum is a DATASET-level assertion (lidar_semn2008.html: 'Vertical datum: NAVD88 (Geoid03)'); the validation reports themselves state no datum and no geoid,fillmore,403.881,-0.023
L1O-2512 Fillmore VRS,L1O,549152.658,4829957.04,404.94,m,EPSG:26915,NAVD88,GEOID03,lidar_semn2008,2008,fillmore_val.pdf table 'Control Z',datum is a DATASET-level assertion (lidar_semn2008.html: 'Vertical datum: NAVD88 (Geoid03)'); the validation reports themselves state no datum and no geoid,fillmore,404.955,-0.015
L1O-2513 Fillmore VRS,L1O,549140.701,4830014.094,404.777,m,EPSG:26915,NAVD88,GEOID03,lidar_semn2008,2008,fillmore_val.pdf table 'Control Z',datum is a DATASET-level assertion (lidar_semn2008.html: 'Vertical datum: NAVD88 (Geoid03)'); the validation reports themselves state no datum and no geoid,fillmore,404.755,0.022
L1O-2518 Fillmore VRS,L1O,558919.743,4835532.302,398.593,m,EPSG:26915,NAVD88,GEOID03,lidar_semn2008,2008,fillmore_val.pdf table 'Control Z',datum is a DATASET-level assertion (lidar_semn2008.html: 'Vertical datum: NAVD88 (Geoid03)'); the validation reports themselves state no datum and no geoid,fillmore,398.565,0.028
L1O-2520 Fillmore VRS,L1O,563280.884,4839997.293,390.673,m,EPSG:26915,NAVD88,GEOID03,lidar_semn2008,2008,fillmore_val.pdf table 'Control Z',datum is a DATASET-level assertion (lidar_semn2008.html: 'Vertical datum: NAVD88 (Geoid03)'); the validation reports themselves state no datum and no geoid,fillmore,390.645,0.028
L1O-2521 Fillmore VRS,L1O,566086.99,4841457.175,395.487,m,EPSG:26915,NAVD88,GEOID03,lidar_semn2008,2008,fillmore_val.pdf table 'Control Z',datum is a DATASET-level assertion (lidar_semn2008.html: 'Vertical datum: NAVD88 (Geoid03)'); the validation reports themselves state no datum and no geoid,fillmore,395.429,0.058
L1O-2523 Fillmore VRS,L1O,569547.558,4843696.661,393.341,m,EPSG:26915,NAVD88,GEOID03,lidar_semn2008,2008,fillmore_val.pdf table 'Control Z',datum is a DATASET-level assertion (lidar_semn2008.html: 'Vertical datum: NAVD88 (Geoid03)'); the validation reports themselves state no datum and no geoid,fillmore,393.273,0.068
L1O-2525 Fillmore VRS,L1O,569200.519,4851753.357,282.701,m,EPSG:26915,NAVD88,GEOID03,lidar_semn2008,2008,fillmore_val.pdf table 'Control Z',datum is a DATASET-level assertion (lidar_semn2008.html: 'Vertical datum: NAVD88 (Geoid03)'); the validation reports themselves state no datum and no geoid,fillmore,282.684,0.017
L1O-2526 Fillmore VRS,L1O,558886.472,4853620.504,386.786,m,EPSG:26915,NAVD88,GEOID03,lidar_semn2008,2008,fillmore_val.pdf table 'Control Z',datum is a DATASET-level assertion (lidar_semn2008.html: 'Vertical datum: NAVD88 (Geoid03)'); the validation reports themselves state no datum and no geoid,fillmore,386.757,0.029
L1O-3207 Houston RTK,L1O,600310.181,4852301.881,223.069,m,EPSG:26915,NAVD88,GEOID03,lidar_semn2008,2008,fillmore_val.pdf table 'Control Z',datum is a DATASET-level assertion (lidar_semn2008.html: 'Vertical datum: NAVD88 (Geoid03)'); the validation reports themselves state no datum and no geoid,fillmore,223.197,-0.128
L2T-2102 Fillmore VRS,L2T,599607.349,4819796.055,337.591,m,EPSG:26915,NAVD88,GEOID03,lidar_semn2008,2008,fillmore_val.pdf table 'Control Z',datum is a DATASET-level assertion (lidar_semn2008.html: 'Vertical datum: NAVD88 (Geoid03)'); the validation reports themselves state no datum and no geoid,fillmore,337.864,-0.273
L2T-2110 Fillmore VRS,L2T,591292.02,4818585.624,400.324,m,EPSG:26915,NAVD88,GEOID03,lidar_semn2008,2008,fillmore_val.pdf table 'Control Z',datum is a DATASET-level assertion (lidar_semn2008.html: 'Vertical datum: NAVD88 (Geoid03)'); the validation reports themselves state no datum and no geoid,fillmore,400.452,-0.128
L2T-2117 Fillmore VRS,L2T,584847.659,4821156.079,409.301,m,EPSG:26915,NAVD88,GEOID03,lidar_semn2008,2008,fillmore_val.pdf table 'Control Z',datum is a DATASET-level assertion (lidar_semn2008.html: 'Vertical datum: NAVD88 (Geoid03)'); the validation reports themselves state no datum and no geoid,fillmore,409.497,-0.196
L2T-2130 Fillmore VRS,L2T,567061.28,4821485.279,406.361,m,EPSG:26915,NAVD88,GEOID03,lidar_semn2008,2008,fillmore_val.pdf table 'Control Z',datum is a DATASET-level assertion (lidar_semn2008.html: 'Vertical datum: NAVD88 (Geoid03)'); the validation reports themselves state no datum and no geoid,fillmore,406.42,-0.059
L2T-2132 Fillmore VRS,L2T,560610.94,4821780.83,409.906,m,EPSG:26915,NAVD88,GEOID03,lidar_semn2008,2008,fillmore_val.pdf table 'Control Z',datum is a DATASET-level assertion (lidar_semn2008.html: 'Vertical datum: NAVD88 (Geoid03)'); the validation reports themselves state no datum and no geoid,fillmore,410.07,-0.164
L2T-2310 Fillmore VRS,L2T,569817.904,4843118.431,397.023,m,EPSG:26915,NAVD88,GEOID03,lidar_semn2008,2008,fillmore_val.pdf table 'Control Z',datum is a DATASET-level assertion (lidar_semn2008.html: 'Vertical datum: NAVD88 (Geoid03)'); the validation reports themselves state no datum and no geoid,fillmore,397.162,-0.139
L2T-2312 Fillmore VRS,L2T,564403.112,4840751.712,399.298,m,EPSG:26915,NAVD88,GEOID03,lidar_semn2008,2008,fillmore_val.pdf table 'Control Z',datum is a DATASET-level assertion (lidar_semn2008.html: 'Vertical datum: NAVD88 (Geoid03)'); the validation reports themselves state no datum and no geoid,fillmore,399.5,-0.202
L2T-2331 Fillmore VRS,L2T,600468.433,4850015.47,224.654,m,EPSG:26915,NAVD88,GEOID03,lidar_semn2008,2008,fillmore_val.pdf table 'Control Z',datum is a DATASET-level assertion (lidar_semn2008.html: 'Vertical datum: NAVD88 (Geoid03)'); the validation reports themselves state no datum and no geoid,fillmore,224.943,-0.289
L2T-2332 Fillmore VRS,L2T,601431.875,4850076.867,219.294,m,EPSG:26915,NAVD88,GEOID03,lidar_semn2008,2008,fillmore_val.pdf table 'Control Z',datum is a DATASET-level assertion (lidar_semn2008.html: 'Vertical datum: NAVD88 (Geoid03)'); the validation reports themselves state no datum and no geoid,fillmore,219.724,-0.43
L2T-2337 Fillmore VRS,L2T,600327.921,4850383.607,219.214,m,EPSG:26915,NAVD88,GEOID03,lidar_semn2008,2008,fillmore_val.pdf table 'Control Z',datum is a DATASET-level assertion (lidar_semn2008.html: 'Vertical datum: NAVD88 (Geoid03)'); the validation reports themselves state no datum and no geoid,fillmore,219.611,-0.397
L2T-2339 Fillmore VRS,L2T,600678.971,4851026.567,220.375,m,EPSG:26915,NAVD88,GEOID03,lidar_semn2008,2008,fillmore_val.pdf table 'Control Z',datum is a DATASET-level assertion (lidar_semn2008.html: 'Vertical datum: NAVD88 (Geoid03)'); the validation reports themselves state no datum and no geoid,fillmore,220.657,-0.282
L2T-2342 Fillmore VRS,L2T,601934.943,4850645.76,219.57,m,EPSG:26915,NAVD88,GEOID03,lidar_semn2008,2008,fillmore_val.pdf table 'Control Z',datum is a DATASET-level assertion (lidar_semn2008.html: 'Vertical datum: NAVD88 (Geoid03)'); the validation reports themselves state no datum and no geoid,fillmore,219.864,-0.294
L2T-2502 Fillmore VRS,L2T,548283.391,4843547.744,402.838,m,EPSG:26915,NAVD88,GEOID03,lidar_semn2008,2008,fillmore_val.pdf table 'Control Z',datum is a DATASET-level assertion (lidar_semn2008.html: 'Vertical datum: NAVD88 (Geoid03)'); the validation reports themselves state no datum and no geoid,fillmore,402.829,0.009
L2T-2505 Fillmore VRS,L2T,549307.423,4839982.711,392.799,m,EPSG:26915,NAVD88,GEOID03,lidar_semn2008,2008,fillmore_val.pdf table 'Control Z',datum is a DATASET-level assertion (lidar_semn2008.html: 'Vertical datum: NAVD88 (Geoid03)'); the validation reports themselves state no datum and no geoid,fillmore,392.895,-0.096
L2T-2515 Fillmore VRS,L2T,563380.689,4832287.949,314.566,m,EPSG:26915,NAVD88,GEOID03,lidar_semn2008,2008,fillmore_val.pdf table 'Control Z',datum is a DATASET-level assertion (lidar_semn2008.html: 'Vertical datum: NAVD88 (Geoid03)'); the validation reports themselves state no datum and no geoid,fillmore,314.849,-0.283
L2T-2516 Fillmore VRS,L2T,560974.11,4830974.82,385.455,m,EPSG:26915,NAVD88,GEOID03,lidar_semn2008,2008,fillmore_val.pdf table 'Control Z',datum is a DATASET-level assertion (lidar_semn2008.html: 'Vertical datum: NAVD88 (Geoid03)'); the validation reports themselves state no datum and no geoid,fillmore,385.527,-0.072
L2T-2517 Fillmore VRS,L2T,558893.555,4835524.227,399.089,m,EPSG:26915,NAVD88,GEOID03,lidar_semn2008,2008,fillmore_val.pdf table 'Control Z',datum is a DATASET-level assertion (lidar_semn2008.html: 'Vertical datum: NAVD88 (Geoid03)'); the validation reports themselves state no datum and no geoid,fillmore,399.145,-0.056
L2T-2519 Fillmore VRS,L2T,563317.057,4839956.457,386.754,m,EPSG:26915,NAVD88,GEOID03,lidar_semn2008,2008,fillmore_val.pdf table 'Control Z',datum is a DATASET-level assertion (lidar_semn2008.html: 'Vertical datum: NAVD88 (Geoid03)'); the validation reports themselves state no datum and no geoid,fillmore,386.814,-0.06
L2T-2524 Fillmore VRS,L2T,569212.877,4851871.061,281.636,m,EPSG:26915,NAVD88,GEOID03,lidar_semn2008,2008,fillmore_val.pdf table 'Control Z',datum is a DATASET-level assertion (lidar_semn2008.html: 'Vertical datum: NAVD88 (Geoid03)'); the validation reports themselves state no datum and no geoid,fillmore,281.821,-0.185
L2T-3294 Houston RTK,L2T,602365.828,4833097.593,353.409,m,EPSG:26915,NAVD88,GEOID03,lidar_semn2008,2008,fillmore_val.pdf table 'Control Z',datum is a DATASET-level assertion (lidar_semn2008.html: 'Vertical datum: NAVD88 (Geoid03)'); the validation reports themselves state no datum and no geoid,fillmore,353.501,-0.092
L2T-5033 Winona RTK,L2T,588507.85,4855381.844,349.39,m,EPSG:26915,NAVD88,GEOID03,lidar_semn2008,2008,fillmore_val.pdf table 'Control Z',datum is a DATASET-level assertion (lidar_semn2008.html: 'Vertical datum: NAVD88 (Geoid03)'); the validation reports themselves state no datum and no geoid,fillmore,349.487,-0.097
L3B-2103 Fillmore VRS,L3B,599604.922,4819304.718,339.805,m,EPSG:26915,NAVD88,GEOID03,lidar_semn2008,2008,fillmore_val.pdf table 'Control Z',datum is a DATASET-level assertion (lidar_semn2008.html: 'Vertical datum: NAVD88 (Geoid03)'); the validation reports themselves state no datum and no geoid,fillmore,339.928,-0.123
L3B-2107 Fillmore VRS,L3B,592955.624,4817906.176,414.134,m,EPSG:26915,NAVD88,GEOID03,lidar_semn2008,2008,fillmore_val.pdf table 'Control Z',datum is a DATASET-level assertion (lidar_semn2008.html: 'Vertical datum: NAVD88 (Geoid03)'); the validation reports themselves state no datum and no geoid,fillmore,414.382,-0.248
L3B-2111 Fillmore VRS,L3B,591238.256,4818565.018,400.096,m,EPSG:26915,NAVD88,GEOID03,lidar_semn2008,2008,fillmore_val.pdf table 'Control Z',datum is a DATASET-level assertion (lidar_semn2008.html: 'Vertical datum: NAVD88 (Geoid03)'); the validation reports themselves state no datum and no geoid,fillmore,400.283,-0.187
L3B-2115 Fillmore VRS,L3B,586521.682,4819847.757,407.927,m,EPSG:26915,NAVD88,GEOID03,lidar_semn2008,2008,fillmore_val.pdf table 'Control Z',datum is a DATASET-level assertion (lidar_semn2008.html: 'Vertical datum: NAVD88 (Geoid03)'); the validation reports themselves state no datum and no geoid,fillmore,407.995,-0.068
L3B-2125 Fillmore VRS,L3B,572940.107,4821522.931,406.452,m,EPSG:26915,NAVD88,GEOID03,lidar_semn2008,2008,fillmore_val.pdf table 'Control Z',datum is a DATASET-level assertion (lidar_semn2008.html: 'Vertical datum: NAVD88 (Geoid03)'); the validation reports themselves state no datum and no geoid,fillmore,406.536,-0.084
L3B-2129 Fillmore VRS,L3B,567076.627,4820982.972,408.015,m,EPSG:26915,NAVD88,GEOID03,lidar_semn2008,2008,fillmore_val.pdf table 'Control Z',datum is a DATASET-level assertion (lidar_semn2008.html: 'Vertical datum: NAVD88 (Geoid03)'); the validation reports themselves state no datum and no geoid,fillmore,408.188,-0.173
L3B-2311 Fillmore VRS,L3B,569762.376,4843138.994,397.224,m,EPSG:26915,NAVD88,GEOID03,lidar_semn2008,2008,fillmore_val.pdf table 'Control Z',datum is a DATASET-level assertion (lidar_semn2008.html: 'Vertical datum: NAVD88 (Geoid03)'); the validation reports themselves state no datum and no geoid,fillmore,397.265,-0.041
L3B-2318 Fillmore VRS,L3B,564941.788,4836280.291,392.296,m,EPSG:26915,NAVD88,GEOID03,lidar_semn2008,2008,fillmore_val.pdf table 'Control Z',datum is a DATASET-level assertion (lidar_semn2008.html: 'Vertical datum: NAVD88 (Geoid03)'); the validation reports themselves state no datum and no geoid,fillmore,392.502,-0.206
L3B-2328 Fillmore VRS,L3B,599735.434,4850846.711,220.741,m,EPSG:26915,NAVD88,GEOID03,lidar_semn2008,2008,fillmore_val.pdf table 'Control Z',datum is a DATASET-level assertion (lidar_semn2008.html: 'Vertical datum: NAVD88 (Geoid03)'); the validation reports themselves state no datum and no geoid,fillmore,221.071,-0.33
L3B-2333 Fillmore VRS,L3B,601959.301,4849776.527,223.832,m,EPSG:26915,NAVD88,GEOID03,lidar_semn2008,2008,fillmore_val.pdf table 'Control Z',datum is a DATASET-level assertion (lidar_semn2008.html: 'Vertical datum: NAVD88 (Geoid03)'); the validation reports themselves state no datum and no geoid,fillmore,224.227,-0.395
L3B-2345 Fillmore VRS,L3B,600810.903,4851194.04,220.212,m,EPSG:26915,NAVD88,GEOID03,lidar_semn2008,2008,fillmore_val.pdf table 'Control Z',datum is a DATASET-level assertion (lidar_semn2008.html: 'Vertical datum: NAVD88 (Geoid03)'); the validation reports themselves state no datum and no geoid,fillmore,220.752,-0.54
L3B-2349 Fillmore VRS,L3B,600668.257,4852355.648,223.112,m,EPSG:26915,NAVD88,GEOID03,lidar_semn2008,2008,fillmore_val.pdf table 'Control Z',datum is a DATASET-level assertion (lidar_semn2008.html: 'Vertical datum: NAVD88 (Geoid03)'); the validation reports themselves state no datum and no geoid,fillmore,223.283,-0.171
L3B-2352 Fillmore VRS,L3B,600733.047,4852464.798,227.233,m,EPSG:26915,NAVD88,GEOID03,lidar_semn2008,2008,fillmore_val.pdf table 'Control Z',datum is a DATASET-level assertion (lidar_semn2008.html: 'Vertical datum: NAVD88 (Geoid03)'); the validation reports themselves state no datum and no geoid,fillmore,227.424,-0.191
L3B-2501 Fillmore VRS,L3B,549139.283,4851910.31,390.559,m,EPSG:26915,NAVD88,GEOID03,lidar_semn2008,2008,fillmore_val.pdf table 'Control Z',datum is a DATASET-level assertion (lidar_semn2008.html: 'Vertical datum: NAVD88 (Geoid03)'); the validation reports themselves state no datum and no geoid,fillmore,390.586,-0.027
L3B-2503 Fillmore VRS,L3B,548418.23,4843528.079,402.758,m,EPSG:26915,NAVD88,GEOID03,lidar_semn2008,2008,fillmore_val.pdf table 'Control Z',datum is a DATASET-level assertion (lidar_semn2008.html: 'Vertical datum: NAVD88 (Geoid03)'); the validation reports themselves state no datum and no geoid,fillmore,402.893,-0.135
L3B-2514 Fillmore VRS,L3B,550739.819,4827881.704,403.922,m,EPSG:26915,NAVD88,GEOID03,lidar_semn2008,2008,fillmore_val.pdf table 'Control Z',datum is a DATASET-level assertion (lidar_semn2008.html: 'Vertical datum: NAVD88 (Geoid03)'); the validation reports themselves state no datum and no geoid,fillmore,403.908,0.014
L3B-2527 Fillmore VRS,L3B,558884.834,4853638.28,386.648,m,EPSG:26915,NAVD88,GEOID03,lidar_semn2008,2008,fillmore_val.pdf table 'Control Z',datum is a DATASET-level assertion (lidar_semn2008.html: 'Vertical datum: NAVD88 (Geoid03)'); the validation reports themselves state no datum and no geoid,fillmore,386.929,-0.281
L3B-3208 Houston RTK,L3B,599016.93,4850930.015,222.514,m,EPSG:26915,NAVD88,GEOID03,lidar_semn2008,2008,fillmore_val.pdf table 'Control Z',datum is a DATASET-level assertion (lidar_semn2008.html: 'Vertical datum: NAVD88 (Geoid03)'); the validation reports themselves state no datum and no geoid,fillmore,222.611,-0.097
L4F-2100 Fillmore VRS,L4F,597596.377,4829089.003,367.381,m,EPSG:26915,NAVD88,GEOID03,lidar_semn2008,2008,fillmore_val.pdf table 'Control Z',datum is a DATASET-level assertion (lidar_semn2008.html: 'Vertical datum: NAVD88 (Geoid03)'); the validation reports themselves state no datum and no geoid,fillmore,367.617,-0.236
L4F-2101 Fillmore VRS,L4F,597570.997,4829949.805,354.666,m,EPSG:26915,NAVD88,GEOID03,lidar_semn2008,2008,fillmore_val.pdf table 'Control Z',datum is a DATASET-level assertion (lidar_semn2008.html: 'Vertical datum: NAVD88 (Geoid03)'); the validation reports themselves state no datum and no geoid,fillmore,354.779,-0.113
L4F-2109 Fillmore VRS,L4F,593019.827,4818693.636,407.852,m,EPSG:26915,NAVD88,GEOID03,lidar_semn2008,2008,fillmore_val.pdf table 'Control Z',datum is a DATASET-level assertion (lidar_semn2008.html: 'Vertical datum: NAVD88 (Geoid03)'); the validation reports themselves state no datum and no geoid,fillmore,407.894,-0.042
L4F-2118 Fillmore VRS,L4F,584870.82,4821103.627,410.049,m,EPSG:26915,NAVD88,GEOID03,lidar_semn2008,2008,fillmore_val.pdf table 'Control Z',datum is a DATASET-level assertion (lidar_semn2008.html: 'Vertical datum: NAVD88 (Geoid03)'); the validation reports themselves state no datum and no geoid,fillmore,410.033,0.016
L4F-2123 Fillmore VRS,L4F,580133.392,4823300.183,409.917,m,EPSG:26915,NAVD88,GEOID03,lidar_semn2008,2008,fillmore_val.pdf table 'Control Z',datum is a DATASET-level assertion (lidar_semn2008.html: 'Vertical datum: NAVD88 (Geoid03)'); the validation reports themselves state no datum and no geoid,fillmore,410.042,-0.125
L4F-2126 Fillmore VRS,L4F,573071.072,4821539.885,407.042,m,EPSG:26915,NAVD88,GEOID03,lidar_semn2008,2008,fillmore_val.pdf table 'Control Z',datum is a DATASET-level assertion (lidar_semn2008.html: 'Vertical datum: NAVD88 (Geoid03)'); the validation reports themselves state no datum and no geoid,fillmore,407.023,0.019
L4F-2127 Fillmore VRS,L4F,568961.268,4821634.071,404.879,m,EPSG:26915,NAVD88,GEOID03,lidar_semn2008,2008,fillmore_val.pdf table 'Control Z',datum is a DATASET-level assertion (lidar_semn2008.html: 'Vertical datum: NAVD88 (Geoid03)'); the validation reports themselves state no datum and no geoid,fillmore,404.811,0.068
L4F-2128 Fillmore VRS,L4F,567118.213,4820974.308,407.385,m,EPSG:26915,NAVD88,GEOID03,lidar_semn2008,2008,fillmore_val.pdf table 'Control Z',datum is a DATASET-level assertion (lidar_semn2008.html: 'Vertical datum: NAVD88 (Geoid03)'); the validation reports themselves state no datum and no geoid,fillmore,407.349,0.036
L4F-2316 Fillmore VRS,L4F,565262.737,4836716.644,383.508,m,EPSG:26915,NAVD88,GEOID03,lidar_semn2008,2008,fillmore_val.pdf table 'Control Z',datum is a DATASET-level assertion (lidar_semn2008.html: 'Vertical datum: NAVD88 (Geoid03)'); the validation reports themselves state no datum and no geoid,fillmore,383.695,-0.187
L4F-2317 Fillmore VRS,L4F,564885.323,4835949.309,393.513,m,EPSG:26915,NAVD88,GEOID03,lidar_semn2008,2008,fillmore_val.pdf table 'Control Z',datum is a DATASET-level assertion (lidar_semn2008.html: 'Vertical datum: NAVD88 (Geoid03)'); the validation reports themselves state no datum and no geoid,fillmore,393.592,-0.079
L4F-2324 Fillmore VRS,L4F,580786.178,4838370.737,352.415,m,EPSG:26915,NAVD88,GEOID03,lidar_semn2008,2008,fillmore_val.pdf table 'Control Z',datum is a DATASET-level assertion (lidar_semn2008.html: 'Vertical datum: NAVD88 (Geoid03)'); the validation reports themselves state no datum and no geoid,fillmore,352.436,-0.021
L4F-2330 Fillmore VRS,L4F,600156.531,4850046.913,222.871,m,EPSG:26915,NAVD88,GEOID03,lidar_semn2008,2008,fillmore_val.pdf table 'Control Z',datum is a DATASET-level assertion (lidar_semn2008.html: 'Vertical datum: NAVD88 (Geoid03)'); the validation reports themselves state no datum and no geoid,fillmore,223.102,-0.231
L4F-2338 Fillmore VRS,L4F,600624.902,4851006.909,220.417,m,EPSG:26915,NAVD88,GEOID03,lidar_semn2008,2008,fillmore_val.pdf table 'Control Z',datum is a DATASET-level assertion (lidar_semn2008.html: 'Vertical datum: NAVD88 (Geoid03)'); the validation reports themselves state no datum and no geoid,fillmore,220.629,-0.212
L4F-2341 Fillmore VRS,L4F,601932.131,4850681.274,220.407,m,EPSG:26915,NAVD88,GEOID03,lidar_semn2008,2008,fillmore_val.pdf table 'Control Z',datum is a DATASET-level assertion (lidar_semn2008.html: 'Vertical datum: NAVD88 (Geoid03)'); the validation reports themselves state no datum and no geoid,fillmore,220.57,-0.163
L4F-2343 Fillmore VRS,L4F,601562.29,4850806.178,219.074,m,EPSG:26915,NAVD88,GEOID03,lidar_semn2008,2008,fillmore_val.pdf table 'Control Z',datum is a DATASET-level assertion (lidar_semn2008.html: 'Vertical datum: NAVD88 (Geoid03)'); the validation reports themselves state no datum and no geoid,fillmore,219.271,-0.197
L4F-2350 Fillmore VRS,L4F,600593.759,4852358.38,223.318,m,EPSG:26915,NAVD88,GEOID03,lidar_semn2008,2008,fillmore_val.pdf table 'Control Z',datum is a DATASET-level assertion (lidar_semn2008.html: 'Vertical datum: NAVD88 (Geoid03)'); the validation reports themselves state no datum and no geoid,fillmore,223.531,-0.213
L4F-2500 Fillmore VRS,L4F,549094.464,4853952.225,401.949,m,EPSG:26915,NAVD88,GEOID03,lidar_semn2008,2008,fillmore_val.pdf table 'Control Z',datum is a DATASET-level assertion (lidar_semn2008.html: 'Vertical datum: NAVD88 (Geoid03)'); the validation reports themselves state no datum and no geoid,fillmore,401.945,0.004
L4F-2507 Fillmore VRS,L4F,549376.576,4838592.154,407.741,m,EPSG:26915,NAVD88,GEOID03,lidar_semn2008,2008,fillmore_val.pdf table 'Control Z',datum is a DATASET-level assertion (lidar_semn2008.html: 'Vertical datum: NAVD88 (Geoid03)'); the validation reports themselves state no datum and no geoid,fillmore,407.743,-0.002
L4F-2522 Fillmore VRS,L4F,569469.917,4843689.64,392.318,m,EPSG:26915,NAVD88,GEOID03,lidar_semn2008,2008,fillmore_val.pdf table 'Control Z',datum is a DATASET-level assertion (lidar_semn2008.html: 'Vertical datum: NAVD88 (Geoid03)'); the validation reports themselves state no datum and no geoid,fillmore,392.306,0.012
L4F-3209 Houston RTK,L4F,601890.935,4849624.872,228.336,m,EPSG:26915,NAVD88,GEOID03,lidar_semn2008,2008,fillmore_val.pdf table 'Control Z',datum is a DATASET-level assertion (lidar_semn2008.html: 'Vertical datum: NAVD88 (Geoid03)'); the validation reports themselves state no datum and no geoid,fillmore,228.274,0.062
L4F-3293 Houston RTK,L4F,602373.585,4833216.803,341.14,m,EPSG:26915,NAVD88,GEOID03,lidar_semn2008,2008,fillmore_val.pdf table 'Control Z',datum is a DATASET-level assertion (lidar_semn2008.html: 'Vertical datum: NAVD88 (Geoid03)'); the validation reports themselves state no datum and no geoid,fillmore,341.295,-0.155
L5U-1034 Olmsted VRS,L5U,565227.107,4855075.856,309.098,m,EPSG:26915,NAVD88,GEOID03,lidar_semn2008,2008,fillmore_val.pdf table 'Control Z',datum is a DATASET-level assertion (lidar_semn2008.html: 'Vertical datum: NAVD88 (Geoid03)'); the validation reports themselves state no datum and no geoid,fillmore,309.1,-0.002
L5U-2104 Fillmore VRS,L5U,599234.352,4819153.185,343.175,m,EPSG:26915,NAVD88,GEOID03,lidar_semn2008,2008,fillmore_val.pdf table 'Control Z',datum is a DATASET-level assertion (lidar_semn2008.html: 'Vertical datum: NAVD88 (Geoid03)'); the validation reports themselves state no datum and no geoid,fillmore,343.236,-0.061
L5U-2105 Fillmore VRS,L5U,599144.952,4819577.604,345.595,m,EPSG:26915,NAVD88,GEOID03,lidar_semn2008,2008,fillmore_val.pdf table 'Control Z',datum is a DATASET-level assertion (lidar_semn2008.html: 'Vertical datum: NAVD88 (Geoid03)'); the validation reports themselves state no datum and no geoid,fillmore,345.708,-0.113
L5U-2106 Fillmore VRS,L5U,600121.944,4819475.849,340.901,m,EPSG:26915,NAVD88,GEOID03,lidar_semn2008,2008,fillmore_val.pdf table 'Control Z',datum is a DATASET-level assertion (lidar_semn2008.html: 'Vertical datum: NAVD88 (Geoid03)'); the validation reports themselves state no datum and no geoid,fillmore,341.053,-0.152
L5U-2112 Fillmore VRS,L5U,586476.038,4820429.547,407.054,m,EPSG:26915,NAVD88,GEOID03,lidar_semn2008,2008,fillmore_val.pdf table 'Control Z',datum is a DATASET-level assertion (lidar_semn2008.html: 'Vertical datum: NAVD88 (Geoid03)'); the validation reports themselves state no datum and no geoid,fillmore,407.044,0.01
L5U-2113 Fillmore VRS,L5U,586505.959,4820241.739,408.308,m,EPSG:26915,NAVD88,GEOID03,lidar_semn2008,2008,fillmore_val.pdf table 'Control Z',datum is a DATASET-level assertion (lidar_semn2008.html: 'Vertical datum: NAVD88 (Geoid03)'); the validation reports themselves state no datum and no geoid,fillmore,408.217,0.091
L5U-2114 Fillmore VRS,L5U,586496.984,4819846.533,410.024,m,EPSG:26915,NAVD88,GEOID03,lidar_semn2008,2008,fillmore_val.pdf table 'Control Z',datum is a DATASET-level assertion (lidar_semn2008.html: 'Vertical datum: NAVD88 (Geoid03)'); the validation reports themselves state no datum and no geoid,fillmore,409.908,0.116
L5U-2116 Fillmore VRS,L5U,586191.748,4820312.733,409.507,m,EPSG:26915,NAVD88,GEOID03,lidar_semn2008,2008,fillmore_val.pdf table 'Control Z',datum is a DATASET-level assertion (lidar_semn2008.html: 'Vertical datum: NAVD88 (Geoid03)'); the validation reports themselves state no datum and no geoid,fillmore,409.435,0.072
L5U-2119 Fillmore VRS,L5U,580366.05,4822704.484,409.405,m,EPSG:26915,NAVD88,GEOID03,lidar_semn2008,2008,fillmore_val.pdf table 'Control Z',datum is a DATASET-level assertion (lidar_semn2008.html: 'Vertical datum: NAVD88 (Geoid03)'); the validation reports themselves state no datum and no geoid,fillmore,409.468,-0.063
L5U-2120 Fillmore VRS,L5U,580272.017,4822519.625,406.207,m,EPSG:26915,NAVD88,GEOID03,lidar_semn2008,2008,fillmore_val.pdf table 'Control Z',datum is a DATASET-level assertion (lidar_semn2008.html: 'Vertical datum: NAVD88 (Geoid03)'); the validation reports themselves state no datum and no geoid,fillmore,406.013,0.194
L5U-2121 Fillmore VRS,L5U,580135.204,4821690.174,395.909,m,EPSG:26915,NAVD88,GEOID03,lidar_semn2008,2008,fillmore_val.pdf table 'Control Z',datum is a DATASET-level assertion (lidar_semn2008.html: 'Vertical datum: NAVD88 (Geoid03)'); the validation reports themselves state no datum and no geoid,fillmore,395.928,-0.019
L5U-2122 Fillmore VRS,L5U,579868.47,4823865.246,399.378,m,EPSG:26915,NAVD88,GEOID03,lidar_semn2008,2008,fillmore_val.pdf table 'Control Z',datum is a DATASET-level assertion (lidar_semn2008.html: 'Vertical datum: NAVD88 (Geoid03)'); the validation reports themselves state no datum and no geoid,fillmore,399.442,-0.064
L5U-2301 Fillmore VRS,L5U,565429.01,4854964.288,310.071,m,EPSG:26915,NAVD88,GEOID03,lidar_semn2008,2008,fillmore_val.pdf table 'Control Z',datum is a DATASET-level assertion (lidar_semn2008.html: 'Vertical datum: NAVD88 (Geoid03)'); the validation reports themselves state no datum and no geoid,fillmore,310.191,-0.12
L5U-2302 Fillmore VRS,L5U,565747.99,4854662.304,309.338,m,EPSG:26915,NAVD88,GEOID03,lidar_semn2008,2008,fillmore_val.pdf table 'Control Z',datum is a DATASET-level assertion (lidar_semn2008.html: 'Vertical datum: NAVD88 (Geoid03)'); the validation reports themselves state no datum and no geoid,fillmore,309.356,-0.018
L5U-2303 Fillmore VRS,L5U,566069.436,4854702.827,314.589,m,EPSG:26915,NAVD88,GEOID03,lidar_semn2008,2008,fillmore_val.pdf table 'Control Z',datum is a DATASET-level assertion (lidar_semn2008.html: 'Vertical datum: NAVD88 (Geoid03)'); the validation reports themselves state no datum and no geoid,fillmore,314.751,-0.162
L5U-2304 Fillmore VRS,L5U,565171.93,4854589.528,306.71,m,EPSG:26915,NAVD88,GEOID03,lidar_semn2008,2008,fillmore_val.pdf table 'Control Z',datum is a DATASET-level assertion (lidar_semn2008.html: 'Vertical datum: NAVD88 (Geoid03)'); the validation reports themselves state no datum and no geoid,fillmore,306.782,-0.072
L5U-2305 Fillmore VRS,L5U,564973.057,4855147.461,307.041,m,EPSG:26915,NAVD88,GEOID03,lidar_semn2008,2008,fillmore_val.pdf table 'Control Z',datum is a DATASET-level assertion (lidar_semn2008.html: 'Vertical datum: NAVD88 (Geoid03)'); the validation reports themselves state no datum and no geoid,fillmore,307.018,0.023
L5U-2306 Fillmore VRS,L5U,565306.037,4854863.274,308.113,m,EPSG:26915,NAVD88,GEOID03,lidar_semn2008,2008,fillmore_val.pdf table 'Control Z',datum is a DATASET-level assertion (lidar_semn2008.html: 'Vertical datum: NAVD88 (Geoid03)'); the validation reports themselves state no datum and no geoid,fillmore,308.262,-0.149
L5U-2307 Fillmore VRS,L5U,569495.405,4843576.246,394.038,m,EPSG:26915,NAVD88,GEOID03,lidar_semn2008,2008,fillmore_val.pdf table 'Control Z',datum is a DATASET-level assertion (lidar_semn2008.html: 'Vertical datum: NAVD88 (Geoid03)'); the validation reports themselves state no datum and no geoid,fillmore,394.02,0.018
L5U-2308 Fillmore VRS,L5U,569701.799,4843554.339,395.305,m,EPSG:26915,NAVD88,GEOID03,lidar_semn2008,2008,fillmore_val.pdf table 'Control Z',datum is a DATASET-level assertion (lidar_semn2008.html: 'Vertical datum: NAVD88 (Geoid03)'); the validation reports themselves state no datum and no geoid,fillmore,395.24,0.065
L5U-2309 Fillmore VRS,L5U,569698.04,4843196.063,398.647,m,EPSG:26915,NAVD88,GEOID03,lidar_semn2008,2008,fillmore_val.pdf table 'Control Z',datum is a DATASET-level assertion (lidar_semn2008.html: 'Vertical datum: NAVD88 (Geoid03)'); the validation reports themselves state no datum and no geoid,fillmore,398.681,-0.034
L5U-2313 Fillmore VRS,L5U,559056.37,4839867.005,401.819,m,EPSG:26915,NAVD88,GEOID03,lidar_semn2008,2008,fillmore_val.pdf table 'Control Z',datum is a DATASET-level assertion (lidar_semn2008.html: 'Vertical datum: NAVD88 (Geoid03)'); the validation reports themselves state no datum and no geoid,fillmore,401.918,-0.099
L5U-2315 Fillmore VRS,L5U,558798.006,4839151.537,406.327,m,EPSG:26915,NAVD88,GEOID03,lidar_semn2008,2008,fillmore_val.pdf table 'Control Z',datum is a DATASET-level assertion (lidar_semn2008.html: 'Vertical datum: NAVD88 (Geoid03)'); the validation reports themselves state no datum and no geoid,fillmore,406.461,-0.134
L5U-2319 Fillmore VRS,L5U,573365.816,4836364.472,304.339,m,EPSG:26915,NAVD88,GEOID03,lidar_semn2008,2008,fillmore_val.pdf table 'Control Z',datum is a DATASET-level assertion (lidar_semn2008.html: 'Vertical datum: NAVD88 (Geoid03)'); the validation reports themselves state no datum and no geoid,fillmore,304.367,-0.028
L5U-2321 Fillmore VRS,L5U,574111.696,4835384.686,285.059,m,EPSG:26915,NAVD88,GEOID03,lidar_semn2008,2008,fillmore_val.pdf table 'Control Z',datum is a DATASET-level assertion (lidar_semn2008.html: 'Vertical datum: NAVD88 (Geoid03)'); the validation reports themselves state no datum and no geoid,fillmore,285.123,-0.064
L5U-2322 Fillmore VRS,L5U,574313.109,4835738.183,284.092,m,EPSG:26915,NAVD88,GEOID03,lidar_semn2008,2008,fillmore_val.pdf table 'Control Z',datum is a DATASET-level assertion (lidar_semn2008.html: 'Vertical datum: NAVD88 (Geoid03)'); the validation reports themselves state no datum and no geoid,fillmore,284.114,-0.022
L5U-2325 Fillmore VRS,L5U,582231.299,4840726.4,259.227,m,EPSG:26915,NAVD88,GEOID03,lidar_semn2008,2008,fillmore_val.pdf table 'Control Z',datum is a DATASET-level assertion (lidar_semn2008.html: 'Vertical datum: NAVD88 (Geoid03)'); the validation reports themselves state no datum and no geoid,fillmore,259.225,0.002
L5U-2329 Fillmore VRS,L5U,600154.616,4850017.819,222.897,m,EPSG:26915,NAVD88,GEOID03,lidar_semn2008,2008,fillmore_val.pdf table 'Control Z',datum is a DATASET-level assertion (lidar_semn2008.html: 'Vertical datum: NAVD88 (Geoid03)'); the validation reports themselves state no datum and no geoid,fillmore,223.18,-0.283
L5U-2335 Fillmore VRS,L5U,600360.857,4850174.056,221.923,m,EPSG:26915,NAVD88,GEOID03,lidar_semn2008,2008,fillmore_val.pdf table 'Control Z',datum is a DATASET-level assertion (lidar_semn2008.html: 'Vertical datum: NAVD88 (Geoid03)'); the validation reports themselves state no datum and no geoid,fillmore,222.096,-0.173
L5U-2346 Fillmore VRS,L5U,600870.34,4851269.025,220.527,m,EPSG:26915,NAVD88,GEOID03,lidar_semn2008,2008,fillmore_val.pdf table 'Control Z',datum is a DATASET-level assertion (lidar_semn2008.html: 'Vertical datum: NAVD88 (Geoid03)'); the validation reports themselves state no datum and no geoid,fillmore,220.744,-0.217
L5U-2347 Fillmore VRS,L5U,600434.36,4851581.206,222.59,m,EPSG:26915,NAVD88,GEOID03,lidar_semn2008,2008,fillmore_val.pdf table 'Control Z',datum is a DATASET-level assertion (lidar_semn2008.html: 'Vertical datum: NAVD88 (Geoid03)'); the validation reports themselves state no datum and no geoid,fillmore,222.737,-0.147
L5U-2348 Fillmore VRS,L5U,600370.641,4852098.565,222.22,m,EPSG:26915,NAVD88,GEOID03,lidar_semn2008,2008,fillmore_val.pdf table 'Control Z',datum is a DATASET-level assertion (lidar_semn2008.html: 'Vertical datum: NAVD88 (Geoid03)'); the validation reports themselves state no datum and no geoid,fillmore,222.242,-0.022
L5U-2351 Fillmore VRS,L5U,600643.88,4852460.653,224.542,m,EPSG:26915,NAVD88,GEOID03,lidar_semn2008,2008,fillmore_val.pdf table 'Control Z',datum is a DATASET-level assertion (lidar_semn2008.html: 'Vertical datum: NAVD88 (Geoid03)'); the validation reports themselves state no datum and no geoid,fillmore,224.737,-0.195
L5U-2508 Fillmore VRS,L5U,549288.725,4838362.944,409.131,m,EPSG:26915,NAVD88,GEOID03,lidar_semn2008,2008,fillmore_val.pdf table 'Control Z',datum is a DATASET-level assertion (lidar_semn2008.html: 'Vertical datum: NAVD88 (Geoid03)'); the validation reports themselves state no datum and no geoid,fillmore,409.005,0.126
L5U-2509 Fillmore VRS,L5U,548328.337,4838302.423,405.747,m,EPSG:26915,NAVD88,GEOID03,lidar_semn2008,2008,fillmore_val.pdf table 'Control Z',datum is a DATASET-level assertion (lidar_semn2008.html: 'Vertical datum: NAVD88 (Geoid03)'); the validation reports themselves state no datum and no geoid,fillmore,405.714,0.033
L5U-2510 Fillmore VRS,L5U,549241.234,4836154.418,406.617,m,EPSG:26915,NAVD88,GEOID03,lidar_semn2008,2008,fillmore_val.pdf table 'Control Z',datum is a DATASET-level assertion (lidar_semn2008.html: 'Vertical datum: NAVD88 (Geoid03)'); the validation reports themselves state no datum and no geoid,fillmore,406.578,0.039
L5U-3205 Houston RTK,L5U,600296.77,4851183.021,221.728,m,EPSG:26915,NAVD88,GEOID03,lidar_semn2008,2008,fillmore_val.pdf table 'Control Z',datum is a DATASET-level assertion (lidar_semn2008.html: 'Vertical datum: NAVD88 (Geoid03)'); the validation reports themselves state no datum and no geoid,fillmore,221.825,-0.097
L5U-3206 Houston RTK,L5U,600157.768,4851560.392,225.285,m,EPSG:26915,NAVD88,GEOID03,lidar_semn2008,2008,fillmore_val.pdf table 'Control Z',datum is a DATASET-level assertion (lidar_semn2008.html: 'Vertical datum: NAVD88 (Geoid03)'); the validation reports themselves state no datum and no geoid,fillmore,225.439,-0.154
L3B-0,L3B,637693.262,4818321.617,194.548,m,EPSG:26915,NAVD88,GEOID03,lidar_semn2008,2008,houston_val.pdf table 'Control Z',datum is a DATASET-level assertion (lidar_semn2008.html: 'Vertical datum: NAVD88 (Geoid03)'); the validation reports themselves state no datum and no geoid,houston,194.86,-0.312
L1O-1,L1O,637953.148,4818720.645,213.214,m,EPSG:26915,NAVD88,GEOID03,lidar_semn2008,2008,houston_val.pdf table 'Control Z',datum is a DATASET-level assertion (lidar_semn2008.html: 'Vertical datum: NAVD88 (Geoid03)'); the validation reports themselves state no datum and no geoid,houston,213.328,-0.114
L2T-2,L2T,636995.566,4819412.125,212.044,m,EPSG:26915,NAVD88,GEOID03,lidar_semn2008,2008,houston_val.pdf table 'Control Z',datum is a DATASET-level assertion (lidar_semn2008.html: 'Vertical datum: NAVD88 (Geoid03)'); the validation reports themselves state no datum and no geoid,houston,212.199,-0.155
L4F-3,L4F,636961.849,4819509.013,211.427,m,EPSG:26915,NAVD88,GEOID03,lidar_semn2008,2008,houston_val.pdf table 'Control Z',datum is a DATASET-level assertion (lidar_semn2008.html: 'Vertical datum: NAVD88 (Geoid03)'); the validation reports themselves state no datum and no geoid,houston,211.478,-0.051
L2T-4,L2T,603492.502,4848731.103,250.999,m,EPSG:26915,NAVD88,GEOID03,lidar_semn2008,2008,houston_val.pdf table 'Control Z',datum is a DATASET-level assertion (lidar_semn2008.html: 'Vertical datum: NAVD88 (Geoid03)'); the validation reports themselves state no datum and no geoid,houston,251.198,-0.199
L5U-5,L5U,600296.77,4851183.021,221.728,m,EPSG:26915,NAVD88,GEOID03,lidar_semn2008,2008,houston_val.pdf table 'Control Z',datum is a DATASET-level assertion (lidar_semn2008.html: 'Vertical datum: NAVD88 (Geoid03)'); the validation reports themselves state no datum and no geoid,houston,221.825,-0.097
L5U-6,L5U,600157.768,4851560.392,225.285,m,EPSG:26915,NAVD88,GEOID03,lidar_semn2008,2008,houston_val.pdf table 'Control Z',datum is a DATASET-level assertion (lidar_semn2008.html: 'Vertical datum: NAVD88 (Geoid03)'); the validation reports themselves state no datum and no geoid,houston,225.439,-0.154
L1O-7,L1O,600310.181,4852301.881,223.069,m,EPSG:26915,NAVD88,GEOID03,lidar_semn2008,2008,houston_val.pdf table 'Control Z',datum is a DATASET-level assertion (lidar_semn2008.html: 'Vertical datum: NAVD88 (Geoid03)'); the validation reports themselves state no datum and no geoid,houston,223.197,-0.128
L3B-8,L3B,599016.93,4850930.015,222.514,m,EPSG:26915,NAVD88,GEOID03,lidar_semn2008,2008,houston_val.pdf table 'Control Z',datum is a DATASET-level assertion (lidar_semn2008.html: 'Vertical datum: NAVD88 (Geoid03)'); the validation reports themselves state no datum and no geoid,houston,222.611,-0.097
L4F-9,L4F,601890.935,4849624.872,228.336,m,EPSG:26915,NAVD88,GEOID03,lidar_semn2008,2008,houston_val.pdf table 'Control Z',datum is a DATASET-level assertion (lidar_semn2008.html: 'Vertical datum: NAVD88 (Geoid03)'); the validation reports themselves state no datum and no geoid,houston,228.274,0.062
L1O-10,L1O,609799.548,4847342.453,237.255,m,EPSG:26915,NAVD88,GEOID03,lidar_semn2008,2008,houston_val.pdf table 'Control Z',datum is a DATASET-level assertion (lidar_semn2008.html: 'Vertical datum: NAVD88 (Geoid03)'); the validation reports themselves state no datum and no geoid,houston,237.422,-0.167
L4F-11,L4F,608813.275,4846634.479,215.084,m,EPSG:26915,NAVD88,GEOID03,lidar_semn2008,2008,houston_val.pdf table 'Control Z',datum is a DATASET-level assertion (lidar_semn2008.html: 'Vertical datum: NAVD88 (Geoid03)'); the validation reports themselves state no datum and no geoid,houston,215.146,-0.062
L3B-12,L3B,606378.079,4846491.812,216.866,m,EPSG:26915,NAVD88,GEOID03,lidar_semn2008,2008,houston_val.pdf table 'Control Z',datum is a DATASET-level assertion (lidar_semn2008.html: 'Vertical datum: NAVD88 (Geoid03)'); the validation reports themselves state no datum and no geoid,houston,216.992,-0.126
L2T-13,L2T,605958.75,4846197.701,219.978,m,EPSG:26915,NAVD88,GEOID03,lidar_semn2008,2008,houston_val.pdf table 'Control Z',datum is a DATASET-level assertion (lidar_semn2008.html: 'Vertical datum: NAVD88 (Geoid03)'); the validation reports themselves state no datum and no geoid,houston,220.067,-0.089
L5U-14,L5U,611588.219,4853067.18,232.739,m,EPSG:26915,NAVD88,GEOID03,lidar_semn2008,2008,houston_val.pdf table 'Control Z',datum is a DATASET-level assertion (lidar_semn2008.html: 'Vertical datum: NAVD88 (Geoid03)'); the validation reports themselves state no datum and no geoid,houston,232.858,-0.119
L2T-15,L2T,608154.013,4851162.142,366.416,m,EPSG:26915,NAVD88,GEOID03,lidar_semn2008,2008,houston_val.pdf table 'Control Z',datum is a DATASET-level assertion (lidar_semn2008.html: 'Vertical datum: NAVD88 (Geoid03)'); the validation reports themselves state no datum and no geoid,houston,366.636,-0.22
L4F-16,L4F,606082.926,4854079.338,385.374,m,EPSG:26915,NAVD88,GEOID03,lidar_semn2008,2008,houston_val.pdf table 'Control Z',datum is a DATASET-level assertion (lidar_semn2008.html: 'Vertical datum: NAVD88 (Geoid03)'); the validation reports themselves state no datum and no geoid,houston,385.517,-0.143
L1O-17,L1O,613305.419,4851076.605,231.029,m,EPSG:26915,NAVD88,GEOID03,lidar_semn2008,2008,houston_val.pdf table 'Control Z',datum is a DATASET-level assertion (lidar_semn2008.html: 'Vertical datum: NAVD88 (Geoid03)'); the validation reports themselves state no datum and no geoid,houston,231.048,-0.019
L3B-18,L3B,613132.971,4849883.069,220.587,m,EPSG:26915,NAVD88,GEOID03,lidar_semn2008,2008,houston_val.pdf table 'Control Z',datum is a DATASET-level assertion (lidar_semn2008.html: 'Vertical datum: NAVD88 (Geoid03)'); the validation reports themselves state no datum and no geoid,houston,220.646,-0.059
L1O-19,L1O,616078.577,4844699.222,227.457,m,EPSG:26915,NAVD88,GEOID03,lidar_semn2008,2008,houston_val.pdf table 'Control Z',datum is a DATASET-level assertion (lidar_semn2008.html: 'Vertical datum: NAVD88 (Geoid03)'); the validation reports themselves state no datum and no geoid,houston,227.506,-0.049
L5U-20,L5U,615205.868,4846555.294,208.588,m,EPSG:26915,NAVD88,GEOID03,lidar_semn2008,2008,houston_val.pdf table 'Control Z',datum is a DATASET-level assertion (lidar_semn2008.html: 'Vertical datum: NAVD88 (Geoid03)'); the validation reports themselves state no datum and no geoid,houston,208.593,-0.005
L3B-21,L3B,618243.859,4849121.585,224.927,m,EPSG:26915,NAVD88,GEOID03,lidar_semn2008,2008,houston_val.pdf table 'Control Z',datum is a DATASET-level assertion (lidar_semn2008.html: 'Vertical datum: NAVD88 (Geoid03)'); the validation reports themselves state no datum and no geoid,houston,224.87,0.057
L2T-22,L2T,618915.679,4852575.677,225.192,m,EPSG:26915,NAVD88,GEOID03,lidar_semn2008,2008,houston_val.pdf table 'Control Z',datum is a DATASET-level assertion (lidar_semn2008.html: 'Vertical datum: NAVD88 (Geoid03)'); the validation reports themselves state no datum and no geoid,houston,225.145,0.047
L2T-23,L2T,623733.332,4849541.192,242.122,m,EPSG:26915,NAVD88,GEOID03,lidar_semn2008,2008,houston_val.pdf table 'Control Z',datum is a DATASET-level assertion (lidar_semn2008.html: 'Vertical datum: NAVD88 (Geoid03)'); the validation reports themselves state no datum and no geoid,houston,242.202,-0.08
L5U-24,L5U,624997.898,4849207.956,219.781,m,EPSG:26915,NAVD88,GEOID03,lidar_semn2008,2008,houston_val.pdf table 'Control Z',datum is a DATASET-level assertion (lidar_semn2008.html: 'Vertical datum: NAVD88 (Geoid03)'); the validation reports themselves state no datum and no geoid,houston,219.709,0.072
L3B-25,L3B,631249.603,4851612.007,369.914,m,EPSG:26915,NAVD88,GEOID03,lidar_semn2008,2008,houston_val.pdf table 'Control Z',datum is a DATASET-level assertion (lidar_semn2008.html: 'Vertical datum: NAVD88 (Geoid03)'); the validation reports themselves state no datum and no geoid,houston,370.173,-0.259
L4F-26,L4F,624250.407,4853559.701,374.831,m,EPSG:26915,NAVD88,GEOID03,lidar_semn2008,2008,houston_val.pdf table 'Control Z',datum is a DATASET-level assertion (lidar_semn2008.html: 'Vertical datum: NAVD88 (Geoid03)'); the validation reports themselves state no datum and no geoid,houston,374.72,0.111
L2T-27,L2T,624245.58,4853524.079,375.698,m,EPSG:26915,NAVD88,GEOID03,lidar_semn2008,2008,houston_val.pdf table 'Control Z',datum is a DATASET-level assertion (lidar_semn2008.html: 'Vertical datum: NAVD88 (Geoid03)'); the validation reports themselves state no datum and no geoid,houston,375.55,0.148
L1O-28,L1O,627548.142,4853853.217,372.068,m,EPSG:26915,NAVD88,GEOID03,lidar_semn2008,2008,houston_val.pdf table 'Control Z',datum is a DATASET-level assertion (lidar_semn2008.html: 'Vertical datum: NAVD88 (Geoid03)'); the validation reports themselves state no datum and no geoid,houston,372.014,0.054
L5U-29,L5U,634946.154,4853043.154,218.683,m,EPSG:26915,NAVD88,GEOID03,lidar_semn2008,2008,houston_val.pdf table 'Control Z',datum is a DATASET-level assertion (lidar_semn2008.html: 'Vertical datum: NAVD88 (Geoid03)'); the validation reports themselves state no datum and no geoid,houston,218.694,-0.011
L5U-30,L5U,635944.045,4853055.257,206.476,m,EPSG:26915,NAVD88,GEOID03,lidar_semn2008,2008,houston_val.pdf table 'Control Z',datum is a DATASET-level assertion (lidar_semn2008.html: 'Vertical datum: NAVD88 (Geoid03)'); the validation reports themselves state no datum and no geoid,houston,206.518,-0.042
L4F-31,L4F,633274.941,4849729.811,207.559,m,EPSG:26915,NAVD88,GEOID03,lidar_semn2008,2008,houston_val.pdf table 'Control Z',datum is a DATASET-level assertion (lidar_semn2008.html: 'Vertical datum: NAVD88 (Geoid03)'); the validation reports themselves state no datum and no geoid,houston,207.444,0.115
L1O-32,L1O,633999.634,4849184.937,200.464,m,EPSG:26915,NAVD88,GEOID03,lidar_semn2008,2008,houston_val.pdf table 'Control Z',datum is a DATASET-level assertion (lidar_semn2008.html: 'Vertical datum: NAVD88 (Geoid03)'); the validation reports themselves state no datum and no geoid,houston,200.453,0.011
L5U-33,L5U,633174.786,4846940.286,198.917,m,EPSG:26915,NAVD88,GEOID03,lidar_semn2008,2008,houston_val.pdf table 'Control Z',datum is a DATASET-level assertion (lidar_semn2008.html: 'Vertical datum: NAVD88 (Geoid03)'); the validation reports themselves state no datum and no geoid,houston,198.914,0.003
L3B-34,L3B,633297.261,4847505.322,196.57,m,EPSG:26915,NAVD88,GEOID03,lidar_semn2008,2008,houston_val.pdf table 'Control Z',datum is a DATASET-level assertion (lidar_semn2008.html: 'Vertical datum: NAVD88 (Geoid03)'); the validation reports themselves state no datum and no geoid,houston,197.038,-0.468
L2T-35,L2T,636707.429,4848027.36,194.96,m,EPSG:26915,NAVD88,GEOID03,lidar_semn2008,2008,houston_val.pdf table 'Control Z',datum is a DATASET-level assertion (lidar_semn2008.html: 'Vertical datum: NAVD88 (Geoid03)'); the validation reports themselves state no datum and no geoid,houston,195.299,-0.339
L4F-36,L4F,637751.691,4847154.329,200.243,m,EPSG:26915,NAVD88,GEOID03,lidar_semn2008,2008,houston_val.pdf table 'Control Z',datum is a DATASET-level assertion (lidar_semn2008.html: 'Vertical datum: NAVD88 (Geoid03)'); the validation reports themselves state no datum and no geoid,houston,200.286,-0.043
L1O-37,L1O,635449.868,4847858.505,197.396,m,EPSG:26915,NAVD88,GEOID03,lidar_semn2008,2008,houston_val.pdf table 'Control Z',datum is a DATASET-level assertion (lidar_semn2008.html: 'Vertical datum: NAVD88 (Geoid03)'); the validation reports themselves state no datum and no geoid,houston,197.347,0.049
L1O-38,L1O,630958.333,4845552.238,220.31,m,EPSG:26915,NAVD88,GEOID03,lidar_semn2008,2008,houston_val.pdf table 'Control Z',datum is a DATASET-level assertion (lidar_semn2008.html: 'Vertical datum: NAVD88 (Geoid03)'); the validation reports themselves state no datum and no geoid,houston,220.335,-0.025
L2T-39,L2T,634440.251,4835507.411,358.606,m,EPSG:26915,NAVD88,GEOID03,lidar_semn2008,2008,houston_val.pdf table 'Control Z',datum is a DATASET-level assertion (lidar_semn2008.html: 'Vertical datum: NAVD88 (Geoid03)'); the validation reports themselves state no datum and no geoid,houston,358.698,-0.092
L3B-40,L3B,634796.307,4837154.884,356.614,m,EPSG:26915,NAVD88,GEOID03,lidar_semn2008,2008,houston_val.pdf table 'Control Z',datum is a DATASET-level assertion (lidar_semn2008.html: 'Vertical datum: NAVD88 (Geoid03)'); the validation reports themselves state no datum and no geoid,houston,356.763,-0.149
L5U-41,L5U,638448.415,4839316.838,214.601,m,EPSG:26915,NAVD88,GEOID03,lidar_semn2008,2008,houston_val.pdf table 'Control Z',datum is a DATASET-level assertion (lidar_semn2008.html: 'Vertical datum: NAVD88 (Geoid03)'); the validation reports themselves state no datum and no geoid,houston,214.614,-0.013
L1O-42,L1O,638638.861,4839399.185,216.303,m,EPSG:26915,NAVD88,GEOID03,lidar_semn2008,2008,houston_val.pdf table 'Control Z',datum is a DATASET-level assertion (lidar_semn2008.html: 'Vertical datum: NAVD88 (Geoid03)'); the validation reports themselves state no datum and no geoid,houston,216.324,-0.021
L1O-43,L1O,629743.184,4835279.326,359.118,m,EPSG:26915,NAVD88,GEOID03,lidar_semn2008,2008,houston_val.pdf table 'Control Z',datum is a DATASET-level assertion (lidar_semn2008.html: 'Vertical datum: NAVD88 (Geoid03)'); the validation reports themselves state no datum and no geoid,houston,358.896,0.222
L2T-44,L2T,629645.486,4835321.793,359.23,m,EPSG:26915,NAVD88,GEOID03,lidar_semn2008,2008,houston_val.pdf table 'Control Z',datum is a DATASET-level assertion (lidar_semn2008.html: 'Vertical datum: NAVD88 (Geoid03)'); the validation reports themselves state no datum and no geoid,houston,359.22,0.01
L4F-45,L4F,629120.37,4835323.921,352.31,m,EPSG:26915,NAVD88,GEOID03,lidar_semn2008,2008,houston_val.pdf table 'Control Z',datum is a DATASET-level assertion (lidar_semn2008.html: 'Vertical datum: NAVD88 (Geoid03)'); the validation reports themselves state no datum and no geoid,houston,352.315,-0.005
L3B-46,L3B,627944.081,4836088.077,365.245,m,EPSG:26915,NAVD88,GEOID03,lidar_semn2008,2008,houston_val.pdf table 'Control Z',datum is a DATASET-level assertion (lidar_semn2008.html: 'Vertical datum: NAVD88 (Geoid03)'); the validation reports themselves state no datum and no geoid,houston,365.165,0.08
L2T-47,L2T,637325.283,4834624.362,354.977,m,EPSG:26915,NAVD88,GEOID03,lidar_semn2008,2008,houston_val.pdf table 'Control Z',datum is a DATASET-level assertion (lidar_semn2008.html: 'Vertical datum: NAVD88 (Geoid03)'); the validation reports themselves state no datum and no geoid,houston,354.984,-0.007
L4F-48,L4F,636461.888,4834570.661,338.16,m,EPSG:26915,NAVD88,GEOID03,lidar_semn2008,2008,houston_val.pdf table 'Control Z',datum is a DATASET-level assertion (lidar_semn2008.html: 'Vertical datum: NAVD88 (Geoid03)'); the validation reports themselves state no datum and no geoid,houston,338.155,0.005
L3B-49,L3B,637535.98,4833030.044,347.621,m,EPSG:26915,NAVD88,GEOID03,lidar_semn2008,2008,houston_val.pdf table 'Control Z',datum is a DATASET-level assertion (lidar_semn2008.html: 'Vertical datum: NAVD88 (Geoid03)'); the validation reports themselves state no datum and no geoid,houston,347.882,-0.261
L1O-50,L1O,638411.598,4832092.953,354.198,m,EPSG:26915,NAVD88,GEOID03,lidar_semn2008,2008,houston_val.pdf table 'Control Z',datum is a DATASET-level assertion (lidar_semn2008.html: 'Vertical datum: NAVD88 (Geoid03)'); the validation reports themselves state no datum and no geoid,houston,354.196,0.002
L1O-51,L1O,627531.586,4826834.821,355.688,m,EPSG:26915,NAVD88,GEOID03,lidar_semn2008,2008,houston_val.pdf table 'Control Z',datum is a DATASET-level assertion (lidar_semn2008.html: 'Vertical datum: NAVD88 (Geoid03)'); the validation reports themselves state no datum and no geoid,houston,355.663,0.025
L3B-52,L3B,628299.653,4827093.743,351.854,m,EPSG:26915,NAVD88,GEOID03,lidar_semn2008,2008,houston_val.pdf table 'Control Z',datum is a DATASET-level assertion (lidar_semn2008.html: 'Vertical datum: NAVD88 (Geoid03)'); the validation reports themselves state no datum and no geoid,houston,351.845,0.009
L4F-53,L4F,627249.029,4826742.731,338.009,m,EPSG:26915,NAVD88,GEOID03,lidar_semn2008,2008,houston_val.pdf table 'Control Z',datum is a DATASET-level assertion (lidar_semn2008.html: 'Vertical datum: NAVD88 (Geoid03)'); the validation reports themselves state no datum and no geoid,houston,337.857,0.152
L2T-54,L2T,629126.089,4825192.013,357.799,m,EPSG:26915,NAVD88,GEOID03,lidar_semn2008,2008,houston_val.pdf table 'Control Z',datum is a DATASET-level assertion (lidar_semn2008.html: 'Vertical datum: NAVD88 (Geoid03)'); the validation reports themselves state no datum and no geoid,houston,357.75,0.049
L1O-55,L1O,632066.876,4824962.481,355.388,m,EPSG:26915,NAVD88,GEOID03,lidar_semn2008,2008,houston_val.pdf table 'Control Z',datum is a DATASET-level assertion (lidar_semn2008.html: 'Vertical datum: NAVD88 (Geoid03)'); the validation reports themselves state no datum and no geoid,houston,355.436,-0.048
L3B-56,L3B,632897.701,4822553.819,357.212,m,EPSG:26915,NAVD88,GEOID03,lidar_semn2008,2008,houston_val.pdf table 'Control Z',datum is a DATASET-level assertion (lidar_semn2008.html: 'Vertical datum: NAVD88 (Geoid03)'); the validation reports themselves state no datum and no geoid,houston,357.356,-0.144
L2T-57,L2T,637072.85,4822574.973,350.641,m,EPSG:26915,NAVD88,GEOID03,lidar_semn2008,2008,houston_val.pdf table 'Control Z',datum is a DATASET-level assertion (lidar_semn2008.html: 'Vertical datum: NAVD88 (Geoid03)'); the validation reports themselves state no datum and no geoid,houston,350.664,-0.023
L5U-58,L5U,638970.067,4828994.96,213.858,m,EPSG:26915,NAVD88,GEOID03,lidar_semn2008,2008,houston_val.pdf table 'Control Z',datum is a DATASET-level assertion (lidar_semn2008.html: 'Vertical datum: NAVD88 (Geoid03)'); the validation reports themselves state no datum and no geoid,houston,213.888,-0.03
L2T-59,L2T,632450.285,4826476.186,353.571,m,EPSG:26915,NAVD88,GEOID03,lidar_semn2008,2008,houston_val.pdf table 'Control Z',datum is a DATASET-level assertion (lidar_semn2008.html: 'Vertical datum: NAVD88 (Geoid03)'); the validation reports themselves state no datum and no geoid,houston,353.567,0.004
L1O-60,L1O,632433.784,4826469.894,353.845,m,EPSG:26915,NAVD88,GEOID03,lidar_semn2008,2008,houston_val.pdf table 'Control Z',datum is a DATASET-level assertion (lidar_semn2008.html: 'Vertical datum: NAVD88 (Geoid03)'); the validation reports themselves state no datum and no geoid,houston,353.846,-0.001
L5U-61,L5U,632083.044,4830023.949,205.143,m,EPSG:26915,NAVD88,GEOID03,lidar_semn2008,2008,houston_val.pdf table 'Control Z',datum is a DATASET-level assertion (lidar_semn2008.html: 'Vertical datum: NAVD88 (Geoid03)'); the validation reports themselves state no datum and no geoid,houston,205.09,0.053
L1O-62,L1O,632174.671,4830045.605,204.383,m,EPSG:26915,NAVD88,GEOID03,lidar_semn2008,2008,houston_val.pdf table 'Control Z',datum is a DATASET-level assertion (lidar_semn2008.html: 'Vertical datum: NAVD88 (Geoid03)'); the validation reports themselves state no datum and no geoid,houston,204.344,0.039
L4F-64,L4F,633578.633,4829755.321,206.423,m,EPSG:26915,NAVD88,GEOID03,lidar_semn2008,2008,houston_val.pdf table 'Control Z',datum is a DATASET-level assertion (lidar_semn2008.html: 'Vertical datum: NAVD88 (Geoid03)'); the validation reports themselves state no datum and no geoid,houston,206.433,-0.01
L5U-65,L5U,610498.294,4824017.954,404.19,m,EPSG:26915,NAVD88,GEOID03,lidar_semn2008,2008,houston_val.pdf table 'Control Z',datum is a DATASET-level assertion (lidar_semn2008.html: 'Vertical datum: NAVD88 (Geoid03)'); the validation reports themselves state no datum and no geoid,houston,404.271,-0.081
L4F-66,L4F,607071.079,4824973.738,342.233,m,EPSG:26915,NAVD88,GEOID03,lidar_semn2008,2008,houston_val.pdf table 'Control Z',datum is a DATASET-level assertion (lidar_semn2008.html: 'Vertical datum: NAVD88 (Geoid03)'); the validation reports themselves state no datum and no geoid,houston,342.337,-0.104
L2T-67,L2T,607039.405,4824956.714,340.949,m,EPSG:26915,NAVD88,GEOID03,lidar_semn2008,2008,houston_val.pdf table 'Control Z',datum is a DATASET-level assertion (lidar_semn2008.html: 'Vertical datum: NAVD88 (Geoid03)'); the validation reports themselves state no datum and no geoid,houston,341.085,-0.136
L10-68,L1O,606894.58,4826898.346,363.098,m,EPSG:26915,NAVD88,GEOID03,lidar_semn2008,2008,houston_val.pdf table 'Control Z',datum is a DATASET-level assertion (lidar_semn2008.html: 'Vertical datum: NAVD88 (Geoid03)'); the validation reports themselves state no datum and no geoid,houston,363.177,-0.079
L5U-69,L5U,608123.629,4830127.93,359.998,m,EPSG:26915,NAVD88,GEOID03,lidar_semn2008,2008,houston_val.pdf table 'Control Z',datum is a DATASET-level assertion (lidar_semn2008.html: 'Vertical datum: NAVD88 (Geoid03)'); the validation reports themselves state no datum and no geoid,houston,359.973,0.025
L2T-70,L2T,608198.929,4830144.085,358.297,m,EPSG:26915,NAVD88,GEOID03,lidar_semn2008,2008,houston_val.pdf table 'Control Z',datum is a DATASET-level assertion (lidar_semn2008.html: 'Vertical datum: NAVD88 (Geoid03)'); the validation reports themselves state no datum and no geoid,houston,358.581,-0.284
L3B-71,L3B,603736.414,4825562.718,364.5,m,EPSG:26915,NAVD88,GEOID03,lidar_semn2008,2008,houston_val.pdf table 'Control Z',datum is a DATASET-level assertion (lidar_semn2008.html: 'Vertical datum: NAVD88 (Geoid03)'); the validation reports themselves state no datum and no geoid,houston,364.681,-0.181
L4F-72,L4F,603715.6,4825009.242,368.1,m,EPSG:26915,NAVD88,GEOID03,lidar_semn2008,2008,houston_val.pdf table 'Control Z',datum is a DATASET-level assertion (lidar_semn2008.html: 'Vertical datum: NAVD88 (Geoid03)'); the validation reports themselves state no datum and no geoid,houston,368.282,-0.182
L3B-73,L3B,605014.908,4817981.185,353.847,m,EPSG:26915,NAVD88,GEOID03,lidar_semn2008,2008,houston_val.pdf table 'Control Z',datum is a DATASET-level assertion (lidar_semn2008.html: 'Vertical datum: NAVD88 (Geoid03)'); the validation reports themselves state no datum and no geoid,houston,353.854,-0.007
L1O-74,L1O,605038.293,4818052.084,355.316,m,EPSG:26915,NAVD88,GEOID03,lidar_semn2008,2008,houston_val.pdf table 'Control Z',datum is a DATASET-level assertion (lidar_semn2008.html: 'Vertical datum: NAVD88 (Geoid03)'); the validation reports themselves state no datum and no geoid,houston,355.408,-0.092
L2T-75,L2T,606267.989,4820452.376,367.518,m,EPSG:26915,NAVD88,GEOID03,lidar_semn2008,2008,houston_val.pdf table 'Control Z',datum is a DATASET-level assertion (lidar_semn2008.html: 'Vertical datum: NAVD88 (Geoid03)'); the validation reports themselves state no datum and no geoid,houston,367.573,-0.055
L4F-76,L4F,605697.649,4820445.188,369.736,m,EPSG:26915,NAVD88,GEOID03,lidar_semn2008,2008,houston_val.pdf table 'Control Z',datum is a DATASET-level assertion (lidar_semn2008.html: 'Vertical datum: NAVD88 (Geoid03)'); the validation reports themselves state no datum and no geoid,houston,369.946,-0.21
L2T-77,L2T,612287.984,4819348.576,384.49,m,EPSG:26915,NAVD88,GEOID03,lidar_semn2008,2008,houston_val.pdf table 'Control Z',datum is a DATASET-level assertion (lidar_semn2008.html: 'Vertical datum: NAVD88 (Geoid03)'); the validation reports themselves state no datum and no geoid,houston,384.62,-0.13
L4F-78,L4F,614192.004,4819759.722,321.529,m,EPSG:26915,NAVD88,GEOID03,lidar_semn2008,2008,houston_val.pdf table 'Control Z',datum is a DATASET-level assertion (lidar_semn2008.html: 'Vertical datum: NAVD88 (Geoid03)'); the validation reports themselves state no datum and no geoid,houston,321.69,-0.161
L3B-79,L3B,613865.083,4821359.822,327.802,m,EPSG:26915,NAVD88,GEOID03,lidar_semn2008,2008,houston_val.pdf table 'Control Z',datum is a DATASET-level assertion (lidar_semn2008.html: 'Vertical datum: NAVD88 (Geoid03)'); the validation reports themselves state no datum and no geoid,houston,328.061,-0.259
L1O-80,L1O,613824.642,4821321.945,324.637,m,EPSG:26915,NAVD88,GEOID03,lidar_semn2008,2008,houston_val.pdf table 'Control Z',datum is a DATASET-level assertion (lidar_semn2008.html: 'Vertical datum: NAVD88 (Geoid03)'); the validation reports themselves state no datum and no geoid,houston,324.614,0.023
L1O-81,L1O,617852.273,4822277.406,381.905,m,EPSG:26915,NAVD88,GEOID03,lidar_semn2008,2008,houston_val.pdf table 'Control Z',datum is a DATASET-level assertion (lidar_semn2008.html: 'Vertical datum: NAVD88 (Geoid03)'); the validation reports themselves state no datum and no geoid,houston,381.852,0.053
L4F-82,L4F,619952.301,4821518.7,377.194,m,EPSG:26915,NAVD88,GEOID03,lidar_semn2008,2008,houston_val.pdf table 'Control Z',datum is a DATASET-level assertion (lidar_semn2008.html: 'Vertical datum: NAVD88 (Geoid03)'); the validation reports themselves state no datum and no geoid,houston,377.161,0.033
L4F-83,L4F,619407.155,4825019.569,346.631,m,EPSG:26915,NAVD88,GEOID03,lidar_semn2008,2008,houston_val.pdf table 'Control Z',datum is a DATASET-level assertion (lidar_semn2008.html: 'Vertical datum: NAVD88 (Geoid03)'); the validation reports themselves state no datum and no geoid,houston,346.565,0.066
L3B-84,L3B,618196.602,4825858.025,351.439,m,EPSG:26915,NAVD88,GEOID03,lidar_semn2008,2008,houston_val.pdf table 'Control Z',datum is a DATASET-level assertion (lidar_semn2008.html: 'Vertical datum: NAVD88 (Geoid03)'); the validation reports themselves state no datum and no geoid,houston,351.461,-0.022
L2T-85,L2T,618174.883,4825471.691,353.087,m,EPSG:26915,NAVD88,GEOID03,lidar_semn2008,2008,houston_val.pdf table 'Control Z',datum is a DATASET-level assertion (lidar_semn2008.html: 'Vertical datum: NAVD88 (Geoid03)'); the validation reports themselves state no datum and no geoid,houston,352.857,0.23
L1O-86,L1O,615926.222,4828600.822,362.27,m,EPSG:26915,NAVD88,GEOID03,lidar_semn2008,2008,houston_val.pdf table 'Control Z',datum is a DATASET-level assertion (lidar_semn2008.html: 'Vertical datum: NAVD88 (Geoid03)'); the validation reports themselves state no datum and no geoid,houston,362.246,0.024
L2T-87,L2T,612335.767,4828200.351,344.175,m,EPSG:26915,NAVD88,GEOID03,lidar_semn2008,2008,houston_val.pdf table 'Control Z',datum is a DATASET-level assertion (lidar_semn2008.html: 'Vertical datum: NAVD88 (Geoid03)'); the validation reports themselves state no datum and no geoid,houston,344.245,-0.07
L4F-88,L4F,611706.721,4827780.763,332.555,m,EPSG:26915,NAVD88,GEOID03,lidar_semn2008,2008,houston_val.pdf table 'Control Z',datum is a DATASET-level assertion (lidar_semn2008.html: 'Vertical datum: NAVD88 (Geoid03)'); the validation reports themselves state no datum and no geoid,houston,332.825,-0.27
L3B-89,L3B,610179.736,4826958.717,345.912,m,EPSG:26915,NAVD88,GEOID03,lidar_semn2008,2008,houston_val.pdf table 'Control Z',datum is a DATASET-level assertion (lidar_semn2008.html: 'Vertical datum: NAVD88 (Geoid03)'); the validation reports themselves state no datum and no geoid,houston,346.054,-0.142
L5U-90,L5U,605585.316,4837250.936,230.931,m,EPSG:26915,NAVD88,GEOID03,lidar_semn2008,2008,houston_val.pdf table 'Control Z',datum is a DATASET-level assertion (lidar_semn2008.html: 'Vertical datum: NAVD88 (Geoid03)'); the validation reports themselves state no datum and no geoid,houston,230.998,-0.067
L1O-91,L1O,605192.203,4836460.78,235.744,m,EPSG:26915,NAVD88,GEOID03,lidar_semn2008,2008,houston_val.pdf table 'Control Z',datum is a DATASET-level assertion (lidar_semn2008.html: 'Vertical datum: NAVD88 (Geoid03)'); the validation reports themselves state no datum and no geoid,houston,235.854,-0.11
L2T-92,L2T,605228.807,4836473.687,233.859,m,EPSG:26915,NAVD88,GEOID03,lidar_semn2008,2008,houston_val.pdf table 'Control Z',datum is a DATASET-level assertion (lidar_semn2008.html: 'Vertical datum: NAVD88 (Geoid03)'); the validation reports themselves state no datum and no geoid,houston,234.062,-0.203
L4F-93,L4F,602373.585,4833216.803,341.14,m,EPSG:26915,NAVD88,GEOID03,lidar_semn2008,2008,houston_val.pdf table 'Control Z',datum is a DATASET-level assertion (lidar_semn2008.html: 'Vertical datum: NAVD88 (Geoid03)'); the validation reports themselves state no datum and no geoid,houston,341.295,-0.155
L2T-94,L2T,602365.828,4833097.593,353.409,m,EPSG:26915,NAVD88,GEOID03,lidar_semn2008,2008,houston_val.pdf table 'Control Z',datum is a DATASET-level assertion (lidar_semn2008.html: 'Vertical datum: NAVD88 (Geoid03)'); the validation reports themselves state no datum and no geoid,houston,353.501,-0.092
L2T-95,L2T,610683.313,4841690.972,218.577,m,EPSG:26915,NAVD88,GEOID03,lidar_semn2008,2008,houston_val.pdf table 'Control Z',datum is a DATASET-level assertion (lidar_semn2008.html: 'Vertical datum: NAVD88 (Geoid03)'); the validation reports themselves state no datum and no geoid,houston,218.851,-0.274
L3B-96,L3B,607873.132,4838924.645,222.363,m,EPSG:26915,NAVD88,GEOID03,lidar_semn2008,2008,houston_val.pdf table 'Control Z',datum is a DATASET-level assertion (lidar_semn2008.html: 'Vertical datum: NAVD88 (Geoid03)'); the validation reports themselves state no datum and no geoid,houston,222.49,-0.127
L5U-97,L5U,613363.81,4837171.151,231.628,m,EPSG:26915,NAVD88,GEOID03,lidar_semn2008,2008,houston_val.pdf table 'Control Z',datum is a DATASET-level assertion (lidar_semn2008.html: 'Vertical datum: NAVD88 (Geoid03)'); the validation reports themselves state no datum and no geoid,houston,231.644,-0.016
L1O-98,L1O,619965.425,4837982.333,367.193,m,EPSG:26915,NAVD88,GEOID03,lidar_semn2008,2008,houston_val.pdf table 'Control Z',datum is a DATASET-level assertion (lidar_semn2008.html: 'Vertical datum: NAVD88 (Geoid03)'); the validation reports themselves state no datum and no geoid,houston,366.937,0.256
L3B-99,L3B,624375.926,4841206.232,362.735,m,EPSG:26915,NAVD88,GEOID03,lidar_semn2008,2008,houston_val.pdf table 'Control Z',datum is a DATASET-level assertion (lidar_semn2008.html: 'Vertical datum: NAVD88 (Geoid03)'); the validation reports themselves state no datum and no geoid,houston,362.944,-0.209
L4F-100,L4F,625118.767,4843108.39,354.705,m,EPSG:26915,NAVD88,GEOID03,lidar_semn2008,2008,houston_val.pdf table 'Control Z',datum is a DATASET-level assertion (lidar_semn2008.html: 'Vertical datum: NAVD88 (Geoid03)'); the validation reports themselves state no datum and no geoid,houston,354.596,0.109
L5U-101,L5U,620567.643,4832350.744,356.214,m,EPSG:26915,NAVD88,GEOID03,lidar_semn2008,2008,houston_val.pdf table 'Control Z',datum is a DATASET-level assertion (lidar_semn2008.html: 'Vertical datum: NAVD88 (Geoid03)'); the validation reports themselves state no datum and no geoid,houston,356.126,0.088
L5U-102,L5U,622201.365,4832412.772,355.741,m,EPSG:26915,NAVD88,GEOID03,lidar_semn2008,2008,houston_val.pdf table 'Control Z',datum is a DATASET-level assertion (lidar_semn2008.html: 'Vertical datum: NAVD88 (Geoid03)'); the validation reports themselves state no datum and no geoid,houston,355.68,0.061
L3B-104,L3B,623592.797,4824211.013,249.912,m,EPSG:26915,NAVD88,GEOID03,lidar_semn2008,2008,houston_val.pdf table 'Control Z',datum is a DATASET-level assertion (lidar_semn2008.html: 'Vertical datum: NAVD88 (Geoid03)'); the validation reports themselves state no datum and no geoid,houston,249.862,0.05
FSA Target 1 Houston-105,other,615063.258,4847400.069,215.208,m,EPSG:26915,NAVD88,GEOID03,lidar_semn2008,2008,houston_val.pdf table 'Control Z',datum is a DATASET-level assertion (lidar_semn2008.html: 'Vertical datum: NAVD88 (Geoid03)'); the validation reports themselves state no datum and no geoid,houston,215.215,-0.007
FSA Target 2 Yucatan-106,other,605681.393,4837268.193,227.686,m,EPSG:26915,NAVD88,GEOID03,lidar_semn2008,2008,houston_val.pdf table 'Control Z',datum is a DATASET-level assertion (lidar_semn2008.html: 'Vertical datum: NAVD88 (Geoid03)'); the validation reports themselves state no datum and no geoid,houston,227.67,0.016
FSA Target 3 Spring Grove-107,other,611303.063,4824435.698,402.066,m,EPSG:26915,NAVD88,GEOID03,lidar_semn2008,2008,houston_val.pdf table 'Control Z',datum is a DATASET-level assertion (lidar_semn2008.html: 'Vertical datum: NAVD88 (Geoid03)'); the validation reports themselves state no datum and no geoid,houston,402.25,-0.184
FSA Target 4 Brownsville-108,other,639185.504,4838557.372,194.402,m,EPSG:26915,NAVD88,GEOID03,lidar_semn2008,2008,houston_val.pdf table 'Control Z',datum is a DATASET-level assertion (lidar_semn2008.html: 'Vertical datum: NAVD88 (Geoid03)'); the validation reports themselves state no datum and no geoid,houston,194.534,-0.132
FSA Target 5 New Albin-109,other,638818.576,4817923.803,195.459,m,EPSG:26915,NAVD88,GEOID03,lidar_semn2008,2008,houston_val.pdf table 'Control Z',datum is a DATASET-level assertion (lidar_semn2008.html: 'Vertical datum: NAVD88 (Geoid03)'); the validation reports themselves state no datum and no geoid,houston,195.549,-0.09
FSA Target 601 Houston-110,other,620765.09,4831847.035,350.676,m,EPSG:26915,NAVD88,GEOID03,lidar_semn2008,2008,houston_val.pdf table 'Control Z',datum is a DATASET-level assertion (lidar_semn2008.html: 'Vertical datum: NAVD88 (Geoid03)'); the validation reports themselves state no datum and no geoid,houston,350.587,0.089
FSA Target 1 Mower-7401 Mower VRS,other,502394.277,4851790.392,385.012,m,EPSG:26915,NAVD88,GEOID03,lidar_semn2008,2008,mower_val.pdf table 'Control Z',datum is a DATASET-level assertion (lidar_semn2008.html: 'Vertical datum: NAVD88 (Geoid03)'); the validation reports themselves state no datum and no geoid,mower,385.125,-0.113
FSA Target 2 Mower-7402 Mower VRS,other,535462.088,4847076.129,409.793,m,EPSG:26915,NAVD88,GEOID03,lidar_semn2008,2008,mower_val.pdf table 'Control Z',datum is a DATASET-level assertion (lidar_semn2008.html: 'Vertical datum: NAVD88 (Geoid03)'); the validation reports themselves state no datum and no geoid,mower,409.842,-0.049
FSA Target 3 Elkton-7403 Mower VRS,other,523425.573,4835682.243,423.861,m,EPSG:26915,NAVD88,GEOID03,lidar_semn2008,2008,mower_val.pdf table 'Control Z',datum is a DATASET-level assertion (lidar_semn2008.html: 'Vertical datum: NAVD88 (Geoid03)'); the validation reports themselves state no datum and no geoid,mower,423.764,0.097
FSA Target 4 Lyle-7404 Mower VRS,other,504882.408,4817935.089,365.621,m,EPSG:26915,NAVD88,GEOID03,lidar_semn2008,2008,mower_val.pdf table 'Control Z',datum is a DATASET-level assertion (lidar_semn2008.html: 'Vertical datum: NAVD88 (Geoid03)'); the validation reports themselves state no datum and no geoid,mower,365.714,-0.093
FSA Target 5 Mower-7405 Mower VRS,other,542915.713,4817326.551,384.248,m,EPSG:26915,NAVD88,GEOID03,lidar_semn2008,2008,mower_val.pdf table 'Control Z',datum is a DATASET-level assertion (lidar_semn2008.html: 'Vertical datum: NAVD88 (Geoid03)'); the validation reports themselves state no datum and no geoid,mower,384.123,0.125
FSA Target 601 Austin-7601 Mower VRS,other,503434.393,4836323.867,369.928,m,EPSG:26915,NAVD88,GEOID03,lidar_semn2008,2008,mower_val.pdf table 'Control Z',datum is a DATASET-level assertion (lidar_semn2008.html: 'Vertical datum: NAVD88 (Geoid03)'); the validation reports themselves state no datum and no geoid,mower,369.752,0.176
L10-7009 Mower VRS,L1O,500653.166,4837352.339,375.926,m,EPSG:26915,NAVD88,GEOID03,lidar_semn2008,2008,mower_val.pdf table 'Control Z',datum is a DATASET-level assertion (lidar_semn2008.html: 'Vertical datum: NAVD88 (Geoid03)'); the validation reports themselves state no datum and no geoid,mower,375.934,-0.008
L10-7024 Mower VRS,L1O,507275.61,4838139.126,375.767,m,EPSG:26915,NAVD88,GEOID03,lidar_semn2008,2008,mower_val.pdf table 'Control Z',datum is a DATASET-level assertion (lidar_semn2008.html: 'Vertical datum: NAVD88 (Geoid03)'); the validation reports themselves state no datum and no geoid,mower,375.662,0.105
L1O-7005 Mower VRS,L1O,499360.315,4847207.32,384.465,m,EPSG:26915,NAVD88,GEOID03,lidar_semn2008,2008,mower_val.pdf table 'Control Z',datum is a DATASET-level assertion (lidar_semn2008.html: 'Vertical datum: NAVD88 (Geoid03)'); the validation reports themselves state no datum and no geoid,mower,384.341,0.124
L1O-7015 Mower VRS,L1O,502616.326,4831647.021,362.553,m,EPSG:26915,NAVD88,GEOID03,lidar_semn2008,2008,mower_val.pdf table 'Control Z',datum is a DATASET-level assertion (lidar_semn2008.html: 'Vertical datum: NAVD88 (Geoid03)'); the validation reports themselves state no datum and no geoid,mower,362.504,0.049
L1O-7034 Mower VRS,L1O,508167.454,4830218.785,373.77,m,EPSG:26915,NAVD88,GEOID03,lidar_semn2008,2008,mower_val.pdf table 'Control Z',datum is a DATASET-level assertion (lidar_semn2008.html: 'Vertical datum: NAVD88 (Geoid03)'); the validation reports themselves state no datum and no geoid,mower,373.648,0.122
L1O-7041 Mower VRS,L1O,500431.536,4822783.802,363.59,m,EPSG:26915,NAVD88,GEOID03,lidar_semn2008,2008,mower_val.pdf table 'Control Z',datum is a DATASET-level assertion (lidar_semn2008.html: 'Vertical datum: NAVD88 (Geoid03)'); the validation reports themselves state no datum and no geoid,mower,363.615,-0.025
L1O-7200 Mower VRS,L1O,508182.073,4851824.954,396.374,m,EPSG:26915,NAVD88,GEOID03,lidar_semn2008,2008,mower_val.pdf table 'Control Z',datum is a DATASET-level assertion (lidar_semn2008.html: 'Vertical datum: NAVD88 (Geoid03)'); the validation reports themselves state no datum and no geoid,mower,396.295,0.079
L1O-7206 Mower VRS,L1O,516382.078,4850229.77,425.62,m,EPSG:26915,NAVD88,GEOID03,lidar_semn2008,2008,mower_val.pdf table 'Control Z',datum is a DATASET-level assertion (lidar_semn2008.html: 'Vertical datum: NAVD88 (Geoid03)'); the validation reports themselves state no datum and no geoid,mower,425.528,0.092
L1O-7210 Mower VRS,L1O,520195.322,4842947.304,426.861,m,EPSG:26915,NAVD88,GEOID03,lidar_semn2008,2008,mower_val.pdf table 'Control Z',datum is a DATASET-level assertion (lidar_semn2008.html: 'Vertical datum: NAVD88 (Geoid03)'); the validation reports themselves state no datum and no geoid,mower,426.787,0.074
L1O-7215 Mower VRS,L1O,529889.5,4830878.118,434.29,m,EPSG:26915,NAVD88,GEOID03,lidar_semn2008,2008,mower_val.pdf table 'Control Z',datum is a DATASET-level assertion (lidar_semn2008.html: 'Vertical datum: NAVD88 (Geoid03)'); the validation reports themselves state no datum and no geoid,mower,434.282,0.008
L1O-7224 Mower VRS,L1O,522676.549,4829219.881,411.237,m,EPSG:26915,NAVD88,GEOID03,lidar_semn2008,2008,mower_val.pdf table 'Control Z',datum is a DATASET-level assertion (lidar_semn2008.html: 'Vertical datum: NAVD88 (Geoid03)'); the validation reports themselves state no datum and no geoid,mower,411.123,0.114
L1O-7226 Mower VRS,L1O,529989.491,4824446.189,425.397,m,EPSG:26915,NAVD88,GEOID03,lidar_semn2008,2008,mower_val.pdf table 'Control Z',datum is a DATASET-level assertion (lidar_semn2008.html: 'Vertical datum: NAVD88 (Geoid03)'); the validation reports themselves state no datum and no geoid,mower,425.302,0.095
L1O-7233 Mower VRS,L1O,523244.821,4823655.255,394.351,m,EPSG:26915,NAVD88,GEOID03,lidar_semn2008,2008,mower_val.pdf table 'Control Z',datum is a DATASET-level assertion (lidar_semn2008.html: 'Vertical datum: NAVD88 (Geoid03)'); the validation reports themselves state no datum and no geoid,mower,394.238,0.113
L1O-7238 Mower VRS,L1O,533042.21,4843050.686,400.075,m,EPSG:26915,NAVD88,GEOID03,lidar_semn2008,2008,mower_val.pdf table 'Control Z',datum is a DATASET-level assertion (lidar_semn2008.html: 'Vertical datum: NAVD88 (Geoid03)'); the validation reports themselves state no datum and no geoid,mower,399.898,0.177
L1O-7245 Mower VRS,L1O,535348.12,4839558.738,407.228,m,EPSG:26915,NAVD88,GEOID03,lidar_semn2008,2008,mower_val.pdf table 'Control Z',datum is a DATASET-level assertion (lidar_semn2008.html: 'Vertical datum: NAVD88 (Geoid03)'); the validation reports themselves state no datum and no geoid,mower,407.365,-0.137
L1O-7247 Mower VRS,L1O,535431.066,4850328.159,388.333,m,EPSG:26915,NAVD88,GEOID03,lidar_semn2008,2008,mower_val.pdf table 'Control Z',datum is a DATASET-level assertion (lidar_semn2008.html: 'Vertical datum: NAVD88 (Geoid03)'); the validation reports themselves state no datum and no geoid,mower,388.6,-0.267
L1O-7254 Mower VRS,L1O,526639.434,4850214.235,425.596,m,EPSG:26915,NAVD88,GEOID03,lidar_semn2008,2008,mower_val.pdf table 'Control Z',datum is a DATASET-level assertion (lidar_semn2008.html: 'Vertical datum: NAVD88 (Geoid03)'); the validation reports themselves state no datum and no geoid,mower,425.608,-0.012
L1O-7261 Mower VRS,L1O,536794.02,4822898.085,404.828,m,EPSG:26915,NAVD88,GEOID03,lidar_semn2008,2008,mower_val.pdf table 'Control Z',datum is a DATASET-level assertion (lidar_semn2008.html: 'Vertical datum: NAVD88 (Geoid03)'); the validation reports themselves state no datum and no geoid,mower,405.094,-0.266
L1O-7267 Mower VRS,L1O,537192.717,4830928.512,412.34,m,EPSG:26915,NAVD88,GEOID03,lidar_semn2008,2008,mower_val.pdf table 'Control Z',datum is a DATASET-level assertion (lidar_semn2008.html: 'Vertical datum: NAVD88 (Geoid03)'); the validation reports themselves state no datum and no geoid,mower,412.521,-0.181
L1O-7271 Mower VRS,L1O,507323.195,4822799.649,374.001,m,EPSG:26915,NAVD88,GEOID03,lidar_semn2008,2008,mower_val.pdf table 'Control Z',datum is a DATASET-level assertion (lidar_semn2008.html: 'Vertical datum: NAVD88 (Geoid03)'); the validation reports themselves state no datum and no geoid,mower,373.99,0.011
L1O-9081 Dodge VRS,L1O,524251.669,4856695.783,390.073,m,EPSG:26915,NAVD88,GEOID03,lidar_semn2008,2008,mower_val.pdf table 'Control Z',datum is a DATASET-level assertion (lidar_semn2008.html: 'Vertical datum: NAVD88 (Geoid03)'); the validation reports themselves state no datum and no geoid,mower,389.994,0.079
L1O-9083 Dodge VRS,L1O,516152.986,4857033.357,413.745,m,EPSG:26915,NAVD88,GEOID03,lidar_semn2008,2008,mower_val.pdf table 'Control Z',datum is a DATASET-level assertion (lidar_semn2008.html: 'Vertical datum: NAVD88 (Geoid03)'); the validation reports themselves state no datum and no geoid,mower,413.691,0.054
L1O-9094 Dodge VRS,L1O,496193.143,4857485.573,393.041,m,EPSG:26915,NAVD88,GEOID03,lidar_semn2008,2008,mower_val.pdf table 'Control Z',datum is a DATASET-level assertion (lidar_semn2008.html: 'Vertical datum: NAVD88 (Geoid03)'); the validation reports themselves state no datum and no geoid,mower,392.925,0.116
L1O-9103 Dodge VRS,L1O,516821.965,4856713.622,409.864,m,EPSG:26915,NAVD88,GEOID03,lidar_semn2008,2008,mower_val.pdf table 'Control Z',datum is a DATASET-level assertion (lidar_semn2008.html: 'Vertical datum: NAVD88 (Geoid03)'); the validation reports themselves state no datum and no geoid,mower,409.808,0.056
L2T-7004 Mower VRS,L2T,499212.572,4846927.971,381.733,m,EPSG:26915,NAVD88,GEOID03,lidar_semn2008,2008,mower_val.pdf table 'Control Z',datum is a DATASET-level assertion (lidar_semn2008.html: 'Vertical datum: NAVD88 (Geoid03)'); the validation reports themselves state no datum and no geoid,mower,381.938,-0.205
L2T-7011 Mower VRS,L2T,500584.886,4837389.741,375.824,m,EPSG:26915,NAVD88,GEOID03,lidar_semn2008,2008,mower_val.pdf table 'Control Z',datum is a DATASET-level assertion (lidar_semn2008.html: 'Vertical datum: NAVD88 (Geoid03)'); the validation reports themselves state no datum and no geoid,mower,375.958,-0.134
L2T-7018 Mower VRS,L2T,496405.068,4831762.221,370.683,m,EPSG:26915,NAVD88,GEOID03,lidar_semn2008,2008,mower_val.pdf table 'Control Z',datum is a DATASET-level assertion (lidar_semn2008.html: 'Vertical datum: NAVD88 (Geoid03)'); the validation reports themselves state no datum and no geoid,mower,370.898,-0.215
L2T-7021 Mower VRS,L2T,509134.2,4838890.584,375.052,m,EPSG:26915,NAVD88,GEOID03,lidar_semn2008,2008,mower_val.pdf table 'Control Z',datum is a DATASET-level assertion (lidar_semn2008.html: 'Vertical datum: NAVD88 (Geoid03)'); the validation reports themselves state no datum and no geoid,mower,375.322,-0.27
L2T-7037 Mower VRS,L2T,503281.896,4822799.299,367.078,m,EPSG:26915,NAVD88,GEOID03,lidar_semn2008,2008,mower_val.pdf table 'Control Z',datum is a DATASET-level assertion (lidar_semn2008.html: 'Vertical datum: NAVD88 (Geoid03)'); the validation reports themselves state no datum and no geoid,mower,367.131,-0.053
L2T-7204 Mower VRS,L2T,514551.827,4849176.338,407.494,m,EPSG:26915,NAVD88,GEOID03,lidar_semn2008,2008,mower_val.pdf table 'Control Z',datum is a DATASET-level assertion (lidar_semn2008.html: 'Vertical datum: NAVD88 (Geoid03)'); the validation reports themselves state no datum and no geoid,mower,407.547,-0.053
L2T-7208 Mower VRS,L2T,518764.927,4851839.618,409.998,m,EPSG:26915,NAVD88,GEOID03,lidar_semn2008,2008,mower_val.pdf table 'Control Z',datum is a DATASET-level assertion (lidar_semn2008.html: 'Vertical datum: NAVD88 (Geoid03)'); the validation reports themselves state no datum and no geoid,mower,409.673,0.325
L2T-7209 Mower VRS,L2T,516496.492,4848604.755,420.428,m,EPSG:26915,NAVD88,GEOID03,lidar_semn2008,2008,mower_val.pdf table 'Control Z',datum is a DATASET-level assertion (lidar_semn2008.html: 'Vertical datum: NAVD88 (Geoid03)'); the validation reports themselves state no datum and no geoid,mower,420.332,0.096
L2T-7213 Mower VRS,L2T,520168.831,4841373.043,425.275,m,EPSG:26915,NAVD88,GEOID03,lidar_semn2008,2008,mower_val.pdf table 'Control Z',datum is a DATASET-level assertion (lidar_semn2008.html: 'Vertical datum: NAVD88 (Geoid03)'); the validation reports themselves state no datum and no geoid,mower,425.33,-0.055
L2T-7219 Mower VRS,L2T,532883.188,4827682.233,413.626,m,EPSG:26915,NAVD88,GEOID03,lidar_semn2008,2008,mower_val.pdf table 'Control Z',datum is a DATASET-level assertion (lidar_semn2008.html: 'Vertical datum: NAVD88 (Geoid03)'); the validation reports themselves state no datum and no geoid,mower,413.923,-0.297
L2T-7220 Mower VRS,L2T,524426.88,4832480.956,413.899,m,EPSG:26915,NAVD88,GEOID03,lidar_semn2008,2008,mower_val.pdf table 'Control Z',datum is a DATASET-level assertion (lidar_semn2008.html: 'Vertical datum: NAVD88 (Geoid03)'); the validation reports themselves state no datum and no geoid,mower,414.037,-0.138
L2T-7228 Mower VRS,L2T,526757.417,4819703.691,399.24,m,EPSG:26915,NAVD88,GEOID03,lidar_semn2008,2008,mower_val.pdf table 'Control Z',datum is a DATASET-level assertion (lidar_semn2008.html: 'Vertical datum: NAVD88 (Geoid03)'); the validation reports themselves state no datum and no geoid,mower,398.886,0.354
L2T-7234 Mower VRS,L2T,523728.98,4823359.733,392.16,m,EPSG:26915,NAVD88,GEOID03,lidar_semn2008,2008,mower_val.pdf table 'Control Z',datum is a DATASET-level assertion (lidar_semn2008.html: 'Vertical datum: NAVD88 (Geoid03)'); the validation reports themselves state no datum and no geoid,mower,392.094,0.066
L2T-7241 Mower VRS,L2T,534725.527,4837541.937,405.47,m,EPSG:26915,NAVD88,GEOID03,lidar_semn2008,2008,mower_val.pdf table 'Control Z',datum is a DATASET-level assertion (lidar_semn2008.html: 'Vertical datum: NAVD88 (Geoid03)'); the validation reports themselves state no datum and no geoid,mower,405.729,-0.259
L2T-7250 Mower VRS,L2T,535425.072,4849262.469,388.59,m,EPSG:26915,NAVD88,GEOID03,lidar_semn2008,2008,mower_val.pdf table 'Control Z',datum is a DATASET-level assertion (lidar_semn2008.html: 'Vertical datum: NAVD88 (Geoid03)'); the validation reports themselves state no datum and no geoid,mower,388.955,-0.365
L2T-7252 Mower VRS,L2T,528004.818,4848671.038,408.54,m,EPSG:26915,NAVD88,GEOID03,lidar_semn2008,2008,mower_val.pdf table 'Control Z',datum is a DATASET-level assertion (lidar_semn2008.html: 'Vertical datum: NAVD88 (Geoid03)'); the validation reports themselves state no datum and no geoid,mower,408.776,-0.236
L2T-7259 Mower VRS,L2T,535189.102,4820186.5,394.286,m,EPSG:26915,NAVD88,GEOID03,lidar_semn2008,2008,mower_val.pdf table 'Control Z',datum is a DATASET-level assertion (lidar_semn2008.html: 'Vertical datum: NAVD88 (Geoid03)'); the validation reports themselves state no datum and no geoid,mower,394.51,-0.224
L2T-7272 Mower VRS,L2T,506060.563,4822795.205,368.47,m,EPSG:26915,NAVD88,GEOID03,lidar_semn2008,2008,mower_val.pdf table 'Control Z',datum is a DATASET-level assertion (lidar_semn2008.html: 'Vertical datum: NAVD88 (Geoid03)'); the validation reports themselves state no datum and no geoid,mower,368.64,-0.17
L3B-7008 Mower VRS,L3B,500830.923,4846643.83,379.753,m,EPSG:26915,NAVD88,GEOID03,lidar_semn2008,2008,mower_val.pdf table 'Control Z',datum is a DATASET-level assertion (lidar_semn2008.html: 'Vertical datum: NAVD88 (Geoid03)'); the validation reports themselves state no datum and no geoid,mower,379.834,-0.081
L3B-7012 Mower VRS,L3B,500703.179,4837406.637,370.803,m,EPSG:26915,NAVD88,GEOID03,lidar_semn2008,2008,mower_val.pdf table 'Control Z',datum is a DATASET-level assertion (lidar_semn2008.html: 'Vertical datum: NAVD88 (Geoid03)'); the validation reports themselves state no datum and no geoid,mower,371.106,-0.303
L3B-7025 Mower VRS,L3B,508911.97,4837896.266,374.373,m,EPSG:26915,NAVD88,GEOID03,lidar_semn2008,2008,mower_val.pdf table 'Control Z',datum is a DATASET-level assertion (lidar_semn2008.html: 'Vertical datum: NAVD88 (Geoid03)'); the validation reports themselves state no datum and no geoid,mower,374.541,-0.168
L3B-7031 Mower VRS,L3B,508199.122,4831085.541,377.506,m,EPSG:26915,NAVD88,GEOID03,lidar_semn2008,2008,mower_val.pdf table 'Control Z',datum is a DATASET-level assertion (lidar_semn2008.html: 'Vertical datum: NAVD88 (Geoid03)'); the validation reports themselves state no datum and no geoid,mower,377.568,-0.062
L3B-7036 Mower VRS,L3B,503934.47,4822795.149,369.293,m,EPSG:26915,NAVD88,GEOID03,lidar_semn2008,2008,mower_val.pdf table 'Control Z',datum is a DATASET-level assertion (lidar_semn2008.html: 'Vertical datum: NAVD88 (Geoid03)'); the validation reports themselves state no datum and no geoid,mower,369.438,-0.145
L3B-7203 Mower VRS,L3B,513751.298,4851330.277,405.969,m,EPSG:26915,NAVD88,GEOID03,lidar_semn2008,2008,mower_val.pdf table 'Control Z',datum is a DATASET-level assertion (lidar_semn2008.html: 'Vertical datum: NAVD88 (Geoid03)'); the validation reports themselves state no datum and no geoid,mower,406.134,-0.165
L3B-7214 Mower VRS,L3B,520199.091,4841378.198,425.959,m,EPSG:26915,NAVD88,GEOID03,lidar_semn2008,2008,mower_val.pdf table 'Control Z',datum is a DATASET-level assertion (lidar_semn2008.html: 'Vertical datum: NAVD88 (Geoid03)'); the validation reports themselves state no datum and no geoid,mower,425.942,0.017
L3B-7217 Mower VRS,L3B,533132.471,4832834.512,426.944,m,EPSG:26915,NAVD88,GEOID03,lidar_semn2008,2008,mower_val.pdf table 'Control Z',datum is a DATASET-level assertion (lidar_semn2008.html: 'Vertical datum: NAVD88 (Geoid03)'); the validation reports themselves state no datum and no geoid,mower,427.19,-0.246
L3B-7223 Mower VRS,L3B,522759.248,4834041.656,406.061,m,EPSG:26915,NAVD88,GEOID03,lidar_semn2008,2008,mower_val.pdf table 'Control Z',datum is a DATASET-level assertion (lidar_semn2008.html: 'Vertical datum: NAVD88 (Geoid03)'); the validation reports themselves state no datum and no geoid,mower,406.085,-0.024
L3B-7227 Mower VRS,L3B,530000.944,4822785.648,404.536,m,EPSG:26915,NAVD88,GEOID03,lidar_semn2008,2008,mower_val.pdf table 'Control Z',datum is a DATASET-level assertion (lidar_semn2008.html: 'Vertical datum: NAVD88 (Geoid03)'); the validation reports themselves state no datum and no geoid,mower,404.686,-0.15
L3B-7231 Mower VRS,L3B,522723.549,4822851.757,388.618,m,EPSG:26915,NAVD88,GEOID03,lidar_semn2008,2008,mower_val.pdf table 'Control Z',datum is a DATASET-level assertion (lidar_semn2008.html: 'Vertical datum: NAVD88 (Geoid03)'); the validation reports themselves state no datum and no geoid,mower,388.494,0.124
L3B-7239 Mower VRS,L3B,534639.577,4841864.468,393.633,m,EPSG:26915,NAVD88,GEOID03,lidar_semn2008,2008,mower_val.pdf table 'Control Z',datum is a DATASET-level assertion (lidar_semn2008.html: 'Vertical datum: NAVD88 (Geoid03)'); the validation reports themselves state no datum and no geoid,mower,393.872,-0.239
L3B-7240 Mower VRS,L3B,534639.576,4841864.467,393.632,m,EPSG:26915,NAVD88,GEOID03,lidar_semn2008,2008,mower_val.pdf table 'Control Z',datum is a DATASET-level assertion (lidar_semn2008.html: 'Vertical datum: NAVD88 (Geoid03)'); the validation reports themselves state no datum and no geoid,mower,393.872,-0.24
L3B-7243 Mower VRS,L3B,536034.603,4837431.485,405.917,m,EPSG:26915,NAVD88,GEOID03,lidar_semn2008,2008,mower_val.pdf table 'Control Z',datum is a DATASET-level assertion (lidar_semn2008.html: 'Vertical datum: NAVD88 (Geoid03)'); the validation reports themselves state no datum and no geoid,mower,406.239,-0.322
L3B-7253 Mower VRS,L3B,526610.73,4849139.505,421.555,m,EPSG:26915,NAVD88,GEOID03,lidar_semn2008,2008,mower_val.pdf table 'Control Z',datum is a DATASET-level assertion (lidar_semn2008.html: 'Vertical datum: NAVD88 (Geoid03)'); the validation reports themselves state no datum and no geoid,mower,421.848,-0.293
L3B-7263 Mower VRS,L3B,539658.495,4822586.329,398.11,m,EPSG:26915,NAVD88,GEOID03,lidar_semn2008,2008,mower_val.pdf table 'Control Z',datum is a DATASET-level assertion (lidar_semn2008.html: 'Vertical datum: NAVD88 (Geoid03)'); the validation reports themselves state no datum and no geoid,mower,398.361,-0.251
L3B-7264 Mower VRS,L3B,539640.238,4826495.425,404.628,m,EPSG:26915,NAVD88,GEOID03,lidar_semn2008,2008,mower_val.pdf table 'Control Z',datum is a DATASET-level assertion (lidar_semn2008.html: 'Vertical datum: NAVD88 (Geoid03)'); the validation reports themselves state no datum and no geoid,mower,404.767,-0.139
L3B-7269 Mower VRS,L3B,505714.421,4819979.941,368.83,m,EPSG:26915,NAVD88,GEOID03,lidar_semn2008,2008,mower_val.pdf table 'Control Z',datum is a DATASET-level assertion (lidar_semn2008.html: 'Vertical datum: NAVD88 (Geoid03)'); the validation reports themselves state no datum and no geoid,mower,368.813,0.017
L3B-9102 Dodge VRS,L3B,516833.643,4856714.065,409.858,m,EPSG:26915,NAVD88,GEOID03,lidar_semn2008,2008,mower_val.pdf table 'Control Z',datum is a DATASET-level assertion (lidar_semn2008.html: 'Vertical datum: NAVD88 (Geoid03)'); the validation reports themselves state no datum and no geoid,mower,409.914,-0.056
L3B-9000 Mower VRS - Secondary,L3B,502422.01,4831665.39,358.537,m,EPSG:26915,NAVD88,GEOID03,lidar_semn2008,2008,mower_val.pdf table 'Control Z',datum is a DATASET-level assertion (lidar_semn2008.html: 'Vertical datum: NAVD88 (Geoid03)'); the validation reports themselves state no datum and no geoid,mower,358.563,-0.026
L3B-9001 Mower VRS - Secondary,L3B,535432.23,4849596.16,389.224,m,EPSG:26915,NAVD88,GEOID03,lidar_semn2008,2008,mower_val.pdf table 'Control Z',datum is a DATASET-level assertion (lidar_semn2008.html: 'Vertical datum: NAVD88 (Geoid03)'); the validation reports themselves state no datum and no geoid,mower,389.669,-0.445
L4F-7108 Mower VRS,L4F,499302.959,4847250.061,384.423,m,EPSG:26915,NAVD88,GEOID03,lidar_semn2008,2008,mower_val.pdf table 'Control Z',datum is a DATASET-level assertion (lidar_semn2008.html: 'Vertical datum: NAVD88 (Geoid03)'); the validation reports themselves state no datum and no geoid,mower,384.322,0.101
L4F-7115 Mower VRS,L4F,500867.344,4837246.472,374.421,m,EPSG:26915,NAVD88,GEOID03,lidar_semn2008,2008,mower_val.pdf table 'Control Z',datum is a DATASET-level assertion (lidar_semn2008.html: 'Vertical datum: NAVD88 (Geoid03)'); the validation reports themselves state no datum and no geoid,mower,374.417,0.004
L4F-7121 Mower VRS,L4F,501931.492,4831652.218,359.334,m,EPSG:26915,NAVD88,GEOID03,lidar_semn2008,2008,mower_val.pdf table 'Control Z',datum is a DATASET-level assertion (lidar_semn2008.html: 'Vertical datum: NAVD88 (Geoid03)'); the validation reports themselves state no datum and no geoid,mower,359.215,0.119
L4F-7130 Mower VRS,L4F,508951.159,4837319.268,379.876,m,EPSG:26915,NAVD88,GEOID03,lidar_semn2008,2008,mower_val.pdf table 'Control Z',datum is a DATASET-level assertion (lidar_semn2008.html: 'Vertical datum: NAVD88 (Geoid03)'); the validation reports themselves state no datum and no geoid,mower,379.82,0.056
L4F-7134 Mower VRS,L4F,508228.245,4831098.514,377.75,m,EPSG:26915,NAVD88,GEOID03,lidar_semn2008,2008,mower_val.pdf table 'Control Z',datum is a DATASET-level assertion (lidar_semn2008.html: 'Vertical datum: NAVD88 (Geoid03)'); the validation reports themselves state no datum and no geoid,mower,377.66,0.09
L4F-7140 Mower VRS,L4F,502725.814,4822740.077,365.427,m,EPSG:26915,NAVD88,GEOID03,lidar_semn2008,2008,mower_val.pdf table 'Control Z',datum is a DATASET-level assertion (lidar_semn2008.html: 'Vertical datum: NAVD88 (Geoid03)'); the validation reports themselves state no datum and no geoid,mower,365.495,-0.068
L4F-7201 Mower VRS,L4F,509360.331,4851813.619,400.349,m,EPSG:26915,NAVD88,GEOID03,lidar_semn2008,2008,mower_val.pdf table 'Control Z',datum is a DATASET-level assertion (lidar_semn2008.html: 'Vertical datum: NAVD88 (Geoid03)'); the validation reports themselves state no datum and no geoid,mower,400.309,0.04
L4F-7207 Mower VRS,L4F,517584.288,4851875.027,416.334,m,EPSG:26915,NAVD88,GEOID03,lidar_semn2008,2008,mower_val.pdf table 'Control Z',datum is a DATASET-level assertion (lidar_semn2008.html: 'Vertical datum: NAVD88 (Geoid03)'); the validation reports themselves state no datum and no geoid,mower,416.232,0.102
L4F-7212 Mower VRS,L4F,519581.143,4842985.505,426.841,m,EPSG:26915,NAVD88,GEOID03,lidar_semn2008,2008,mower_val.pdf table 'Control Z',datum is a DATASET-level assertion (lidar_semn2008.html: 'Vertical datum: NAVD88 (Geoid03)'); the validation reports themselves state no datum and no geoid,mower,426.894,-0.053
L4F-7216 Mower VRS,L4F,529924.129,4830683.497,435.452,m,EPSG:26915,NAVD88,GEOID03,lidar_semn2008,2008,mower_val.pdf table 'Control Z',datum is a DATASET-level assertion (lidar_semn2008.html: 'Vertical datum: NAVD88 (Geoid03)'); the validation reports themselves state no datum and no geoid,mower,435.312,0.14
L4F-7221 Mower VRS,L4F,525069.706,4829093.485,415.83,m,EPSG:26915,NAVD88,GEOID03,lidar_semn2008,2008,mower_val.pdf table 'Control Z',datum is a DATASET-level assertion (lidar_semn2008.html: 'Vertical datum: NAVD88 (Geoid03)'); the validation reports themselves state no datum and no geoid,mower,415.845,-0.015
L4F-7229 Mower VRS,L4F,526752.972,4820144.242,405.408,m,EPSG:26915,NAVD88,GEOID03,lidar_semn2008,2008,mower_val.pdf table 'Control Z',datum is a DATASET-level assertion (lidar_semn2008.html: 'Vertical datum: NAVD88 (Geoid03)'); the validation reports themselves state no datum and no geoid,mower,405.341,0.067
L4F-7230 Mower VRS,L4F,523909.087,4822832.006,399.628,m,EPSG:26915,NAVD88,GEOID03,lidar_semn2008,2008,mower_val.pdf table 'Control Z',datum is a DATASET-level assertion (lidar_semn2008.html: 'Vertical datum: NAVD88 (Geoid03)'); the validation reports themselves state no datum and no geoid,mower,399.677,-0.049
L4F-7237 Mower VRS,L4F,533048.614,4841740.839,400.179,m,EPSG:26915,NAVD88,GEOID03,lidar_semn2008,2008,mower_val.pdf table 'Control Z',datum is a DATASET-level assertion (lidar_semn2008.html: 'Vertical datum: NAVD88 (Geoid03)'); the validation reports themselves state no datum and no geoid,mower,400.341,-0.162
L4F-7244 Mower VRS,L4F,536737.84,4837411.476,407.484,m,EPSG:26915,NAVD88,GEOID03,lidar_semn2008,2008,mower_val.pdf table 'Control Z',datum is a DATASET-level assertion (lidar_semn2008.html: 'Vertical datum: NAVD88 (Geoid03)'); the validation reports themselves state no datum and no geoid,mower,407.867,-0.383
L4F-7248 Mower VRS,L4F,535412.892,4850275.009,387.712,m,EPSG:26915,NAVD88,GEOID03,lidar_semn2008,2008,mower_val.pdf table 'Control Z',datum is a DATASET-level assertion (lidar_semn2008.html: 'Vertical datum: NAVD88 (Geoid03)'); the validation reports themselves state no datum and no geoid,mower,387.753,-0.041
L4F-7255 Mower VRS,L4F,528175.332,4849655.833,420.525,m,EPSG:26915,NAVD88,GEOID03,lidar_semn2008,2008,mower_val.pdf table 'Control Z',datum is a DATASET-level assertion (lidar_semn2008.html: 'Vertical datum: NAVD88 (Geoid03)'); the validation reports themselves state no datum and no geoid,mower,420.618,-0.093
L4F-7257 Mower VRS,L4F,537268.003,4818951.093,393.519,m,EPSG:26915,NAVD88,GEOID03,lidar_semn2008,2008,mower_val.pdf table 'Control Z',datum is a DATASET-level assertion (lidar_semn2008.html: 'Vertical datum: NAVD88 (Geoid03)'); the validation reports themselves state no datum and no geoid,mower,393.854,-0.335
L4F-7265 Mower VRS,L4F,539607.973,4830892.457,417.131,m,EPSG:26915,NAVD88,GEOID03,lidar_semn2008,2008,mower_val.pdf table 'Control Z',datum is a DATASET-level assertion (lidar_semn2008.html: 'Vertical datum: NAVD88 (Geoid03)'); the validation reports themselves state no datum and no geoid,mower,417.52,-0.389
L4F-7268 Mower VRS,L4F,506318.356,4817912.559,357.906,m,EPSG:26915,NAVD88,GEOID03,lidar_semn2008,2008,mower_val.pdf table 'Control Z',datum is a DATASET-level assertion (lidar_semn2008.html: 'Vertical datum: NAVD88 (Geoid03)'); the validation reports themselves state no datum and no geoid,mower,358.005,-0.099
L4F-9082 Dodge VRS,L4F,522616.484,4855790.946,401.351,m,EPSG:26915,NAVD88,GEOID03,lidar_semn2008,2008,mower_val.pdf table 'Control Z',datum is a DATASET-level assertion (lidar_semn2008.html: 'Vertical datum: NAVD88 (Geoid03)'); the validation reports themselves state no datum and no geoid,mower,401.293,0.058
L4F-9095 Dodge VRS,L4F,502401.331,4856632.322,382.93,m,EPSG:26915,NAVD88,GEOID03,lidar_semn2008,2008,mower_val.pdf table 'Control Z',datum is a DATASET-level assertion (lidar_semn2008.html: 'Vertical datum: NAVD88 (Geoid03)'); the validation reports themselves state no datum and no geoid,mower,383.143,-0.213
L4F-9101 Dodge VRS,L4F,508282.023,4856702.653,401.964,m,EPSG:26915,NAVD88,GEOID03,lidar_semn2008,2008,mower_val.pdf table 'Control Z',datum is a DATASET-level assertion (lidar_semn2008.html: 'Vertical datum: NAVD88 (Geoid03)'); the validation reports themselves state no datum and no geoid,mower,401.892,0.072
L5U-7003 Mower VRS,L5U,499188.342,4846950.518,382.913,m,EPSG:26915,NAVD88,GEOID03,lidar_semn2008,2008,mower_val.pdf table 'Control Z',datum is a DATASET-level assertion (lidar_semn2008.html: 'Vertical datum: NAVD88 (Geoid03)'); the validation reports themselves state no datum and no geoid,mower,382.757,0.156
L5U-7010 Mower VRS,L5U,500610.151,4837324.587,376.063,m,EPSG:26915,NAVD88,GEOID03,lidar_semn2008,2008,mower_val.pdf table 'Control Z',datum is a DATASET-level assertion (lidar_semn2008.html: 'Vertical datum: NAVD88 (Geoid03)'); the validation reports themselves state no datum and no geoid,mower,376.048,0.015
L5U-7016 Mower VRS,L5U,502622.033,4831629.609,363.101,m,EPSG:26915,NAVD88,GEOID03,lidar_semn2008,2008,mower_val.pdf table 'Control Z',datum is a DATASET-level assertion (lidar_semn2008.html: 'Vertical datum: NAVD88 (Geoid03)'); the validation reports themselves state no datum and no geoid,mower,363.017,0.084
L5U-7022 Mower VRS,L5U,509293.322,4838848.989,379.098,m,EPSG:26915,NAVD88,GEOID03,lidar_semn2008,2008,mower_val.pdf table 'Control Z',datum is a DATASET-level assertion (lidar_semn2008.html: 'Vertical datum: NAVD88 (Geoid03)'); the validation reports themselves state no datum and no geoid,mower,379.07,0.028
L5U-7026 Mower VRS,L5U,500042.095,4847791.094,382.045,m,EPSG:26915,NAVD88,GEOID03,lidar_semn2008,2008,mower_val.pdf table 'Control Z',datum is a DATASET-level assertion (lidar_semn2008.html: 'Vertical datum: NAVD88 (Geoid03)'); the validation reports themselves state no datum and no geoid,mower,381.917,0.128
L5U-7027 Mower VRS,L5U,500883.815,4834795.41,368.568,m,EPSG:26915,NAVD88,GEOID03,lidar_semn2008,2008,mower_val.pdf table 'Control Z',datum is a DATASET-level assertion (lidar_semn2008.html: 'Vertical datum: NAVD88 (Geoid03)'); the validation reports themselves state no datum and no geoid,mower,368.491,0.077
L5U-7030 Mower VRS,L5U,509167.393,4831648.49,378.781,m,EPSG:26915,NAVD88,GEOID03,lidar_semn2008,2008,mower_val.pdf table 'Control Z',datum is a DATASET-level assertion (lidar_semn2008.html: 'Vertical datum: NAVD88 (Geoid03)'); the validation reports themselves state no datum and no geoid,mower,378.666,0.115
L5U-7040 Mower VRS,L5U,501557.841,4822992.924,365.704,m,EPSG:26915,NAVD88,GEOID03,lidar_semn2008,2008,mower_val.pdf table 'Control Z',datum is a DATASET-level assertion (lidar_semn2008.html: 'Vertical datum: NAVD88 (Geoid03)'); the validation reports themselves state no datum and no geoid,mower,365.653,0.051
L5U-7202 Mower VRS,L5U,509858.878,4852041.261,404.742,m,EPSG:26915,NAVD88,GEOID03,lidar_semn2008,2008,mower_val.pdf table 'Control Z',datum is a DATASET-level assertion (lidar_semn2008.html: 'Vertical datum: NAVD88 (Geoid03)'); the validation reports themselves state no datum and no geoid,mower,404.89,-0.148
L5U-7205 Mower VRS,L5U,515689.998,4850248.243,422.015,m,EPSG:26915,NAVD88,GEOID03,lidar_semn2008,2008,mower_val.pdf table 'Control Z',datum is a DATASET-level assertion (lidar_semn2008.html: 'Vertical datum: NAVD88 (Geoid03)'); the validation reports themselves state no datum and no geoid,mower,421.945,0.07
L5U-7211 Mower VRS,L5U,519458.216,4842971.292,426.302,m,EPSG:26915,NAVD88,GEOID03,lidar_semn2008,2008,mower_val.pdf table 'Control Z',datum is a DATASET-level assertion (lidar_semn2008.html: 'Vertical datum: NAVD88 (Geoid03)'); the validation reports themselves state no datum and no geoid,mower,426.209,0.093
L5U-7218 Mower VRS,L5U,533083.183,4827758.804,417.486,m,EPSG:26915,NAVD88,GEOID03,lidar_semn2008,2008,mower_val.pdf table 'Control Z',datum is a DATASET-level assertion (lidar_semn2008.html: 'Vertical datum: NAVD88 (Geoid03)'); the validation reports themselves state no datum and no geoid,mower,417.544,-0.058
L5U-7222 Mower VRS,L5U,523563.008,4834493.697,425.34,m,EPSG:26915,NAVD88,GEOID03,lidar_semn2008,2008,mower_val.pdf table 'Control Z',datum is a DATASET-level assertion (lidar_semn2008.html: 'Vertical datum: NAVD88 (Geoid03)'); the validation reports themselves state no datum and no geoid,mower,425.211,0.129
L5U-7225 Mower VRS,L5U,528941.345,4822972.024,412.069,m,EPSG:26915,NAVD88,GEOID03,lidar_semn2008,2008,mower_val.pdf table 'Control Z',datum is a DATASET-level assertion (lidar_semn2008.html: 'Vertical datum: NAVD88 (Geoid03)'); the validation reports themselves state no datum and no geoid,mower,412.047,0.022
L5U-7232 Mower VRS,L5U,523289.684,4823662.365,394.923,m,EPSG:26915,NAVD88,GEOID03,lidar_semn2008,2008,mower_val.pdf table 'Control Z',datum is a DATASET-level assertion (lidar_semn2008.html: 'Vertical datum: NAVD88 (Geoid03)'); the validation reports themselves state no datum and no geoid,mower,394.804,0.119
L5U-7236 Mower VRS,L5U,534667.26,4839811.452,407.323,m,EPSG:26915,NAVD88,GEOID03,lidar_semn2008,2008,mower_val.pdf table 'Control Z',datum is a DATASET-level assertion (lidar_semn2008.html: 'Vertical datum: NAVD88 (Geoid03)'); the validation reports themselves state no datum and no geoid,mower,407.482,-0.159
L5U-7251 Mower VRS,L5U,541523.007,4847099.596,394.907,m,EPSG:26915,NAVD88,GEOID03,lidar_semn2008,2008,mower_val.pdf table 'Control Z',datum is a DATASET-level assertion (lidar_semn2008.html: 'Vertical datum: NAVD88 (Geoid03)'); the validation reports themselves state no datum and no geoid,mower,394.947,-0.04
L5U-7256 Mower VRS,L5U,528914.261,4849295.475,411.149,m,EPSG:26915,NAVD88,GEOID03,lidar_semn2008,2008,mower_val.pdf table 'Control Z',datum is a DATASET-level assertion (lidar_semn2008.html: 'Vertical datum: NAVD88 (Geoid03)'); the validation reports themselves state no datum and no geoid,mower,411.075,0.074
L5U-7258 Mower VRS,L5U,537224.071,4818986.636,393.185,m,EPSG:26915,NAVD88,GEOID03,lidar_semn2008,2008,mower_val.pdf table 'Control Z',datum is a DATASET-level assertion (lidar_semn2008.html: 'Vertical datum: NAVD88 (Geoid03)'); the validation reports themselves state no datum and no geoid,mower,393.372,-0.187
L5U-7260 Mower VRS,L5U,535230.822,4821325.192,401.136,m,EPSG:26915,NAVD88,GEOID03,lidar_semn2008,2008,mower_val.pdf table 'Control Z',datum is a DATASET-level assertion (lidar_semn2008.html: 'Vertical datum: NAVD88 (Geoid03)'); the validation reports themselves state no datum and no geoid,mower,401.209,-0.073
L5U-7262 Mower VRS,L5U,539553.811,4828407.969,416.367,m,EPSG:26915,NAVD88,GEOID03,lidar_semn2008,2008,mower_val.pdf table 'Control Z',datum is a DATASET-level assertion (lidar_semn2008.html: 'Vertical datum: NAVD88 (Geoid03)'); the validation reports themselves state no datum and no geoid,mower,416.44,-0.073
L5U-7270 Mower VRS,L5U,505504.61,4820714.265,369.445,m,EPSG:26915,NAVD88,GEOID03,lidar_semn2008,2008,mower_val.pdf table 'Control Z',datum is a DATASET-level assertion (lidar_semn2008.html: 'Vertical datum: NAVD88 (Geoid03)'); the validation reports themselves state no datum and no geoid,mower,369.342,0.103
FSA Target 1 Stewartville-1401 Olmsted VRS,other,533862.973,4861548.321,379.91,m,EPSG:26915,NAVD88,GEOID03,lidar_semn2008,2008,olmsted_val.pdf table 'Control Z',datum is a DATASET-level assertion (lidar_semn2008.html: 'Vertical datum: NAVD88 (Geoid03)'); the validation reports themselves state no datum and no geoid,olmsted,379.976,-0.066
FSA Target 2 Rochester-1402 Olmsted VRS,other,535423.24,4871973.241,346.226,m,EPSG:26915,NAVD88,GEOID03,lidar_semn2008,2008,olmsted_val.pdf table 'Control Z',datum is a DATASET-level assertion (lidar_semn2008.html: 'Vertical datum: NAVD88 (Geoid03)'); the validation reports themselves state no datum and no geoid,olmsted,346.263,-0.037
FSA Target 3 Pine Island-1403 Olmsted VRS,other,535337.76,4888002.423,309.315,m,EPSG:26915,NAVD88,GEOID03,lidar_semn2008,2008,olmsted_val.pdf table 'Control Z',datum is a DATASET-level assertion (lidar_semn2008.html: 'Vertical datum: NAVD88 (Geoid03)'); the validation reports themselves state no datum and no geoid,olmsted,309.353,-0.038
FSA Target 4 Elgin-1404 Olmsted VRS,other,549658.557,4887258.234,347.793,m,EPSG:26915,NAVD88,GEOID03,lidar_semn2008,2008,olmsted_val.pdf table 'Control Z',datum is a DATASET-level assertion (lidar_semn2008.html: 'Vertical datum: NAVD88 (Geoid03)'); the validation reports themselves state no datum and no geoid,olmsted,347.872,-0.079
FSA Target 5 Eyota-1405 Olmsted VRS,other,564918.696,4880103.942,328.974,m,EPSG:26915,NAVD88,GEOID03,lidar_semn2008,2008,olmsted_val.pdf table 'Control Z',datum is a DATASET-level assertion (lidar_semn2008.html: 'Vertical datum: NAVD88 (Geoid03)'); the validation reports themselves state no datum and no geoid,olmsted,328.899,0.075
FSA Target 6 Dover-1406 Olmsted VRS,other,565873.44,4866469.814,404.05,m,EPSG:26915,NAVD88,GEOID03,lidar_semn2008,2008,olmsted_val.pdf table 'Control Z',datum is a DATASET-level assertion (lidar_semn2008.html: 'Vertical datum: NAVD88 (Geoid03)'); the validation reports themselves state no datum and no geoid,olmsted,404.101,-0.051
FSA Target 601 Rochester-1601 Olmsted VRS,other,539407.317,4879891.9,312.458,m,EPSG:26915,NAVD88,GEOID03,lidar_semn2008,2008,olmsted_val.pdf table 'Control Z',datum is a DATASET-level assertion (lidar_semn2008.html: 'Vertical datum: NAVD88 (Geoid03)'); the validation reports themselves state no datum and no geoid,olmsted,312.501,-0.043
L10-1014 Olmsted VRS,L1O,561770.859,4871102.058,376.277,m,EPSG:26915,NAVD88,GEOID03,lidar_semn2008,2008,olmsted_val.pdf table 'Control Z',datum is a DATASET-level assertion (lidar_semn2008.html: 'Vertical datum: NAVD88 (Geoid03)'); the validation reports themselves state no datum and no geoid,olmsted,376.349,-0.072
L10-1024 Olmsted VRS,L1O,568857.64,4869190.598,358.186,m,EPSG:26915,NAVD88,GEOID03,lidar_semn2008,2008,olmsted_val.pdf table 'Control Z',datum is a DATASET-level assertion (lidar_semn2008.html: 'Vertical datum: NAVD88 (Geoid03)'); the validation reports themselves state no datum and no geoid,olmsted,358.192,-0.006
L10-1036 Olmsted VRS,L1O,565084.522,4855926.659,308.034,m,EPSG:26915,NAVD88,GEOID03,lidar_semn2008,2008,olmsted_val.pdf table 'Control Z',datum is a DATASET-level assertion (lidar_semn2008.html: 'Vertical datum: NAVD88 (Geoid03)'); the validation reports themselves state no datum and no geoid,olmsted,308.081,-0.047
L10-1044 Olmsted VRS,L1O,569860.75,4864893.354,407.906,m,EPSG:26915,NAVD88,GEOID03,lidar_semn2008,2008,olmsted_val.pdf table 'Control Z',datum is a DATASET-level assertion (lidar_semn2008.html: 'Vertical datum: NAVD88 (Geoid03)'); the validation reports themselves state no datum and no geoid,olmsted,407.89,0.016
L10-1052 Olmsted VRS,L1O,562039.845,4859184.016,310.955,m,EPSG:26915,NAVD88,GEOID03,lidar_semn2008,2008,olmsted_val.pdf table 'Control Z',datum is a DATASET-level assertion (lidar_semn2008.html: 'Vertical datum: NAVD88 (Geoid03)'); the validation reports themselves state no datum and no geoid,olmsted,310.976,-0.021
L10-1068 Olmsted VRS,L1O,551124.85,4859298.673,392.987,m,EPSG:26915,NAVD88,GEOID03,lidar_semn2008,2008,olmsted_val.pdf table 'Control Z',datum is a DATASET-level assertion (lidar_semn2008.html: 'Vertical datum: NAVD88 (Geoid03)'); the validation reports themselves state no datum and no geoid,olmsted,392.984,0.003
L10-1094 Olmsted VRS,L1O,527478.797,4861543.279,381.21,m,EPSG:26915,NAVD88,GEOID03,lidar_semn2008,2008,olmsted_val.pdf table 'Control Z',datum is a DATASET-level assertion (lidar_semn2008.html: 'Vertical datum: NAVD88 (Geoid03)'); the validation reports themselves state no datum and no geoid,olmsted,381.201,0.009
L10-1104 Olmsted VRS,L1O,531758.961,4871183.597,340.376,m,EPSG:26915,NAVD88,GEOID03,lidar_semn2008,2008,olmsted_val.pdf table 'Control Z',datum is a DATASET-level assertion (lidar_semn2008.html: 'Vertical datum: NAVD88 (Geoid03)'); the validation reports themselves state no datum and no geoid,olmsted,340.348,0.028
L10-1112 Olmsted VRS,L1O,541912.795,4866529.437,328.143,m,EPSG:26915,NAVD88,GEOID03,lidar_semn2008,2008,olmsted_val.pdf table 'Control Z',datum is a DATASET-level assertion (lidar_semn2008.html: 'Vertical datum: NAVD88 (Geoid03)'); the validation reports themselves state no datum and no geoid,olmsted,328.163,-0.02
L10-1120 Olmsted VRS,L1O,546157.902,4874388.799,310.432,m,EPSG:26915,NAVD88,GEOID03,lidar_semn2008,2008,olmsted_val.pdf table 'Control Z',datum is a DATASET-level assertion (lidar_semn2008.html: 'Vertical datum: NAVD88 (Geoid03)'); the validation reports themselves state no datum and no geoid,olmsted,310.442,-0.01
L10-1128 Olmsted VRS,L1O,547752.496,4872868.733,352.061,m,EPSG:26915,NAVD88,GEOID03,lidar_semn2008,2008,olmsted_val.pdf table 'Control Z',datum is a DATASET-level assertion (lidar_semn2008.html: 'Vertical datum: NAVD88 (Geoid03)'); the validation reports themselves state no datum and no geoid,olmsted,352.025,0.036
L10-1144 Olmsted VRS,L1O,531057.523,4880982.439,372.739,m,EPSG:26915,NAVD88,GEOID03,lidar_semn2008,2008,olmsted_val.pdf table 'Control Z',datum is a DATASET-level assertion (lidar_semn2008.html: 'Vertical datum: NAVD88 (Geoid03)'); the validation reports themselves state no datum and no geoid,olmsted,372.817,-0.078
L10-1152 Olmsted VRS,L1O,532937.565,4889499.618,312.639,m,EPSG:26915,NAVD88,GEOID03,lidar_semn2008,2008,olmsted_val.pdf table 'Control Z',datum is a DATASET-level assertion (lidar_semn2008.html: 'Vertical datum: NAVD88 (Geoid03)'); the validation reports themselves state no datum and no geoid,olmsted,312.69,-0.051
L10-1162 Olmsted VRS,L1O,540981.015,4891995.38,343.663,m,EPSG:26915,NAVD88,GEOID03,lidar_semn2008,2008,olmsted_val.pdf table 'Control Z',datum is a DATASET-level assertion (lidar_semn2008.html: 'Vertical datum: NAVD88 (Geoid03)'); the validation reports themselves state no datum and no geoid,olmsted,343.76,-0.097
L10-1168 Olmsted VRS,L1O,552751.804,4884076.525,342.19,m,EPSG:26915,NAVD88,GEOID03,lidar_semn2008,2008,olmsted_val.pdf table 'Control Z',datum is a DATASET-level assertion (lidar_semn2008.html: 'Vertical datum: NAVD88 (Geoid03)'); the validation reports themselves state no datum and no geoid,olmsted,342.244,-0.054
L10-1176 Olmsted VRS,L1O,545645.592,4874622.493,309.66,m,EPSG:26915,NAVD88,GEOID03,lidar_semn2008,2008,olmsted_val.pdf table 'Control Z',datum is a DATASET-level assertion (lidar_semn2008.html: 'Vertical datum: NAVD88 (Geoid03)'); the validation reports themselves state no datum and no geoid,olmsted,309.626,0.034
L10-1186 Olmsted VRS,L1O,556867.616,4876069.271,393.788,m,EPSG:26915,NAVD88,GEOID03,lidar_semn2008,2008,olmsted_val.pdf table 'Control Z',datum is a DATASET-level assertion (lidar_semn2008.html: 'Vertical datum: NAVD88 (Geoid03)'); the validation reports themselves state no datum and no geoid,olmsted,393.783,0.005
L10-1196 Olmsted VRS,L1O,567105.958,4880900.316,333.588,m,EPSG:26915,NAVD88,GEOID03,lidar_semn2008,2008,olmsted_val.pdf table 'Control Z',datum is a DATASET-level assertion (lidar_semn2008.html: 'Vertical datum: NAVD88 (Geoid03)'); the validation reports themselves state no datum and no geoid,olmsted,333.678,-0.09
L1O-1078 Olmsted VRS,L1O,539966.482,4856643.59,370.549,m,EPSG:26915,NAVD88,GEOID03,lidar_semn2008,2008,olmsted_val.pdf table 'Control Z',datum is a DATASET-level assertion (lidar_semn2008.html: 'Vertical datum: NAVD88 (Geoid03)'); the validation reports themselves state no datum and no geoid,olmsted,370.524,0.025
L1O-1134 Olmsted VRS,L1O,545108.113,4880052.398,308.712,m,EPSG:26915,NAVD88,GEOID03,lidar_semn2008,2008,olmsted_val.pdf table 'Control Z',datum is a DATASET-level assertion (lidar_semn2008.html: 'Vertical datum: NAVD88 (Geoid03)'); the validation reports themselves state no datum and no geoid,olmsted,308.736,-0.024
L1O-6118 Wabasha RTK,L1O,551939.75,4896224.857,320.763,m,EPSG:26915,NAVD88,GEOID03,lidar_semn2008,2008,olmsted_val.pdf table 'Control Z',datum is a DATASET-level assertion (lidar_semn2008.html: 'Vertical datum: NAVD88 (Geoid03)'); the validation reports themselves state no datum and no geoid,olmsted,320.702,0.061
L1O-9018 Dodge VRS,L1O,525318.532,4888769.201,333.028,m,EPSG:26915,NAVD88,GEOID03,lidar_semn2008,2008,olmsted_val.pdf table 'Control Z',datum is a DATASET-level assertion (lidar_semn2008.html: 'Vertical datum: NAVD88 (Geoid03)'); the validation reports themselves state no datum and no geoid,olmsted,332.864,0.164
L1O-9081 Dodge VRS,L1O,524251.669,4856695.783,390.073,m,EPSG:26915,NAVD88,GEOID03,lidar_semn2008,2008,olmsted_val.pdf table 'Control Z',datum is a DATASET-level assertion (lidar_semn2008.html: 'Vertical datum: NAVD88 (Geoid03)'); the validation reports themselves state no datum and no geoid,olmsted,389.994,0.079
L2T-1000 Olmsted VRS,L2T,529198.788,4882086.915,313.768,m,EPSG:26915,NAVD88,GEOID03,lidar_semn2008,2008,olmsted_val.pdf table 'Control Z',datum is a DATASET-level assertion (lidar_semn2008.html: 'Vertical datum: NAVD88 (Geoid03)'); the validation reports themselves state no datum and no geoid,olmsted,313.64,0.128
L2T-1002 Olmsted VRS,L2T,529262.156,4882105.402,322.815,m,EPSG:26915,NAVD88,GEOID03,lidar_semn2008,2008,olmsted_val.pdf table 'Control Z',datum is a DATASET-level assertion (lidar_semn2008.html: 'Vertical datum: NAVD88 (Geoid03)'); the validation reports themselves state no datum and no geoid,olmsted,322.768,0.047
L2T-1006 Olmsted VRS,L2T,529220.119,4890562.13,342.708,m,EPSG:26915,NAVD88,GEOID03,lidar_semn2008,2008,olmsted_val.pdf table 'Control Z',datum is a DATASET-level assertion (lidar_semn2008.html: 'Vertical datum: NAVD88 (Geoid03)'); the validation reports themselves state no datum and no geoid,olmsted,342.899,-0.191
L2T-1010 Olmsted VRS,L2T,526020.663,4883113.844,377.776,m,EPSG:26915,NAVD88,GEOID03,lidar_semn2008,2008,olmsted_val.pdf table 'Control Z',datum is a DATASET-level assertion (lidar_semn2008.html: 'Vertical datum: NAVD88 (Geoid03)'); the validation reports themselves state no datum and no geoid,olmsted,377.686,0.09
L2T-1018 Olmsted VRS,L2T,555043.255,4871945.326,357.048,m,EPSG:26915,NAVD88,GEOID03,lidar_semn2008,2008,olmsted_val.pdf table 'Control Z',datum is a DATASET-level assertion (lidar_semn2008.html: 'Vertical datum: NAVD88 (Geoid03)'); the validation reports themselves state no datum and no geoid,olmsted,357.166,-0.118
L2T-1026 Olmsted VRS,L2T,568955.043,4868466.174,354.765,m,EPSG:26915,NAVD88,GEOID03,lidar_semn2008,2008,olmsted_val.pdf table 'Control Z',datum is a DATASET-level assertion (lidar_semn2008.html: 'Vertical datum: NAVD88 (Geoid03)'); the validation reports themselves state no datum and no geoid,olmsted,355.053,-0.288
L2T-1032 Olmsted VRS,L2T,566704.63,4860817.929,393.429,m,EPSG:26915,NAVD88,GEOID03,lidar_semn2008,2008,olmsted_val.pdf table 'Control Z',datum is a DATASET-level assertion (lidar_semn2008.html: 'Vertical datum: NAVD88 (Geoid03)'); the validation reports themselves state no datum and no geoid,olmsted,393.662,-0.233
L2T-1048 Olmsted VRS,L2T,564282.696,4864609.134,388.786,m,EPSG:26915,NAVD88,GEOID03,lidar_semn2008,2008,olmsted_val.pdf table 'Control Z',datum is a DATASET-level assertion (lidar_semn2008.html: 'Vertical datum: NAVD88 (Geoid03)'); the validation reports themselves state no datum and no geoid,olmsted,388.892,-0.106
L2T-1062 Olmsted VRS,L2T,550152.602,4857405.458,391.846,m,EPSG:26915,NAVD88,GEOID03,lidar_semn2008,2008,olmsted_val.pdf table 'Control Z',datum is a DATASET-level assertion (lidar_semn2008.html: 'Vertical datum: NAVD88 (Geoid03)'); the validation reports themselves state no datum and no geoid,olmsted,392.033,-0.187
L2T-1082 Olmsted VRS,L2T,536242.362,4856601.967,376.599,m,EPSG:26915,NAVD88,GEOID03,lidar_semn2008,2008,olmsted_val.pdf table 'Control Z',datum is a DATASET-level assertion (lidar_semn2008.html: 'Vertical datum: NAVD88 (Geoid03)'); the validation reports themselves state no datum and no geoid,olmsted,376.805,-0.206
L2T-1090 Olmsted VRS,L2T,533841.245,4863898.654,347.621,m,EPSG:26915,NAVD88,GEOID03,lidar_semn2008,2008,olmsted_val.pdf table 'Control Z',datum is a DATASET-level assertion (lidar_semn2008.html: 'Vertical datum: NAVD88 (Geoid03)'); the validation reports themselves state no datum and no geoid,olmsted,347.703,-0.082
L2T-1096 Olmsted VRS,L2T,528604.971,4866312.086,370.936,m,EPSG:26915,NAVD88,GEOID03,lidar_semn2008,2008,olmsted_val.pdf table 'Control Z',datum is a DATASET-level assertion (lidar_semn2008.html: 'Vertical datum: NAVD88 (Geoid03)'); the validation reports themselves state no datum and no geoid,olmsted,370.922,0.014
L2T-1108 Olmsted VRS,L2T,535535.294,4867981.682,330.114,m,EPSG:26915,NAVD88,GEOID03,lidar_semn2008,2008,olmsted_val.pdf table 'Control Z',datum is a DATASET-level assertion (lidar_semn2008.html: 'Vertical datum: NAVD88 (Geoid03)'); the validation reports themselves state no datum and no geoid,olmsted,330.337,-0.223
L2T-1124 Olmsted VRS,L2T,547338.91,4873915.487,326.772,m,EPSG:26915,NAVD88,GEOID03,lidar_semn2008,2008,olmsted_val.pdf table 'Control Z',datum is a DATASET-level assertion (lidar_semn2008.html: 'Vertical datum: NAVD88 (Geoid03)'); the validation reports themselves state no datum and no geoid,olmsted,326.778,-0.006
L2T-1132 Olmsted VRS,L2T,544288.009,4880043.722,301.97,m,EPSG:26915,NAVD88,GEOID03,lidar_semn2008,2008,olmsted_val.pdf table 'Control Z',datum is a DATASET-level assertion (lidar_semn2008.html: 'Vertical datum: NAVD88 (Geoid03)'); the validation reports themselves state no datum and no geoid,olmsted,302.007,-0.037
L2T-1158 Olmsted VRS,L2T,538561.051,4890418.861,319.8,m,EPSG:26915,NAVD88,GEOID03,lidar_semn2008,2008,olmsted_val.pdf table 'Control Z',datum is a DATASET-level assertion (lidar_semn2008.html: 'Vertical datum: NAVD88 (Geoid03)'); the validation reports themselves state no datum and no geoid,olmsted,320.096,-0.296
L2T-1172 Olmsted VRS,L2T,548064.162,4884424.168,376.366,m,EPSG:26915,NAVD88,GEOID03,lidar_semn2008,2008,olmsted_val.pdf table 'Control Z',datum is a DATASET-level assertion (lidar_semn2008.html: 'Vertical datum: NAVD88 (Geoid03)'); the validation reports themselves state no datum and no geoid,olmsted,376.493,-0.127
L2T-1182 Olmsted VRS,L2T,548999.074,4878436.862,379.52,m,EPSG:26915,NAVD88,GEOID03,lidar_semn2008,2008,olmsted_val.pdf table 'Control Z',datum is a DATASET-level assertion (lidar_semn2008.html: 'Vertical datum: NAVD88 (Geoid03)'); the validation reports themselves state no datum and no geoid,olmsted,379.665,-0.145
L2T-1194 Olmsted VRS,L2T,557803.363,4882495.052,329.789,m,EPSG:26915,NAVD88,GEOID03,lidar_semn2008,2008,olmsted_val.pdf table 'Control Z',datum is a DATASET-level assertion (lidar_semn2008.html: 'Vertical datum: NAVD88 (Geoid03)'); the validation reports themselves state no datum and no geoid,olmsted,329.779,0.01
L2T-1202 Olmsted VRS,L2T,567713.47,4878598.656,334.593,m,EPSG:26915,NAVD88,GEOID03,lidar_semn2008,2008,olmsted_val.pdf table 'Control Z',datum is a DATASET-level assertion (lidar_semn2008.html: 'Vertical datum: NAVD88 (Geoid03)'); the validation reports themselves state no datum and no geoid,olmsted,334.699,-0.106
L2T-6116 Wabasha RTK,L2T,551448.173,4893791.433,329.651,m,EPSG:26915,NAVD88,GEOID03,lidar_semn2008,2008,olmsted_val.pdf table 'Control Z',datum is a DATASET-level assertion (lidar_semn2008.html: 'Vertical datum: NAVD88 (Geoid03)'); the validation reports themselves state no datum and no geoid,olmsted,329.649,0.002
L2T-6122 Wabasha RTK,L2T,554528.969,4884204.078,343.05,m,EPSG:26915,NAVD88,GEOID03,lidar_semn2008,2008,olmsted_val.pdf table 'Control Z',datum is a DATASET-level assertion (lidar_semn2008.html: 'Vertical datum: NAVD88 (Geoid03)'); the validation reports themselves state no datum and no geoid,olmsted,343.101,-0.051
L2T-6126 Wabasha RTK,L2T,572067.588,4884169.798,344.434,m,EPSG:26915,NAVD88,GEOID03,lidar_semn2008,2008,olmsted_val.pdf table 'Control Z',datum is a DATASET-level assertion (lidar_semn2008.html: 'Vertical datum: NAVD88 (Geoid03)'); the validation reports themselves state no datum and no geoid,olmsted,344.559,-0.125
L2T-9019 Dodge VRS,L2T,525309.997,4888750.863,331.318,m,EPSG:26915,NAVD88,GEOID03,lidar_semn2008,2008,olmsted_val.pdf table 'Control Z',datum is a DATASET-level assertion (lidar_semn2008.html: 'Vertical datum: NAVD88 (Geoid03)'); the validation reports themselves state no datum and no geoid,olmsted,331.36,-0.042
L3B-1004 Olmsted VRS,L3B,529242.595,4890511.186,344.23,m,EPSG:26915,NAVD88,GEOID03,lidar_semn2008,2008,olmsted_val.pdf table 'Control Z',datum is a DATASET-level assertion (lidar_semn2008.html: 'Vertical datum: NAVD88 (Geoid03)'); the validation reports themselves state no datum and no geoid,olmsted,344.358,-0.128
L3B-1016 Olmsted VRS,L3B,554815.499,4871989.544,358.263,m,EPSG:26915,NAVD88,GEOID03,lidar_semn2008,2008,olmsted_val.pdf table 'Control Z',datum is a DATASET-level assertion (lidar_semn2008.html: 'Vertical datum: NAVD88 (Geoid03)'); the validation reports themselves state no datum and no geoid,olmsted,358.252,0.011
L3B-1030 Olmsted VRS,L3B,567720.121,4866408.685,379.015,m,EPSG:26915,NAVD88,GEOID03,lidar_semn2008,2008,olmsted_val.pdf table 'Control Z',datum is a DATASET-level assertion (lidar_semn2008.html: 'Vertical datum: NAVD88 (Geoid03)'); the validation reports themselves state no datum and no geoid,olmsted,379.104,-0.089
L3B-1040 Olmsted VRS,L3B,569177.846,4859674.504,354.309,m,EPSG:26915,NAVD88,GEOID03,lidar_semn2008,2008,olmsted_val.pdf table 'Control Z',datum is a DATASET-level assertion (lidar_semn2008.html: 'Vertical datum: NAVD88 (Geoid03)'); the validation reports themselves state no datum and no geoid,olmsted,354.318,-0.009
L3B-1046 Olmsted VRS,L3B,565114.818,4864827.172,399.411,m,EPSG:26915,NAVD88,GEOID03,lidar_semn2008,2008,olmsted_val.pdf table 'Control Z',datum is a DATASET-level assertion (lidar_semn2008.html: 'Vertical datum: NAVD88 (Geoid03)'); the validation reports themselves state no datum and no geoid,olmsted,399.51,-0.099
L3B-1050 Olmsted VRS,L3B,562278.443,4859465.425,318.525,m,EPSG:26915,NAVD88,GEOID03,lidar_semn2008,2008,olmsted_val.pdf table 'Control Z',datum is a DATASET-level assertion (lidar_semn2008.html: 'Vertical datum: NAVD88 (Geoid03)'); the validation reports themselves state no datum and no geoid,olmsted,318.651,-0.126
L3B-1060 Olmsted VRS,L3B,551363.149,4856942.603,389.056,m,EPSG:26915,NAVD88,GEOID03,lidar_semn2008,2008,olmsted_val.pdf table 'Control Z',datum is a DATASET-level assertion (lidar_semn2008.html: 'Vertical datum: NAVD88 (Geoid03)'); the validation reports themselves state no datum and no geoid,olmsted,389.034,0.022
L3B-1074 Olmsted VRS,L3B,546149.922,4863528.429,379.032,m,EPSG:26915,NAVD88,GEOID03,lidar_semn2008,2008,olmsted_val.pdf table 'Control Z',datum is a DATASET-level assertion (lidar_semn2008.html: 'Vertical datum: NAVD88 (Geoid03)'); the validation reports themselves state no datum and no geoid,olmsted,379.194,-0.162
L3B-1080 Olmsted VRS,L3B,538820.625,4856768.979,382.5,m,EPSG:26915,NAVD88,GEOID03,lidar_semn2008,2008,olmsted_val.pdf table 'Control Z',datum is a DATASET-level assertion (lidar_semn2008.html: 'Vertical datum: NAVD88 (Geoid03)'); the validation reports themselves state no datum and no geoid,olmsted,382.943,-0.443
L3B-1088 Olmsted VRS,L3B,533836.528,4864066.938,342.193,m,EPSG:26915,NAVD88,GEOID03,lidar_semn2008,2008,olmsted_val.pdf table 'Control Z',datum is a DATASET-level assertion (lidar_semn2008.html: 'Vertical datum: NAVD88 (Geoid03)'); the validation reports themselves state no datum and no geoid,olmsted,342.345,-0.152
L3B-1100 Olmsted VRS,L3B,530097.288,4866335.241,357.908,m,EPSG:26915,NAVD88,GEOID03,lidar_semn2008,2008,olmsted_val.pdf table 'Control Z',datum is a DATASET-level assertion (lidar_semn2008.html: 'Vertical datum: NAVD88 (Geoid03)'); the validation reports themselves state no datum and no geoid,olmsted,358.039,-0.131
L3B-1106 Olmsted VRS,L3B,535418.698,4870562.6,339.307,m,EPSG:26915,NAVD88,GEOID03,lidar_semn2008,2008,olmsted_val.pdf table 'Control Z',datum is a DATASET-level assertion (lidar_semn2008.html: 'Vertical datum: NAVD88 (Geoid03)'); the validation reports themselves state no datum and no geoid,olmsted,339.459,-0.152
L3B-1118 Olmsted VRS,L3B,550617.837,4871244.279,328.163,m,EPSG:26915,NAVD88,GEOID03,lidar_semn2008,2008,olmsted_val.pdf table 'Control Z',datum is a DATASET-level assertion (lidar_semn2008.html: 'Vertical datum: NAVD88 (Geoid03)'); the validation reports themselves state no datum and no geoid,olmsted,328.204,-0.041
L3B-1122 Olmsted VRS,L3B,547333.596,4874314.303,337.246,m,EPSG:26915,NAVD88,GEOID03,lidar_semn2008,2008,olmsted_val.pdf table 'Control Z',datum is a DATASET-level assertion (lidar_semn2008.html: 'Vertical datum: NAVD88 (Geoid03)'); the validation reports themselves state no datum and no geoid,olmsted,337.258,-0.012
L3B-1138 Olmsted VRS,L3B,543307.574,4880841.886,312.36,m,EPSG:26915,NAVD88,GEOID03,lidar_semn2008,2008,olmsted_val.pdf table 'Control Z',datum is a DATASET-level assertion (lidar_semn2008.html: 'Vertical datum: NAVD88 (Geoid03)'); the validation reports themselves state no datum and no geoid,olmsted,312.429,-0.069
L3B-1140 Olmsted VRS,L3B,533775.896,4882413.076,357.876,m,EPSG:26915,NAVD88,GEOID03,lidar_semn2008,2008,olmsted_val.pdf table 'Control Z',datum is a DATASET-level assertion (lidar_semn2008.html: 'Vertical datum: NAVD88 (Geoid03)'); the validation reports themselves state no datum and no geoid,olmsted,357.987,-0.111
L3B-1154 Olmsted VRS,L3B,536694.754,4891745.779,332.754,m,EPSG:26915,NAVD88,GEOID03,lidar_semn2008,2008,olmsted_val.pdf table 'Control Z',datum is a DATASET-level assertion (lidar_semn2008.html: 'Vertical datum: NAVD88 (Geoid03)'); the validation reports themselves state no datum and no geoid,olmsted,333.066,-0.312
L3B-1170 Olmsted VRS,L3B,549647.429,4886764.009,334.378,m,EPSG:26915,NAVD88,GEOID03,lidar_semn2008,2008,olmsted_val.pdf table 'Control Z',datum is a DATASET-level assertion (lidar_semn2008.html: 'Vertical datum: NAVD88 (Geoid03)'); the validation reports themselves state no datum and no geoid,olmsted,334.66,-0.282
L3B-1174 Olmsted VRS,L3B,545839.425,4874993.291,312.463,m,EPSG:26915,NAVD88,GEOID03,lidar_semn2008,2008,olmsted_val.pdf table 'Control Z',datum is a DATASET-level assertion (lidar_semn2008.html: 'Vertical datum: NAVD88 (Geoid03)'); the validation reports themselves state no datum and no geoid,olmsted,312.468,-0.005
L3B-1192 Olmsted VRS,L3B,558563.822,4881715.805,341.636,m,EPSG:26915,NAVD88,GEOID03,lidar_semn2008,2008,olmsted_val.pdf table 'Control Z',datum is a DATASET-level assertion (lidar_semn2008.html: 'Vertical datum: NAVD88 (Geoid03)'); the validation reports themselves state no datum and no geoid,olmsted,341.774,-0.138
L3B-1198 Olmsted VRS,L3B,567721.724,4879853.24,336.371,m,EPSG:26915,NAVD88,GEOID03,lidar_semn2008,2008,olmsted_val.pdf table 'Control Z',datum is a DATASET-level assertion (lidar_semn2008.html: 'Vertical datum: NAVD88 (Geoid03)'); the validation reports themselves state no datum and no geoid,olmsted,336.601,-0.23
L3B-6117 Wabasha RTK,L3B,551456.94,4895282.458,316.276,m,EPSG:26915,NAVD88,GEOID03,lidar_semn2008,2008,olmsted_val.pdf table 'Control Z',datum is a DATASET-level assertion (lidar_semn2008.html: 'Vertical datum: NAVD88 (Geoid03)'); the validation reports themselves state no datum and no geoid,olmsted,316.424,-0.148
L3B-6120 Wabasha RTK,L3B,555564.876,4884045.058,353.343,m,EPSG:26915,NAVD88,GEOID03,lidar_semn2008,2008,olmsted_val.pdf table 'Control Z',datum is a DATASET-level assertion (lidar_semn2008.html: 'Vertical datum: NAVD88 (Geoid03)'); the validation reports themselves state no datum and no geoid,olmsted,353.375,-0.032
L3B-9077 Dodge VRS,L3B,525522.02,4866323.408,378.846,m,EPSG:26915,NAVD88,GEOID03,lidar_semn2008,2008,olmsted_val.pdf table 'Control Z',datum is a DATASET-level assertion (lidar_semn2008.html: 'Vertical datum: NAVD88 (Geoid03)'); the validation reports themselves state no datum and no geoid,olmsted,378.959,-0.113
L4F-1020 Olmsted VRS,L4F,554868.727,4871602.03,359.742,m,EPSG:26915,NAVD88,GEOID03,lidar_semn2008,2008,olmsted_val.pdf table 'Control Z',datum is a DATASET-level assertion (lidar_semn2008.html: 'Vertical datum: NAVD88 (Geoid03)'); the validation reports themselves state no datum and no geoid,olmsted,359.855,-0.113
L4F-1028 Olmsted VRS,L4F,566494.895,4868105.797,387.007,m,EPSG:26915,NAVD88,GEOID03,lidar_semn2008,2008,olmsted_val.pdf table 'Control Z',datum is a DATASET-level assertion (lidar_semn2008.html: 'Vertical datum: NAVD88 (Geoid03)'); the validation reports themselves state no datum and no geoid,olmsted,387.089,-0.082
L4F-1038 Olmsted VRS,L4F,566826.985,4855716.975,375.539,m,EPSG:26915,NAVD88,GEOID03,lidar_semn2008,2008,olmsted_val.pdf table 'Control Z',datum is a DATASET-level assertion (lidar_semn2008.html: 'Vertical datum: NAVD88 (Geoid03)'); the validation reports themselves state no datum and no geoid,olmsted,375.59,-0.051
L4F-1054 Olmsted VRS,L4F,559520.409,4859229.684,378.2,m,EPSG:26915,NAVD88,GEOID03,lidar_semn2008,2008,olmsted_val.pdf table 'Control Z',datum is a DATASET-level assertion (lidar_semn2008.html: 'Vertical datum: NAVD88 (Geoid03)'); the validation reports themselves state no datum and no geoid,olmsted,378.465,-0.265
L4F-1058 Olmsted VRS,L4F,557007.047,4856860.763,384.564,m,EPSG:26915,NAVD88,GEOID03,lidar_semn2008,2008,olmsted_val.pdf table 'Control Z',datum is a DATASET-level assertion (lidar_semn2008.html: 'Vertical datum: NAVD88 (Geoid03)'); the validation reports themselves state no datum and no geoid,olmsted,384.731,-0.167
L4F-1066 Olmsted VRS,L4F,550352.9,4858411.334,386.966,m,EPSG:26915,NAVD88,GEOID03,lidar_semn2008,2008,olmsted_val.pdf table 'Control Z',datum is a DATASET-level assertion (lidar_semn2008.html: 'Vertical datum: NAVD88 (Geoid03)'); the validation reports themselves state no datum and no geoid,olmsted,386.885,0.081
L4F-1070 Olmsted VRS,L4F,551505.179,4861318.491,378.227,m,EPSG:26915,NAVD88,GEOID03,lidar_semn2008,2008,olmsted_val.pdf table 'Control Z',datum is a DATASET-level assertion (lidar_semn2008.html: 'Vertical datum: NAVD88 (Geoid03)'); the validation reports themselves state no datum and no geoid,olmsted,378.364,-0.137
L4F-1084 Olmsted VRS,L4F,536889.526,4855967.092,380.042,m,EPSG:26915,NAVD88,GEOID03,lidar_semn2008,2008,olmsted_val.pdf table 'Control Z',datum is a DATASET-level assertion (lidar_semn2008.html: 'Vertical datum: NAVD88 (Geoid03)'); the validation reports themselves state no datum and no geoid,olmsted,380.182,-0.14
L4F-1092 Olmsted VRS,L4F,527536.241,4861513.426,378.27,m,EPSG:26915,NAVD88,GEOID03,lidar_semn2008,2008,olmsted_val.pdf table 'Control Z',datum is a DATASET-level assertion (lidar_semn2008.html: 'Vertical datum: NAVD88 (Geoid03)'); the validation reports themselves state no datum and no geoid,olmsted,378.398,-0.128
L4F-1098 Olmsted VRS,L4F,529631.41,4866361.109,379.168,m,EPSG:26915,NAVD88,GEOID03,lidar_semn2008,2008,olmsted_val.pdf table 'Control Z',datum is a DATASET-level assertion (lidar_semn2008.html: 'Vertical datum: NAVD88 (Geoid03)'); the validation reports themselves state no datum and no geoid,olmsted,379.216,-0.048
L4F-1110 Olmsted VRS,L4F,541828.92,4867720.093,323.329,m,EPSG:26915,NAVD88,GEOID03,lidar_semn2008,2008,olmsted_val.pdf table 'Control Z',datum is a DATASET-level assertion (lidar_semn2008.html: 'Vertical datum: NAVD88 (Geoid03)'); the validation reports themselves state no datum and no geoid,olmsted,323.397,-0.068
L4F-1116 Olmsted VRS,L4F,553050.97,4869665.393,344.425,m,EPSG:26915,NAVD88,GEOID03,lidar_semn2008,2008,olmsted_val.pdf table 'Control Z',datum is a DATASET-level assertion (lidar_semn2008.html: 'Vertical datum: NAVD88 (Geoid03)'); the validation reports themselves state no datum and no geoid,olmsted,344.436,-0.011
L4F-1136 Olmsted VRS,L4F,542573.479,4880824.118,294.881,m,EPSG:26915,NAVD88,GEOID03,lidar_semn2008,2008,olmsted_val.pdf table 'Control Z',datum is a DATASET-level assertion (lidar_semn2008.html: 'Vertical datum: NAVD88 (Geoid03)'); the validation reports themselves state no datum and no geoid,olmsted,295.013,-0.132
L4F-1142 Olmsted VRS,L4F,532936.595,4882194.208,354.288,m,EPSG:26915,NAVD88,GEOID03,lidar_semn2008,2008,olmsted_val.pdf table 'Control Z',datum is a DATASET-level assertion (lidar_semn2008.html: 'Vertical datum: NAVD88 (Geoid03)'); the validation reports themselves state no datum and no geoid,olmsted,354.287,0.001
L4F-1150 Olmsted VRS,L4F,531684.122,4889461.056,317.044,m,EPSG:26915,NAVD88,GEOID03,lidar_semn2008,2008,olmsted_val.pdf table 'Control Z',datum is a DATASET-level assertion (lidar_semn2008.html: 'Vertical datum: NAVD88 (Geoid03)'); the validation reports themselves state no datum and no geoid,olmsted,317.036,0.008
L4F-1160 Olmsted VRS,L4F,541268.621,4890588.403,344.208,m,EPSG:26915,NAVD88,GEOID03,lidar_semn2008,2008,olmsted_val.pdf table 'Control Z',datum is a DATASET-level assertion (lidar_semn2008.html: 'Vertical datum: NAVD88 (Geoid03)'); the validation reports themselves state no datum and no geoid,olmsted,344.299,-0.091
L4F-1166 Olmsted VRS,L4F,552915.751,4884266.127,358.135,m,EPSG:26915,NAVD88,GEOID03,lidar_semn2008,2008,olmsted_val.pdf table 'Control Z',datum is a DATASET-level assertion (lidar_semn2008.html: 'Vertical datum: NAVD88 (Geoid03)'); the validation reports themselves state no datum and no geoid,olmsted,358.12,0.015
L4F-1184 Olmsted VRS,L4F,549537.269,4880035.028,374.274,m,EPSG:26915,NAVD88,GEOID03,lidar_semn2008,2008,olmsted_val.pdf table 'Control Z',datum is a DATASET-level assertion (lidar_semn2008.html: 'Vertical datum: NAVD88 (Geoid03)'); the validation reports themselves state no datum and no geoid,olmsted,374.221,0.053
L4F-1188 Olmsted VRS,L4F,559353.84,4876082.686,392.093,m,EPSG:26915,NAVD88,GEOID03,lidar_semn2008,2008,olmsted_val.pdf table 'Control Z',datum is a DATASET-level assertion (lidar_semn2008.html: 'Vertical datum: NAVD88 (Geoid03)'); the validation reports themselves state no datum and no geoid,olmsted,392.155,-0.062
L4F-1200 Olmsted VRS,L4F,568073.135,4878543.917,345.256,m,EPSG:26915,NAVD88,GEOID03,lidar_semn2008,2008,olmsted_val.pdf table 'Control Z',datum is a DATASET-level assertion (lidar_semn2008.html: 'Vertical datum: NAVD88 (Geoid03)'); the validation reports themselves state no datum and no geoid,olmsted,345.379,-0.123
L4F-6111 Wabasha RTK,L4F,551503.597,4893713.179,321.245,m,EPSG:26915,NAVD88,GEOID03,lidar_semn2008,2008,olmsted_val.pdf table 'Control Z',datum is a DATASET-level assertion (lidar_semn2008.html: 'Vertical datum: NAVD88 (Geoid03)'); the validation reports themselves state no datum and no geoid,olmsted,321.232,0.013
L4F-6121 Wabasha RTK,L4F,555274.341,4884087.357,348.628,m,EPSG:26915,NAVD88,GEOID03,lidar_semn2008,2008,olmsted_val.pdf table 'Control Z',datum is a DATASET-level assertion (lidar_semn2008.html: 'Vertical datum: NAVD88 (Geoid03)'); the validation reports themselves state no datum and no geoid,olmsted,348.599,0.029
L4F-6127 Wabasha RTK,L4F,572073.179,4884119.395,343.867,m,EPSG:26915,NAVD88,GEOID03,lidar_semn2008,2008,olmsted_val.pdf table 'Control Z',datum is a DATASET-level assertion (lidar_semn2008.html: 'Vertical datum: NAVD88 (Geoid03)'); the validation reports themselves state no datum and no geoid,olmsted,343.915,-0.048
L4F-6145 Wabasha RTK,L4F,536590.043,4896035.15,333.409,m,EPSG:26915,NAVD88,GEOID03,lidar_semn2008,2008,olmsted_val.pdf table 'Control Z',datum is a DATASET-level assertion (lidar_semn2008.html: 'Vertical datum: NAVD88 (Geoid03)'); the validation reports themselves state no datum and no geoid,olmsted,333.709,-0.3
L5U-1008 Olmsted VRS,L5U,526589.86,4883106.233,377.197,m,EPSG:26915,NAVD88,GEOID03,lidar_semn2008,2008,olmsted_val.pdf table 'Control Z',datum is a DATASET-level assertion (lidar_semn2008.html: 'Vertical datum: NAVD88 (Geoid03)'); the validation reports themselves state no datum and no geoid,olmsted,377.096,0.101
L5U-1012 Olmsted VRS,L5U,561687.103,4870811.017,381.485,m,EPSG:26915,NAVD88,GEOID03,lidar_semn2008,2008,olmsted_val.pdf table 'Control Z',datum is a DATASET-level assertion (lidar_semn2008.html: 'Vertical datum: NAVD88 (Geoid03)'); the validation reports themselves state no datum and no geoid,olmsted,381.439,0.046
L5U-1022 Olmsted VRS,L5U,569133.415,4869515.845,349.026,m,EPSG:26915,NAVD88,GEOID03,lidar_semn2008,2008,olmsted_val.pdf table 'Control Z',datum is a DATASET-level assertion (lidar_semn2008.html: 'Vertical datum: NAVD88 (Geoid03)'); the validation reports themselves state no datum and no geoid,olmsted,348.978,0.048
L5U-1034 Olmsted VRS,L5U,565227.107,4855075.856,309.098,m,EPSG:26915,NAVD88,GEOID03,lidar_semn2008,2008,olmsted_val.pdf table 'Control Z',datum is a DATASET-level assertion (lidar_semn2008.html: 'Vertical datum: NAVD88 (Geoid03)'); the validation reports themselves state no datum and no geoid,olmsted,309.1,-0.002
L5U-1056 Olmsted VRS,L5U,564821.825,4855678.021,299.374,m,EPSG:26915,NAVD88,GEOID03,lidar_semn2008,2008,olmsted_val.pdf table 'Control Z',datum is a DATASET-level assertion (lidar_semn2008.html: 'Vertical datum: NAVD88 (Geoid03)'); the validation reports themselves state no datum and no geoid,olmsted,299.328,0.046
L5U-1064 Olmsted VRS,L5U,549454.612,4857553.342,390.857,m,EPSG:26915,NAVD88,GEOID03,lidar_semn2008,2008,olmsted_val.pdf table 'Control Z',datum is a DATASET-level assertion (lidar_semn2008.html: 'Vertical datum: NAVD88 (Geoid03)'); the validation reports themselves state no datum and no geoid,olmsted,390.822,0.035
L5U-1072 Olmsted VRS,L5U,547372.634,4863591.753,387.518,m,EPSG:26915,NAVD88,GEOID03,lidar_semn2008,2008,olmsted_val.pdf table 'Control Z',datum is a DATASET-level assertion (lidar_semn2008.html: 'Vertical datum: NAVD88 (Geoid03)'); the validation reports themselves state no datum and no geoid,olmsted,387.461,0.057
L5U-1076 Olmsted VRS,L5U,541076.076,4856009.764,373.282,m,EPSG:26915,NAVD88,GEOID03,lidar_semn2008,2008,olmsted_val.pdf table 'Control Z',datum is a DATASET-level assertion (lidar_semn2008.html: 'Vertical datum: NAVD88 (Geoid03)'); the validation reports themselves state no datum and no geoid,olmsted,373.257,0.025
L5U-1086 Olmsted VRS,L5U,528914.378,4863109.476,357.293,m,EPSG:26915,NAVD88,GEOID03,lidar_semn2008,2008,olmsted_val.pdf table 'Control Z',datum is a DATASET-level assertion (lidar_semn2008.html: 'Vertical datum: NAVD88 (Geoid03)'); the validation reports themselves state no datum and no geoid,olmsted,357.224,0.069
L5U-1102 Olmsted VRS,L5U,531509.193,4870378.437,328.277,m,EPSG:26915,NAVD88,GEOID03,lidar_semn2008,2008,olmsted_val.pdf table 'Control Z',datum is a DATASET-level assertion (lidar_semn2008.html: 'Vertical datum: NAVD88 (Geoid03)'); the validation reports themselves state no datum and no geoid,olmsted,328.18,0.097
L5U-1114 Olmsted VRS,L5U,542963.749,4867079.322,327.119,m,EPSG:26915,NAVD88,GEOID03,lidar_semn2008,2008,olmsted_val.pdf table 'Control Z',datum is a DATASET-level assertion (lidar_semn2008.html: 'Vertical datum: NAVD88 (Geoid03)'); the validation reports themselves state no datum and no geoid,olmsted,327.19,-0.071
L5U-1126 Olmsted VRS,L5U,545014.449,4873001.006,310.203,m,EPSG:26915,NAVD88,GEOID03,lidar_semn2008,2008,olmsted_val.pdf table 'Control Z',datum is a DATASET-level assertion (lidar_semn2008.html: 'Vertical datum: NAVD88 (Geoid03)'); the validation reports themselves state no datum and no geoid,olmsted,310.232,-0.029
L5U-1130 Olmsted VRS,L5U,543057.039,4875287.475,301.925,m,EPSG:26915,NAVD88,GEOID03,lidar_semn2008,2008,olmsted_val.pdf table 'Control Z',datum is a DATASET-level assertion (lidar_semn2008.html: 'Vertical datum: NAVD88 (Geoid03)'); the validation reports themselves state no datum and no geoid,olmsted,301.954,-0.029
L5U-1146 Olmsted VRS,L5U,528412.015,4875526.231,384.64,m,EPSG:26915,NAVD88,GEOID03,lidar_semn2008,2008,olmsted_val.pdf table 'Control Z',datum is a DATASET-level assertion (lidar_semn2008.html: 'Vertical datum: NAVD88 (Geoid03)'); the validation reports themselves state no datum and no geoid,olmsted,384.526,0.114
L5U-1148 Olmsted VRS,L5U,528319.242,4893394.148,304.998,m,EPSG:26915,NAVD88,GEOID03,lidar_semn2008,2008,olmsted_val.pdf table 'Control Z',datum is a DATASET-level assertion (lidar_semn2008.html: 'Vertical datum: NAVD88 (Geoid03)'); the validation reports themselves state no datum and no geoid,olmsted,304.933,0.065
L5U-1156 Olmsted VRS,L5U,537140.129,4890439.25,296.587,m,EPSG:26915,NAVD88,GEOID03,lidar_semn2008,2008,olmsted_val.pdf table 'Control Z',datum is a DATASET-level assertion (lidar_semn2008.html: 'Vertical datum: NAVD88 (Geoid03)'); the validation reports themselves state no datum and no geoid,olmsted,296.695,-0.108
L5U-1164 Olmsted VRS,L5U,552849.037,4890501.32,347.058,m,EPSG:26915,NAVD88,GEOID03,lidar_semn2008,2008,olmsted_val.pdf table 'Control Z',datum is a DATASET-level assertion (lidar_semn2008.html: 'Vertical datum: NAVD88 (Geoid03)'); the validation reports themselves state no datum and no geoid,olmsted,347.026,0.032
L5U-1178 Olmsted VRS,L5U,545554.432,4874545.121,309.432,m,EPSG:26915,NAVD88,GEOID03,lidar_semn2008,2008,olmsted_val.pdf table 'Control Z',datum is a DATASET-level assertion (lidar_semn2008.html: 'Vertical datum: NAVD88 (Geoid03)'); the validation reports themselves state no datum and no geoid,olmsted,309.424,0.008
L5U-1180 Olmsted VRS,L5U,543373.55,4871384.611,314.284,m,EPSG:26915,NAVD88,GEOID03,lidar_semn2008,2008,olmsted_val.pdf table 'Control Z',datum is a DATASET-level assertion (lidar_semn2008.html: 'Vertical datum: NAVD88 (Geoid03)'); the validation reports themselves state no datum and no geoid,olmsted,314.293,-0.009
L5U-1190 Olmsted VRS,L5U,558714.696,4879207.521,354.733,m,EPSG:26915,NAVD88,GEOID03,lidar_semn2008,2008,olmsted_val.pdf table 'Control Z',datum is a DATASET-level assertion (lidar_semn2008.html: 'Vertical datum: NAVD88 (Geoid03)'); the validation reports themselves state no datum and no geoid,olmsted,354.687,0.046
L5U-2301 Fillmore VRS,L5U,565429.01,4854964.288,310.071,m,EPSG:26915,NAVD88,GEOID03,lidar_semn2008,2008,olmsted_val.pdf table 'Control Z',datum is a DATASET-level assertion (lidar_semn2008.html: 'Vertical datum: NAVD88 (Geoid03)'); the validation reports themselves state no datum and no geoid,olmsted,310.191,-0.12
L5U-2305 Fillmore VRS,L5U,564973.057,4855147.461,307.041,m,EPSG:26915,NAVD88,GEOID03,lidar_semn2008,2008,olmsted_val.pdf table 'Control Z',datum is a DATASET-level assertion (lidar_semn2008.html: 'Vertical datum: NAVD88 (Geoid03)'); the validation reports themselves state no datum and no geoid,olmsted,307.018,0.023
L5U-2306 Fillmore VRS,L5U,565306.037,4854863.274,308.113,m,EPSG:26915,NAVD88,GEOID03,lidar_semn2008,2008,olmsted_val.pdf table 'Control Z',datum is a DATASET-level assertion (lidar_semn2008.html: 'Vertical datum: NAVD88 (Geoid03)'); the validation reports themselves state no datum and no geoid,olmsted,308.262,-0.149
L1O-4001-Steele RTK,L1O,491379.226,4865430.973,391.794,m,EPSG:26915,NAVD88,GEOID03,lidar_semn2008,2008,steele_val.pdf table 'Control Z',datum is a DATASET-level assertion (lidar_semn2008.html: 'Vertical datum: NAVD88 (Geoid03)'); the validation reports themselves state no datum and no geoid,steele,391.764,0.03
L1O-4005-Steele RTK,L1O,491372.317,4870366.714,393.647,m,EPSG:26915,NAVD88,GEOID03,lidar_semn2008,2008,steele_val.pdf table 'Control Z',datum is a DATASET-level assertion (lidar_semn2008.html: 'Vertical datum: NAVD88 (Geoid03)'); the validation reports themselves state no datum and no geoid,steele,393.577,0.07
L1O-4009-Steele RTK,L1O,481882.19,4878250.461,372.187,m,EPSG:26915,NAVD88,GEOID03,lidar_semn2008,2008,steele_val.pdf table 'Control Z',datum is a DATASET-level assertion (lidar_semn2008.html: 'Vertical datum: NAVD88 (Geoid03)'); the validation reports themselves state no datum and no geoid,steele,372.049,0.138
L1O-4010-Steele RTK,L1O,481882.143,4878157.712,371.792,m,EPSG:26915,NAVD88,GEOID03,lidar_semn2008,2008,steele_val.pdf table 'Control Z',datum is a DATASET-level assertion (lidar_semn2008.html: 'Vertical datum: NAVD88 (Geoid03)'); the validation reports themselves state no datum and no geoid,steele,371.64,0.152
L1O-4012-Steele RTK,L1O,484865.026,4878656.622,370.055,m,EPSG:26915,NAVD88,GEOID03,lidar_semn2008,2008,steele_val.pdf table 'Control Z',datum is a DATASET-level assertion (lidar_semn2008.html: 'Vertical datum: NAVD88 (Geoid03)'); the validation reports themselves state no datum and no geoid,steele,370.008,0.047
L1O-4014-Steele RTK,L1O,489199.832,4881258.239,380.066,m,EPSG:26915,NAVD88,GEOID03,lidar_semn2008,2008,steele_val.pdf table 'Control Z',datum is a DATASET-level assertion (lidar_semn2008.html: 'Vertical datum: NAVD88 (Geoid03)'); the validation reports themselves state no datum and no geoid,steele,379.994,0.072
L1O-4018-Steele RTK,L1O,488270.587,4877232.342,374.996,m,EPSG:26915,NAVD88,GEOID03,lidar_semn2008,2008,steele_val.pdf table 'Control Z',datum is a DATASET-level assertion (lidar_semn2008.html: 'Vertical datum: NAVD88 (Geoid03)'); the validation reports themselves state no datum and no geoid,steele,374.831,0.165
L1O-4019-Steele RTK,L1O,488270.067,4877351.279,375.135,m,EPSG:26915,NAVD88,GEOID03,lidar_semn2008,2008,steele_val.pdf table 'Control Z',datum is a DATASET-level assertion (lidar_semn2008.html: 'Vertical datum: NAVD88 (Geoid03)'); the validation reports themselves state no datum and no geoid,steele,374.943,0.192
L1O-4022-Steele RTK,L1O,488297.909,4877234.01,373.77,m,EPSG:26915,NAVD88,GEOID03,lidar_semn2008,2008,steele_val.pdf table 'Control Z',datum is a DATASET-level assertion (lidar_semn2008.html: 'Vertical datum: NAVD88 (Geoid03)'); the validation reports themselves state no datum and no geoid,steele,373.633,0.137
L1O-4026-Steele RTK,L1O,479416.163,4878604.907,359.389,m,EPSG:26915,NAVD88,GEOID03,lidar_semn2008,2008,steele_val.pdf table 'Control Z',datum is a DATASET-level assertion (lidar_semn2008.html: 'Vertical datum: NAVD88 (Geoid03)'); the validation reports themselves state no datum and no geoid,steele,359.264,0.125
L1O-4030-Steele RTK,L1O,473856.639,4880963.865,348.366,m,EPSG:26915,NAVD88,GEOID03,lidar_semn2008,2008,steele_val.pdf table 'Control Z',datum is a DATASET-level assertion (lidar_semn2008.html: 'Vertical datum: NAVD88 (Geoid03)'); the validation reports themselves state no datum and no geoid,steele,348.222,0.144
L1O-4031-Steele RTK,L1O,473856.963,4881002.034,349.295,m,EPSG:26915,NAVD88,GEOID03,lidar_semn2008,2008,steele_val.pdf table 'Control Z',datum is a DATASET-level assertion (lidar_semn2008.html: 'Vertical datum: NAVD88 (Geoid03)'); the validation reports themselves state no datum and no geoid,steele,349.198,0.097
L1O-4033-Steele RTK,L1O,473816.881,4881002.779,349.65,m,EPSG:26915,NAVD88,GEOID03,lidar_semn2008,2008,steele_val.pdf table 'Control Z',datum is a DATASET-level assertion (lidar_semn2008.html: 'Vertical datum: NAVD88 (Geoid03)'); the validation reports themselves state no datum and no geoid,steele,349.614,0.036
L1O-4036-Steele RTK,L1O,469047.194,4874367.615,362.29,m,EPSG:26915,NAVD88,GEOID03,lidar_semn2008,2008,steele_val.pdf table 'Control Z',datum is a DATASET-level assertion (lidar_semn2008.html: 'Vertical datum: NAVD88 (Geoid03)'); the validation reports themselves state no datum and no geoid,steele,362.319,-0.029
L1O-4037-Steele RTK,L1O,469056.204,4874428.872,361.718,m,EPSG:26915,NAVD88,GEOID03,lidar_semn2008,2008,steele_val.pdf table 'Control Z',datum is a DATASET-level assertion (lidar_semn2008.html: 'Vertical datum: NAVD88 (Geoid03)'); the validation reports themselves state no datum and no geoid,steele,361.695,0.023
L1O-4038-Steele RTK,L1O,475502.406,4876301.127,362.624,m,EPSG:26915,NAVD88,GEOID03,lidar_semn2008,2008,steele_val.pdf table 'Control Z',datum is a DATASET-level assertion (lidar_semn2008.html: 'Vertical datum: NAVD88 (Geoid03)'); the validation reports themselves state no datum and no geoid,steele,362.601,0.023
L1O-4041-Steele RTK,L1O,479528.284,4889509.403,343.867,m,EPSG:26915,NAVD88,GEOID03,lidar_semn2008,2008,steele_val.pdf table 'Control Z',datum is a DATASET-level assertion (lidar_semn2008.html: 'Vertical datum: NAVD88 (Geoid03)'); the validation reports themselves state no datum and no geoid,steele,343.917,-0.05
L1O-4045-Steele RTK,L1O,481491.85,4885691.92,339.476,m,EPSG:26915,NAVD88,GEOID03,lidar_semn2008,2008,steele_val.pdf table 'Control Z',datum is a DATASET-level assertion (lidar_semn2008.html: 'Vertical datum: NAVD88 (Geoid03)'); the validation reports themselves state no datum and no geoid,steele,339.449,0.027
L1O-4046-Steele RTK,L1O,481529.155,4885691.667,338.751,m,EPSG:26915,NAVD88,GEOID03,lidar_semn2008,2008,steele_val.pdf table 'Control Z',datum is a DATASET-level assertion (lidar_semn2008.html: 'Vertical datum: NAVD88 (Geoid03)'); the validation reports themselves state no datum and no geoid,steele,338.683,0.068
L1O-4050-Steele RTK,L1O,482674.303,4888947.554,370.76,m,EPSG:26915,NAVD88,GEOID03,lidar_semn2008,2008,steele_val.pdf table 'Control Z',datum is a DATASET-level assertion (lidar_semn2008.html: 'Vertical datum: NAVD88 (Geoid03)'); the validation reports themselves state no datum and no geoid,steele,370.505,0.255
L1O-4051-Steele RTK,L1O,483518.132,4891043.755,359.018,m,EPSG:26915,NAVD88,GEOID03,lidar_semn2008,2008,steele_val.pdf table 'Control Z',datum is a DATASET-level assertion (lidar_semn2008.html: 'Vertical datum: NAVD88 (Geoid03)'); the validation reports themselves state no datum and no geoid,steele,358.953,0.065
L1O-4054-Steele RTK,L1O,475502.273,4890550.676,343.811,m,EPSG:26915,NAVD88,GEOID03,lidar_semn2008,2008,steele_val.pdf table 'Control Z',datum is a DATASET-level assertion (lidar_semn2008.html: 'Vertical datum: NAVD88 (Geoid03)'); the validation reports themselves state no datum and no geoid,steele,343.768,0.043
L1O-4055-Steele RTK,L1O,475499.791,4890598.733,343.565,m,EPSG:26915,NAVD88,GEOID03,lidar_semn2008,2008,steele_val.pdf table 'Control Z',datum is a DATASET-level assertion (lidar_semn2008.html: 'Vertical datum: NAVD88 (Geoid03)'); the validation reports themselves state no datum and no geoid,steele,343.506,0.059
L1O-4057-Steele RTK,L1O,475459.332,4890606.575,342.283,m,EPSG:26915,NAVD88,GEOID03,lidar_semn2008,2008,steele_val.pdf table 'Control Z',datum is a DATASET-level assertion (lidar_semn2008.html: 'Vertical datum: NAVD88 (Geoid03)'); the validation reports themselves state no datum and no geoid,steele,342.222,0.061
L1O-4058-Steele RTK,L1O,471387.539,4890614.314,359.594,m,EPSG:26915,NAVD88,GEOID03,lidar_semn2008,2008,steele_val.pdf table 'Control Z',datum is a DATASET-level assertion (lidar_semn2008.html: 'Vertical datum: NAVD88 (Geoid03)'); the validation reports themselves state no datum and no geoid,steele,359.561,0.033
L1O-4061-Steele RTK,L1O,469919.575,4889716.618,352.205,m,EPSG:26915,NAVD88,GEOID03,lidar_semn2008,2008,steele_val.pdf table 'Control Z',datum is a DATASET-level assertion (lidar_semn2008.html: 'Vertical datum: NAVD88 (Geoid03)'); the validation reports themselves state no datum and no geoid,steele,352.187,0.018
L1O-4063-Steele RTK,L1O,491457.64,4888922.03,382.24,m,EPSG:26915,NAVD88,GEOID03,lidar_semn2008,2008,steele_val.pdf table 'Control Z',datum is a DATASET-level assertion (lidar_semn2008.html: 'Vertical datum: NAVD88 (Geoid03)'); the validation reports themselves state no datum and no geoid,steele,382.152,0.088
L1O-4064-Steele RTK,L1O,494606.857,4887997.282,380.925,m,EPSG:26915,NAVD88,GEOID03,lidar_semn2008,2008,steele_val.pdf table 'Control Z',datum is a DATASET-level assertion (lidar_semn2008.html: 'Vertical datum: NAVD88 (Geoid03)'); the validation reports themselves state no datum and no geoid,steele,380.792,0.133
L1O-4065-Steele RTK,L1O,494726.821,4886303.715,386.757,m,EPSG:26915,NAVD88,GEOID03,lidar_semn2008,2008,steele_val.pdf table 'Control Z',datum is a DATASET-level assertion (lidar_semn2008.html: 'Vertical datum: NAVD88 (Geoid03)'); the validation reports themselves state no datum and no geoid,steele,386.655,0.102
L1O-4066-Steele RTK,L1O,494727.004,4886253.537,387.587,m,EPSG:26915,NAVD88,GEOID03,lidar_semn2008,2008,steele_val.pdf table 'Control Z',datum is a DATASET-level assertion (lidar_semn2008.html: 'Vertical datum: NAVD88 (Geoid03)'); the validation reports themselves state no datum and no geoid,steele,387.33,0.257
L1O-4070-Steele RTK,L1O,491679.243,4891369.103,381.206,m,EPSG:26915,NAVD88,GEOID03,lidar_semn2008,2008,steele_val.pdf table 'Control Z',datum is a DATASET-level assertion (lidar_semn2008.html: 'Vertical datum: NAVD88 (Geoid03)'); the validation reports themselves state no datum and no geoid,steele,381.162,0.044
L1O-4073-Steele RTK,L1O,489084.128,4885648.086,380.311,m,EPSG:26915,NAVD88,GEOID03,lidar_semn2008,2008,steele_val.pdf table 'Control Z',datum is a DATASET-level assertion (lidar_semn2008.html: 'Vertical datum: NAVD88 (Geoid03)'); the validation reports themselves state no datum and no geoid,steele,380.283,0.028
L1O-4075-Steele RTK,L1O,489838.055,4872519.427,381.68,m,EPSG:26915,NAVD88,GEOID03,lidar_semn2008,2008,steele_val.pdf table 'Control Z',datum is a DATASET-level assertion (lidar_semn2008.html: 'Vertical datum: NAVD88 (Geoid03)'); the validation reports themselves state no datum and no geoid,steele,381.614,0.066
L1O-4077-Steele RTK,L1O,493181.399,4872746.477,394.936,m,EPSG:26915,NAVD88,GEOID03,lidar_semn2008,2008,steele_val.pdf table 'Control Z',datum is a DATASET-level assertion (lidar_semn2008.html: 'Vertical datum: NAVD88 (Geoid03)'); the validation reports themselves state no datum and no geoid,steele,394.695,0.241
L1O-4078-Steele RTK,L1O,481906.806,4874199.844,355.737,m,EPSG:26915,NAVD88,GEOID03,lidar_semn2008,2008,steele_val.pdf table 'Control Z',datum is a DATASET-level assertion (lidar_semn2008.html: 'Vertical datum: NAVD88 (Geoid03)'); the validation reports themselves state no datum and no geoid,steele,355.605,0.132
L1O-4081-Steele RTK,L1O,485052.647,4867668.345,387.017,m,EPSG:26915,NAVD88,GEOID03,lidar_semn2008,2008,steele_val.pdf table 'Control Z',datum is a DATASET-level assertion (lidar_semn2008.html: 'Vertical datum: NAVD88 (Geoid03)'); the validation reports themselves state no datum and no geoid,steele,387.101,-0.084
L1O-4083-Steele RTK,L1O,481928.495,4866490.405,375.584,m,EPSG:26915,NAVD88,GEOID03,lidar_semn2008,2008,steele_val.pdf table 'Control Z',datum is a DATASET-level assertion (lidar_semn2008.html: 'Vertical datum: NAVD88 (Geoid03)'); the validation reports themselves state no datum and no geoid,steele,375.404,0.18
L1O-4087-Steele RTK,L1O,476632.975,4867170.333,363.595,m,EPSG:26915,NAVD88,GEOID03,lidar_semn2008,2008,steele_val.pdf table 'Control Z',datum is a DATASET-level assertion (lidar_semn2008.html: 'Vertical datum: NAVD88 (Geoid03)'); the validation reports themselves state no datum and no geoid,steele,363.474,0.121
L1O-4094-Steele RTK,L1O,470536.934,4866382.219,362.539,m,EPSG:26915,NAVD88,GEOID03,lidar_semn2008,2008,steele_val.pdf table 'Control Z',datum is a DATASET-level assertion (lidar_semn2008.html: 'Vertical datum: NAVD88 (Geoid03)'); the validation reports themselves state no datum and no geoid,steele,362.458,0.081
L1O-4096-Steele RTK,L1O,481894.052,4863919.181,363.847,m,EPSG:26915,NAVD88,GEOID03,lidar_semn2008,2008,steele_val.pdf table 'Control Z',datum is a DATASET-level assertion (lidar_semn2008.html: 'Vertical datum: NAVD88 (Geoid03)'); the validation reports themselves state no datum and no geoid,steele,363.73,0.117
L1O-4103-Steele RTK,L1O,485204.738,4859927.021,363.345,m,EPSG:26915,NAVD88,GEOID03,lidar_semn2008,2008,steele_val.pdf table 'Control Z',datum is a DATASET-level assertion (lidar_semn2008.html: 'Vertical datum: NAVD88 (Geoid03)'); the validation reports themselves state no datum and no geoid,steele,363.289,0.056
L1O-4107-Steele RTK,L1O,472114.061,4858446.546,379.195,m,EPSG:26915,NAVD88,GEOID03,lidar_semn2008,2008,steele_val.pdf table 'Control Z',datum is a DATASET-level assertion (lidar_semn2008.html: 'Vertical datum: NAVD88 (Geoid03)'); the validation reports themselves state no datum and no geoid,steele,379.119,0.076
L1O-4110-Steele RTK,L1O,467653.4,4863181.845,380.724,m,EPSG:26915,NAVD88,GEOID03,lidar_semn2008,2008,steele_val.pdf table 'Control Z',datum is a DATASET-level assertion (lidar_semn2008.html: 'Vertical datum: NAVD88 (Geoid03)'); the validation reports themselves state no datum and no geoid,steele,380.658,0.066
L1O-4112-Steele RTK,L1O,473806.057,4861994.317,380.213,m,EPSG:26915,NAVD88,GEOID03,lidar_semn2008,2008,steele_val.pdf table 'Control Z',datum is a DATASET-level assertion (lidar_semn2008.html: 'Vertical datum: NAVD88 (Geoid03)'); the validation reports themselves state no datum and no geoid,steele,380.175,0.038
L1O-4117-Steele RTK,L1O,491114.19,4856578.052,384.019,m,EPSG:26915,NAVD88,GEOID03,lidar_semn2008,2008,steele_val.pdf table 'Control Z',datum is a DATASET-level assertion (lidar_semn2008.html: 'Vertical datum: NAVD88 (Geoid03)'); the validation reports themselves state no datum and no geoid,steele,383.879,0.14
L1O-4119-Steele RTK,L1O,495579.716,4863318.542,391.77,m,EPSG:26915,NAVD88,GEOID03,lidar_semn2008,2008,steele_val.pdf table 'Control Z',datum is a DATASET-level assertion (lidar_semn2008.html: 'Vertical datum: NAVD88 (Geoid03)'); the validation reports themselves state no datum and no geoid,steele,391.435,0.335
L1O-4134-Steele RTK,L1O,491500.033,4889719.947,382.037,m,EPSG:26915,NAVD88,GEOID03,lidar_semn2008,2008,steele_val.pdf table 'Control Z',datum is a DATASET-level assertion (lidar_semn2008.html: 'Vertical datum: NAVD88 (Geoid03)'); the validation reports themselves state no datum and no geoid,steele,382.033,0.004
L1O-4135-Steele RTK,L1O,489891.83,4889715.765,382.726,m,EPSG:26915,NAVD88,GEOID03,lidar_semn2008,2008,steele_val.pdf table 'Control Z',datum is a DATASET-level assertion (lidar_semn2008.html: 'Vertical datum: NAVD88 (Geoid03)'); the validation reports themselves state no datum and no geoid,steele,382.727,-0.001
L1O-4136-Steele RTK,L1O,477700.083,4857471.808,379.485,m,EPSG:26915,NAVD88,GEOID03,lidar_semn2008,2008,steele_val.pdf table 'Control Z',datum is a DATASET-level assertion (lidar_semn2008.html: 'Vertical datum: NAVD88 (Geoid03)'); the validation reports themselves state no datum and no geoid,steele,379.402,0.083
L1O-4138-Steele RTK,L1O,481847.506,4859899.759,360.57,m,EPSG:26915,NAVD88,GEOID03,lidar_semn2008,2008,steele_val.pdf table 'Control Z',datum is a DATASET-level assertion (lidar_semn2008.html: 'Vertical datum: NAVD88 (Geoid03)'); the validation reports themselves state no datum and no geoid,steele,360.446,0.124
L1O-4139-Steele RTK,L1O,489898.397,4861129.324,374.995,m,EPSG:26915,NAVD88,GEOID03,lidar_semn2008,2008,steele_val.pdf table 'Control Z',datum is a DATASET-level assertion (lidar_semn2008.html: 'Vertical datum: NAVD88 (Geoid03)'); the validation reports themselves state no datum and no geoid,steele,374.839,0.156
L1O-4141-Steele RTK,L1O,491117.854,4865924.546,396.144,m,EPSG:26915,NAVD88,GEOID03,lidar_semn2008,2008,steele_val.pdf table 'Control Z',datum is a DATASET-level assertion (lidar_semn2008.html: 'Vertical datum: NAVD88 (Geoid03)'); the validation reports themselves state no datum and no geoid,steele,396.274,-0.13
L1O-4142-Steele RTK,L1O,489440.558,4870393.942,382.768,m,EPSG:26915,NAVD88,GEOID03,lidar_semn2008,2008,steele_val.pdf table 'Control Z',datum is a DATASET-level assertion (lidar_semn2008.html: 'Vertical datum: NAVD88 (Geoid03)'); the validation reports themselves state no datum and no geoid,steele,382.71,0.058
L1O-4145-Steele RTK,L1O,473887.054,4888815.235,347.268,m,EPSG:26915,NAVD88,GEOID03,lidar_semn2008,2008,steele_val.pdf table 'Control Z',datum is a DATASET-level assertion (lidar_semn2008.html: 'Vertical datum: NAVD88 (Geoid03)'); the validation reports themselves state no datum and no geoid,steele,347.277,-0.009
L1O-4148-Steele RTK,L1O,491509.951,4888914.542,382.817,m,EPSG:26915,NAVD88,GEOID03,lidar_semn2008,2008,steele_val.pdf table 'Control Z',datum is a DATASET-level assertion (lidar_semn2008.html: 'Vertical datum: NAVD88 (Geoid03)'); the validation reports themselves state no datum and no geoid,steele,382.788,0.029
L1O-4149-Steele RTK,L1O,484878.068,4878511.741,380.366,m,EPSG:26915,NAVD88,GEOID03,lidar_semn2008,2008,steele_val.pdf table 'Control Z',datum is a DATASET-level assertion (lidar_semn2008.html: 'Vertical datum: NAVD88 (Geoid03)'); the validation reports themselves state no datum and no geoid,steele,380.227,0.139
L1O-9094-Dodge VRS,L1O,496193.143,4857485.573,393.041,m,EPSG:26915,NAVD88,GEOID03,lidar_semn2008,2008,steele_val.pdf table 'Control Z',datum is a DATASET-level assertion (lidar_semn2008.html: 'Vertical datum: NAVD88 (Geoid03)'); the validation reports themselves state no datum and no geoid,steele,392.925,0.116
L2T-4003-Steele RTK,L2T,490263.337,4865879.393,402.041,m,EPSG:26915,NAVD88,GEOID03,lidar_semn2008,2008,steele_val.pdf table 'Control Z',datum is a DATASET-level assertion (lidar_semn2008.html: 'Vertical datum: NAVD88 (Geoid03)'); the validation reports themselves state no datum and no geoid,steele,402.062,-0.021
L2T-4006-Steele RTK,L2T,491328.125,4870367.803,392.088,m,EPSG:26915,NAVD88,GEOID03,lidar_semn2008,2008,steele_val.pdf table 'Control Z',datum is a DATASET-level assertion (lidar_semn2008.html: 'Vertical datum: NAVD88 (Geoid03)'); the validation reports themselves state no datum and no geoid,steele,392.023,0.065
L2T-4011-Steele RTK,L2T,482108.533,4877529.389,365.61,m,EPSG:26915,NAVD88,GEOID03,lidar_semn2008,2008,steele_val.pdf table 'Control Z',datum is a DATASET-level assertion (lidar_semn2008.html: 'Vertical datum: NAVD88 (Geoid03)'); the validation reports themselves state no datum and no geoid,steele,365.751,-0.141
L2T-4016-Steele RTK,L2T,491756.678,4877654.014,390.816,m,EPSG:26915,NAVD88,GEOID03,lidar_semn2008,2008,steele_val.pdf table 'Control Z',datum is a DATASET-level assertion (lidar_semn2008.html: 'Vertical datum: NAVD88 (Geoid03)'); the validation reports themselves state no datum and no geoid,steele,390.909,-0.093
L2T-4023-Steele RTK,L2T,491428.824,4875980.54,384.711,m,EPSG:26915,NAVD88,GEOID03,lidar_semn2008,2008,steele_val.pdf table 'Control Z',datum is a DATASET-level assertion (lidar_semn2008.html: 'Vertical datum: NAVD88 (Geoid03)'); the validation reports themselves state no datum and no geoid,steele,384.732,-0.021
L2T-4027-Steele RTK,L2T,480568.429,4877687.781,345.896,m,EPSG:26915,NAVD88,GEOID03,lidar_semn2008,2008,steele_val.pdf table 'Control Z',datum is a DATASET-level assertion (lidar_semn2008.html: 'Vertical datum: NAVD88 (Geoid03)'); the validation reports themselves state no datum and no geoid,steele,345.941,-0.045
L2T-4029-Steele RTK,L2T,473879.758,4879511.404,361.076,m,EPSG:26915,NAVD88,GEOID03,lidar_semn2008,2008,steele_val.pdf table 'Control Z',datum is a DATASET-level assertion (lidar_semn2008.html: 'Vertical datum: NAVD88 (Geoid03)'); the validation reports themselves state no datum and no geoid,steele,361.249,-0.173
L2T-4034-Steele RTK,L2T,468257.922,4882597.909,338.464,m,EPSG:26915,NAVD88,GEOID03,lidar_semn2008,2008,steele_val.pdf table 'Control Z',datum is a DATASET-level assertion (lidar_semn2008.html: 'Vertical datum: NAVD88 (Geoid03)'); the validation reports themselves state no datum and no geoid,steele,338.75,-0.286
L2T-4049-Steele RTK,L2T,483192.457,4885701.719,367.964,m,EPSG:26915,NAVD88,GEOID03,lidar_semn2008,2008,steele_val.pdf table 'Control Z',datum is a DATASET-level assertion (lidar_semn2008.html: 'Vertical datum: NAVD88 (Geoid03)'); the validation reports themselves state no datum and no geoid,steele,368.206,-0.242
L2T-4052-Steele RTK,L2T,475431.7,4885142.643,344.248,m,EPSG:26915,NAVD88,GEOID03,lidar_semn2008,2008,steele_val.pdf table 'Control Z',datum is a DATASET-level assertion (lidar_semn2008.html: 'Vertical datum: NAVD88 (Geoid03)'); the validation reports themselves state no datum and no geoid,steele,344.403,-0.155
L2T-4062-Steele RTK,L2T,469869.342,4891395.08,340.163,m,EPSG:26915,NAVD88,GEOID03,lidar_semn2008,2008,steele_val.pdf table 'Control Z',datum is a DATASET-level assertion (lidar_semn2008.html: 'Vertical datum: NAVD88 (Geoid03)'); the validation reports themselves state no datum and no geoid,steele,340.197,-0.034
L2T-4072-Steele RTK,L2T,488252.196,4888555.051,375.749,m,EPSG:26915,NAVD88,GEOID03,lidar_semn2008,2008,steele_val.pdf table 'Control Z',datum is a DATASET-level assertion (lidar_semn2008.html: 'Vertical datum: NAVD88 (Geoid03)'); the validation reports themselves state no datum and no geoid,steele,375.757,-0.008
L2T-4076-Steele RTK,L2T,490857.085,4872827.021,385.12,m,EPSG:26915,NAVD88,GEOID03,lidar_semn2008,2008,steele_val.pdf table 'Control Z',datum is a DATASET-level assertion (lidar_semn2008.html: 'Vertical datum: NAVD88 (Geoid03)'); the validation reports themselves state no datum and no geoid,steele,385.141,-0.021
L2T-4080-Steele RTK,L2T,485191.38,4872761.999,371.209,m,EPSG:26915,NAVD88,GEOID03,lidar_semn2008,2008,steele_val.pdf table 'Control Z',datum is a DATASET-level assertion (lidar_semn2008.html: 'Vertical datum: NAVD88 (Geoid03)'); the validation reports themselves state no datum and no geoid,steele,371.232,-0.023
L2T-4084-Steele RTK,L2T,481828.543,4869395.927,374.497,m,EPSG:26915,NAVD88,GEOID03,lidar_semn2008,2008,steele_val.pdf table 'Control Z',datum is a DATASET-level assertion (lidar_semn2008.html: 'Vertical datum: NAVD88 (Geoid03)'); the validation reports themselves state no datum and no geoid,steele,374.484,0.013
L2T-4089-Steele RTK,L2T,476606.414,4871979.536,352.343,m,EPSG:26915,NAVD88,GEOID03,lidar_semn2008,2008,steele_val.pdf table 'Control Z',datum is a DATASET-level assertion (lidar_semn2008.html: 'Vertical datum: NAVD88 (Geoid03)'); the validation reports themselves state no datum and no geoid,steele,352.499,-0.156
L2T-4091-Steele RTK,L2T,471798.419,4871900.635,375.594,m,EPSG:26915,NAVD88,GEOID03,lidar_semn2008,2008,steele_val.pdf table 'Control Z',datum is a DATASET-level assertion (lidar_semn2008.html: 'Vertical datum: NAVD88 (Geoid03)'); the validation reports themselves state no datum and no geoid,steele,375.616,-0.022
L2T-4098-Steele RTK,L2T,479771.633,4863116.328,360.414,m,EPSG:26915,NAVD88,GEOID03,lidar_semn2008,2008,steele_val.pdf table 'Control Z',datum is a DATASET-level assertion (lidar_semn2008.html: 'Vertical datum: NAVD88 (Geoid03)'); the validation reports themselves state no datum and no geoid,steele,360.374,0.04
L2T-4100-Steele RTK,L2T,478254.138,4857452.454,374.775,m,EPSG:26915,NAVD88,GEOID03,lidar_semn2008,2008,steele_val.pdf table 'Control Z',datum is a DATASET-level assertion (lidar_semn2008.html: 'Vertical datum: NAVD88 (Geoid03)'); the validation reports themselves state no datum and no geoid,steele,374.664,0.111
L2T-4104-Steele RTK,L2T,479343.373,4861527.76,359.651,m,EPSG:26915,NAVD88,GEOID03,lidar_semn2008,2008,steele_val.pdf table 'Control Z',datum is a DATASET-level assertion (lidar_semn2008.html: 'Vertical datum: NAVD88 (Geoid03)'); the validation reports themselves state no datum and no geoid,steele,359.616,0.035
L2T-4105-Steele RTK,L2T,474747.835,4858247.955,387.678,m,EPSG:26915,NAVD88,GEOID03,lidar_semn2008,2008,steele_val.pdf table 'Control Z',datum is a DATASET-level assertion (lidar_semn2008.html: 'Vertical datum: NAVD88 (Geoid03)'); the validation reports themselves state no datum and no geoid,steele,387.539,0.139
L2T-4111-Steele RTK,L2T,469752.675,4863167.199,374.835,m,EPSG:26915,NAVD88,GEOID03,lidar_semn2008,2008,steele_val.pdf table 'Control Z',datum is a DATASET-level assertion (lidar_semn2008.html: 'Vertical datum: NAVD88 (Geoid03)'); the validation reports themselves state no datum and no geoid,steele,375.092,-0.257
L2T-4114-Steele RTK,L2T,489931.797,4859434.039,384.32,m,EPSG:26915,NAVD88,GEOID03,lidar_semn2008,2008,steele_val.pdf table 'Control Z',datum is a DATASET-level assertion (lidar_semn2008.html: 'Vertical datum: NAVD88 (Geoid03)'); the validation reports themselves state no datum and no geoid,steele,384.29,0.03
L2T-4118-Steele RTK,L2T,495510.982,4860379.361,393.835,m,EPSG:26915,NAVD88,GEOID03,lidar_semn2008,2008,steele_val.pdf table 'Control Z',datum is a DATASET-level assertion (lidar_semn2008.html: 'Vertical datum: NAVD88 (Geoid03)'); the validation reports themselves state no datum and no geoid,steele,393.908,-0.073
L2T-4120-Steele RTK,L2T,488793.171,4863158.735,394.429,m,EPSG:26915,NAVD88,GEOID03,lidar_semn2008,2008,steele_val.pdf table 'Control Z',datum is a DATASET-level assertion (lidar_semn2008.html: 'Vertical datum: NAVD88 (Geoid03)'); the validation reports themselves state no datum and no geoid,steele,394.406,0.023
L2T-4137-Steele RTK,L2T,472193.051,4858886.101,380.793,m,EPSG:26915,NAVD88,GEOID03,lidar_semn2008,2008,steele_val.pdf table 'Control Z',datum is a DATASET-level assertion (lidar_semn2008.html: 'Vertical datum: NAVD88 (Geoid03)'); the validation reports themselves state no datum and no geoid,steele,380.747,0.046
L2T-4140-Steele RTK,L2T,495544.976,4858284.827,393.665,m,EPSG:26915,NAVD88,GEOID03,lidar_semn2008,2008,steele_val.pdf table 'Control Z',datum is a DATASET-level assertion (lidar_semn2008.html: 'Vertical datum: NAVD88 (Geoid03)'); the validation reports themselves state no datum and no geoid,steele,393.543,0.122
L2T-4146-Steele RTK,L2T,473868.933,4879471.84,361.869,m,EPSG:26915,NAVD88,GEOID03,lidar_semn2008,2008,steele_val.pdf table 'Control Z',datum is a DATASET-level assertion (lidar_semn2008.html: 'Vertical datum: NAVD88 (Geoid03)'); the validation reports themselves state no datum and no geoid,steele,361.766,0.103
L2T-4147-Steele RTK,L2T,479476.341,4889510.019,343.548,m,EPSG:26915,NAVD88,GEOID03,lidar_semn2008,2008,steele_val.pdf table 'Control Z',datum is a DATASET-level assertion (lidar_semn2008.html: 'Vertical datum: NAVD88 (Geoid03)'); the validation reports themselves state no datum and no geoid,steele,343.57,-0.022
L3B-4004-Steele RTK,L3B,488979.993,4868011.372,371.533,m,EPSG:26915,NAVD88,GEOID03,lidar_semn2008,2008,steele_val.pdf table 'Control Z',datum is a DATASET-level assertion (lidar_semn2008.html: 'Vertical datum: NAVD88 (Geoid03)'); the validation reports themselves state no datum and no geoid,steele,371.522,0.011
L3B-4013-Steele RTK,L3B,483668.85,4880778.239,358.442,m,EPSG:26915,NAVD88,GEOID03,lidar_semn2008,2008,steele_val.pdf table 'Control Z',datum is a DATASET-level assertion (lidar_semn2008.html: 'Vertical datum: NAVD88 (Geoid03)'); the validation reports themselves state no datum and no geoid,steele,358.422,0.02
L3B-4015-Steele RTK,L3B,489640.003,4881294.496,369.137,m,EPSG:26915,NAVD88,GEOID03,lidar_semn2008,2008,steele_val.pdf table 'Control Z',datum is a DATASET-level assertion (lidar_semn2008.html: 'Vertical datum: NAVD88 (Geoid03)'); the validation reports themselves state no datum and no geoid,steele,369.212,-0.075
L3B-4024-Steele RTK,L3B,493037.107,4879289.729,392.245,m,EPSG:26915,NAVD88,GEOID03,lidar_semn2008,2008,steele_val.pdf table 'Control Z',datum is a DATASET-level assertion (lidar_semn2008.html: 'Vertical datum: NAVD88 (Geoid03)'); the validation reports themselves state no datum and no geoid,steele,392.218,0.027
L3B-4028-Steele RTK,L3B,484380.469,4876462.05,377.273,m,EPSG:26915,NAVD88,GEOID03,lidar_semn2008,2008,steele_val.pdf table 'Control Z',datum is a DATASET-level assertion (lidar_semn2008.html: 'Vertical datum: NAVD88 (Geoid03)'); the validation reports themselves state no datum and no geoid,steele,377.272,0.001
L3B-4040-Steele RTK,L3B,470640.79,4880898.186,349.172,m,EPSG:26915,NAVD88,GEOID03,lidar_semn2008,2008,steele_val.pdf table 'Control Z',datum is a DATASET-level assertion (lidar_semn2008.html: 'Vertical datum: NAVD88 (Geoid03)'); the validation reports themselves state no datum and no geoid,steele,349.294,-0.122
L3B-4044-Steele RTK,L3B,479881.827,4888092.956,334.762,m,EPSG:26915,NAVD88,GEOID03,lidar_semn2008,2008,steele_val.pdf table 'Control Z',datum is a DATASET-level assertion (lidar_semn2008.html: 'Vertical datum: NAVD88 (Geoid03)'); the validation reports themselves state no datum and no geoid,steele,334.827,-0.065
L3B-4048-Steele RTK,L3B,481901.326,4885615.698,339.765,m,EPSG:26915,NAVD88,GEOID03,lidar_semn2008,2008,steele_val.pdf table 'Control Z',datum is a DATASET-level assertion (lidar_semn2008.html: 'Vertical datum: NAVD88 (Geoid03)'); the validation reports themselves state no datum and no geoid,steele,339.739,0.026
L3B-4053-Steele RTK,L3B,475534.204,4888532.16,346.738,m,EPSG:26915,NAVD88,GEOID03,lidar_semn2008,2008,steele_val.pdf table 'Control Z',datum is a DATASET-level assertion (lidar_semn2008.html: 'Vertical datum: NAVD88 (Geoid03)'); the validation reports themselves state no datum and no geoid,steele,346.854,-0.116
L3B-4069-Steele RTK,L3B,494681.797,4892311.074,381.832,m,EPSG:26915,NAVD88,GEOID03,lidar_semn2008,2008,steele_val.pdf table 'Control Z',datum is a DATASET-level assertion (lidar_semn2008.html: 'Vertical datum: NAVD88 (Geoid03)'); the validation reports themselves state no datum and no geoid,steele,381.873,-0.041
L3B-4071-Steele RTK,L3B,490140.549,4891347.222,379.419,m,EPSG:26915,NAVD88,GEOID03,lidar_semn2008,2008,steele_val.pdf table 'Control Z',datum is a DATASET-level assertion (lidar_semn2008.html: 'Vertical datum: NAVD88 (Geoid03)'); the validation reports themselves state no datum and no geoid,steele,379.675,-0.256
L3B-4074-Steele RTK,L3B,489658.259,4870339.362,381.343,m,EPSG:26915,NAVD88,GEOID03,lidar_semn2008,2008,steele_val.pdf table 'Control Z',datum is a DATASET-level assertion (lidar_semn2008.html: 'Vertical datum: NAVD88 (Geoid03)'); the validation reports themselves state no datum and no geoid,steele,381.312,0.031
L3B-4082-Steele RTK,L3B,485054.712,4867166.992,389.297,m,EPSG:26915,NAVD88,GEOID03,lidar_semn2008,2008,steele_val.pdf table 'Control Z',datum is a DATASET-level assertion (lidar_semn2008.html: 'Vertical datum: NAVD88 (Geoid03)'); the validation reports themselves state no datum and no geoid,steele,389.351,-0.054
L3B-4086-Steele RTK,L3B,478423.435,4869525.288,353.577,m,EPSG:26915,NAVD88,GEOID03,lidar_semn2008,2008,steele_val.pdf table 'Control Z',datum is a DATASET-level assertion (lidar_semn2008.html: 'Vertical datum: NAVD88 (Geoid03)'); the validation reports themselves state no datum and no geoid,steele,353.54,0.037
L3B-4088-Steele RTK,L3B,475514.871,4868703.262,359.464,m,EPSG:26915,NAVD88,GEOID03,lidar_semn2008,2008,steele_val.pdf table 'Control Z',datum is a DATASET-level assertion (lidar_semn2008.html: 'Vertical datum: NAVD88 (Geoid03)'); the validation reports themselves state no datum and no geoid,steele,359.24,0.224
L3B-4092-Steele RTK,L3B,471241.7,4871211.839,355.263,m,EPSG:26915,NAVD88,GEOID03,lidar_semn2008,2008,steele_val.pdf table 'Control Z',datum is a DATASET-level assertion (lidar_semn2008.html: 'Vertical datum: NAVD88 (Geoid03)'); the validation reports themselves state no datum and no geoid,steele,355.328,-0.065
L3B-4095-Steele RTK,L3B,481862.064,4859937.727,358.949,m,EPSG:26915,NAVD88,GEOID03,lidar_semn2008,2008,steele_val.pdf table 'Control Z',datum is a DATASET-level assertion (lidar_semn2008.html: 'Vertical datum: NAVD88 (Geoid03)'); the validation reports themselves state no datum and no geoid,steele,358.916,0.033
L3B-4097-Steele RTK,L3B,484699.794,4863065.532,371.865,m,EPSG:26915,NAVD88,GEOID03,lidar_semn2008,2008,steele_val.pdf table 'Control Z',datum is a DATASET-level assertion (lidar_semn2008.html: 'Vertical datum: NAVD88 (Geoid03)'); the validation reports themselves state no datum and no geoid,steele,371.887,-0.022
L3B-4109-Steele RTK,L3B,467371.673,4861045.741,364.381,m,EPSG:26915,NAVD88,GEOID03,lidar_semn2008,2008,steele_val.pdf table 'Control Z',datum is a DATASET-level assertion (lidar_semn2008.html: 'Vertical datum: NAVD88 (Geoid03)'); the validation reports themselves state no datum and no geoid,steele,364.313,0.068
L3B-4113-Steele RTK,L3B,489946.169,4859776.674,380.25,m,EPSG:26915,NAVD88,GEOID03,lidar_semn2008,2008,steele_val.pdf table 'Control Z',datum is a DATASET-level assertion (lidar_semn2008.html: 'Vertical datum: NAVD88 (Geoid03)'); the validation reports themselves state no datum and no geoid,steele,380.173,0.077
L3B-4143-Steele RTK,L3B,481012.512,4871157.931,382.07,m,EPSG:26915,NAVD88,GEOID03,lidar_semn2008,2008,steele_val.pdf table 'Control Z',datum is a DATASET-level assertion (lidar_semn2008.html: 'Vertical datum: NAVD88 (Geoid03)'); the validation reports themselves state no datum and no geoid,steele,382.041,0.029
L3B-4144-Steele RTK,L3B,469013.437,4879604.918,349.715,m,EPSG:26915,NAVD88,GEOID03,lidar_semn2008,2008,steele_val.pdf table 'Control Z',datum is a DATASET-level assertion (lidar_semn2008.html: 'Vertical datum: NAVD88 (Geoid03)'); the validation reports themselves state no datum and no geoid,steele,349.669,0.046
L4F-4007-Steele RTK,L4F,491388.646,4870419.009,392.491,m,EPSG:26915,NAVD88,GEOID03,lidar_semn2008,2008,steele_val.pdf table 'Control Z',datum is a DATASET-level assertion (lidar_semn2008.html: 'Vertical datum: NAVD88 (Geoid03)'); the validation reports themselves state no datum and no geoid,steele,392.474,0.017
L4F-4020-Steele RTK,L4F,481926.258,4878241.139,370.685,m,EPSG:26915,NAVD88,GEOID03,lidar_semn2008,2008,steele_val.pdf table 'Control Z',datum is a DATASET-level assertion (lidar_semn2008.html: 'Vertical datum: NAVD88 (Geoid03)'); the validation reports themselves state no datum and no geoid,steele,370.586,0.099
L4F-4021-Steele RTK,L4F,488233.169,4877243.85,375.069,m,EPSG:26915,NAVD88,GEOID03,lidar_semn2008,2008,steele_val.pdf table 'Control Z',datum is a DATASET-level assertion (lidar_semn2008.html: 'Vertical datum: NAVD88 (Geoid03)'); the validation reports themselves state no datum and no geoid,steele,375.007,0.062
L4F-4032-Steele RTK,L4F,473894.224,4881001.922,346.89,m,EPSG:26915,NAVD88,GEOID03,lidar_semn2008,2008,steele_val.pdf table 'Control Z',datum is a DATASET-level assertion (lidar_semn2008.html: 'Vertical datum: NAVD88 (Geoid03)'); the validation reports themselves state no datum and no geoid,steele,346.926,-0.036
L4F-4047-Steele RTK,L4F,481487.987,4885726.884,337.493,m,EPSG:26915,NAVD88,GEOID03,lidar_semn2008,2008,steele_val.pdf table 'Control Z',datum is a DATASET-level assertion (lidar_semn2008.html: 'Vertical datum: NAVD88 (Geoid03)'); the validation reports themselves state no datum and no geoid,steele,337.625,-0.132
L4F-4056-Steele RTK,L4F,475620.615,4890586.493,345.747,m,EPSG:26915,NAVD88,GEOID03,lidar_semn2008,2008,steele_val.pdf table 'Control Z',datum is a DATASET-level assertion (lidar_semn2008.html: 'Vertical datum: NAVD88 (Geoid03)'); the validation reports themselves state no datum and no geoid,steele,345.653,0.094
L4F-4067-Steele RTK,L4F,494710.57,4886252.5,386.604,m,EPSG:26915,NAVD88,GEOID03,lidar_semn2008,2008,steele_val.pdf table 'Control Z',datum is a DATASET-level assertion (lidar_semn2008.html: 'Vertical datum: NAVD88 (Geoid03)'); the validation reports themselves state no datum and no geoid,steele,386.5,0.104
L4F-4079-Steele RTK,L4F,482849.895,4872809.176,362.901,m,EPSG:26915,NAVD88,GEOID03,lidar_semn2008,2008,steele_val.pdf table 'Control Z',datum is a DATASET-level assertion (lidar_semn2008.html: 'Vertical datum: NAVD88 (Geoid03)'); the validation reports themselves state no datum and no geoid,steele,362.82,0.081
L4F-4090-Steele RTK,L4F,474241.871,4873528.86,366.966,m,EPSG:26915,NAVD88,GEOID03,lidar_semn2008,2008,steele_val.pdf table 'Control Z',datum is a DATASET-level assertion (lidar_semn2008.html: 'Vertical datum: NAVD88 (Geoid03)'); the validation reports themselves state no datum and no geoid,steele,366.823,0.143
L4F-4101-Steele RTK,L4F,480195.608,4857438.494,376.928,m,EPSG:26915,NAVD88,GEOID03,lidar_semn2008,2008,steele_val.pdf table 'Control Z',datum is a DATASET-level assertion (lidar_semn2008.html: 'Vertical datum: NAVD88 (Geoid03)'); the validation reports themselves state no datum and no geoid,steele,376.71,0.218
L4F-4106-Steele RTK,L4F,472190.92,4858182.282,383.402,m,EPSG:26915,NAVD88,GEOID03,lidar_semn2008,2008,steele_val.pdf table 'Control Z',datum is a DATASET-level assertion (lidar_semn2008.html: 'Vertical datum: NAVD88 (Geoid03)'); the validation reports themselves state no datum and no geoid,steele,383.241,0.161
L4F-4108-Steele RTK,L4F,470521.652,4858358.126,384.939,m,EPSG:26915,NAVD88,GEOID03,lidar_semn2008,2008,steele_val.pdf table 'Control Z',datum is a DATASET-level assertion (lidar_semn2008.html: 'Vertical datum: NAVD88 (Geoid03)'); the validation reports themselves state no datum and no geoid,steele,384.86,0.079
L4F-4116-Steele RTK,L4F,493326.268,4856763.747,400.055,m,EPSG:26915,NAVD88,GEOID03,lidar_semn2008,2008,steele_val.pdf table 'Control Z',datum is a DATASET-level assertion (lidar_semn2008.html: 'Vertical datum: NAVD88 (Geoid03)'); the validation reports themselves state no datum and no geoid,steele,399.772,0.283
L5U-4002-Steele RTK,L5U,492139.692,4865825.168,397.645,m,EPSG:26915,NAVD88,GEOID03,lidar_semn2008,2008,steele_val.pdf table 'Control Z',datum is a DATASET-level assertion (lidar_semn2008.html: 'Vertical datum: NAVD88 (Geoid03)'); the validation reports themselves state no datum and no geoid,steele,397.508,0.137
L5U-4008-Steele RTK,L5U,481908.552,4881661.638,351.263,m,EPSG:26915,NAVD88,GEOID03,lidar_semn2008,2008,steele_val.pdf table 'Control Z',datum is a DATASET-level assertion (lidar_semn2008.html: 'Vertical datum: NAVD88 (Geoid03)'); the validation reports themselves state no datum and no geoid,steele,351.018,0.245
L5U-4017-Steele RTK,L5U,488448.825,4879234.973,373.581,m,EPSG:26915,NAVD88,GEOID03,lidar_semn2008,2008,steele_val.pdf table 'Control Z',datum is a DATASET-level assertion (lidar_semn2008.html: 'Vertical datum: NAVD88 (Geoid03)'); the validation reports themselves state no datum and no geoid,steele,373.448,0.133
L5U-4025-Steele RTK,L5U,480023.666,4881856.65,356.885,m,EPSG:26915,NAVD88,GEOID03,lidar_semn2008,2008,steele_val.pdf table 'Control Z',datum is a DATASET-level assertion (lidar_semn2008.html: 'Vertical datum: NAVD88 (Geoid03)'); the validation reports themselves state no datum and no geoid,steele,356.67,0.215
L5U-4035-Steele RTK,L5U,469180.116,4880110.626,348.232,m,EPSG:26915,NAVD88,GEOID03,lidar_semn2008,2008,steele_val.pdf table 'Control Z',datum is a DATASET-level assertion (lidar_semn2008.html: 'Vertical datum: NAVD88 (Geoid03)'); the validation reports themselves state no datum and no geoid,steele,348.161,0.071
L5U-4039-Steele RTK,L5U,469037.363,4880102.931,346.878,m,EPSG:26915,NAVD88,GEOID03,lidar_semn2008,2008,steele_val.pdf table 'Control Z',datum is a DATASET-level assertion (lidar_semn2008.html: 'Vertical datum: NAVD88 (Geoid03)'); the validation reports themselves state no datum and no geoid,steele,346.832,0.046
L5U-4042-Steele RTK,L5U,479005.28,4890786.686,341.137,m,EPSG:26915,NAVD88,GEOID03,lidar_semn2008,2008,steele_val.pdf table 'Control Z',datum is a DATASET-level assertion (lidar_semn2008.html: 'Vertical datum: NAVD88 (Geoid03)'); the validation reports themselves state no datum and no geoid,steele,340.994,0.143
L5U-4043-Steele RTK,L5U,480280.189,4891176.284,336.54,m,EPSG:26915,NAVD88,GEOID03,lidar_semn2008,2008,steele_val.pdf table 'Control Z',datum is a DATASET-level assertion (lidar_semn2008.html: 'Vertical datum: NAVD88 (Geoid03)'); the validation reports themselves state no datum and no geoid,steele,336.35,0.19
L5U-4059-Steele RTK,L5U,471603.482,4887061.442,341.761,m,EPSG:26915,NAVD88,GEOID03,lidar_semn2008,2008,steele_val.pdf table 'Control Z',datum is a DATASET-level assertion (lidar_semn2008.html: 'Vertical datum: NAVD88 (Geoid03)'); the validation reports themselves state no datum and no geoid,steele,341.609,0.152
L5U-4060-Steele RTK,L5U,469919.131,4887320.226,344.673,m,EPSG:26915,NAVD88,GEOID03,lidar_semn2008,2008,steele_val.pdf table 'Control Z',datum is a DATASET-level assertion (lidar_semn2008.html: 'Vertical datum: NAVD88 (Geoid03)'); the validation reports themselves state no datum and no geoid,steele,344.577,0.096
L5U-4068-Steele RTK,L5U,494766.639,4886069.615,389.711,m,EPSG:26915,NAVD88,GEOID03,lidar_semn2008,2008,steele_val.pdf table 'Control Z',datum is a DATASET-level assertion (lidar_semn2008.html: 'Vertical datum: NAVD88 (Geoid03)'); the validation reports themselves state no datum and no geoid,steele,389.515,0.196
L5U-4085-Steele RTK,L5U,477842.699,4867550.818,365.598,m,EPSG:26915,NAVD88,GEOID03,lidar_semn2008,2008,steele_val.pdf table 'Control Z',datum is a DATASET-level assertion (lidar_semn2008.html: 'Vertical datum: NAVD88 (Geoid03)'); the validation reports themselves state no datum and no geoid,steele,365.473,0.125
L5U-4093-Steele RTK,L5U,470429.874,4869477.599,356.367,m,EPSG:26915,NAVD88,GEOID03,lidar_semn2008,2008,steele_val.pdf table 'Control Z',datum is a DATASET-level assertion (lidar_semn2008.html: 'Vertical datum: NAVD88 (Geoid03)'); the validation reports themselves state no datum and no geoid,steele,356.212,0.155
L5U-4099-Steele RTK,L5U,475822.509,4857822.958,389.343,m,EPSG:26915,NAVD88,GEOID03,lidar_semn2008,2008,steele_val.pdf table 'Control Z',datum is a DATASET-level assertion (lidar_semn2008.html: 'Vertical datum: NAVD88 (Geoid03)'); the validation reports themselves state no datum and no geoid,steele,389.084,0.259
L5U-4102-Steele RTK,L5U,483505.916,4857402.82,365.871,m,EPSG:26915,NAVD88,GEOID03,lidar_semn2008,2008,steele_val.pdf table 'Control Z',datum is a DATASET-level assertion (lidar_semn2008.html: 'Vertical datum: NAVD88 (Geoid03)'); the validation reports themselves state no datum and no geoid,steele,365.715,0.156
L5U-4115-Steele RTK,L5U,495923.423,4857068.121,394.538,m,EPSG:26915,NAVD88,GEOID03,lidar_semn2008,2008,steele_val.pdf table 'Control Z',datum is a DATASET-level assertion (lidar_semn2008.html: 'Vertical datum: NAVD88 (Geoid03)'); the validation reports themselves state no datum and no geoid,steele,394.152,0.386
L2T-6102 Wabasha RTK,L2T,585047.334,4896232.695,231.292,m,EPSG:26915,NAVD88,GEOID03,lidar_semn2008,2008,wabasha_val.pdf table 'Control Z',datum is a DATASET-level assertion (lidar_semn2008.html: 'Vertical datum: NAVD88 (Geoid03)'); the validation reports themselves state no datum and no geoid,wabasha,231.594,-0.302
L4F-6145 Wabasha RTK,L4F,536590.043,4896035.15,333.409,m,EPSG:26915,NAVD88,GEOID03,lidar_semn2008,2008,wabasha_val.pdf table 'Control Z',datum is a DATASET-level assertion (lidar_semn2008.html: 'Vertical datum: NAVD88 (Geoid03)'); the validation reports themselves state no datum and no geoid,wabasha,333.709,-0.3
L4F-6133 Wabasha RTK,L4F,536140.96,4910929.432,354.815,m,EPSG:26915,NAVD88,GEOID03,lidar_semn2008,2008,wabasha_val.pdf table 'Control Z',datum is a DATASET-level assertion (lidar_semn2008.html: 'Vertical datum: NAVD88 (Geoid03)'); the validation reports themselves state no datum and no geoid,wabasha,355.115,-0.3
L2T-6165 Wabasha RTK,L2T,563723.107,4917806.174,357.153,m,EPSG:26915,NAVD88,GEOID03,lidar_semn2008,2008,wabasha_val.pdf table 'Control Z',datum is a DATASET-level assertion (lidar_semn2008.html: 'Vertical datum: NAVD88 (Geoid03)'); the validation reports themselves state no datum and no geoid,wabasha,357.433,-0.28
L3B-6146 Wabasha RTK,L3B,536280.969,4897591.693,350.49,m,EPSG:26915,NAVD88,GEOID03,lidar_semn2008,2008,wabasha_val.pdf table 'Control Z',datum is a DATASET-level assertion (lidar_semn2008.html: 'Vertical datum: NAVD88 (Geoid03)'); the validation reports themselves state no datum and no geoid,wabasha,350.756,-0.266
L3B-6108 Wabasha RTK,L3B,583282.496,4907198.718,207.167,m,EPSG:26915,NAVD88,GEOID03,lidar_semn2008,2008,wabasha_val.pdf table 'Control Z',datum is a DATASET-level assertion (lidar_semn2008.html: 'Vertical datum: NAVD88 (Geoid03)'); the validation reports themselves state no datum and no geoid,wabasha,207.406,-0.239
L3B-6140 Wabasha RTK,L3B,546430.359,4904591.986,292.471,m,EPSG:26915,NAVD88,GEOID03,lidar_semn2008,2008,wabasha_val.pdf table 'Control Z',datum is a DATASET-level assertion (lidar_semn2008.html: 'Vertical datum: NAVD88 (Geoid03)'); the validation reports themselves state no datum and no geoid,wabasha,292.688,-0.217
L4F-6174 Wabasha RTK,L4F,555849.067,4908504.927,298.97,m,EPSG:26915,NAVD88,GEOID03,lidar_semn2008,2008,wabasha_val.pdf table 'Control Z',datum is a DATASET-level assertion (lidar_semn2008.html: 'Vertical datum: NAVD88 (Geoid03)'); the validation reports themselves state no datum and no geoid,wabasha,299.181,-0.211
L3B-6134 Wabasha RTK,L3B,536142.025,4910237.247,355.961,m,EPSG:26915,NAVD88,GEOID03,lidar_semn2008,2008,wabasha_val.pdf table 'Control Z',datum is a DATASET-level assertion (lidar_semn2008.html: 'Vertical datum: NAVD88 (Geoid03)'); the validation reports themselves state no datum and no geoid,wabasha,356.14,-0.179
L4F-6150 Wabasha RTK,L4F,560427.933,4901405.052,241.948,m,EPSG:26915,NAVD88,GEOID03,lidar_semn2008,2008,wabasha_val.pdf table 'Control Z',datum is a DATASET-level assertion (lidar_semn2008.html: 'Vertical datum: NAVD88 (Geoid03)'); the validation reports themselves state no datum and no geoid,wabasha,242.117,-0.169
L3B-6179 Wabasha RTK,L3B,563829.121,4908923.108,347.765,m,EPSG:26915,NAVD88,GEOID03,lidar_semn2008,2008,wabasha_val.pdf table 'Control Z',datum is a DATASET-level assertion (lidar_semn2008.html: 'Vertical datum: NAVD88 (Geoid03)'); the validation reports themselves state no datum and no geoid,wabasha,347.916,-0.151
L3B-6117 Wabasha RTK,L3B,551456.94,4895282.458,316.276,m,EPSG:26915,NAVD88,GEOID03,lidar_semn2008,2008,wabasha_val.pdf table 'Control Z',datum is a DATASET-level assertion (lidar_semn2008.html: 'Vertical datum: NAVD88 (Geoid03)'); the validation reports themselves state no datum and no geoid,wabasha,316.424,-0.148
L5U-6128 Wabasha RTK,L5U,536241.127,4902020.862,285.354,m,EPSG:26915,NAVD88,GEOID03,lidar_semn2008,2008,wabasha_val.pdf table 'Control Z',datum is a DATASET-level assertion (lidar_semn2008.html: 'Vertical datum: NAVD88 (Geoid03)'); the validation reports themselves state no datum and no geoid,wabasha,285.498,-0.144
L3B-6192 Wabasha RTK,L3B,568615.176,4908731.727,220.88,m,EPSG:26915,NAVD88,GEOID03,lidar_semn2008,2008,wabasha_val.pdf table 'Control Z',datum is a DATASET-level assertion (lidar_semn2008.html: 'Vertical datum: NAVD88 (Geoid03)'); the validation reports themselves state no datum and no geoid,wabasha,221.01,-0.13
L3B-6149 Wabasha RTK,L3B,561861.457,4901697.411,234.511,m,EPSG:26915,NAVD88,GEOID03,lidar_semn2008,2008,wabasha_val.pdf table 'Control Z',datum is a DATASET-level assertion (lidar_semn2008.html: 'Vertical datum: NAVD88 (Geoid03)'); the validation reports themselves state no datum and no geoid,wabasha,234.638,-0.127
L2T-6126 Wabasha RTK,L2T,572067.588,4884169.798,344.434,m,EPSG:26915,NAVD88,GEOID03,lidar_semn2008,2008,wabasha_val.pdf table 'Control Z',datum is a DATASET-level assertion (lidar_semn2008.html: 'Vertical datum: NAVD88 (Geoid03)'); the validation reports themselves state no datum and no geoid,wabasha,344.559,-0.125
L5U-6129 Wabasha RTK,L5U,536177.981,4902408.601,286.461,m,EPSG:26915,NAVD88,GEOID03,lidar_semn2008,2008,wabasha_val.pdf table 'Control Z',datum is a DATASET-level assertion (lidar_semn2008.html: 'Vertical datum: NAVD88 (Geoid03)'); the validation reports themselves state no datum and no geoid,wabasha,286.579,-0.118
L2T-6135 Wabasha RTK,L2T,544580.251,4912860.624,341.858,m,EPSG:26915,NAVD88,GEOID03,lidar_semn2008,2008,wabasha_val.pdf table 'Control Z',datum is a DATASET-level assertion (lidar_semn2008.html: 'Vertical datum: NAVD88 (Geoid03)'); the validation reports themselves state no datum and no geoid,wabasha,341.966,-0.108
L2T-6130 Wabasha RTK,L2T,537348.62,4912740.013,346.327,m,EPSG:26915,NAVD88,GEOID03,lidar_semn2008,2008,wabasha_val.pdf table 'Control Z',datum is a DATASET-level assertion (lidar_semn2008.html: 'Vertical datum: NAVD88 (Geoid03)'); the validation reports themselves state no datum and no geoid,wabasha,346.435,-0.108
L3B-6170 Wabasha RTK,L3B,546457.767,4920177.845,338.478,m,EPSG:26915,NAVD88,GEOID03,lidar_semn2008,2008,wabasha_val.pdf table 'Control Z',datum is a DATASET-level assertion (lidar_semn2008.html: 'Vertical datum: NAVD88 (Geoid03)'); the validation reports themselves state no datum and no geoid,wabasha,338.576,-0.098
L3B-6173 Wabasha RTK,L3B,554999.461,4909468.066,323.183,m,EPSG:26915,NAVD88,GEOID03,lidar_semn2008,2008,wabasha_val.pdf table 'Control Z',datum is a DATASET-level assertion (lidar_semn2008.html: 'Vertical datum: NAVD88 (Geoid03)'); the validation reports themselves state no datum and no geoid,wabasha,323.276,-0.093
L2T-6107 Wabasha RTK,L2T,582956.826,4907116.642,205.128,m,EPSG:26915,NAVD88,GEOID03,lidar_semn2008,2008,wabasha_val.pdf table 'Control Z',datum is a DATASET-level assertion (lidar_semn2008.html: 'Vertical datum: NAVD88 (Geoid03)'); the validation reports themselves state no datum and no geoid,wabasha,205.22,-0.092
L3B-6198 Wabasha RTK,L3B,578676.269,4904603.405,279.139,m,EPSG:26915,NAVD88,GEOID03,lidar_semn2008,2008,wabasha_val.pdf table 'Control Z',datum is a DATASET-level assertion (lidar_semn2008.html: 'Vertical datum: NAVD88 (Geoid03)'); the validation reports themselves state no datum and no geoid,wabasha,279.219,-0.08
L1O-6153 Wabasha RTK,L1O,560171.988,4905866.989,230.722,m,EPSG:26915,NAVD88,GEOID03,lidar_semn2008,2008,wabasha_val.pdf table 'Control Z',datum is a DATASET-level assertion (lidar_semn2008.html: 'Vertical datum: NAVD88 (Geoid03)'); the validation reports themselves state no datum and no geoid,wabasha,230.798,-0.076
L2T-6138 Wabasha RTK,L2T,546477.28,4904533.243,290.92,m,EPSG:26915,NAVD88,GEOID03,lidar_semn2008,2008,wabasha_val.pdf table 'Control Z',datum is a DATASET-level assertion (lidar_semn2008.html: 'Vertical datum: NAVD88 (Geoid03)'); the validation reports themselves state no datum and no geoid,wabasha,290.996,-0.076
L4F-6171 Wabasha RTK,L4F,548561.906,4916954.108,341.691,m,EPSG:26915,NAVD88,GEOID03,lidar_semn2008,2008,wabasha_val.pdf table 'Control Z',datum is a DATASET-level assertion (lidar_semn2008.html: 'Vertical datum: NAVD88 (Geoid03)'); the validation reports themselves state no datum and no geoid,wabasha,341.767,-0.076
L3B-6159 Wabasha RTK,L3B,555374.313,4921615.561,233.767,m,EPSG:26915,NAVD88,GEOID03,lidar_semn2008,2008,wabasha_val.pdf table 'Control Z',datum is a DATASET-level assertion (lidar_semn2008.html: 'Vertical datum: NAVD88 (Geoid03)'); the validation reports themselves state no datum and no geoid,wabasha,233.834,-0.067
L3B-6163 Wabasha RTK,L3B,560832.634,4919170.586,215.589,m,EPSG:26915,NAVD88,GEOID03,lidar_semn2008,2008,wabasha_val.pdf table 'Control Z',datum is a DATASET-level assertion (lidar_semn2008.html: 'Vertical datum: NAVD88 (Geoid03)'); the validation reports themselves state no datum and no geoid,wabasha,215.655,-0.066
L4F-6168 Wabasha RTK,L4F,545354.915,4922304.654,345.796,m,EPSG:26915,NAVD88,GEOID03,lidar_semn2008,2008,wabasha_val.pdf table 'Control Z',datum is a DATASET-level assertion (lidar_semn2008.html: 'Vertical datum: NAVD88 (Geoid03)'); the validation reports themselves state no datum and no geoid,wabasha,345.861,-0.065
L3B-6103 Wabasha RTK,L3B,585052.413,4896285.907,235.462,m,EPSG:26915,NAVD88,GEOID03,lidar_semn2008,2008,wabasha_val.pdf table 'Control Z',datum is a DATASET-level assertion (lidar_semn2008.html: 'Vertical datum: NAVD88 (Geoid03)'); the validation reports themselves state no datum and no geoid,wabasha,235.523,-0.061
L1O-6132 Wabasha RTK,L1O,536239.909,4909679.814,348.533,m,EPSG:26915,NAVD88,GEOID03,lidar_semn2008,2008,wabasha_val.pdf table 'Control Z',datum is a DATASET-level assertion (lidar_semn2008.html: 'Vertical datum: NAVD88 (Geoid03)'); the validation reports themselves state no datum and no geoid,wabasha,348.588,-0.055
L2T-6122 Wabasha RTK,L2T,554528.969,4884204.078,343.05,m,EPSG:26915,NAVD88,GEOID03,lidar_semn2008,2008,wabasha_val.pdf table 'Control Z',datum is a DATASET-level assertion (lidar_semn2008.html: 'Vertical datum: NAVD88 (Geoid03)'); the validation reports themselves state no datum and no geoid,wabasha,343.101,-0.051
L2T-6143 Wabasha RTK,L2T,541303.272,4897971.994,262.726,m,EPSG:26915,NAVD88,GEOID03,lidar_semn2008,2008,wabasha_val.pdf table 'Control Z',datum is a DATASET-level assertion (lidar_semn2008.html: 'Vertical datum: NAVD88 (Geoid03)'); the validation reports themselves state no datum and no geoid,wabasha,262.773,-0.047
L4F-6154 Wabasha RTK,L4F,572051.427,4892917.559,361.426,m,EPSG:26915,NAVD88,GEOID03,lidar_semn2008,2008,wabasha_val.pdf table 'Control Z',datum is a DATASET-level assertion (lidar_semn2008.html: 'Vertical datum: NAVD88 (Geoid03)'); the validation reports themselves state no datum and no geoid,wabasha,361.472,-0.046
L5U-6160 Wabasha RTK,L5U,556896.808,4922574.398,214.33,m,EPSG:26915,NAVD88,GEOID03,lidar_semn2008,2008,wabasha_val.pdf table 'Control Z',datum is a DATASET-level assertion (lidar_semn2008.html: 'Vertical datum: NAVD88 (Geoid03)'); the validation reports themselves state no datum and no geoid,wabasha,214.367,-0.037
L4F-6139 Wabasha RTK,L4F,546526.336,4904495.867,293.096,m,EPSG:26915,NAVD88,GEOID03,lidar_semn2008,2008,wabasha_val.pdf table 'Control Z',datum is a DATASET-level assertion (lidar_semn2008.html: 'Vertical datum: NAVD88 (Geoid03)'); the validation reports themselves state no datum and no geoid,wabasha,293.127,-0.031
L2T-6177 Wabasha RTK,L2T,562623.768,4909765.197,345.644,m,EPSG:26915,NAVD88,GEOID03,lidar_semn2008,2008,wabasha_val.pdf table 'Control Z',datum is a DATASET-level assertion (lidar_semn2008.html: 'Vertical datum: NAVD88 (Geoid03)'); the validation reports themselves state no datum and no geoid,wabasha,345.673,-0.029
L5U-6152 Wabasha RTK,L5U,564525.985,4904265.561,234.163,m,EPSG:26915,NAVD88,GEOID03,lidar_semn2008,2008,wabasha_val.pdf table 'Control Z',datum is a DATASET-level assertion (lidar_semn2008.html: 'Vertical datum: NAVD88 (Geoid03)'); the validation reports themselves state no datum and no geoid,wabasha,234.19,-0.027
L5U-6119 Wabasha RTK,L5U,559306.37,4886646.438,328.639,m,EPSG:26915,NAVD88,GEOID03,lidar_semn2008,2008,wabasha_val.pdf table 'Control Z',datum is a DATASET-level assertion (lidar_semn2008.html: 'Vertical datum: NAVD88 (Geoid03)'); the validation reports themselves state no datum and no geoid,wabasha,328.666,-0.027
L1O-6167 Wabasha RTK,L1O,546033.08,4922215.528,342.486,m,EPSG:26915,NAVD88,GEOID03,lidar_semn2008,2008,wabasha_val.pdf table 'Control Z',datum is a DATASET-level assertion (lidar_semn2008.html: 'Vertical datum: NAVD88 (Geoid03)'); the validation reports themselves state no datum and no geoid,wabasha,342.512,-0.026
L4F-6156 Wabasha RTK,L4F,556012.306,4920799.134,231.24,m,EPSG:26915,NAVD88,GEOID03,lidar_semn2008,2008,wabasha_val.pdf table 'Control Z',datum is a DATASET-level assertion (lidar_semn2008.html: 'Vertical datum: NAVD88 (Geoid03)'); the validation reports themselves state no datum and no geoid,wabasha,231.265,-0.025
L3B-6115 Wabasha RTK,L3B,567383.901,4892189.831,336.399,m,EPSG:26915,NAVD88,GEOID03,lidar_semn2008,2008,wabasha_val.pdf table 'Control Z',datum is a DATASET-level assertion (lidar_semn2008.html: 'Vertical datum: NAVD88 (Geoid03)'); the validation reports themselves state no datum and no geoid,wabasha,336.422,-0.023
L1O-6110 Wabasha RTK,L1O,583640.625,4908720.357,209.307,m,EPSG:26915,NAVD88,GEOID03,lidar_semn2008,2008,wabasha_val.pdf table 'Control Z',datum is a DATASET-level assertion (lidar_semn2008.html: 'Vertical datum: NAVD88 (Geoid03)'); the validation reports themselves state no datum and no geoid,wabasha,209.329,-0.022
L5U-6162 Wabasha RTK,L5U,558537.849,4922091.122,208.307,m,EPSG:26915,NAVD88,GEOID03,lidar_semn2008,2008,wabasha_val.pdf table 'Control Z',datum is a DATASET-level assertion (lidar_semn2008.html: 'Vertical datum: NAVD88 (Geoid03)'); the validation reports themselves state no datum and no geoid,wabasha,208.328,-0.021
L4F-6193 Wabasha RTK,L4F,568655.901,4909311.351,241.308,m,EPSG:26915,NAVD88,GEOID03,lidar_semn2008,2008,wabasha_val.pdf table 'Control Z',datum is a DATASET-level assertion (lidar_semn2008.html: 'Vertical datum: NAVD88 (Geoid03)'); the validation reports themselves state no datum and no geoid,wabasha,241.328,-0.02
L3B-6190 Wabasha RTK,L3B,576890.099,4911655.566,359.957,m,EPSG:26915,NAVD88,GEOID03,lidar_semn2008,2008,wabasha_val.pdf table 'Control Z',datum is a DATASET-level assertion (lidar_semn2008.html: 'Vertical datum: NAVD88 (Geoid03)'); the validation reports themselves state no datum and no geoid,wabasha,359.976,-0.019
L1O-6113 Wabasha RTK,L1O,566615.135,4890359.799,349.039,m,EPSG:26915,NAVD88,GEOID03,lidar_semn2008,2008,wabasha_val.pdf table 'Control Z',datum is a DATASET-level assertion (lidar_semn2008.html: 'Vertical datum: NAVD88 (Geoid03)'); the validation reports themselves state no datum and no geoid,wabasha,349.053,-0.014
L4F-6105 Wabasha RTK,L4F,584631.274,4899376.869,207.386,m,EPSG:26915,NAVD88,GEOID03,lidar_semn2008,2008,wabasha_val.pdf table 'Control Z',datum is a DATASET-level assertion (lidar_semn2008.html: 'Vertical datum: NAVD88 (Geoid03)'); the validation reports themselves state no datum and no geoid,wabasha,207.391,-0.005
L5U-6157 Wabasha RTK,L5U,555677.824,4920948.767,236.37,m,EPSG:26915,NAVD88,GEOID03,lidar_semn2008,2008,wabasha_val.pdf table 'Control Z',datum is a DATASET-level assertion (lidar_semn2008.html: 'Vertical datum: NAVD88 (Geoid03)'); the validation reports themselves state no datum and no geoid,wabasha,236.371,-0.001
L2T-6116 Wabasha RTK,L2T,551448.173,4893791.433,329.651,m,EPSG:26915,NAVD88,GEOID03,lidar_semn2008,2008,wabasha_val.pdf table 'Control Z',datum is a DATASET-level assertion (lidar_semn2008.html: 'Vertical datum: NAVD88 (Geoid03)'); the validation reports themselves state no datum and no geoid,wabasha,329.649,0.002
L4F-6180 Wabasha RTK,L4F,560471.761,4908675.989,286.827,m,EPSG:26915,NAVD88,GEOID03,lidar_semn2008,2008,wabasha_val.pdf table 'Control Z',datum is a DATASET-level assertion (lidar_semn2008.html: 'Vertical datum: NAVD88 (Geoid03)'); the validation reports themselves state no datum and no geoid,wabasha,286.823,0.004
L1O-6182 Wabasha RTK,L1O,578965.248,4911890.605,214.244,m,EPSG:26915,NAVD88,GEOID03,lidar_semn2008,2008,wabasha_val.pdf table 'Control Z',datum is a DATASET-level assertion (lidar_semn2008.html: 'Vertical datum: NAVD88 (Geoid03)'); the validation reports themselves state no datum and no geoid,wabasha,214.239,0.005
L5U-6151 Wabasha RTK,L5U,556945.107,4905542.489,245.081,m,EPSG:26915,NAVD88,GEOID03,lidar_semn2008,2008,wabasha_val.pdf table 'Control Z',datum is a DATASET-level assertion (lidar_semn2008.html: 'Vertical datum: NAVD88 (Geoid03)'); the validation reports themselves state no datum and no geoid,wabasha,245.076,0.005
L1O-6144 Wabasha RTK,L1O,541413.946,4897410.111,265.484,m,EPSG:26915,NAVD88,GEOID03,lidar_semn2008,2008,wabasha_val.pdf table 'Control Z',datum is a DATASET-level assertion (lidar_semn2008.html: 'Vertical datum: NAVD88 (Geoid03)'); the validation reports themselves state no datum and no geoid,wabasha,265.479,0.005
L3B-6148 Wabasha RTK,L3B,562653.863,4899035.271,332.467,m,EPSG:26915,NAVD88,GEOID03,lidar_semn2008,2008,wabasha_val.pdf table 'Control Z',datum is a DATASET-level assertion (lidar_semn2008.html: 'Vertical datum: NAVD88 (Geoid03)'); the validation reports themselves state no datum and no geoid,wabasha,332.462,0.005
L2T-6183 Wabasha RTK,L2T,577881.189,4912775.455,214.485,m,EPSG:26915,NAVD88,GEOID03,lidar_semn2008,2008,wabasha_val.pdf table 'Control Z',datum is a DATASET-level assertion (lidar_semn2008.html: 'Vertical datum: NAVD88 (Geoid03)'); the validation reports themselves state no datum and no geoid,wabasha,214.477,0.008
L1O-6155 Wabasha RTK,L1O,554614.486,4917540.403,245.288,m,EPSG:26915,NAVD88,GEOID03,lidar_semn2008,2008,wabasha_val.pdf table 'Control Z',datum is a DATASET-level assertion (lidar_semn2008.html: 'Vertical datum: NAVD88 (Geoid03)'); the validation reports themselves state no datum and no geoid,wabasha,245.279,0.009
L2T-6114 Wabasha RTK,L2T,566940.849,4891873.683,351.996,m,EPSG:26915,NAVD88,GEOID03,lidar_semn2008,2008,wabasha_val.pdf table 'Control Z',datum is a DATASET-level assertion (lidar_semn2008.html: 'Vertical datum: NAVD88 (Geoid03)'); the validation reports themselves state no datum and no geoid,wabasha,351.987,0.009
L1O-6158 Wabasha RTK,L1O,555431.901,4921544.996,234.334,m,EPSG:26915,NAVD88,GEOID03,lidar_semn2008,2008,wabasha_val.pdf table 'Control Z',datum is a DATASET-level assertion (lidar_semn2008.html: 'Vertical datum: NAVD88 (Geoid03)'); the validation reports themselves state no datum and no geoid,wabasha,234.324,0.01
L4F-6176 Wabasha RTK,L4F,555474.952,4905593.103,260.352,m,EPSG:26915,NAVD88,GEOID03,lidar_semn2008,2008,wabasha_val.pdf table 'Control Z',datum is a DATASET-level assertion (lidar_semn2008.html: 'Vertical datum: NAVD88 (Geoid03)'); the validation reports themselves state no datum and no geoid,wabasha,260.339,0.013
L4F-6111 Wabasha RTK,L4F,551503.597,4893713.179,321.245,m,EPSG:26915,NAVD88,GEOID03,lidar_semn2008,2008,wabasha_val.pdf table 'Control Z',datum is a DATASET-level assertion (lidar_semn2008.html: 'Vertical datum: NAVD88 (Geoid03)'); the validation reports themselves state no datum and no geoid,wabasha,321.232,0.013
L5U-6184 Wabasha RTK,L5U,570509.565,4917743.702,217.631,m,EPSG:26915,NAVD88,GEOID03,lidar_semn2008,2008,wabasha_val.pdf table 'Control Z',datum is a DATASET-level assertion (lidar_semn2008.html: 'Vertical datum: NAVD88 (Geoid03)'); the validation reports themselves state no datum and no geoid,wabasha,217.613,0.018
L5U-6186 Wabasha RTK,L5U,573381.359,4917025.895,208.865,m,EPSG:26915,NAVD88,GEOID03,lidar_semn2008,2008,wabasha_val.pdf table 'Control Z',datum is a DATASET-level assertion (lidar_semn2008.html: 'Vertical datum: NAVD88 (Geoid03)'); the validation reports themselves state no datum and no geoid,wabasha,208.844,0.021
L1O-6195 Wabasha RTK,L1O,568622.764,4910403.765,241.954,m,EPSG:26915,NAVD88,GEOID03,lidar_semn2008,2008,wabasha_val.pdf table 'Control Z',datum is a DATASET-level assertion (lidar_semn2008.html: 'Vertical datum: NAVD88 (Geoid03)'); the validation reports themselves state no datum and no geoid,wabasha,241.93,0.024
L2T-6169 Wabasha RTK,L2T,545352.185,4920776.605,348.637,m,EPSG:26915,NAVD88,GEOID03,lidar_semn2008,2008,wabasha_val.pdf table 'Control Z',datum is a DATASET-level assertion (lidar_semn2008.html: 'Vertical datum: NAVD88 (Geoid03)'); the validation reports themselves state no datum and no geoid,wabasha,348.613,0.024
L1O-6104 Wabasha RTK,L1O,586875.193,4895071.287,214.302,m,EPSG:26915,NAVD88,GEOID03,lidar_semn2008,2008,wabasha_val.pdf table 'Control Z',datum is a DATASET-level assertion (lidar_semn2008.html: 'Vertical datum: NAVD88 (Geoid03)'); the validation reports themselves state no datum and no geoid,wabasha,214.275,0.027
L4F-6166 Wabasha RTK,L4F,561502.444,4916054.667,345.888,m,EPSG:26915,NAVD88,GEOID03,lidar_semn2008,2008,wabasha_val.pdf table 'Control Z',datum is a DATASET-level assertion (lidar_semn2008.html: 'Vertical datum: NAVD88 (Geoid03)'); the validation reports themselves state no datum and no geoid,wabasha,345.861,0.027
L4F-6121 Wabasha RTK,L4F,555274.341,4884087.357,348.628,m,EPSG:26915,NAVD88,GEOID03,lidar_semn2008,2008,wabasha_val.pdf table 'Control Z',datum is a DATASET-level assertion (lidar_semn2008.html: 'Vertical datum: NAVD88 (Geoid03)'); the validation reports themselves state no datum and no geoid,wabasha,348.599,0.029
L4F-6191 Wabasha RTK,L4F,574370.666,4910942.073,349.679,m,EPSG:26915,NAVD88,GEOID03,lidar_semn2008,2008,wabasha_val.pdf table 'Control Z',datum is a DATASET-level assertion (lidar_semn2008.html: 'Vertical datum: NAVD88 (Geoid03)'); the validation reports themselves state no datum and no geoid,wabasha,349.65,0.029
L1O-6164 Wabasha RTK,L1O,563943.575,4916953.818,362.566,m,EPSG:26915,NAVD88,GEOID03,lidar_semn2008,2008,wabasha_val.pdf table 'Control Z',datum is a DATASET-level assertion (lidar_semn2008.html: 'Vertical datum: NAVD88 (Geoid03)'); the validation reports themselves state no datum and no geoid,wabasha,362.537,0.029
L5U-6187 Wabasha RTK,L5U,576968.584,4915047.613,209.066,m,EPSG:26915,NAVD88,GEOID03,lidar_semn2008,2008,wabasha_val.pdf table 'Control Z',datum is a DATASET-level assertion (lidar_semn2008.html: 'Vertical datum: NAVD88 (Geoid03)'); the validation reports themselves state no datum and no geoid,wabasha,209.034,0.032
L5U-6142 Wabasha RTK,L5U,546101.594,4903473.099,255.523,m,EPSG:26915,NAVD88,GEOID03,lidar_semn2008,2008,wabasha_val.pdf table 'Control Z',datum is a DATASET-level assertion (lidar_semn2008.html: 'Vertical datum: NAVD88 (Geoid03)'); the validation reports themselves state no datum and no geoid,wabasha,255.49,0.033
L2T-6194 Wabasha RTK,L2T,568609.519,4909747.421,241.472,m,EPSG:26915,NAVD88,GEOID03,lidar_semn2008,2008,wabasha_val.pdf table 'Control Z',datum is a DATASET-level assertion (lidar_semn2008.html: 'Vertical datum: NAVD88 (Geoid03)'); the validation reports themselves state no datum and no geoid,wabasha,241.436,0.036
L1O-6178 Wabasha RTK,L1O,563009.11,4909076.254,343.9,m,EPSG:26915,NAVD88,GEOID03,lidar_semn2008,2008,wabasha_val.pdf table 'Control Z',datum is a DATASET-level assertion (lidar_semn2008.html: 'Vertical datum: NAVD88 (Geoid03)'); the validation reports themselves state no datum and no geoid,wabasha,343.861,0.039
L3B-6181 Wabasha RTK,L3B,576206.48,4913701.415,218.121,m,EPSG:26915,NAVD88,GEOID03,lidar_semn2008,2008,wabasha_val.pdf table 'Control Z',datum is a DATASET-level assertion (lidar_semn2008.html: 'Vertical datum: NAVD88 (Geoid03)'); the validation reports themselves state no datum and no geoid,wabasha,218.081,0.04
L5U-6137 Wabasha RTK,L5U,547743.212,4911359.555,351.731,m,EPSG:26915,NAVD88,GEOID03,lidar_semn2008,2008,wabasha_val.pdf table 'Control Z',datum is a DATASET-level assertion (lidar_semn2008.html: 'Vertical datum: NAVD88 (Geoid03)'); the validation reports themselves state no datum and no geoid,wabasha,351.691,0.04
L5U-6141 Wabasha RTK,L5U,545864.618,4903478.448,254.725,m,EPSG:26915,NAVD88,GEOID03,lidar_semn2008,2008,wabasha_val.pdf table 'Control Z',datum is a DATASET-level assertion (lidar_semn2008.html: 'Vertical datum: NAVD88 (Geoid03)'); the validation reports themselves state no datum and no geoid,wabasha,254.683,0.042
L1O-6172 Wabasha RTK,L1O,553426.981,4910523.207,342.888,m,EPSG:26915,NAVD88,GEOID03,lidar_semn2008,2008,wabasha_val.pdf table 'Control Z',datum is a DATASET-level assertion (lidar_semn2008.html: 'Vertical datum: NAVD88 (Geoid03)'); the validation reports themselves state no datum and no geoid,wabasha,342.839,0.049
L2T-6175 Wabasha RTK,L2T,555021.336,4907198.911,322.744,m,EPSG:26915,NAVD88,GEOID03,lidar_semn2008,2008,wabasha_val.pdf table 'Control Z',datum is a DATASET-level assertion (lidar_semn2008.html: 'Vertical datum: NAVD88 (Geoid03)'); the validation reports themselves state no datum and no geoid,wabasha,322.693,0.051
L5U-6112 Wabasha RTK,L5U,566486.727,4890520.873,353.493,m,EPSG:26915,NAVD88,GEOID03,lidar_semn2008,2008,wabasha_val.pdf table 'Control Z',datum is a DATASET-level assertion (lidar_semn2008.html: 'Vertical datum: NAVD88 (Geoid03)'); the validation reports themselves state no datum and no geoid,wabasha,353.442,0.051
L5U-6106 Wabasha RTK,L5U,580020.431,4906525.976,216.905,m,EPSG:26915,NAVD88,GEOID03,lidar_semn2008,2008,wabasha_val.pdf table 'Control Z',datum is a DATASET-level assertion (lidar_semn2008.html: 'Vertical datum: NAVD88 (Geoid03)'); the validation reports themselves state no datum and no geoid,wabasha,216.851,0.054
L2T-6124 Wabasha RTK,L2T,569044.618,4902777.411,351.362,m,EPSG:26915,NAVD88,GEOID03,lidar_semn2008,2008,wabasha_val.pdf table 'Control Z',datum is a DATASET-level assertion (lidar_semn2008.html: 'Vertical datum: NAVD88 (Geoid03)'); the validation reports themselves state no datum and no geoid,wabasha,351.305,0.057
L1O-6118 Wabasha RTK,L1O,551939.75,4896224.857,320.763,m,EPSG:26915,NAVD88,GEOID03,lidar_semn2008,2008,wabasha_val.pdf table 'Control Z',datum is a DATASET-level assertion (lidar_semn2008.html: 'Vertical datum: NAVD88 (Geoid03)'); the validation reports themselves state no datum and no geoid,wabasha,320.702,0.061
L2T-6147 Wabasha RTK,L2T,564512.052,4901721.919,344.873,m,EPSG:26915,NAVD88,GEOID03,lidar_semn2008,2008,wabasha_val.pdf table 'Control Z',datum is a DATASET-level assertion (lidar_semn2008.html: 'Vertical datum: NAVD88 (Geoid03)'); the validation reports themselves state no datum and no geoid,wabasha,344.803,0.07
L2T-6199 Wabasha RTK,L2T,577859.603,4903484.053,351.402,m,EPSG:26915,NAVD88,GEOID03,lidar_semn2008,2008,wabasha_val.pdf table 'Control Z',datum is a DATASET-level assertion (lidar_semn2008.html: 'Vertical datum: NAVD88 (Geoid03)'); the validation reports themselves state no datum and no geoid,wabasha,351.33,0.072
L5U-6188 Wabasha RTK,L5U,577585.386,4913818.452,214.595,m,EPSG:26915,NAVD88,GEOID03,lidar_semn2008,2008,wabasha_val.pdf table 'Control Z',datum is a DATASET-level assertion (lidar_semn2008.html: 'Vertical datum: NAVD88 (Geoid03)'); the validation reports themselves state no datum and no geoid,wabasha,214.515,0.08
L4F-6197 Wabasha RTK,L4F,578193.054,4908048.385,212.967,m,EPSG:26915,NAVD88,GEOID03,lidar_semn2008,2008,wabasha_val.pdf table 'Control Z',datum is a DATASET-level assertion (lidar_semn2008.html: 'Vertical datum: NAVD88 (Geoid03)'); the validation reports themselves state no datum and no geoid,wabasha,212.886,0.081
L3B-6125 Wabasha RTK,L3B,572601.02,4901985.945,342.447,m,EPSG:26915,NAVD88,GEOID03,lidar_semn2008,2008,wabasha_val.pdf table 'Control Z',datum is a DATASET-level assertion (lidar_semn2008.html: 'Vertical datum: NAVD88 (Geoid03)'); the validation reports themselves state no datum and no geoid,wabasha,342.36,0.087
L1O-6185 Wabasha RTK,L1O,571072.727,4917809.572,228.07,m,EPSG:26915,NAVD88,GEOID03,lidar_semn2008,2008,wabasha_val.pdf table 'Control Z',datum is a DATASET-level assertion (lidar_semn2008.html: 'Vertical datum: NAVD88 (Geoid03)'); the validation reports themselves state no datum and no geoid,wabasha,227.979,0.091
L1O-6189 Wabasha RTK,L1O,576972.861,4911884.603,359.939,m,EPSG:26915,NAVD88,GEOID03,lidar_semn2008,2008,wabasha_val.pdf table 'Control Z',datum is a DATASET-level assertion (lidar_semn2008.html: 'Vertical datum: NAVD88 (Geoid03)'); the validation reports themselves state no datum and no geoid,wabasha,359.842,0.097
L5U-6161 Wabasha RTK,L5U,558060.847,4921238.348,216.143,m,EPSG:26915,NAVD88,GEOID03,lidar_semn2008,2008,wabasha_val.pdf table 'Control Z',datum is a DATASET-level assertion (lidar_semn2008.html: 'Vertical datum: NAVD88 (Geoid03)'); the validation reports themselves state no datum and no geoid,wabasha,216.04,0.103
L1O-6196 Wabasha RTK,L1O,575677.11,4908773.307,215.363,m,EPSG:26915,NAVD88,GEOID03,lidar_semn2008,2008,wabasha_val.pdf table 'Control Z',datum is a DATASET-level assertion (lidar_semn2008.html: 'Vertical datum: NAVD88 (Geoid03)'); the validation reports themselves state no datum and no geoid,wabasha,215.259,0.104
L1O-6136 Wabasha RTK,L1O,547744.122,4913027.174,345.842,m,EPSG:26915,NAVD88,GEOID03,lidar_semn2008,2008,wabasha_val.pdf table 'Control Z',datum is a DATASET-level assertion (lidar_semn2008.html: 'Vertical datum: NAVD88 (Geoid03)'); the validation reports themselves state no datum and no geoid,wabasha,345.733,0.109
L5U-6101 Wabasha RTK,L5U,585568.953,4896315.614,209.456,m,EPSG:26915,NAVD88,GEOID03,lidar_semn2008,2008,wabasha_val.pdf table 'Control Z',datum is a DATASET-level assertion (lidar_semn2008.html: 'Vertical datum: NAVD88 (Geoid03)'); the validation reports themselves state no datum and no geoid,wabasha,209.338,0.118
L4F-6109 Wabasha RTK,L4F,584150.618,4906317.231,209.547,m,EPSG:26915,NAVD88,GEOID03,lidar_semn2008,2008,wabasha_val.pdf table 'Control Z',datum is a DATASET-level assertion (lidar_semn2008.html: 'Vertical datum: NAVD88 (Geoid03)'); the validation reports themselves state no datum and no geoid,wabasha,209.391,0.156
L1O-6123 Wabasha RTK,L1O,575643.627,4898562.284,367.666,m,EPSG:26915,NAVD88,GEOID03,lidar_semn2008,2008,wabasha_val.pdf table 'Control Z',datum is a DATASET-level assertion (lidar_semn2008.html: 'Vertical datum: NAVD88 (Geoid03)'); the validation reports themselves state no datum and no geoid,wabasha,367.493,0.173
L2T-6100 Wabasha RTK,L2T,576707.916,4898604.51,365.166,m,EPSG:26915,NAVD88,GEOID03,lidar_semn2008,2008,wabasha_val.pdf table 'Control Z',datum is a DATASET-level assertion (lidar_semn2008.html: 'Vertical datum: NAVD88 (Geoid03)'); the validation reports themselves state no datum and no geoid,wabasha,364.985,0.181
L1O0,L1O,604760.34,4878787.629,201.217,m,EPSG:26915,NAVD88,GEOID03,lidar_semn2008,2008,winona_val.pdf table 'Control Z',datum is a DATASET-level assertion (lidar_semn2008.html: 'Vertical datum: NAVD88 (Geoid03)'); the validation reports themselves state no datum and no geoid,winona,201.389,-0.172
L1O101,L1O,578790.555,4882696.274,223.291,m,EPSG:26915,NAVD88,GEOID03,lidar_semn2008,2008,winona_val.pdf table 'Control Z',datum is a DATASET-level assertion (lidar_semn2008.html: 'Vertical datum: NAVD88 (Geoid03)'); the validation reports themselves state no datum and no geoid,winona,223.305,-0.014
L1O11,L1O,614825.937,4863377.426,404.537,m,EPSG:26915,NAVD88,GEOID03,lidar_semn2008,2008,winona_val.pdf table 'Control Z',datum is a DATASET-level assertion (lidar_semn2008.html: 'Vertical datum: NAVD88 (Geoid03)'); the validation reports themselves state no datum and no geoid,winona,404.622,-0.085
L1O111,L1O,615988.716,4866068.88,389.907,m,EPSG:26915,NAVD88,GEOID03,lidar_semn2008,2008,winona_val.pdf table 'Control Z',datum is a DATASET-level assertion (lidar_semn2008.html: 'Vertical datum: NAVD88 (Geoid03)'); the validation reports themselves state no datum and no geoid,winona,389.997,-0.09
L1O114,L1O,615264.021,4859470.263,402.45,m,EPSG:26915,NAVD88,GEOID03,lidar_semn2008,2008,winona_val.pdf table 'Control Z',datum is a DATASET-level assertion (lidar_semn2008.html: 'Vertical datum: NAVD88 (Geoid03)'); the validation reports themselves state no datum and no geoid,winona,402.564,-0.114
L1O117,L1O,605504.592,4868935.384,405.187,m,EPSG:26915,NAVD88,GEOID03,lidar_semn2008,2008,winona_val.pdf table 'Control Z',datum is a DATASET-level assertion (lidar_semn2008.html: 'Vertical datum: NAVD88 (Geoid03)'); the validation reports themselves state no datum and no geoid,winona,405.371,-0.184
L1O120,L1O,597828.559,4873147.726,368.019,m,EPSG:26915,NAVD88,GEOID03,lidar_semn2008,2008,winona_val.pdf table 'Control Z',datum is a DATASET-level assertion (lidar_semn2008.html: 'Vertical datum: NAVD88 (Geoid03)'); the validation reports themselves state no datum and no geoid,winona,368.235,-0.216
L1O124,L1O,590028.453,4861863.186,370.421,m,EPSG:26915,NAVD88,GEOID03,lidar_semn2008,2008,winona_val.pdf table 'Control Z',datum is a DATASET-level assertion (lidar_semn2008.html: 'Vertical datum: NAVD88 (Geoid03)'); the validation reports themselves state no datum and no geoid,winona,370.557,-0.136
L1O125,L1O,590506.397,4870052.739,369.723,m,EPSG:26915,NAVD88,GEOID03,lidar_semn2008,2008,winona_val.pdf table 'Control Z',datum is a DATASET-level assertion (lidar_semn2008.html: 'Vertical datum: NAVD88 (Geoid03)'); the validation reports themselves state no datum and no geoid,winona,369.87,-0.147
L1O132,L1O,574827.369,4859633.617,336.067,m,EPSG:26915,NAVD88,GEOID03,lidar_semn2008,2008,winona_val.pdf table 'Control Z',datum is a DATASET-level assertion (lidar_semn2008.html: 'Vertical datum: NAVD88 (Geoid03)'); the validation reports themselves state no datum and no geoid,winona,336.076,-0.009
L1O138,L1O,583932.007,4869558.929,358.537,m,EPSG:26915,NAVD88,GEOID03,lidar_semn2008,2008,winona_val.pdf table 'Control Z',datum is a DATASET-level assertion (lidar_semn2008.html: 'Vertical datum: NAVD88 (Geoid03)'); the validation reports themselves state no datum and no geoid,winona,358.624,-0.087
L1O140,L1O,581777.686,4872232.981,350.054,m,EPSG:26915,NAVD88,GEOID03,lidar_semn2008,2008,winona_val.pdf table 'Control Z',datum is a DATASET-level assertion (lidar_semn2008.html: 'Vertical datum: NAVD88 (Geoid03)'); the validation reports themselves state no datum and no geoid,winona,350.098,-0.044
L1O144,L1O,586435.458,4885896.405,373.939,m,EPSG:26915,NAVD88,GEOID03,lidar_semn2008,2008,winona_val.pdf table 'Control Z',datum is a DATASET-level assertion (lidar_semn2008.html: 'Vertical datum: NAVD88 (Geoid03)'); the validation reports themselves state no datum and no geoid,winona,373.991,-0.052
L1O148,L1O,586585.168,4874495.978,370.528,m,EPSG:26915,NAVD88,GEOID03,lidar_semn2008,2008,winona_val.pdf table 'Control Z',datum is a DATASET-level assertion (lidar_semn2008.html: 'Vertical datum: NAVD88 (Geoid03)'); the validation reports themselves state no datum and no geoid,winona,370.518,0.01
L1O15,L1O,605978.247,4861882.925,269.032,m,EPSG:26915,NAVD88,GEOID03,lidar_semn2008,2008,winona_val.pdf table 'Control Z',datum is a DATASET-level assertion (lidar_semn2008.html: 'Vertical datum: NAVD88 (Geoid03)'); the validation reports themselves state no datum and no geoid,winona,269.227,-0.195
L1O154,L1O,594517.431,4883848.081,229.954,m,EPSG:26915,NAVD88,GEOID03,lidar_semn2008,2008,winona_val.pdf table 'Control Z',datum is a DATASET-level assertion (lidar_semn2008.html: 'Vertical datum: NAVD88 (Geoid03)'); the validation reports themselves state no datum and no geoid,winona,230.1,-0.146
L1O173,L1O,580353.145,4888640.9,215.412,m,EPSG:26915,NAVD88,GEOID03,lidar_semn2008,2008,winona_val.pdf table 'Control Z',datum is a DATASET-level assertion (lidar_semn2008.html: 'Vertical datum: NAVD88 (Geoid03)'); the validation reports themselves state no datum and no geoid,winona,215.376,0.036
L1O2,L1O,610991.353,4876621.369,200.214,m,EPSG:26915,NAVD88,GEOID03,lidar_semn2008,2008,winona_val.pdf table 'Control Z',datum is a DATASET-level assertion (lidar_semn2008.html: 'Vertical datum: NAVD88 (Geoid03)'); the validation reports themselves state no datum and no geoid,winona,200.397,-0.183
L1O25,L1O,597964.546,4861967.932,375.819,m,EPSG:26915,NAVD88,GEOID03,lidar_semn2008,2008,winona_val.pdf table 'Control Z',datum is a DATASET-level assertion (lidar_semn2008.html: 'Vertical datum: NAVD88 (Geoid03)'); the validation reports themselves state no datum and no geoid,winona,376.028,-0.209
L1O3,L1O,607292.402,4874401.804,233.428,m,EPSG:26915,NAVD88,GEOID03,lidar_semn2008,2008,winona_val.pdf table 'Control Z',datum is a DATASET-level assertion (lidar_semn2008.html: 'Vertical datum: NAVD88 (Geoid03)'); the validation reports themselves state no datum and no geoid,winona,233.606,-0.178
L1O31,L1O,592891.798,4857439.796,248.699,m,EPSG:26915,NAVD88,GEOID03,lidar_semn2008,2008,winona_val.pdf table 'Control Z',datum is a DATASET-level assertion (lidar_semn2008.html: 'Vertical datum: NAVD88 (Geoid03)'); the validation reports themselves state no datum and no geoid,winona,248.838,-0.139
L1O4,L1O,622397.772,4873262.387,207.292,m,EPSG:26915,NAVD88,GEOID03,lidar_semn2008,2008,winona_val.pdf table 'Control Z',datum is a DATASET-level assertion (lidar_semn2008.html: 'Vertical datum: NAVD88 (Geoid03)'); the validation reports themselves state no datum and no geoid,winona,207.356,-0.064
L1O43,L1O,574938.4,4866679.521,403.141,m,EPSG:26915,NAVD88,GEOID03,lidar_semn2008,2008,winona_val.pdf table 'Control Z',datum is a DATASET-level assertion (lidar_semn2008.html: 'Vertical datum: NAVD88 (Geoid03)'); the validation reports themselves state no datum and no geoid,winona,403.125,0.016
L1O44,L1O,574523.748,4869477.484,337.753,m,EPSG:26915,NAVD88,GEOID03,lidar_semn2008,2008,winona_val.pdf table 'Control Z',datum is a DATASET-level assertion (lidar_semn2008.html: 'Vertical datum: NAVD88 (Geoid03)'); the validation reports themselves state no datum and no geoid,winona,337.783,-0.03
L1O5,L1O,626922.206,4869248.81,202.936,m,EPSG:26915,NAVD88,GEOID03,lidar_semn2008,2008,winona_val.pdf table 'Control Z',datum is a DATASET-level assertion (lidar_semn2008.html: 'Vertical datum: NAVD88 (Geoid03)'); the validation reports themselves state no datum and no geoid,winona,202.969,-0.033
L1O50,L1O,585266.064,4880186.837,354.507,m,EPSG:26915,NAVD88,GEOID03,lidar_semn2008,2008,winona_val.pdf table 'Control Z',datum is a DATASET-level assertion (lidar_semn2008.html: 'Vertical datum: NAVD88 (Geoid03)'); the validation reports themselves state no datum and no geoid,winona,354.579,-0.072
L1O52,L1O,573718.227,4880915.819,338.307,m,EPSG:26915,NAVD88,GEOID03,lidar_semn2008,2008,winona_val.pdf table 'Control Z',datum is a DATASET-level assertion (lidar_semn2008.html: 'Vertical datum: NAVD88 (Geoid03)'); the validation reports themselves state no datum and no geoid,winona,338.368,-0.061
L1O59,L1O,586592.989,4883128.072,357.607,m,EPSG:26915,NAVD88,GEOID03,lidar_semn2008,2008,winona_val.pdf table 'Control Z',datum is a DATASET-level assertion (lidar_semn2008.html: 'Vertical datum: NAVD88 (Geoid03)'); the validation reports themselves state no datum and no geoid,winona,357.646,-0.039
L1O6,L1O,631669.497,4863815.331,200.254,m,EPSG:26915,NAVD88,GEOID03,lidar_semn2008,2008,winona_val.pdf table 'Control Z',datum is a DATASET-level assertion (lidar_semn2008.html: 'Vertical datum: NAVD88 (Geoid03)'); the validation reports themselves state no datum and no geoid,winona,200.333,-0.079
L1O62,L1O,600282.438,4882625.991,205.305,m,EPSG:26915,NAVD88,GEOID03,lidar_semn2008,2008,winona_val.pdf table 'Control Z',datum is a DATASET-level assertion (lidar_semn2008.html: 'Vertical datum: NAVD88 (Geoid03)'); the validation reports themselves state no datum and no geoid,winona,205.459,-0.154
L1O63,L1O,597230.715,4887299.479,206.551,m,EPSG:26915,NAVD88,GEOID03,lidar_semn2008,2008,winona_val.pdf table 'Control Z',datum is a DATASET-level assertion (lidar_semn2008.html: 'Vertical datum: NAVD88 (Geoid03)'); the validation reports themselves state no datum and no geoid,winona,206.792,-0.241
L1O64,L1O,594985.964,4890286.484,203.336,m,EPSG:26915,NAVD88,GEOID03,lidar_semn2008,2008,winona_val.pdf table 'Control Z',datum is a DATASET-level assertion (lidar_semn2008.html: 'Vertical datum: NAVD88 (Geoid03)'); the validation reports themselves state no datum and no geoid,winona,203.525,-0.189
L1O65,L1O,590435.529,4893848.902,209.221,m,EPSG:26915,NAVD88,GEOID03,lidar_semn2008,2008,winona_val.pdf table 'Control Z',datum is a DATASET-level assertion (lidar_semn2008.html: 'Vertical datum: NAVD88 (Geoid03)'); the validation reports themselves state no datum and no geoid,winona,209.373,-0.152
L1O69,L1O,593038.099,4874853.238,371.93,m,EPSG:26915,NAVD88,GEOID03,lidar_semn2008,2008,winona_val.pdf table 'Control Z',datum is a DATASET-level assertion (lidar_semn2008.html: 'Vertical datum: NAVD88 (Geoid03)'); the validation reports themselves state no datum and no geoid,winona,372.125,-0.195
L1O7,L1O,635439.901,4857649.19,375.011,m,EPSG:26915,NAVD88,GEOID03,lidar_semn2008,2008,winona_val.pdf table 'Control Z',datum is a DATASET-level assertion (lidar_semn2008.html: 'Vertical datum: NAVD88 (Geoid03)'); the validation reports themselves state no datum and no geoid,winona,375.07,-0.059
L1O8,L1O,625518.897,4864620.423,385.756,m,EPSG:26915,NAVD88,GEOID03,lidar_semn2008,2008,winona_val.pdf table 'Control Z',datum is a DATASET-level assertion (lidar_semn2008.html: 'Vertical datum: NAVD88 (Geoid03)'); the validation reports themselves state no datum and no geoid,winona,385.722,0.034
L1O84,L1O,628353.835,4856065.831,214.461,m,EPSG:26915,NAVD88,GEOID03,lidar_semn2008,2008,winona_val.pdf table 'Control Z',datum is a DATASET-level assertion (lidar_semn2008.html: 'Vertical datum: NAVD88 (Geoid03)'); the validation reports themselves state no datum and no geoid,winona,214.46,0.001
L1O88,L1O,598901.184,4875433.483,229.588,m,EPSG:26915,NAVD88,GEOID03,lidar_semn2008,2008,winona_val.pdf table 'Control Z',datum is a DATASET-level assertion (lidar_semn2008.html: 'Vertical datum: NAVD88 (Geoid03)'); the validation reports themselves state no datum and no geoid,winona,229.752,-0.164
L2T10,L2T,620283.975,4857065.579,386.81,m,EPSG:26915,NAVD88,GEOID03,lidar_semn2008,2008,winona_val.pdf table 'Control Z',datum is a DATASET-level assertion (lidar_semn2008.html: 'Vertical datum: NAVD88 (Geoid03)'); the validation reports themselves state no datum and no geoid,winona,387.048,-0.238
L2T102,L2T,583054.295,4882726.848,256.737,m,EPSG:26915,NAVD88,GEOID03,lidar_semn2008,2008,winona_val.pdf table 'Control Z',datum is a DATASET-level assertion (lidar_semn2008.html: 'Vertical datum: NAVD88 (Geoid03)'); the validation reports themselves state no datum and no geoid,winona,256.743,-0.006
L2T12,L2T,610534.648,4858142.88,244.587,m,EPSG:26915,NAVD88,GEOID03,lidar_semn2008,2008,winona_val.pdf table 'Control Z',datum is a DATASET-level assertion (lidar_semn2008.html: 'Vertical datum: NAVD88 (Geoid03)'); the validation reports themselves state no datum and no geoid,winona,244.958,-0.371
L2T13,L2T,612793.571,4868101.994,396.518,m,EPSG:26915,NAVD88,GEOID03,lidar_semn2008,2008,winona_val.pdf table 'Control Z',datum is a DATASET-level assertion (lidar_semn2008.html: 'Vertical datum: NAVD88 (Geoid03)'); the validation reports themselves state no datum and no geoid,winona,396.682,-0.164
L2T17,L2T,601856.138,4857219.331,364.673,m,EPSG:26915,NAVD88,GEOID03,lidar_semn2008,2008,winona_val.pdf table 'Control Z',datum is a DATASET-level assertion (lidar_semn2008.html: 'Vertical datum: NAVD88 (Geoid03)'); the validation reports themselves state no datum and no geoid,winona,364.998,-0.325
L2T18,L2T,600850.168,4867337.535,381.872,m,EPSG:26915,NAVD88,GEOID03,lidar_semn2008,2008,winona_val.pdf table 'Control Z',datum is a DATASET-level assertion (lidar_semn2008.html: 'Vertical datum: NAVD88 (Geoid03)'); the validation reports themselves state no datum and no geoid,winona,382.18,-0.308
L2T19,L2T,607296.689,4871769.937,380.766,m,EPSG:26915,NAVD88,GEOID03,lidar_semn2008,2008,winona_val.pdf table 'Control Z',datum is a DATASET-level assertion (lidar_semn2008.html: 'Vertical datum: NAVD88 (Geoid03)'); the validation reports themselves state no datum and no geoid,winona,380.994,-0.228
L2T20,L2T,605736.234,4875331.948,369.623,m,EPSG:26915,NAVD88,GEOID03,lidar_semn2008,2008,winona_val.pdf table 'Control Z',datum is a DATASET-level assertion (lidar_semn2008.html: 'Vertical datum: NAVD88 (Geoid03)'); the validation reports themselves state no datum and no geoid,winona,369.877,-0.254
L2T21,L2T,599205.097,4865985.484,383.256,m,EPSG:26915,NAVD88,GEOID03,lidar_semn2008,2008,winona_val.pdf table 'Control Z',datum is a DATASET-level assertion (lidar_semn2008.html: 'Vertical datum: NAVD88 (Geoid03)'); the validation reports themselves state no datum and no geoid,winona,383.522,-0.266
L2T22,L2T,598647.107,4870791.754,366.84,m,EPSG:26915,NAVD88,GEOID03,lidar_semn2008,2008,winona_val.pdf table 'Control Z',datum is a DATASET-level assertion (lidar_semn2008.html: 'Vertical datum: NAVD88 (Geoid03)'); the validation reports themselves state no datum and no geoid,winona,367.087,-0.247
L2T24,L2T,595491.711,4864971.362,372.64,m,EPSG:26915,NAVD88,GEOID03,lidar_semn2008,2008,winona_val.pdf table 'Control Z',datum is a DATASET-level assertion (lidar_semn2008.html: 'Vertical datum: NAVD88 (Geoid03)'); the validation reports themselves state no datum and no geoid,winona,372.968,-0.328
L2T26,L2T,596888.894,4857210.179,247.623,m,EPSG:26915,NAVD88,GEOID03,lidar_semn2008,2008,winona_val.pdf table 'Control Z',datum is a DATASET-level assertion (lidar_semn2008.html: 'Vertical datum: NAVD88 (Geoid03)'); the validation reports themselves state no datum and no geoid,winona,247.979,-0.356
L2T27,L2T,594681.209,4859904.892,246.126,m,EPSG:26915,NAVD88,GEOID03,lidar_semn2008,2008,winona_val.pdf table 'Control Z',datum is a DATASET-level assertion (lidar_semn2008.html: 'Vertical datum: NAVD88 (Geoid03)'); the validation reports themselves state no datum and no geoid,winona,246.281,-0.155
L2T28,L2T,593103.58,4868068.484,364.813,m,EPSG:26915,NAVD88,GEOID03,lidar_semn2008,2008,winona_val.pdf table 'Control Z',datum is a DATASET-level assertion (lidar_semn2008.html: 'Vertical datum: NAVD88 (Geoid03)'); the validation reports themselves state no datum and no geoid,winona,364.993,-0.18
L2T29,L2T,589992.87,4864854.524,361.576,m,EPSG:26915,NAVD88,GEOID03,lidar_semn2008,2008,winona_val.pdf table 'Control Z',datum is a DATASET-level assertion (lidar_semn2008.html: 'Vertical datum: NAVD88 (Geoid03)'); the validation reports themselves state no datum and no geoid,winona,361.692,-0.116
L2T33,L2T,588507.85,4855381.844,349.39,m,EPSG:26915,NAVD88,GEOID03,lidar_semn2008,2008,winona_val.pdf table 'Control Z',datum is a DATASET-level assertion (lidar_semn2008.html: 'Vertical datum: NAVD88 (Geoid03)'); the validation reports themselves state no datum and no geoid,winona,349.487,-0.097
L2T34,L2T,586286.014,4857799.756,363.319,m,EPSG:26915,NAVD88,GEOID03,lidar_semn2008,2008,winona_val.pdf table 'Control Z',datum is a DATASET-level assertion (lidar_semn2008.html: 'Vertical datum: NAVD88 (Geoid03)'); the validation reports themselves state no datum and no geoid,winona,363.313,0.006
L2T35,L2T,582572.962,4863446.428,350.716,m,EPSG:26915,NAVD88,GEOID03,lidar_semn2008,2008,winona_val.pdf table 'Control Z',datum is a DATASET-level assertion (lidar_semn2008.html: 'Vertical datum: NAVD88 (Geoid03)'); the validation reports themselves state no datum and no geoid,winona,350.809,-0.093
L2T36,L2T,583728.045,4866673.878,350.926,m,EPSG:26915,NAVD88,GEOID03,lidar_semn2008,2008,winona_val.pdf table 'Control Z',datum is a DATASET-level assertion (lidar_semn2008.html: 'Vertical datum: NAVD88 (Geoid03)'); the validation reports themselves state no datum and no geoid,winona,351.059,-0.133
L2T37,L2T,579949.798,4865246.739,401.16,m,EPSG:26915,NAVD88,GEOID03,lidar_semn2008,2008,winona_val.pdf table 'Control Z',datum is a DATASET-level assertion (lidar_semn2008.html: 'Vertical datum: NAVD88 (Geoid03)'); the validation reports themselves state no datum and no geoid,winona,401.168,-0.008
L2T38,L2T,582018.443,4860768.379,359.662,m,EPSG:26915,NAVD88,GEOID03,lidar_semn2008,2008,winona_val.pdf table 'Control Z',datum is a DATASET-level assertion (lidar_semn2008.html: 'Vertical datum: NAVD88 (Geoid03)'); the validation reports themselves state no datum and no geoid,winona,359.842,-0.18
L2T39,L2T,582072.262,4855458.928,349.314,m,EPSG:26915,NAVD88,GEOID03,lidar_semn2008,2008,winona_val.pdf table 'Control Z',datum is a DATASET-level assertion (lidar_semn2008.html: 'Vertical datum: NAVD88 (Geoid03)'); the validation reports themselves state no datum and no geoid,winona,349.601,-0.287
L2T40,L2T,577388.044,4856115.158,331.172,m,EPSG:26915,NAVD88,GEOID03,lidar_semn2008,2008,winona_val.pdf table 'Control Z',datum is a DATASET-level assertion (lidar_semn2008.html: 'Vertical datum: NAVD88 (Geoid03)'); the validation reports themselves state no datum and no geoid,winona,331.23,-0.058
L2T41,L2T,573798.922,4857424.72,314.691,m,EPSG:26915,NAVD88,GEOID03,lidar_semn2008,2008,winona_val.pdf table 'Control Z',datum is a DATASET-level assertion (lidar_semn2008.html: 'Vertical datum: NAVD88 (Geoid03)'); the validation reports themselves state no datum and no geoid,winona,314.733,-0.042
L2T42,L2T,574748.377,4861518.285,326.24,m,EPSG:26915,NAVD88,GEOID03,lidar_semn2008,2008,winona_val.pdf table 'Control Z',datum is a DATASET-level assertion (lidar_semn2008.html: 'Vertical datum: NAVD88 (Geoid03)'); the validation reports themselves state no datum and no geoid,winona,326.362,-0.122
L2T45,L2T,578435.912,4872171.583,353.648,m,EPSG:26915,NAVD88,GEOID03,lidar_semn2008,2008,winona_val.pdf table 'Control Z',datum is a DATASET-level assertion (lidar_semn2008.html: 'Vertical datum: NAVD88 (Geoid03)'); the validation reports themselves state no datum and no geoid,winona,353.673,-0.025
L2T46,L2T,582601.335,4874179.326,346.729,m,EPSG:26915,NAVD88,GEOID03,lidar_semn2008,2008,winona_val.pdf table 'Control Z',datum is a DATASET-level assertion (lidar_semn2008.html: 'Vertical datum: NAVD88 (Geoid03)'); the validation reports themselves state no datum and no geoid,winona,346.757,-0.028
L2T47,L2T,574550.941,4875714.956,344.574,m,EPSG:26915,NAVD88,GEOID03,lidar_semn2008,2008,winona_val.pdf table 'Control Z',datum is a DATASET-level assertion (lidar_semn2008.html: 'Vertical datum: NAVD88 (Geoid03)'); the validation reports themselves state no datum and no geoid,winona,344.564,0.01
L2T48,L2T,578397.869,4878594.06,354.837,m,EPSG:26915,NAVD88,GEOID03,lidar_semn2008,2008,winona_val.pdf table 'Control Z',datum is a DATASET-level assertion (lidar_semn2008.html: 'Vertical datum: NAVD88 (Geoid03)'); the validation reports themselves state no datum and no geoid,winona,354.794,0.043
L2T49,L2T,585061.454,4870905.87,355.836,m,EPSG:26915,NAVD88,GEOID03,lidar_semn2008,2008,winona_val.pdf table 'Control Z',datum is a DATASET-level assertion (lidar_semn2008.html: 'Vertical datum: NAVD88 (Geoid03)'); the validation reports themselves state no datum and no geoid,winona,355.905,-0.069
L2T51,L2T,576507.634,4883540.432,344.129,m,EPSG:26915,NAVD88,GEOID03,lidar_semn2008,2008,winona_val.pdf table 'Control Z',datum is a DATASET-level assertion (lidar_semn2008.html: 'Vertical datum: NAVD88 (Geoid03)'); the validation reports themselves state no datum and no geoid,winona,344.084,0.045
L2T53,L2T,573823.387,4886700.248,361.576,m,EPSG:26915,NAVD88,GEOID03,lidar_semn2008,2008,winona_val.pdf table 'Control Z',datum is a DATASET-level assertion (lidar_semn2008.html: 'Vertical datum: NAVD88 (Geoid03)'); the validation reports themselves state no datum and no geoid,winona,361.683,-0.107
L2T54,L2T,578026.226,4887983.296,348.689,m,EPSG:26915,NAVD88,GEOID03,lidar_semn2008,2008,winona_val.pdf table 'Control Z',datum is a DATASET-level assertion (lidar_semn2008.html: 'Vertical datum: NAVD88 (Geoid03)'); the validation reports themselves state no datum and no geoid,winona,348.694,-0.005
L2T55,L2T,573596.268,4893065.88,361.838,m,EPSG:26915,NAVD88,GEOID03,lidar_semn2008,2008,winona_val.pdf table 'Control Z',datum is a DATASET-level assertion (lidar_semn2008.html: 'Vertical datum: NAVD88 (Geoid03)'); the validation reports themselves state no datum and no geoid,winona,361.86,-0.022
L2T56,L2T,578279.551,4890938.349,348.948,m,EPSG:26915,NAVD88,GEOID03,lidar_semn2008,2008,winona_val.pdf table 'Control Z',datum is a DATASET-level assertion (lidar_semn2008.html: 'Vertical datum: NAVD88 (Geoid03)'); the validation reports themselves state no datum and no geoid,winona,348.92,0.028
L2T57,L2T,582258.207,4889535.962,355.062,m,EPSG:26915,NAVD88,GEOID03,lidar_semn2008,2008,winona_val.pdf table 'Control Z',datum is a DATASET-level assertion (lidar_semn2008.html: 'Vertical datum: NAVD88 (Geoid03)'); the validation reports themselves state no datum and no geoid,winona,355.233,-0.171
L2T58,L2T,582437.928,4886155.606,365.413,m,EPSG:26915,NAVD88,GEOID03,lidar_semn2008,2008,winona_val.pdf table 'Control Z',datum is a DATASET-level assertion (lidar_semn2008.html: 'Vertical datum: NAVD88 (Geoid03)'); the validation reports themselves state no datum and no geoid,winona,365.511,-0.098
L2T60,L2T,587167.334,4875746.022,367.583,m,EPSG:26915,NAVD88,GEOID03,lidar_semn2008,2008,winona_val.pdf table 'Control Z',datum is a DATASET-level assertion (lidar_semn2008.html: 'Vertical datum: NAVD88 (Geoid03)'); the validation reports themselves state no datum and no geoid,winona,367.62,-0.037
L2T61,L2T,588259.088,4870754.63,366.087,m,EPSG:26915,NAVD88,GEOID03,lidar_semn2008,2008,winona_val.pdf table 'Control Z',datum is a DATASET-level assertion (lidar_semn2008.html: 'Vertical datum: NAVD88 (Geoid03)'); the validation reports themselves state no datum and no geoid,winona,366.107,-0.02
L2T66,L2T,588356.328,4892185.154,364.033,m,EPSG:26915,NAVD88,GEOID03,lidar_semn2008,2008,winona_val.pdf table 'Control Z',datum is a DATASET-level assertion (lidar_semn2008.html: 'Vertical datum: NAVD88 (Geoid03)'); the validation reports themselves state no datum and no geoid,winona,364.064,-0.031
L2T67,L2T,590510.853,4887577.161,376.566,m,EPSG:26915,NAVD88,GEOID03,lidar_semn2008,2008,winona_val.pdf table 'Control Z',datum is a DATASET-level assertion (lidar_semn2008.html: 'Vertical datum: NAVD88 (Geoid03)'); the validation reports themselves state no datum and no geoid,winona,376.524,0.042
L2T68,L2T,594198.217,4881094.798,364.596,m,EPSG:26915,NAVD88,GEOID03,lidar_semn2008,2008,winona_val.pdf table 'Control Z',datum is a DATASET-level assertion (lidar_semn2008.html: 'Vertical datum: NAVD88 (Geoid03)'); the validation reports themselves state no datum and no geoid,winona,364.784,-0.188
L2T70,L2T,602055.008,4877311.226,371.823,m,EPSG:26915,NAVD88,GEOID03,lidar_semn2008,2008,winona_val.pdf table 'Control Z',datum is a DATASET-level assertion (lidar_semn2008.html: 'Vertical datum: NAVD88 (Geoid03)'); the validation reports themselves state no datum and no geoid,winona,372.122,-0.299
L2T71,L2T,602650.176,4871662.655,371.765,m,EPSG:26915,NAVD88,GEOID03,lidar_semn2008,2008,winona_val.pdf table 'Control Z',datum is a DATASET-level assertion (lidar_semn2008.html: 'Vertical datum: NAVD88 (Geoid03)'); the validation reports themselves state no datum and no geoid,winona,372.077,-0.312
L2T72,L2T,605643.786,4868262.298,408.366,m,EPSG:26915,NAVD88,GEOID03,lidar_semn2008,2008,winona_val.pdf table 'Control Z',datum is a DATASET-level assertion (lidar_semn2008.html: 'Vertical datum: NAVD88 (Geoid03)'); the validation reports themselves state no datum and no geoid,winona,408.664,-0.298
L2T73,L2T,613723.991,4873093.634,379.763,m,EPSG:26915,NAVD88,GEOID03,lidar_semn2008,2008,winona_val.pdf table 'Control Z',datum is a DATASET-level assertion (lidar_semn2008.html: 'Vertical datum: NAVD88 (Geoid03)'); the validation reports themselves state no datum and no geoid,winona,379.84,-0.077
L2T74,L2T,617198.129,4872561.777,382.433,m,EPSG:26915,NAVD88,GEOID03,lidar_semn2008,2008,winona_val.pdf table 'Control Z',datum is a DATASET-level assertion (lidar_semn2008.html: 'Vertical datum: NAVD88 (Geoid03)'); the validation reports themselves state no datum and no geoid,winona,382.514,-0.081
L2T75,L2T,618726.735,4868875.052,378.044,m,EPSG:26915,NAVD88,GEOID03,lidar_semn2008,2008,winona_val.pdf table 'Control Z',datum is a DATASET-level assertion (lidar_semn2008.html: 'Vertical datum: NAVD88 (Geoid03)'); the validation reports themselves state no datum and no geoid,winona,378.108,-0.064
L2T76,L2T,622537.01,4866054.658,380.76,m,EPSG:26915,NAVD88,GEOID03,lidar_semn2008,2008,winona_val.pdf table 'Control Z',datum is a DATASET-level assertion (lidar_semn2008.html: 'Vertical datum: NAVD88 (Geoid03)'); the validation reports themselves state no datum and no geoid,winona,380.824,-0.064
L2T77,L2T,627450.152,4866307.885,386.563,m,EPSG:26915,NAVD88,GEOID03,lidar_semn2008,2008,winona_val.pdf table 'Control Z',datum is a DATASET-level assertion (lidar_semn2008.html: 'Vertical datum: NAVD88 (Geoid03)'); the validation reports themselves state no datum and no geoid,winona,386.765,-0.202
L2T78,L2T,632294.561,4859290.244,378.727,m,EPSG:26915,NAVD88,GEOID03,lidar_semn2008,2008,winona_val.pdf table 'Control Z',datum is a DATASET-level assertion (lidar_semn2008.html: 'Vertical datum: NAVD88 (Geoid03)'); the validation reports themselves state no datum and no geoid,winona,378.815,-0.088
L2T79,L2T,627227.449,4860688.983,387.463,m,EPSG:26915,NAVD88,GEOID03,lidar_semn2008,2008,winona_val.pdf table 'Control Z',datum is a DATASET-level assertion (lidar_semn2008.html: 'Vertical datum: NAVD88 (Geoid03)'); the validation reports themselves state no datum and no geoid,winona,387.517,-0.054
L2T80,L2T,626117.401,4858565.863,381.824,m,EPSG:26915,NAVD88,GEOID03,lidar_semn2008,2008,winona_val.pdf table 'Control Z',datum is a DATASET-level assertion (lidar_semn2008.html: 'Vertical datum: NAVD88 (Geoid03)'); the validation reports themselves state no datum and no geoid,winona,382.009,-0.185
L2T81,L2T,618882.304,4860822.546,389.867,m,EPSG:26915,NAVD88,GEOID03,lidar_semn2008,2008,winona_val.pdf table 'Control Z',datum is a DATASET-level assertion (lidar_semn2008.html: 'Vertical datum: NAVD88 (Geoid03)'); the validation reports themselves state no datum and no geoid,winona,389.928,-0.061
L2T82,L2T,614021.043,4858720.553,398.045,m,EPSG:26915,NAVD88,GEOID03,lidar_semn2008,2008,winona_val.pdf table 'Control Z',datum is a DATASET-level assertion (lidar_semn2008.html: 'Vertical datum: NAVD88 (Geoid03)'); the validation reports themselves state no datum and no geoid,winona,398.202,-0.157
L2T83,L2T,603026.699,4862088.87,394.22,m,EPSG:26915,NAVD88,GEOID03,lidar_semn2008,2008,winona_val.pdf table 'Control Z',datum is a DATASET-level assertion (lidar_semn2008.html: 'Vertical datum: NAVD88 (Geoid03)'); the validation reports themselves state no datum and no geoid,winona,394.577,-0.357
L2T85,L2T,622723.001,4860974.172,266.801,m,EPSG:26915,NAVD88,GEOID03,lidar_semn2008,2008,winona_val.pdf table 'Control Z',datum is a DATASET-level assertion (lidar_semn2008.html: 'Vertical datum: NAVD88 (Geoid03)'); the validation reports themselves state no datum and no geoid,winona,266.775,0.026
L2T86,L2T,619660.786,4857538.068,273.842,m,EPSG:26915,NAVD88,GEOID03,lidar_semn2008,2008,winona_val.pdf table 'Control Z',datum is a DATASET-level assertion (lidar_semn2008.html: 'Vertical datum: NAVD88 (Geoid03)'); the validation reports themselves state no datum and no geoid,winona,273.747,0.095
L2T87,L2T,614680.713,4856101.432,246.529,m,EPSG:26915,NAVD88,GEOID03,lidar_semn2008,2008,winona_val.pdf table 'Control Z',datum is a DATASET-level assertion (lidar_semn2008.html: 'Vertical datum: NAVD88 (Geoid03)'); the validation reports themselves state no datum and no geoid,winona,246.553,-0.024
L2T89,L2T,599372.214,4879317.353,226.257,m,EPSG:26915,NAVD88,GEOID03,lidar_semn2008,2008,winona_val.pdf table 'Control Z',datum is a DATASET-level assertion (lidar_semn2008.html: 'Vertical datum: NAVD88 (Geoid03)'); the validation reports themselves state no datum and no geoid,winona,226.372,-0.115
L2T9,L2T,621174.012,4864494.226,388.359,m,EPSG:26915,NAVD88,GEOID03,lidar_semn2008,2008,winona_val.pdf table 'Control Z',datum is a DATASET-level assertion (lidar_semn2008.html: 'Vertical datum: NAVD88 (Geoid03)'); the validation reports themselves state no datum and no geoid,winona,388.47,-0.111
L2T90,L2T,593809.902,4885271.212,238.068,m,EPSG:26915,NAVD88,GEOID03,lidar_semn2008,2008,winona_val.pdf table 'Control Z',datum is a DATASET-level assertion (lidar_semn2008.html: 'Vertical datum: NAVD88 (Geoid03)'); the validation reports themselves state no datum and no geoid,winona,238.14,-0.072
L2T91,L2T,590696.481,4882442.277,240.631,m,EPSG:26915,NAVD88,GEOID03,lidar_semn2008,2008,winona_val.pdf table 'Control Z',datum is a DATASET-level assertion (lidar_semn2008.html: 'Vertical datum: NAVD88 (Geoid03)'); the validation reports themselves state no datum and no geoid,winona,240.699,-0.068
L2T92,L2T,590502.08,4878829.021,369.699,m,EPSG:26915,NAVD88,GEOID03,lidar_semn2008,2008,winona_val.pdf table 'Control Z',datum is a DATASET-level assertion (lidar_semn2008.html: 'Vertical datum: NAVD88 (Geoid03)'); the validation reports themselves state no datum and no geoid,winona,369.703,-0.004
L2T93,L2T,596062.903,4877654.096,374.487,m,EPSG:26915,NAVD88,GEOID03,lidar_semn2008,2008,winona_val.pdf table 'Control Z',datum is a DATASET-level assertion (lidar_semn2008.html: 'Vertical datum: NAVD88 (Geoid03)'); the validation reports themselves state no datum and no geoid,winona,374.702,-0.215
L2T95,L2T,585018.292,4889844.188,240.393,m,EPSG:26915,NAVD88,GEOID03,lidar_semn2008,2008,winona_val.pdf table 'Control Z',datum is a DATASET-level assertion (lidar_semn2008.html: 'Vertical datum: NAVD88 (Geoid03)'); the validation reports themselves state no datum and no geoid,winona,240.428,-0.035
L2T96,L2T,586057.259,4886651.738,360.698,m,EPSG:26915,NAVD88,GEOID03,lidar_semn2008,2008,winona_val.pdf table 'Control Z',datum is a DATASET-level assertion (lidar_semn2008.html: 'Vertical datum: NAVD88 (Geoid03)'); the validation reports themselves state no datum and no geoid,winona,360.734,-0.036
L2T98,L2T,576286.909,4890360.418,246.325,m,EPSG:26915,NAVD88,GEOID03,lidar_semn2008,2008,winona_val.pdf table 'Control Z',datum is a DATASET-level assertion (lidar_semn2008.html: 'Vertical datum: NAVD88 (Geoid03)'); the validation reports themselves state no datum and no geoid,winona,246.25,0.075
L3B100,L3B,575921.468,4878313.362,263.153,m,EPSG:26915,NAVD88,GEOID03,lidar_semn2008,2008,winona_val.pdf table 'Control Z',datum is a DATASET-level assertion (lidar_semn2008.html: 'Vertical datum: NAVD88 (Geoid03)'); the validation reports themselves state no datum and no geoid,winona,263.141,0.012
L3B106,L3B,622563.607,4873125.215,208.395,m,EPSG:26915,NAVD88,GEOID03,lidar_semn2008,2008,winona_val.pdf table 'Control Z',datum is a DATASET-level assertion (lidar_semn2008.html: 'Vertical datum: NAVD88 (Geoid03)'); the validation reports themselves state no datum and no geoid,winona,208.44,-0.045
L3B110,L3B,621162.521,4870228.398,351.975,m,EPSG:26915,NAVD88,GEOID03,lidar_semn2008,2008,winona_val.pdf table 'Control Z',datum is a DATASET-level assertion (lidar_semn2008.html: 'Vertical datum: NAVD88 (Geoid03)'); the validation reports themselves state no datum and no geoid,winona,352.101,-0.126
L3B112,L3B,612612.891,4857991.095,395.332,m,EPSG:26915,NAVD88,GEOID03,lidar_semn2008,2008,winona_val.pdf table 'Control Z',datum is a DATASET-level assertion (lidar_semn2008.html: 'Vertical datum: NAVD88 (Geoid03)'); the validation reports themselves state no datum and no geoid,winona,395.505,-0.173
L3B118,L3B,607488.401,4872923.729,365.63,m,EPSG:26915,NAVD88,GEOID03,lidar_semn2008,2008,winona_val.pdf table 'Control Z',datum is a DATASET-level assertion (lidar_semn2008.html: 'Vertical datum: NAVD88 (Geoid03)'); the validation reports themselves state no datum and no geoid,winona,366.065,-0.435
L3B128,L3B,585354.025,4857041.271,344.912,m,EPSG:26915,NAVD88,GEOID03,lidar_semn2008,2008,winona_val.pdf table 'Control Z',datum is a DATASET-level assertion (lidar_semn2008.html: 'Vertical datum: NAVD88 (Geoid03)'); the validation reports themselves state no datum and no geoid,winona,344.998,-0.086
L3B130,L3B,581002.771,4856974.291,376.042,m,EPSG:26915,NAVD88,GEOID03,lidar_semn2008,2008,winona_val.pdf table 'Control Z',datum is a DATASET-level assertion (lidar_semn2008.html: 'Vertical datum: NAVD88 (Geoid03)'); the validation reports themselves state no datum and no geoid,winona,376.181,-0.139
L3B134,L3B,574616.921,4860206.512,321.894,m,EPSG:26915,NAVD88,GEOID03,lidar_semn2008,2008,winona_val.pdf table 'Control Z',datum is a DATASET-level assertion (lidar_semn2008.html: 'Vertical datum: NAVD88 (Geoid03)'); the validation reports themselves state no datum and no geoid,winona,322.131,-0.237
L3B137,L3B,579782.702,4868723.755,348.076,m,EPSG:26915,NAVD88,GEOID03,lidar_semn2008,2008,winona_val.pdf table 'Control Z',datum is a DATASET-level assertion (lidar_semn2008.html: 'Vertical datum: NAVD88 (Geoid03)'); the validation reports themselves state no datum and no geoid,winona,348.117,-0.041
L3B14,L3B,609064.929,4869274.85,401.538,m,EPSG:26915,NAVD88,GEOID03,lidar_semn2008,2008,winona_val.pdf table 'Control Z',datum is a DATASET-level assertion (lidar_semn2008.html: 'Vertical datum: NAVD88 (Geoid03)'); the validation reports themselves state no datum and no geoid,winona,401.806,-0.268
L3B141,L3B,578173.619,4875841.803,348.143,m,EPSG:26915,NAVD88,GEOID03,lidar_semn2008,2008,winona_val.pdf table 'Control Z',datum is a DATASET-level assertion (lidar_semn2008.html: 'Vertical datum: NAVD88 (Geoid03)'); the validation reports themselves state no datum and no geoid,winona,348.151,-0.008
L3B143,L3B,575323.711,4881784.825,351.7,m,EPSG:26915,NAVD88,GEOID03,lidar_semn2008,2008,winona_val.pdf table 'Control Z',datum is a DATASET-level assertion (lidar_semn2008.html: 'Vertical datum: NAVD88 (Geoid03)'); the validation reports themselves state no datum and no geoid,winona,351.884,-0.184
L3B146,L3B,581389.166,4886329.432,352.225,m,EPSG:26915,NAVD88,GEOID03,lidar_semn2008,2008,winona_val.pdf table 'Control Z',datum is a DATASET-level assertion (lidar_semn2008.html: 'Vertical datum: NAVD88 (Geoid03)'); the validation reports themselves state no datum and no geoid,winona,352.356,-0.131
L3B151,L3B,594122.018,4888505.729,359.08,m,EPSG:26915,NAVD88,GEOID03,lidar_semn2008,2008,winona_val.pdf table 'Control Z',datum is a DATASET-level assertion (lidar_semn2008.html: 'Vertical datum: NAVD88 (Geoid03)'); the validation reports themselves state no datum and no geoid,winona,359.277,-0.197
L3B152,L3B,590252.102,4893841.083,203.299,m,EPSG:26915,NAVD88,GEOID03,lidar_semn2008,2008,winona_val.pdf table 'Control Z',datum is a DATASET-level assertion (lidar_semn2008.html: 'Vertical datum: NAVD88 (Geoid03)'); the validation reports themselves state no datum and no geoid,winona,203.454,-0.155
L3B155,L3B,592506.616,4884943.624,235.145,m,EPSG:26915,NAVD88,GEOID03,lidar_semn2008,2008,winona_val.pdf table 'Control Z',datum is a DATASET-level assertion (lidar_semn2008.html: 'Vertical datum: NAVD88 (Geoid03)'); the validation reports themselves state no datum and no geoid,winona,235.408,-0.263
L3B160,L3B,600535.256,4883114.98,208.325,m,EPSG:26915,NAVD88,GEOID03,lidar_semn2008,2008,winona_val.pdf table 'Control Z',datum is a DATASET-level assertion (lidar_semn2008.html: 'Vertical datum: NAVD88 (Geoid03)'); the validation reports themselves state no datum and no geoid,winona,208.571,-0.246
L3B163,L3B,611139.953,4876755.075,199.538,m,EPSG:26915,NAVD88,GEOID03,lidar_semn2008,2008,winona_val.pdf table 'Control Z',datum is a DATASET-level assertion (lidar_semn2008.html: 'Vertical datum: NAVD88 (Geoid03)'); the validation reports themselves state no datum and no geoid,winona,199.821,-0.283
L3B166,L3B,599849.258,4858775.053,360.223,m,EPSG:26915,NAVD88,GEOID03,lidar_semn2008,2008,winona_val.pdf table 'Control Z',datum is a DATASET-level assertion (lidar_semn2008.html: 'Vertical datum: NAVD88 (Geoid03)'); the validation reports themselves state no datum and no geoid,winona,360.519,-0.296
L3B169,L3B,575272.865,4865200.295,348.317,m,EPSG:26915,NAVD88,GEOID03,lidar_semn2008,2008,winona_val.pdf table 'Control Z',datum is a DATASET-level assertion (lidar_semn2008.html: 'Vertical datum: NAVD88 (Geoid03)'); the validation reports themselves state no datum and no geoid,winona,348.435,-0.118
L3B174,L3B,582256.364,4889861.537,364.517,m,EPSG:26915,NAVD88,GEOID03,lidar_semn2008,2008,winona_val.pdf table 'Control Z',datum is a DATASET-level assertion (lidar_semn2008.html: 'Vertical datum: NAVD88 (Geoid03)'); the validation reports themselves state no datum and no geoid,winona,364.588,-0.071
L3B23,L3B,597064.04,4868316.126,380.068,m,EPSG:26915,NAVD88,GEOID03,lidar_semn2008,2008,winona_val.pdf table 'Control Z',datum is a DATASET-level assertion (lidar_semn2008.html: 'Vertical datum: NAVD88 (Geoid03)'); the validation reports themselves state no datum and no geoid,winona,380.295,-0.227
L3B32,L3B,589223.697,4857792.359,360.363,m,EPSG:26915,NAVD88,GEOID03,lidar_semn2008,2008,winona_val.pdf table 'Control Z',datum is a DATASET-level assertion (lidar_semn2008.html: 'Vertical datum: NAVD88 (Geoid03)'); the validation reports themselves state no datum and no geoid,winona,360.568,-0.205
L3B94,L3B,585440.273,4893780.737,234.611,m,EPSG:26915,NAVD88,GEOID03,lidar_semn2008,2008,winona_val.pdf table 'Control Z',datum is a DATASET-level assertion (lidar_semn2008.html: 'Vertical datum: NAVD88 (Geoid03)'); the validation reports themselves state no datum and no geoid,winona,234.722,-0.111
L3B99,L3B,580050.679,4885346.715,218.417,m,EPSG:26915,NAVD88,GEOID03,lidar_semn2008,2008,winona_val.pdf table 'Control Z',datum is a DATASET-level assertion (lidar_semn2008.html: 'Vertical datum: NAVD88 (Geoid03)'); the validation reports themselves state no datum and no geoid,winona,218.402,0.015
L4F103,L4F,582088.444,4879350.152,239.113,m,EPSG:26915,NAVD88,GEOID03,lidar_semn2008,2008,winona_val.pdf table 'Control Z',datum is a DATASET-level assertion (lidar_semn2008.html: 'Vertical datum: NAVD88 (Geoid03)'); the validation reports themselves state no datum and no geoid,winona,239.132,-0.019
L4F105,L4F,608059.459,4876537.137,354.123,m,EPSG:26915,NAVD88,GEOID03,lidar_semn2008,2008,winona_val.pdf table 'Control Z',datum is a DATASET-level assertion (lidar_semn2008.html: 'Vertical datum: NAVD88 (Geoid03)'); the validation reports themselves state no datum and no geoid,winona,354.207,-0.084
L4F107,L4F,626279.861,4870007.885,208.865,m,EPSG:26915,NAVD88,GEOID03,lidar_semn2008,2008,winona_val.pdf table 'Control Z',datum is a DATASET-level assertion (lidar_semn2008.html: 'Vertical datum: NAVD88 (Geoid03)'); the validation reports themselves state no datum and no geoid,winona,208.941,-0.076
L4F113,L4F,614109.182,4859039.045,398.935,m,EPSG:26915,NAVD88,GEOID03,lidar_semn2008,2008,winona_val.pdf table 'Control Z',datum is a DATASET-level assertion (lidar_semn2008.html: 'Vertical datum: NAVD88 (Geoid03)'); the validation reports themselves state no datum and no geoid,winona,399.005,-0.07
L4F119,L4F,600768.753,4867656.552,378.639,m,EPSG:26915,NAVD88,GEOID03,lidar_semn2008,2008,winona_val.pdf table 'Control Z',datum is a DATASET-level assertion (lidar_semn2008.html: 'Vertical datum: NAVD88 (Geoid03)'); the validation reports themselves state no datum and no geoid,winona,378.885,-0.246
L4F122,L4F,592662.591,4865673.994,365.282,m,EPSG:26915,NAVD88,GEOID03,lidar_semn2008,2008,winona_val.pdf table 'Control Z',datum is a DATASET-level assertion (lidar_semn2008.html: 'Vertical datum: NAVD88 (Geoid03)'); the validation reports themselves state no datum and no geoid,winona,365.438,-0.156
L4F123,L4F,596795.44,4857131.685,245.925,m,EPSG:26915,NAVD88,GEOID03,lidar_semn2008,2008,winona_val.pdf table 'Control Z',datum is a DATASET-level assertion (lidar_semn2008.html: 'Vertical datum: NAVD88 (Geoid03)'); the validation reports themselves state no datum and no geoid,winona,246.257,-0.332
L4F126,L4F,589191.845,4858024.239,361.109,m,EPSG:26915,NAVD88,GEOID03,lidar_semn2008,2008,winona_val.pdf table 'Control Z',datum is a DATASET-level assertion (lidar_semn2008.html: 'Vertical datum: NAVD88 (Geoid03)'); the validation reports themselves state no datum and no geoid,winona,361.175,-0.066
L4F127,L4F,588898.883,4856349.289,356.995,m,EPSG:26915,NAVD88,GEOID03,lidar_semn2008,2008,winona_val.pdf table 'Control Z',datum is a DATASET-level assertion (lidar_semn2008.html: 'Vertical datum: NAVD88 (Geoid03)'); the validation reports themselves state no datum and no geoid,winona,357.106,-0.111
L4F131,L4F,575545.102,4856131.964,335.345,m,EPSG:26915,NAVD88,GEOID03,lidar_semn2008,2008,winona_val.pdf table 'Control Z',datum is a DATASET-level assertion (lidar_semn2008.html: 'Vertical datum: NAVD88 (Geoid03)'); the validation reports themselves state no datum and no geoid,winona,335.234,0.111
L4F136,L4F,574169.645,4869204.302,340.17,m,EPSG:26915,NAVD88,GEOID03,lidar_semn2008,2008,winona_val.pdf table 'Control Z',datum is a DATASET-level assertion (lidar_semn2008.html: 'Vertical datum: NAVD88 (Geoid03)'); the validation reports themselves state no datum and no geoid,winona,340.163,0.007
L4F142,L4F,574561.291,4876981.413,340.532,m,EPSG:26915,NAVD88,GEOID03,lidar_semn2008,2008,winona_val.pdf table 'Control Z',datum is a DATASET-level assertion (lidar_semn2008.html: 'Vertical datum: NAVD88 (Geoid03)'); the validation reports themselves state no datum and no geoid,winona,340.47,0.062
L4F145,L4F,580141.719,4886840.016,345.315,m,EPSG:26915,NAVD88,GEOID03,lidar_semn2008,2008,winona_val.pdf table 'Control Z',datum is a DATASET-level assertion (lidar_semn2008.html: 'Vertical datum: NAVD88 (Geoid03)'); the validation reports themselves state no datum and no geoid,winona,345.285,0.03
L4F149,L4F,591629.755,4871138.625,368.827,m,EPSG:26915,NAVD88,GEOID03,lidar_semn2008,2008,winona_val.pdf table 'Control Z',datum is a DATASET-level assertion (lidar_semn2008.html: 'Vertical datum: NAVD88 (Geoid03)'); the validation reports themselves state no datum and no geoid,winona,369.016,-0.189
L4F150,L4F,597735.854,4883426.842,209.874,m,EPSG:26915,NAVD88,GEOID03,lidar_semn2008,2008,winona_val.pdf table 'Control Z',datum is a DATASET-level assertion (lidar_semn2008.html: 'Vertical datum: NAVD88 (Geoid03)'); the validation reports themselves state no datum and no geoid,winona,210.222,-0.348
L4F156,L4F,592709.812,4891696.068,212.58,m,EPSG:26915,NAVD88,GEOID03,lidar_semn2008,2008,winona_val.pdf table 'Control Z',datum is a DATASET-level assertion (lidar_semn2008.html: 'Vertical datum: NAVD88 (Geoid03)'); the validation reports themselves state no datum and no geoid,winona,212.828,-0.248
L4F158,L4F,593105.004,4889618.4,373.049,m,EPSG:26915,NAVD88,GEOID03,lidar_semn2008,2008,winona_val.pdf table 'Control Z',datum is a DATASET-level assertion (lidar_semn2008.html: 'Vertical datum: NAVD88 (Geoid03)'); the validation reports themselves state no datum and no geoid,winona,373.24,-0.191
L4F161,L4F,604608.147,4881698.496,198.73,m,EPSG:26915,NAVD88,GEOID03,lidar_semn2008,2008,winona_val.pdf table 'Control Z',datum is a DATASET-level assertion (lidar_semn2008.html: 'Vertical datum: NAVD88 (Geoid03)'); the validation reports themselves state no datum and no geoid,winona,199.017,-0.287
L4F167,L4F,593827.909,4858769.889,356.342,m,EPSG:26915,NAVD88,GEOID03,lidar_semn2008,2008,winona_val.pdf table 'Control Z',datum is a DATASET-level assertion (lidar_semn2008.html: 'Vertical datum: NAVD88 (Geoid03)'); the validation reports themselves state no datum and no geoid,winona,356.479,-0.137
L4F170,L4F,576611.965,4878960.882,251.896,m,EPSG:26915,NAVD88,GEOID03,lidar_semn2008,2008,winona_val.pdf table 'Control Z',datum is a DATASET-level assertion (lidar_semn2008.html: 'Vertical datum: NAVD88 (Geoid03)'); the validation reports themselves state no datum and no geoid,winona,251.813,0.083
L4F30,L4F,589964.265,4862930.363,355.547,m,EPSG:26915,NAVD88,GEOID03,lidar_semn2008,2008,winona_val.pdf table 'Control Z',datum is a DATASET-level assertion (lidar_semn2008.html: 'Vertical datum: NAVD88 (Geoid03)'); the validation reports themselves state no datum and no geoid,winona,355.751,-0.204
L4F97,L4F,581340.181,4893399.094,208.371,m,EPSG:26915,NAVD88,GEOID03,lidar_semn2008,2008,winona_val.pdf table 'Control Z',datum is a DATASET-level assertion (lidar_semn2008.html: 'Vertical datum: NAVD88 (Geoid03)'); the validation reports themselves state no datum and no geoid,winona,208.337,0.034
L5U1,L5U,608921.294,4878065.35,201.488,m,EPSG:26915,NAVD88,GEOID03,lidar_semn2008,2008,winona_val.pdf table 'Control Z',datum is a DATASET-level assertion (lidar_semn2008.html: 'Vertical datum: NAVD88 (Geoid03)'); the validation reports themselves state no datum and no geoid,winona,201.806,-0.318
L5U10,L5U,603121.154,4879914.162,202.948,m,EPSG:26915,NAVD88,GEOID03,lidar_semn2008,2008,winona_val.pdf table 'Control Z',datum is a DATASET-level assertion (lidar_semn2008.html: 'Vertical datum: NAVD88 (Geoid03)'); the validation reports themselves state no datum and no geoid,winona,203.084,-0.136
L5U108,L5U,631703.102,4863564.325,207.664,m,EPSG:26915,NAVD88,GEOID03,lidar_semn2008,2008,winona_val.pdf table 'Control Z',datum is a DATASET-level assertion (lidar_semn2008.html: 'Vertical datum: NAVD88 (Geoid03)'); the validation reports themselves state no datum and no geoid,winona,207.77,-0.106
L5U109,L5U,625876.794,4862487.668,391.839,m,EPSG:26915,NAVD88,GEOID03,lidar_semn2008,2008,winona_val.pdf table 'Control Z',datum is a DATASET-level assertion (lidar_semn2008.html: 'Vertical datum: NAVD88 (Geoid03)'); the validation reports themselves state no datum and no geoid,winona,391.901,-0.062
L5U115,L5U,615546.711,4863132.629,409.25,m,EPSG:26915,NAVD88,GEOID03,lidar_semn2008,2008,winona_val.pdf table 'Control Z',datum is a DATASET-level assertion (lidar_semn2008.html: 'Vertical datum: NAVD88 (Geoid03)'); the validation reports themselves state no datum and no geoid,winona,409.367,-0.117
L5U116,L5U,610753.071,4865365.522,406.851,m,EPSG:26915,NAVD88,GEOID03,lidar_semn2008,2008,winona_val.pdf table 'Control Z',datum is a DATASET-level assertion (lidar_semn2008.html: 'Vertical datum: NAVD88 (Geoid03)'); the validation reports themselves state no datum and no geoid,winona,407.064,-0.213
L5U121,L5U,591272.673,4870881.609,368.894,m,EPSG:26915,NAVD88,GEOID03,lidar_semn2008,2008,winona_val.pdf table 'Control Z',datum is a DATASET-level assertion (lidar_semn2008.html: 'Vertical datum: NAVD88 (Geoid03)'); the validation reports themselves state no datum and no geoid,winona,368.924,-0.03
L5U129,L5U,588379.2,4862657.432,365.428,m,EPSG:26915,NAVD88,GEOID03,lidar_semn2008,2008,winona_val.pdf table 'Control Z',datum is a DATASET-level assertion (lidar_semn2008.html: 'Vertical datum: NAVD88 (Geoid03)'); the validation reports themselves state no datum and no geoid,winona,365.44,-0.012
L5U133,L5U,574659.304,4860321.884,324.466,m,EPSG:26915,NAVD88,GEOID03,lidar_semn2008,2008,winona_val.pdf table 'Control Z',datum is a DATASET-level assertion (lidar_semn2008.html: 'Vertical datum: NAVD88 (Geoid03)'); the validation reports themselves state no datum and no geoid,winona,324.521,-0.055
L5U135,L5U,575053.554,4868378.265,348.631,m,EPSG:26915,NAVD88,GEOID03,lidar_semn2008,2008,winona_val.pdf table 'Control Z',datum is a DATASET-level assertion (lidar_semn2008.html: 'Vertical datum: NAVD88 (Geoid03)'); the validation reports themselves state no datum and no geoid,winona,348.649,-0.018
L5U138,L5U,583695.74,4869678.688,356.915,m,EPSG:26915,NAVD88,GEOID03,lidar_semn2008,2008,winona_val.pdf table 'Control Z',datum is a DATASET-level assertion (lidar_semn2008.html: 'Vertical datum: NAVD88 (Geoid03)'); the validation reports themselves state no datum and no geoid,winona,356.988,-0.073
L5U147,L5U,584903.223,4880337.607,357.909,m,EPSG:26915,NAVD88,GEOID03,lidar_semn2008,2008,winona_val.pdf table 'Control Z',datum is a DATASET-level assertion (lidar_semn2008.html: 'Vertical datum: NAVD88 (Geoid03)'); the validation reports themselves state no datum and no geoid,winona,357.975,-0.066
L5U153,L5U,594584.505,4883454.064,231.917,m,EPSG:26915,NAVD88,GEOID03,lidar_semn2008,2008,winona_val.pdf table 'Control Z',datum is a DATASET-level assertion (lidar_semn2008.html: 'Vertical datum: NAVD88 (Geoid03)'); the validation reports themselves state no datum and no geoid,winona,232.001,-0.084
L5U157,L5U,590541.553,4893734.416,214.884,m,EPSG:26915,NAVD88,GEOID03,lidar_semn2008,2008,winona_val.pdf table 'Control Z',datum is a DATASET-level assertion (lidar_semn2008.html: 'Vertical datum: NAVD88 (Geoid03)'); the validation reports themselves state no datum and no geoid,winona,214.992,-0.108
L5U159,L5U,600082.907,4882885.497,209.24,m,EPSG:26915,NAVD88,GEOID03,lidar_semn2008,2008,winona_val.pdf table 'Control Z',datum is a DATASET-level assertion (lidar_semn2008.html: 'Vertical datum: NAVD88 (Geoid03)'); the validation reports themselves state no datum and no geoid,winona,209.361,-0.121
L5U162,L5U,610186.537,4878225.104,201.772,m,EPSG:26915,NAVD88,GEOID03,lidar_semn2008,2008,winona_val.pdf table 'Control Z',datum is a DATASET-level assertion (lidar_semn2008.html: 'Vertical datum: NAVD88 (Geoid03)'); the validation reports themselves state no datum and no geoid,winona,202.043,-0.271
L5U164,L5U,601238.004,4866242.59,395.817,m,EPSG:26915,NAVD88,GEOID03,lidar_semn2008,2008,winona_val.pdf table 'Control Z',datum is a DATASET-level assertion (lidar_semn2008.html: 'Vertical datum: NAVD88 (Geoid03)'); the validation reports themselves state no datum and no geoid,winona,395.969,-0.152
L5U165,L5U,601302.397,4858767.535,368.809,m,EPSG:26915,NAVD88,GEOID03,lidar_semn2008,2008,winona_val.pdf table 'Control Z',datum is a DATASET-level assertion (lidar_semn2008.html: 'Vertical datum: NAVD88 (Geoid03)'); the validation reports themselves state no datum and no geoid,winona,368.977,-0.168
L5U168,L5U,581968.7,4860639.585,354.739,m,EPSG:26915,NAVD88,GEOID03,lidar_semn2008,2008,winona_val.pdf table 'Control Z',datum is a DATASET-level assertion (lidar_semn2008.html: 'Vertical datum: NAVD88 (Geoid03)'); the validation reports themselves state no datum and no geoid,winona,354.657,0.082
L5U171,L5U,578582.791,4882169.886,225.482,m,EPSG:26915,NAVD88,GEOID03,lidar_semn2008,2008,winona_val.pdf table 'Control Z',datum is a DATASET-level assertion (lidar_semn2008.html: 'Vertical datum: NAVD88 (Geoid03)'); the validation reports themselves state no datum and no geoid,winona,225.339,0.143
L5U172,L5U,575891.38,4892143.512,364.459,m,EPSG:26915,NAVD88,GEOID03,lidar_semn2008,2008,winona_val.pdf table 'Control Z',datum is a DATASET-level assertion (lidar_semn2008.html: 'Vertical datum: NAVD88 (Geoid03)'); the validation reports themselves state no datum and no geoid,winona,364.362,0.097
L5U175,L5U,599037.521,4875638.117,230.615,m,EPSG:26915,NAVD88,GEOID03,lidar_semn2008,2008,winona_val.pdf table 'Control Z',datum is a DATASET-level assertion (lidar_semn2008.html: 'Vertical datum: NAVD88 (Geoid03)'); the validation reports themselves state no datum and no geoid,winona,230.688,-0.073
