point_id,point_type,role,easting,northing,elevation,elevation_units,horizontal_crs,vertical_datum,geoid_model,project_id,collected,source,verified,va_blocks,usgs_ql1_dem_z_m,usgs_ql1_dem_error_m,usgs_ql1_laz_z_m,usgs_ql1_laz_error_m,usgs_ql0_dem_z_m,usgs_ql0_dem_error_m,usgs_ql0_laz_z_m,usgs_ql0_laz_error_m
1001_2021_MN,LCP,calibration,439009.326,4935101.44,300.023,m,EPSG:6344,NAVD88,GEOID18,MN_SE_Driftless_2021_B21,,Ground_Control_Survey_Report.pdf sections 2.2/2.3/2.4,"geoid from the survey report's per-table header 'Geoid Model: Geoid18' (sections 1.8.4, 2.2); this mark is in no shapefile",,,,,,,,,
1002_2021_MN,LCP,calibration,438979.893,4932805.245,305.461,m,EPSG:6344,NAVD88,GEOID18,MN_SE_Driftless_2021_B21,,Ground_Control_Survey_Report.pdf sections 2.2/2.3/2.4,"geoid from the survey report's per-table header 'Geoid Model: Geoid18' (sections 1.8.4, 2.2); this mark is in no shapefile",,,,,,,,,
1003_2021_MN,LCP,calibration,438955.728,4930167.506,301.461,m,EPSG:6344,NAVD88,GEOID18,MN_SE_Driftless_2021_B21,,Ground_Control_Survey_Report.pdf sections 2.2/2.3/2.4,"geoid from the survey report's per-table header 'Geoid Model: Geoid18' (sections 1.8.4, 2.2); this mark is in no shapefile",,,,,,,,,
1004_2021_MN,LCP,calibration,436507.644,4927638.472,292.445,m,EPSG:6344,NAVD88,GEOID18,MN_SE_Driftless_2021_B21,,Ground_Control_Survey_Report.pdf sections 2.2/2.3/2.4,"geoid from the survey report's per-table header 'Geoid Model: Geoid18' (sections 1.8.4, 2.2); this mark is in no shapefile",,,,,,,,,
1005_2021_MN,LCP,calibration,436471.028,4925038.446,300.17,m,EPSG:6344,NAVD88,GEOID18,MN_SE_Driftless_2021_B21,,Ground_Control_Survey_Report.pdf sections 2.2/2.3/2.4,"geoid from the survey report's per-table header 'Geoid Model: Geoid18' (sections 1.8.4, 2.2); this mark is in no shapefile",,,,,,,,,
1006_2021_MN,LCP,calibration,436471.231,4922406.552,301.786,m,EPSG:6344,NAVD88,GEOID18,MN_SE_Driftless_2021_B21,,Ground_Control_Survey_Report.pdf sections 2.2/2.3/2.4,"geoid from the survey report's per-table header 'Geoid Model: Geoid18' (sections 1.8.4, 2.2); this mark is in no shapefile",,,,,,,,,
1007_2021_MN,LCP,calibration,433999.785,4919899.737,298.79,m,EPSG:6344,NAVD88,GEOID18,MN_SE_Driftless_2021_B21,,Ground_Control_Survey_Report.pdf sections 2.2/2.3/2.4,"geoid from the survey report's per-table header 'Geoid Model: Geoid18' (sections 1.8.4, 2.2); this mark is in no shapefile",,,,,,,,,
1008_2021_MN,LCP,calibration,433963.582,4917304.495,307.826,m,EPSG:6344,NAVD88,GEOID18,MN_SE_Driftless_2021_B21,,Ground_Control_Survey_Report.pdf sections 2.2/2.3/2.4,"geoid from the survey report's per-table header 'Geoid Model: Geoid18' (sections 1.8.4, 2.2); this mark is in no shapefile",,,,,,,,,
1009_2021_MN,LCP,calibration,433957.994,4914717.976,300.888,m,EPSG:6344,NAVD88,GEOID18,MN_SE_Driftless_2021_B21,,Ground_Control_Survey_Report.pdf sections 2.2/2.3/2.4,"geoid from the survey report's per-table header 'Geoid Model: Geoid18' (sections 1.8.4, 2.2); this mark is in no shapefile",,,,,,,,,
1010_2021_MN,LCP,calibration,433953.507,4912170.414,309.721,m,EPSG:6344,NAVD88,GEOID18,MN_SE_Driftless_2021_B21,,Ground_Control_Survey_Report.pdf sections 2.2/2.3/2.4,"geoid from the survey report's per-table header 'Geoid Model: Geoid18' (sections 1.8.4, 2.2); this mark is in no shapefile",,,,,,,,,
1011_2021_MN,LCP,calibration,433932.108,4909578.307,312.382,m,EPSG:6344,NAVD88,GEOID18,MN_SE_Driftless_2021_B21,,Ground_Control_Survey_Report.pdf sections 2.2/2.3/2.4,"geoid from the survey report's per-table header 'Geoid Model: Geoid18' (sections 1.8.4, 2.2); this mark is in no shapefile",,,,,,,,,
1012_2021_MN,LCP,calibration,433904.248,4906989.898,315.247,m,EPSG:6344,NAVD88,GEOID18,MN_SE_Driftless_2021_B21,,Ground_Control_Survey_Report.pdf sections 2.2/2.3/2.4,"geoid from the survey report's per-table header 'Geoid Model: Geoid18' (sections 1.8.4, 2.2); this mark is in no shapefile",,,,,,,,,
1013_2021_MN,LCP,calibration,427372.676,4904257.629,306.302,m,EPSG:6344,NAVD88,GEOID18,MN_SE_Driftless_2021_B21,,Ground_Control_Survey_Report.pdf sections 2.2/2.3/2.4,"geoid from the survey report's per-table header 'Geoid Model: Geoid18' (sections 1.8.4, 2.2); this mark is in no shapefile",,,,,,,,,
1014_2021_MN,LCP,calibration,427901.088,4901603.2,309.001,m,EPSG:6344,NAVD88,GEOID18,MN_SE_Driftless_2021_B21,,Ground_Control_Survey_Report.pdf sections 2.2/2.3/2.4,"geoid from the survey report's per-table header 'Geoid Model: Geoid18' (sections 1.8.4, 2.2); this mark is in no shapefile",,,,,,,,,
1015_2021_MN,LCP,calibration,428246.889,4898996.501,319.98,m,EPSG:6344,NAVD88,GEOID18,MN_SE_Driftless_2021_B21,,Ground_Control_Survey_Report.pdf sections 2.2/2.3/2.4,"geoid from the survey report's per-table header 'Geoid Model: Geoid18' (sections 1.8.4, 2.2); this mark is in no shapefile",,,,,,,,,
1016_2021_MN,LCP,calibration,430612.247,4896354.763,314.73,m,EPSG:6344,NAVD88,GEOID18,MN_SE_Driftless_2021_B21,,Ground_Control_Survey_Report.pdf sections 2.2/2.3/2.4,"geoid from the survey report's per-table header 'Geoid Model: Geoid18' (sections 1.8.4, 2.2); this mark is in no shapefile",,,,,,,,,
1017_2021_MN,LCP,calibration,443443.562,4893322.08,326.422,m,EPSG:6344,NAVD88,GEOID18,MN_SE_Driftless_2021_B21,,Ground_Control_Survey_Report.pdf sections 2.2/2.3/2.4,"geoid from the survey report's per-table header 'Geoid Model: Geoid18' (sections 1.8.4, 2.2); this mark is in no shapefile",,,,,,,,,
1018_2021_MN,LCP,calibration,443225.978,4891480.947,325.015,m,EPSG:6344,NAVD88,GEOID18,MN_SE_Driftless_2021_B21,,Ground_Control_Survey_Report.pdf sections 2.2/2.3/2.4,"geoid from the survey report's per-table header 'Geoid Model: Geoid18' (sections 1.8.4, 2.2); this mark is in no shapefile",,,,,,,,,
1019_2021_MN,LCP,calibration,545188.792,4895170.409,355.863,m,EPSG:6344,NAVD88,GEOID18,MN_SE_Driftless_2021_B21,,Ground_Control_Survey_Report.pdf sections 2.2/2.3/2.4,"geoid from the survey report's per-table header 'Geoid Model: Geoid18' (sections 1.8.4, 2.2); this mark is in no shapefile",,,,,,,,,
1020_2022_MN,LCP,calibration,546400.068,4892535.055,337.831,m,EPSG:6344,NAVD88,GEOID18,MN_SE_Driftless_2021_B21,,Ground_Control_Survey_Report.pdf sections 2.2/2.3/2.4,"geoid from the survey report's per-table header 'Geoid Model: Geoid18' (sections 1.8.4, 2.2); this mark is in no shapefile",,,,,,,,,
1021_2022_MN,LCP,calibration,546426.665,4889511.929,342.452,m,EPSG:6344,NAVD88,GEOID18,MN_SE_Driftless_2021_B21,,Ground_Control_Survey_Report.pdf sections 2.2/2.3/2.4,"geoid from the survey report's per-table header 'Geoid Model: Geoid18' (sections 1.8.4, 2.2); this mark is in no shapefile",,,,,,,,,
1022_2022_MN,LCP,calibration,546598.082,4886685.147,321.215,m,EPSG:6344,NAVD88,GEOID18,MN_SE_Driftless_2021_B21,,Ground_Control_Survey_Report.pdf sections 2.2/2.3/2.4,"geoid from the survey report's per-table header 'Geoid Model: Geoid18' (sections 1.8.4, 2.2); this mark is in no shapefile",,,,,,,,,
1023_2022_MN,LCP,calibration,545759.955,4884656.922,322.181,m,EPSG:6344,NAVD88,GEOID18,MN_SE_Driftless_2021_B21,,Ground_Control_Survey_Report.pdf sections 2.2/2.3/2.4,"geoid from the survey report's per-table header 'Geoid Model: Geoid18' (sections 1.8.4, 2.2); this mark is in no shapefile",,,,,,,,,
1024_2022_MN,LCP,calibration,545007.53,4882916.515,302.742,m,EPSG:6344,NAVD88,GEOID18,MN_SE_Driftless_2021_B21,,Ground_Control_Survey_Report.pdf sections 2.2/2.3/2.4,"geoid from the survey report's per-table header 'Geoid Model: Geoid18' (sections 1.8.4, 2.2); this mark is in no shapefile",,,,,,,,,
1025_2022_MN,LCP,calibration,544174.672,4881071.388,308.932,m,EPSG:6344,NAVD88,GEOID18,MN_SE_Driftless_2021_B21,,Ground_Control_Survey_Report.pdf sections 2.2/2.3/2.4,"geoid from the survey report's per-table header 'Geoid Model: Geoid18' (sections 1.8.4, 2.2); this mark is in no shapefile",,,,,,,,,
1026_2022_MN,LCP,calibration,543982.736,4879238.961,313.665,m,EPSG:6344,NAVD88,GEOID18,MN_SE_Driftless_2021_B21,,Ground_Control_Survey_Report.pdf sections 2.2/2.3/2.4,"geoid from the survey report's per-table header 'Geoid Model: Geoid18' (sections 1.8.4, 2.2); this mark is in no shapefile",,,,,,,,,
1027_2022_MN,LCP,calibration,543575.629,4877449.823,322.77,m,EPSG:6344,NAVD88,GEOID18,MN_SE_Driftless_2021_B21,,Ground_Control_Survey_Report.pdf sections 2.2/2.3/2.4,"geoid from the survey report's per-table header 'Geoid Model: Geoid18' (sections 1.8.4, 2.2); this mark is in no shapefile",,,,,,,,,
1028_2022_MN,LCP,calibration,543016.915,4875706.444,301.429,m,EPSG:6344,NAVD88,GEOID18,MN_SE_Driftless_2021_B21,,Ground_Control_Survey_Report.pdf sections 2.2/2.3/2.4,"geoid from the survey report's per-table header 'Geoid Model: Geoid18' (sections 1.8.4, 2.2); this mark is in no shapefile",,,,,,,,,
1029_2022_MN,LCP,calibration,542975.741,4873885.888,304.265,m,EPSG:6344,NAVD88,GEOID18,MN_SE_Driftless_2021_B21,,Ground_Control_Survey_Report.pdf sections 2.2/2.3/2.4,"geoid from the survey report's per-table header 'Geoid Model: Geoid18' (sections 1.8.4, 2.2); this mark is in no shapefile",,,,,,,,,
1030_2022_MN,LCP,calibration,542888.789,4872145.688,308.107,m,EPSG:6344,NAVD88,GEOID18,MN_SE_Driftless_2021_B21,,Ground_Control_Survey_Report.pdf sections 2.2/2.3/2.4,"geoid from the survey report's per-table header 'Geoid Model: Geoid18' (sections 1.8.4, 2.2); this mark is in no shapefile",,,,,,,,,
1031_2022_MN,LCP,calibration,543097.41,4870275.6,322.745,m,EPSG:6344,NAVD88,GEOID18,MN_SE_Driftless_2021_B21,,Ground_Control_Survey_Report.pdf sections 2.2/2.3/2.4,"geoid from the survey report's per-table header 'Geoid Model: Geoid18' (sections 1.8.4, 2.2); this mark is in no shapefile",,,,,,,,,
1032_2022_MN,LCP,calibration,542988.198,4868541.43,321.166,m,EPSG:6344,NAVD88,GEOID18,MN_SE_Driftless_2021_B21,,Ground_Control_Survey_Report.pdf sections 2.2/2.3/2.4,"geoid from the survey report's per-table header 'Geoid Model: Geoid18' (sections 1.8.4, 2.2); this mark is in no shapefile",,,,,,,,,
1033_2022_MN,LCP,calibration,542705.497,4866599.611,334.38,m,EPSG:6344,NAVD88,GEOID18,MN_SE_Driftless_2021_B21,,Ground_Control_Survey_Report.pdf sections 2.2/2.3/2.4,"geoid from the survey report's per-table header 'Geoid Model: Geoid18' (sections 1.8.4, 2.2); this mark is in no shapefile",,,,,,,,,
1034_2022_MN,LCP,calibration,542865.552,4864958.884,356.255,m,EPSG:6344,NAVD88,GEOID18,MN_SE_Driftless_2021_B21,,Ground_Control_Survey_Report.pdf sections 2.2/2.3/2.4,"geoid from the survey report's per-table header 'Geoid Model: Geoid18' (sections 1.8.4, 2.2); this mark is in no shapefile",,,,,,,,,
1035_2022_MN,LCP,calibration,542035.152,4863217.998,385.92,m,EPSG:6344,NAVD88,GEOID18,MN_SE_Driftless_2021_B21,,Ground_Control_Survey_Report.pdf sections 2.2/2.3/2.4,"geoid from the survey report's per-table header 'Geoid Model: Geoid18' (sections 1.8.4, 2.2); this mark is in no shapefile",,,,,,,,,
1036_2022_MN,LCP,calibration,541687.433,4861588.754,389.339,m,EPSG:6344,NAVD88,GEOID18,MN_SE_Driftless_2021_B21,,Ground_Control_Survey_Report.pdf sections 2.2/2.3/2.4,"geoid from the survey report's per-table header 'Geoid Model: Geoid18' (sections 1.8.4, 2.2); this mark is in no shapefile",,,,,,,,,
1037_2022_MN,LCP,calibration,541155.128,4859579.631,384.137,m,EPSG:6344,NAVD88,GEOID18,MN_SE_Driftless_2021_B21,,Ground_Control_Survey_Report.pdf sections 2.2/2.3/2.4,"geoid from the survey report's per-table header 'Geoid Model: Geoid18' (sections 1.8.4, 2.2); this mark is in no shapefile",,,,,,,,,
1038_2022_MN,LCP,calibration,539348.361,4858055.875,388.277,m,EPSG:6344,NAVD88,GEOID18,MN_SE_Driftless_2021_B21,,Ground_Control_Survey_Report.pdf sections 2.2/2.3/2.4,"geoid from the survey report's per-table header 'Geoid Model: Geoid18' (sections 1.8.4, 2.2); this mark is in no shapefile",,,,,,,,,
1039_2022_MN,LCP,calibration,537841.23,4856042.985,378.417,m,EPSG:6344,NAVD88,GEOID18,MN_SE_Driftless_2021_B21,,Ground_Control_Survey_Report.pdf sections 2.2/2.3/2.4,"geoid from the survey report's per-table header 'Geoid Model: Geoid18' (sections 1.8.4, 2.2); this mark is in no shapefile",,,,,,,,,
1040_2022_MN,LCP,calibration,536698.276,4854340.687,379.209,m,EPSG:6344,NAVD88,GEOID18,MN_SE_Driftless_2021_B21,,Ground_Control_Survey_Report.pdf sections 2.2/2.3/2.4,"geoid from the survey report's per-table header 'Geoid Model: Geoid18' (sections 1.8.4, 2.2); this mark is in no shapefile",,,,,,,,,
1041_2021_MN,LCP,calibration,535674.434,4853238.704,390.537,m,EPSG:6344,NAVD88,GEOID18,MN_SE_Driftless_2021_B21,,Ground_Control_Survey_Report.pdf sections 2.2/2.3/2.4,"geoid from the survey report's per-table header 'Geoid Model: Geoid18' (sections 1.8.4, 2.2); this mark is in no shapefile",,,,,,,,,
1042_2021_MN,LCP,calibration,534334.847,4851857.438,404.487,m,EPSG:6344,NAVD88,GEOID18,MN_SE_Driftless_2021_B21,,Ground_Control_Survey_Report.pdf sections 2.2/2.3/2.4,"geoid from the survey report's per-table header 'Geoid Model: Geoid18' (sections 1.8.4, 2.2); this mark is in no shapefile",,,,,,,,,
1043_2021_MN,LCP,calibration,511653.775,4941452.06,272.975,m,EPSG:6344,NAVD88,GEOID18,MN_SE_Driftless_2021_B21,,Ground_Control_Survey_Report.pdf sections 2.2/2.3/2.4,"geoid from the survey report's per-table header 'Geoid Model: Geoid18' (sections 1.8.4, 2.2); this mark is in no shapefile",,,,,,,,,
1044_2021_MN,LCP,calibration,476272.178,4934380.104,343.786,m,EPSG:6344,NAVD88,GEOID18,MN_SE_Driftless_2021_B21,,Ground_Control_Survey_Report.pdf sections 2.2/2.3/2.4,"geoid from the survey report's per-table header 'Geoid Model: Geoid18' (sections 1.8.4, 2.2); this mark is in no shapefile",,,,,,,,,
1045_2021_MN,LCP,calibration,476778.793,4926242.627,319.364,m,EPSG:6344,NAVD88,GEOID18,MN_SE_Driftless_2021_B21,,Ground_Control_Survey_Report.pdf sections 2.2/2.3/2.4,"geoid from the survey report's per-table header 'Geoid Model: Geoid18' (sections 1.8.4, 2.2); this mark is in no shapefile",,,,,,,,,
1046_2021_MN,LCP,calibration,476686.577,4918079.06,312.118,m,EPSG:6344,NAVD88,GEOID18,MN_SE_Driftless_2021_B21,,Ground_Control_Survey_Report.pdf sections 2.2/2.3/2.4,"geoid from the survey report's per-table header 'Geoid Model: Geoid18' (sections 1.8.4, 2.2); this mark is in no shapefile",,,,,,,,,
1047_2021_MN,LCP,calibration,476611.188,4909950.548,315.67,m,EPSG:6344,NAVD88,GEOID18,MN_SE_Driftless_2021_B21,,Ground_Control_Survey_Report.pdf sections 2.2/2.3/2.4,"geoid from the survey report's per-table header 'Geoid Model: Geoid18' (sections 1.8.4, 2.2); this mark is in no shapefile",,,,,,,,,
1048_2021_MN,LCP,calibration,476410.116,4901906.86,322.816,m,EPSG:6344,NAVD88,GEOID18,MN_SE_Driftless_2021_B21,,Ground_Control_Survey_Report.pdf sections 2.2/2.3/2.4,"geoid from the survey report's per-table header 'Geoid Model: Geoid18' (sections 1.8.4, 2.2); this mark is in no shapefile",,,,,,,,,
1049_2021_MN,LCP,calibration,477795.464,4897877.864,343.221,m,EPSG:6344,NAVD88,GEOID18,MN_SE_Driftless_2021_B21,,Ground_Control_Survey_Report.pdf sections 2.2/2.3/2.4,"geoid from the survey report's per-table header 'Geoid Model: Geoid18' (sections 1.8.4, 2.2); this mark is in no shapefile",,,,,,,,,
1050_2021_MN,LCP,calibration,479544.01,4893951.926,342.688,m,EPSG:6344,NAVD88,GEOID18,MN_SE_Driftless_2021_B21,,Ground_Control_Survey_Report.pdf sections 2.2/2.3/2.4,"geoid from the survey report's per-table header 'Geoid Model: Geoid18' (sections 1.8.4, 2.2); this mark is in no shapefile",,,,,,,,,
1051_2021_MN,LCP,calibration,479349.684,4889850.058,339.99,m,EPSG:6344,NAVD88,GEOID18,MN_SE_Driftless_2021_B21,,Ground_Control_Survey_Report.pdf sections 2.2/2.3/2.4,"geoid from the survey report's per-table header 'Geoid Model: Geoid18' (sections 1.8.4, 2.2); this mark is in no shapefile",,,,,,,,,
1052_2021_MN,LCP,calibration,480233.419,4885823.501,348.351,m,EPSG:6344,NAVD88,GEOID18,MN_SE_Driftless_2021_B21,,Ground_Control_Survey_Report.pdf sections 2.2/2.3/2.4,"geoid from the survey report's per-table header 'Geoid Model: Geoid18' (sections 1.8.4, 2.2); this mark is in no shapefile",,,,,,,,,
1053_2021_MN,LCP,calibration,480367.438,4881914.557,361.9,m,EPSG:6344,NAVD88,GEOID18,MN_SE_Driftless_2021_B21,,Ground_Control_Survey_Report.pdf sections 2.2/2.3/2.4,"geoid from the survey report's per-table header 'Geoid Model: Geoid18' (sections 1.8.4, 2.2); this mark is in no shapefile",,,,,,,,,
1054_2021_MN,LCP,calibration,479449.106,4877901.952,354.963,m,EPSG:6344,NAVD88,GEOID18,MN_SE_Driftless_2021_B21,,Ground_Control_Survey_Report.pdf sections 2.2/2.3/2.4,"geoid from the survey report's per-table header 'Geoid Model: Geoid18' (sections 1.8.4, 2.2); this mark is in no shapefile",,,,,,,,,
1055_2021_MN,LCP,calibration,479897.895,4873998.801,360.693,m,EPSG:6344,NAVD88,GEOID18,MN_SE_Driftless_2021_B21,,Ground_Control_Survey_Report.pdf sections 2.2/2.3/2.4,"geoid from the survey report's per-table header 'Geoid Model: Geoid18' (sections 1.8.4, 2.2); this mark is in no shapefile",,,,,,,,,
1056_2021_MN,LCP,calibration,479519.969,4869962.188,358.711,m,EPSG:6344,NAVD88,GEOID18,MN_SE_Driftless_2021_B21,,Ground_Control_Survey_Report.pdf sections 2.2/2.3/2.4,"geoid from the survey report's per-table header 'Geoid Model: Geoid18' (sections 1.8.4, 2.2); this mark is in no shapefile",,,,,,,,,
1057_2021_MN,LCP,calibration,478553.452,4865783.848,360.679,m,EPSG:6344,NAVD88,GEOID18,MN_SE_Driftless_2021_B21,,Ground_Control_Survey_Report.pdf sections 2.2/2.3/2.4,"geoid from the survey report's per-table header 'Geoid Model: Geoid18' (sections 1.8.4, 2.2); this mark is in no shapefile",,,,,,,,,
1058_2021_MN,LCP,calibration,477732.112,4861617.901,364.147,m,EPSG:6344,NAVD88,GEOID18,MN_SE_Driftless_2021_B21,,Ground_Control_Survey_Report.pdf sections 2.2/2.3/2.4,"geoid from the survey report's per-table header 'Geoid Model: Geoid18' (sections 1.8.4, 2.2); this mark is in no shapefile",,,,,,,,,
1059_2021_MN,LCP,calibration,477727.479,4857435.026,373.071,m,EPSG:6344,NAVD88,GEOID18,MN_SE_Driftless_2021_B21,,Ground_Control_Survey_Report.pdf sections 2.2/2.3/2.4,"geoid from the survey report's per-table header 'Geoid Model: Geoid18' (sections 1.8.4, 2.2); this mark is in no shapefile",,,,,,,,,
1060_2021_MN,LCP,calibration,476757.067,4853228.789,389.999,m,EPSG:6344,NAVD88,GEOID18,MN_SE_Driftless_2021_B21,,Ground_Control_Survey_Report.pdf sections 2.2/2.3/2.4,"geoid from the survey report's per-table header 'Geoid Model: Geoid18' (sections 1.8.4, 2.2); this mark is in no shapefile",,,,,,,,,
1061_2021_MN,LCP,calibration,475313.012,4848904.024,386.362,m,EPSG:6344,NAVD88,GEOID18,MN_SE_Driftless_2021_B21,,Ground_Control_Survey_Report.pdf sections 2.2/2.3/2.4,"geoid from the survey report's per-table header 'Geoid Model: Geoid18' (sections 1.8.4, 2.2); this mark is in no shapefile",,,,,,,,,
1062_2021_MN,LCP,calibration,474497.578,4844886.739,407.844,m,EPSG:6344,NAVD88,GEOID18,MN_SE_Driftless_2021_B21,,Ground_Control_Survey_Report.pdf sections 2.2/2.3/2.4,"geoid from the survey report's per-table header 'Geoid Model: Geoid18' (sections 1.8.4, 2.2); this mark is in no shapefile",,,,,,,,,
1063_2021_MN,LCP,calibration,474240.018,4840758.902,389.405,m,EPSG:6344,NAVD88,GEOID18,MN_SE_Driftless_2021_B21,,Ground_Control_Survey_Report.pdf sections 2.2/2.3/2.4,"geoid from the survey report's per-table header 'Geoid Model: Geoid18' (sections 1.8.4, 2.2); this mark is in no shapefile",,,,,,,,,
1064_2021_MN,LCP,calibration,474112.961,4836628.411,386.647,m,EPSG:6344,NAVD88,GEOID18,MN_SE_Driftless_2021_B21,,Ground_Control_Survey_Report.pdf sections 2.2/2.3/2.4,"geoid from the survey report's per-table header 'Geoid Model: Geoid18' (sections 1.8.4, 2.2); this mark is in no shapefile",,,,,,,,,
1065_2021_MN,LCP,calibration,473942.23,4832449.238,383.103,m,EPSG:6344,NAVD88,GEOID18,MN_SE_Driftless_2021_B21,,Ground_Control_Survey_Report.pdf sections 2.2/2.3/2.4,"geoid from the survey report's per-table header 'Geoid Model: Geoid18' (sections 1.8.4, 2.2); this mark is in no shapefile",,,,,,,,,
1066_2021_MN,LCP,calibration,473012.41,4828319.375,383.617,m,EPSG:6344,NAVD88,GEOID18,MN_SE_Driftless_2021_B21,,Ground_Control_Survey_Report.pdf sections 2.2/2.3/2.4,"geoid from the survey report's per-table header 'Geoid Model: Geoid18' (sections 1.8.4, 2.2); this mark is in no shapefile",,,,,,,,,
1067_2021_MN,LCP,calibration,477227.19,4824168.038,375.207,m,EPSG:6344,NAVD88,GEOID18,MN_SE_Driftless_2021_B21,,Ground_Control_Survey_Report.pdf sections 2.2/2.3/2.4,"geoid from the survey report's per-table header 'Geoid Model: Geoid18' (sections 1.8.4, 2.2); this mark is in no shapefile",,,,,,,,,
1068_2021_MN,LCP,calibration,479225.928,4819986.767,371.165,m,EPSG:6344,NAVD88,GEOID18,MN_SE_Driftless_2021_B21,,Ground_Control_Survey_Report.pdf sections 2.2/2.3/2.4,"geoid from the survey report's per-table header 'Geoid Model: Geoid18' (sections 1.8.4, 2.2); this mark is in no shapefile",,,,,,,,,
1069_2021_MN,LCP,calibration,480156.357,4815773.076,380.75,m,EPSG:6344,NAVD88,GEOID18,MN_SE_Driftless_2021_B21,,Ground_Control_Survey_Report.pdf sections 2.2/2.3/2.4,"geoid from the survey report's per-table header 'Geoid Model: Geoid18' (sections 1.8.4, 2.2); this mark is in no shapefile",,,,,,,,,
1070_2021_MN,LCP,calibration,480542.126,4814446.734,375.963,m,EPSG:6344,NAVD88,GEOID18,MN_SE_Driftless_2021_B21,,Ground_Control_Survey_Report.pdf sections 2.2/2.3/2.4,"geoid from the survey report's per-table header 'Geoid Model: Geoid18' (sections 1.8.4, 2.2); this mark is in no shapefile",,,,,,,,,
1071_2021_MN,LCP,calibration,556131.329,4923979.271,208.728,m,EPSG:6344,NAVD88,GEOID18,MN_SE_Driftless_2021_B21,,Ground_Control_Survey_Report.pdf sections 2.2/2.3/2.4,"geoid from the survey report's per-table header 'Geoid Model: Geoid18' (sections 1.8.4, 2.2); this mark is in no shapefile",,,,,,,,,
1072_2021_MN,LCP,calibration,559278.904,4920037.033,208.973,m,EPSG:6344,NAVD88,GEOID18,MN_SE_Driftless_2021_B21,,Ground_Control_Survey_Report.pdf sections 2.2/2.3/2.4,"geoid from the survey report's per-table header 'Geoid Model: Geoid18' (sections 1.8.4, 2.2); this mark is in no shapefile",,,,,,,,,
1073_2021_MN,LCP,calibration,554056.134,4915133.986,325.454,m,EPSG:6344,NAVD88,GEOID18,MN_SE_Driftless_2021_B21,,Ground_Control_Survey_Report.pdf sections 2.2/2.3/2.4,"geoid from the survey report's per-table header 'Geoid Model: Geoid18' (sections 1.8.4, 2.2); this mark is in no shapefile",,,,,,,,,
1074_2021_MN,LCP,calibration,546886.617,4910232.424,346.859,m,EPSG:6344,NAVD88,GEOID18,MN_SE_Driftless_2021_B21,,Ground_Control_Survey_Report.pdf sections 2.2/2.3/2.4,"geoid from the survey report's per-table header 'Geoid Model: Geoid18' (sections 1.8.4, 2.2); this mark is in no shapefile",,,,,,,,,
1075_2021_MN,LCP,calibration,546920.637,4905384.315,310.759,m,EPSG:6344,NAVD88,GEOID18,MN_SE_Driftless_2021_B21,,Ground_Control_Survey_Report.pdf sections 2.2/2.3/2.4,"geoid from the survey report's per-table header 'Geoid Model: Geoid18' (sections 1.8.4, 2.2); this mark is in no shapefile",,,,,,,,,
1076_2021_MN,LCP,calibration,545436.084,4900523.842,341.992,m,EPSG:6344,NAVD88,GEOID18,MN_SE_Driftless_2021_B21,,Ground_Control_Survey_Report.pdf sections 2.2/2.3/2.4,"geoid from the survey report's per-table header 'Geoid Model: Geoid18' (sections 1.8.4, 2.2); this mark is in no shapefile",,,,,,,,,
1077_2021_MN,LCP,calibration,544897.029,4895620.467,354.836,m,EPSG:6344,NAVD88,GEOID18,MN_SE_Driftless_2021_B21,,Ground_Control_Survey_Report.pdf sections 2.2/2.3/2.4,"geoid from the survey report's per-table header 'Geoid Model: Geoid18' (sections 1.8.4, 2.2); this mark is in no shapefile",,,,,,,,,
1078_2021_MN,LCP,calibration,579942.236,4888142.038,216.438,m,EPSG:6344,NAVD88,GEOID18,MN_SE_Driftless_2021_B21,,Ground_Control_Survey_Report.pdf sections 2.2/2.3/2.4,"geoid from the survey report's per-table header 'Geoid Model: Geoid18' (sections 1.8.4, 2.2); this mark is in no shapefile",,,,,,,,,
1079_2021_MN,LCP,calibration,579659.824,4885857.071,219.366,m,EPSG:6344,NAVD88,GEOID18,MN_SE_Driftless_2021_B21,,Ground_Control_Survey_Report.pdf sections 2.2/2.3/2.4,"geoid from the survey report's per-table header 'Geoid Model: Geoid18' (sections 1.8.4, 2.2); this mark is in no shapefile",,,,,,,,,
1080_2021_MN,LCP,calibration,577786.52,4881178.962,231.671,m,EPSG:6344,NAVD88,GEOID18,MN_SE_Driftless_2021_B21,,Ground_Control_Survey_Report.pdf sections 2.2/2.3/2.4,"geoid from the survey report's per-table header 'Geoid Model: Geoid18' (sections 1.8.4, 2.2); this mark is in no shapefile",,,,,,,,,
1081_2021_MN,LCP,calibration,574596.513,4872136.429,357.652,m,EPSG:6344,NAVD88,GEOID18,MN_SE_Driftless_2021_B21,,Ground_Control_Survey_Report.pdf sections 2.2/2.3/2.4,"geoid from the survey report's per-table header 'Geoid Model: Geoid18' (sections 1.8.4, 2.2); this mark is in no shapefile",,,,,,,,,
1082_2021_MN,LCP,calibration,583677.256,4869939.641,361.28,m,EPSG:6344,NAVD88,GEOID18,MN_SE_Driftless_2021_B21,,Ground_Control_Survey_Report.pdf sections 2.2/2.3/2.4,"geoid from the survey report's per-table header 'Geoid Model: Geoid18' (sections 1.8.4, 2.2); this mark is in no shapefile",,,,,,,,,
1083_2021_MN,LCP,calibration,574738.288,4860011.991,325.632,m,EPSG:6344,NAVD88,GEOID18,MN_SE_Driftless_2021_B21,,Ground_Control_Survey_Report.pdf sections 2.2/2.3/2.4,"geoid from the survey report's per-table header 'Geoid Model: Geoid18' (sections 1.8.4, 2.2); this mark is in no shapefile",,,,,,,,,
1084_2022_MN,LCP,calibration,541324.24,4854814.408,382.561,m,EPSG:6344,NAVD88,GEOID18,MN_SE_Driftless_2021_B21,,Ground_Control_Survey_Report.pdf sections 2.2/2.3/2.4,"geoid from the survey report's per-table header 'Geoid Model: Geoid18' (sections 1.8.4, 2.2); this mark is in no shapefile",,,,,,,,,
1085_2021_MN,LCP,calibration,541054.789,4849918.782,404.324,m,EPSG:6344,NAVD88,GEOID18,MN_SE_Driftless_2021_B21,,Ground_Control_Survey_Report.pdf sections 2.2/2.3/2.4,"geoid from the survey report's per-table header 'Geoid Model: Geoid18' (sections 1.8.4, 2.2); this mark is in no shapefile",,,,,,,,,
1086_2021_MN,LCP,calibration,541939.884,4845035.059,399.684,m,EPSG:6344,NAVD88,GEOID18,MN_SE_Driftless_2021_B21,,Ground_Control_Survey_Report.pdf sections 2.2/2.3/2.4,"geoid from the survey report's per-table header 'Geoid Model: Geoid18' (sections 1.8.4, 2.2); this mark is in no shapefile",,,,,,,,,
1087_2021_MN,LCP,calibration,541932.815,4840166.381,399.05,m,EPSG:6344,NAVD88,GEOID18,MN_SE_Driftless_2021_B21,,Ground_Control_Survey_Report.pdf sections 2.2/2.3/2.4,"geoid from the survey report's per-table header 'Geoid Model: Geoid18' (sections 1.8.4, 2.2); this mark is in no shapefile",,,,,,,,,
1088_2022_MN,LCP,calibration,549212.504,4835301.433,407.24,m,EPSG:6344,NAVD88,GEOID18,MN_SE_Driftless_2021_B21,,Ground_Control_Survey_Report.pdf sections 2.2/2.3/2.4,"geoid from the survey report's per-table header 'Geoid Model: Geoid18' (sections 1.8.4, 2.2); this mark is in no shapefile",,,,,,,,,
1089_2022_MN,LCP,calibration,549262.408,4830417.285,395.415,m,EPSG:6344,NAVD88,GEOID18,MN_SE_Driftless_2021_B21,,Ground_Control_Survey_Report.pdf sections 2.2/2.3/2.4,"geoid from the survey report's per-table header 'Geoid Model: Geoid18' (sections 1.8.4, 2.2); this mark is in no shapefile",,,,,,,,,
1090_2022_MN,LCP,calibration,549304.949,4825673.104,416.32,m,EPSG:6344,NAVD88,GEOID18,MN_SE_Driftless_2021_B21,,Ground_Control_Survey_Report.pdf sections 2.2/2.3/2.4,"geoid from the survey report's per-table header 'Geoid Model: Geoid18' (sections 1.8.4, 2.2); this mark is in no shapefile",,,,,,,,,
1091_2022_MN,LCP,calibration,550944.257,4820837.156,400.49,m,EPSG:6344,NAVD88,GEOID18,MN_SE_Driftless_2021_B21,,Ground_Control_Survey_Report.pdf sections 2.2/2.3/2.4,"geoid from the survey report's per-table header 'Geoid Model: Geoid18' (sections 1.8.4, 2.2); this mark is in no shapefile",,,,,,,,,
1092_2022_MN,LCP,calibration,550966.788,4816730.791,375.791,m,EPSG:6344,NAVD88,GEOID18,MN_SE_Driftless_2021_B21,,Ground_Control_Survey_Report.pdf sections 2.2/2.3/2.4,"geoid from the survey report's per-table header 'Geoid Model: Geoid18' (sections 1.8.4, 2.2); this mark is in no shapefile",,,,,,,,,
1094_2021_MN,LCP,calibration,594089.037,4865197.302,370.205,m,EPSG:6344,NAVD88,GEOID18,MN_SE_Driftless_2021_B21,,Ground_Control_Survey_Report.pdf sections 2.2/2.3/2.4,"geoid from the survey report's per-table header 'Geoid Model: Geoid18' (sections 1.8.4, 2.2); this mark is in no shapefile",,,,,,,,,
1095_2021_MN,LCP,calibration,597912.417,4865770.706,375.133,m,EPSG:6344,NAVD88,GEOID18,MN_SE_Driftless_2021_B21,,Ground_Control_Survey_Report.pdf sections 2.2/2.3/2.4,"geoid from the survey report's per-table header 'Geoid Model: Geoid18' (sections 1.8.4, 2.2); this mark is in no shapefile",,,,,,,,,
1096_2021_MN,LCP,calibration,602718.546,4866499.249,390.354,m,EPSG:6344,NAVD88,GEOID18,MN_SE_Driftless_2021_B21,,Ground_Control_Survey_Report.pdf sections 2.2/2.3/2.4,"geoid from the survey report's per-table header 'Geoid Model: Geoid18' (sections 1.8.4, 2.2); this mark is in no shapefile",,,,,,,,,
1097_2021_MN,LCP,calibration,607570.225,4867879.923,396.541,m,EPSG:6344,NAVD88,GEOID18,MN_SE_Driftless_2021_B21,,Ground_Control_Survey_Report.pdf sections 2.2/2.3/2.4,"geoid from the survey report's per-table header 'Geoid Model: Geoid18' (sections 1.8.4, 2.2); this mark is in no shapefile",,,,,,,,,
1098_2021_MN,LCP,calibration,612353.147,4863484.283,407.352,m,EPSG:6344,NAVD88,GEOID18,MN_SE_Driftless_2021_B21,,Ground_Control_Survey_Report.pdf sections 2.2/2.3/2.4,"geoid from the survey report's per-table header 'Geoid Model: Geoid18' (sections 1.8.4, 2.2); this mark is in no shapefile",,,,,,,,,
1099_2021_MN,LCP,calibration,617000.639,4863023.387,403.064,m,EPSG:6344,NAVD88,GEOID18,MN_SE_Driftless_2021_B21,,Ground_Control_Survey_Report.pdf sections 2.2/2.3/2.4,"geoid from the survey report's per-table header 'Geoid Model: Geoid18' (sections 1.8.4, 2.2); this mark is in no shapefile",,,,,,,,,
1100_2021_MN,LCP,calibration,622052.99,4864701.132,384.383,m,EPSG:6344,NAVD88,GEOID18,MN_SE_Driftless_2021_B21,,Ground_Control_Survey_Report.pdf sections 2.2/2.3/2.4,"geoid from the survey report's per-table header 'Geoid Model: Geoid18' (sections 1.8.4, 2.2); this mark is in no shapefile",,,,,,,,,
1101_2021_MN,LCP,calibration,626908.286,4865557.179,320.153,m,EPSG:6344,NAVD88,GEOID18,MN_SE_Driftless_2021_B21,,Ground_Control_Survey_Report.pdf sections 2.2/2.3/2.4,"geoid from the survey report's per-table header 'Geoid Model: Geoid18' (sections 1.8.4, 2.2); this mark is in no shapefile",,,,,,,,,
1102_2021_MN,LCP,calibration,633826.654,4859042.732,377.454,m,EPSG:6344,NAVD88,GEOID18,MN_SE_Driftless_2021_B21,,Ground_Control_Survey_Report.pdf sections 2.2/2.3/2.4,"geoid from the survey report's per-table header 'Geoid Model: Geoid18' (sections 1.8.4, 2.2); this mark is in no shapefile",,,,,,,,,
1103_2021_MN,LCP,calibration,640868.353,4850808.881,203.364,m,EPSG:6344,NAVD88,GEOID18,MN_SE_Driftless_2021_B21,,Ground_Control_Survey_Report.pdf sections 2.2/2.3/2.4,"geoid from the survey report's per-table header 'Geoid Model: Geoid18' (sections 1.8.4, 2.2); this mark is in no shapefile",,,,,,,,,
1104_2021_MN,LCP,calibration,646079.85,4824448.593,353.933,m,EPSG:6344,NAVD88,GEOID18,MN_SE_Driftless_2021_B21,,Ground_Control_Survey_Report.pdf sections 2.2/2.3/2.4,"geoid from the survey report's per-table header 'Geoid Model: Geoid18' (sections 1.8.4, 2.2); this mark is in no shapefile",,,,,,,,,
1105_2021_MN,LCP,calibration,458248.27,4919584.722,338.745,m,EPSG:6344,NAVD88,GEOID18,MN_SE_Driftless_2021_B21,,Ground_Control_Survey_Report.pdf sections 2.2/2.3/2.4,"geoid from the survey report's per-table header 'Geoid Model: Geoid18' (sections 1.8.4, 2.2); this mark is in no shapefile",,,,,,,,,
1106_2021_MN,LCP,calibration,458760.695,4905942.228,335.897,m,EPSG:6344,NAVD88,GEOID18,MN_SE_Driftless_2021_B21,,Ground_Control_Survey_Report.pdf sections 2.2/2.3/2.4,"geoid from the survey report's per-table header 'Geoid Model: Geoid18' (sections 1.8.4, 2.2); this mark is in no shapefile",,,,,,,,,
1107_2021_MN,LCP,calibration,439002.952,4934095.663,295.417,m,EPSG:6344,NAVD88,GEOID18,MN_SE_Driftless_2021_B21,,Ground_Control_Survey_Report.pdf sections 2.2/2.3/2.4,"geoid from the survey report's per-table header 'Geoid Model: Geoid18' (sections 1.8.4, 2.2); this mark is in no shapefile",,,,,,,,,
1108_2021_MN,LCP,calibration,438966.583,4931654.688,302.053,m,EPSG:6344,NAVD88,GEOID18,MN_SE_Driftless_2021_B21,,Ground_Control_Survey_Report.pdf sections 2.2/2.3/2.4,"geoid from the survey report's per-table header 'Geoid Model: Geoid18' (sections 1.8.4, 2.2); this mark is in no shapefile",,,,,,,,,
1109_2021_MN,LCP,calibration,438945.318,4928967.92,302.541,m,EPSG:6344,NAVD88,GEOID18,MN_SE_Driftless_2021_B21,,Ground_Control_Survey_Report.pdf sections 2.2/2.3/2.4,"geoid from the survey report's per-table header 'Geoid Model: Geoid18' (sections 1.8.4, 2.2); this mark is in no shapefile",,,,,,,,,
1110_2021_MN,LCP,calibration,436493.173,4926142.979,297.195,m,EPSG:6344,NAVD88,GEOID18,MN_SE_Driftless_2021_B21,,Ground_Control_Survey_Report.pdf sections 2.2/2.3/2.4,"geoid from the survey report's per-table header 'Geoid Model: Geoid18' (sections 1.8.4, 2.2); this mark is in no shapefile",,,,,,,,,
1111_2021_MN,LCP,calibration,436476.413,4923706.155,300.258,m,EPSG:6344,NAVD88,GEOID18,MN_SE_Driftless_2021_B21,,Ground_Control_Survey_Report.pdf sections 2.2/2.3/2.4,"geoid from the survey report's per-table header 'Geoid Model: Geoid18' (sections 1.8.4, 2.2); this mark is in no shapefile",,,,,,,,,
1112_2021_MN,LCP,calibration,436462.303,4921300.167,310.045,m,EPSG:6344,NAVD88,GEOID18,MN_SE_Driftless_2021_B21,,Ground_Control_Survey_Report.pdf sections 2.2/2.3/2.4,"geoid from the survey report's per-table header 'Geoid Model: Geoid18' (sections 1.8.4, 2.2); this mark is in no shapefile",,,,,,,,,
1113_2021_MN,LCP,calibration,433978.257,4918776.174,303.103,m,EPSG:6344,NAVD88,GEOID18,MN_SE_Driftless_2021_B21,,Ground_Control_Survey_Report.pdf sections 2.2/2.3/2.4,"geoid from the survey report's per-table header 'Geoid Model: Geoid18' (sections 1.8.4, 2.2); this mark is in no shapefile",,,,,,,,,
1115_2021_MN,LCP,calibration,433957.758,4915870.26,306.377,m,EPSG:6344,NAVD88,GEOID18,MN_SE_Driftless_2021_B21,,Ground_Control_Survey_Report.pdf sections 2.2/2.3/2.4,"geoid from the survey report's per-table header 'Geoid Model: Geoid18' (sections 1.8.4, 2.2); this mark is in no shapefile",,,,,,,,,
1116_2021_MN,LCP,calibration,433957.079,4913742.875,307.496,m,EPSG:6344,NAVD88,GEOID18,MN_SE_Driftless_2021_B21,,Ground_Control_Survey_Report.pdf sections 2.2/2.3/2.4,"geoid from the survey report's per-table header 'Geoid Model: Geoid18' (sections 1.8.4, 2.2); this mark is in no shapefile",,,,,,,,,
1118_2021_MN,LCP,calibration,433945.255,4910859.588,312.771,m,EPSG:6344,NAVD88,GEOID18,MN_SE_Driftless_2021_B21,,Ground_Control_Survey_Report.pdf sections 2.2/2.3/2.4,"geoid from the survey report's per-table header 'Geoid Model: Geoid18' (sections 1.8.4, 2.2); this mark is in no shapefile",,,,,,,,,
1119_2021_MN,LCP,calibration,433888.959,4908226.591,319.57,m,EPSG:6344,NAVD88,GEOID18,MN_SE_Driftless_2021_B21,,Ground_Control_Survey_Report.pdf sections 2.2/2.3/2.4,"geoid from the survey report's per-table header 'Geoid Model: Geoid18' (sections 1.8.4, 2.2); this mark is in no shapefile",,,,,,,,,
1120_2021_MN,LCP,calibration,433886.661,4905509.41,317.083,m,EPSG:6344,NAVD88,GEOID18,MN_SE_Driftless_2021_B21,,Ground_Control_Survey_Report.pdf sections 2.2/2.3/2.4,"geoid from the survey report's per-table header 'Geoid Model: Geoid18' (sections 1.8.4, 2.2); this mark is in no shapefile",,,,,,,,,
1121_2021_MN,LCP,calibration,427665.559,4902697.945,302.382,m,EPSG:6344,NAVD88,GEOID18,MN_SE_Driftless_2021_B21,,Ground_Control_Survey_Report.pdf sections 2.2/2.3/2.4,"geoid from the survey report's per-table header 'Geoid Model: Geoid18' (sections 1.8.4, 2.2); this mark is in no shapefile",,,,,,,,,
1122_2021_MN,LCP,calibration,428261.851,4900477.173,309.797,m,EPSG:6344,NAVD88,GEOID18,MN_SE_Driftless_2021_B21,,Ground_Control_Survey_Report.pdf sections 2.2/2.3/2.4,"geoid from the survey report's per-table header 'Geoid Model: Geoid18' (sections 1.8.4, 2.2); this mark is in no shapefile",,,,,,,,,
1123_2021_MN,LCP,calibration,430616.582,4897446.844,307.691,m,EPSG:6344,NAVD88,GEOID18,MN_SE_Driftless_2021_B21,,Ground_Control_Survey_Report.pdf sections 2.2/2.3/2.4,"geoid from the survey report's per-table header 'Geoid Model: Geoid18' (sections 1.8.4, 2.2); this mark is in no shapefile",,,,,,,,,
1124_2021_MN,LCP,calibration,443490.169,4894507.286,323.028,m,EPSG:6344,NAVD88,GEOID18,MN_SE_Driftless_2021_B21,,Ground_Control_Survey_Report.pdf sections 2.2/2.3/2.4,"geoid from the survey report's per-table header 'Geoid Model: Geoid18' (sections 1.8.4, 2.2); this mark is in no shapefile",,,,,,,,,
1125_2021_MN,LCP,calibration,443427.951,4892575.249,321.062,m,EPSG:6344,NAVD88,GEOID18,MN_SE_Driftless_2021_B21,,Ground_Control_Survey_Report.pdf sections 2.2/2.3/2.4,"geoid from the survey report's per-table header 'Geoid Model: Geoid18' (sections 1.8.4, 2.2); this mark is in no shapefile",,,,,,,,,
1126_2021_MN,LCP,calibration,546021.541,4893858.161,352.171,m,EPSG:6344,NAVD88,GEOID18,MN_SE_Driftless_2021_B21,,Ground_Control_Survey_Report.pdf sections 2.2/2.3/2.4,"geoid from the survey report's per-table header 'Geoid Model: Geoid18' (sections 1.8.4, 2.2); this mark is in no shapefile",,,,,,,,,
1127_2022_MN,LCP,calibration,546428.475,4891019.25,326.047,m,EPSG:6344,NAVD88,GEOID18,MN_SE_Driftless_2021_B21,,Ground_Control_Survey_Report.pdf sections 2.2/2.3/2.4,"geoid from the survey report's per-table header 'Geoid Model: Geoid18' (sections 1.8.4, 2.2); this mark is in no shapefile",,,,,,,,,
1128_2022_MN,LCP,calibration,546707.099,4888060.094,332.201,m,EPSG:6344,NAVD88,GEOID18,MN_SE_Driftless_2021_B21,,Ground_Control_Survey_Report.pdf sections 2.2/2.3/2.4,"geoid from the survey report's per-table header 'Geoid Model: Geoid18' (sections 1.8.4, 2.2); this mark is in no shapefile",,,,,,,,,
1129_2022_MN,LCP,calibration,546333.483,4885632.636,327.742,m,EPSG:6344,NAVD88,GEOID18,MN_SE_Driftless_2021_B21,,Ground_Control_Survey_Report.pdf sections 2.2/2.3/2.4,"geoid from the survey report's per-table header 'Geoid Model: Geoid18' (sections 1.8.4, 2.2); this mark is in no shapefile",,,,,,,,,
1130_2022_MN,LCP,calibration,545514.761,4883993.058,311.816,m,EPSG:6344,NAVD88,GEOID18,MN_SE_Driftless_2021_B21,,Ground_Control_Survey_Report.pdf sections 2.2/2.3/2.4,"geoid from the survey report's per-table header 'Geoid Model: Geoid18' (sections 1.8.4, 2.2); this mark is in no shapefile",,,,,,,,,
1131_2022_MN,LCP,calibration,544624.341,4882079.27,317.184,m,EPSG:6344,NAVD88,GEOID18,MN_SE_Driftless_2021_B21,,Ground_Control_Survey_Report.pdf sections 2.2/2.3/2.4,"geoid from the survey report's per-table header 'Geoid Model: Geoid18' (sections 1.8.4, 2.2); this mark is in no shapefile",,,,,,,,,
1132_2022_MN,LCP,calibration,544180.488,4880018.076,303.808,m,EPSG:6344,NAVD88,GEOID18,MN_SE_Driftless_2021_B21,,Ground_Control_Survey_Report.pdf sections 2.2/2.3/2.4,"geoid from the survey report's per-table header 'Geoid Model: Geoid18' (sections 1.8.4, 2.2); this mark is in no shapefile",,,,,,,,,
1133_2022_MN,LCP,calibration,543799.777,4878508.492,310.154,m,EPSG:6344,NAVD88,GEOID18,MN_SE_Driftless_2021_B21,,Ground_Control_Survey_Report.pdf sections 2.2/2.3/2.4,"geoid from the survey report's per-table header 'Geoid Model: Geoid18' (sections 1.8.4, 2.2); this mark is in no shapefile",,,,,,,,,
1134_2022_MN,LCP,calibration,543331.841,4876717.227,311.132,m,EPSG:6344,NAVD88,GEOID18,MN_SE_Driftless_2021_B21,,Ground_Control_Survey_Report.pdf sections 2.2/2.3/2.4,"geoid from the survey report's per-table header 'Geoid Model: Geoid18' (sections 1.8.4, 2.2); this mark is in no shapefile",,,,,,,,,
1135_2022_MN,LCP,calibration,543044.433,4874939.216,302.059,m,EPSG:6344,NAVD88,GEOID18,MN_SE_Driftless_2021_B21,,Ground_Control_Survey_Report.pdf sections 2.2/2.3/2.4,"geoid from the survey report's per-table header 'Geoid Model: Geoid18' (sections 1.8.4, 2.2); this mark is in no shapefile",,,,,,,,,
1136_2022_MN,LCP,calibration,543145.069,4872830.31,304.875,m,EPSG:6344,NAVD88,GEOID18,MN_SE_Driftless_2021_B21,,Ground_Control_Survey_Report.pdf sections 2.2/2.3/2.4,"geoid from the survey report's per-table header 'Geoid Model: Geoid18' (sections 1.8.4, 2.2); this mark is in no shapefile",,,,,,,,,
1137_2022_MN,LCP,calibration,543081.764,4871376.245,317.484,m,EPSG:6344,NAVD88,GEOID18,MN_SE_Driftless_2021_B21,,Ground_Control_Survey_Report.pdf sections 2.2/2.3/2.4,"geoid from the survey report's per-table header 'Geoid Model: Geoid18' (sections 1.8.4, 2.2); this mark is in no shapefile",,,,,,,,,
1138_2022_MN,LCP,calibration,543034.227,4869559.644,323.015,m,EPSG:6344,NAVD88,GEOID18,MN_SE_Driftless_2021_B21,,Ground_Control_Survey_Report.pdf sections 2.2/2.3/2.4,"geoid from the survey report's per-table header 'Geoid Model: Geoid18' (sections 1.8.4, 2.2); this mark is in no shapefile",,,,,,,,,
1139_2022_MN,LCP,calibration,543480.174,4867795.501,321.395,m,EPSG:6344,NAVD88,GEOID18,MN_SE_Driftless_2021_B21,,Ground_Control_Survey_Report.pdf sections 2.2/2.3/2.4,"geoid from the survey report's per-table header 'Geoid Model: Geoid18' (sections 1.8.4, 2.2); this mark is in no shapefile",,,,,,,,,
1140_2022_MN,LCP,calibration,542749.095,4865855.649,335.858,m,EPSG:6344,NAVD88,GEOID18,MN_SE_Driftless_2021_B21,,Ground_Control_Survey_Report.pdf sections 2.2/2.3/2.4,"geoid from the survey report's per-table header 'Geoid Model: Geoid18' (sections 1.8.4, 2.2); this mark is in no shapefile",,,,,,,,,
1141_2022_MN,LCP,calibration,542426.909,4864115.163,380.757,m,EPSG:6344,NAVD88,GEOID18,MN_SE_Driftless_2021_B21,,Ground_Control_Survey_Report.pdf sections 2.2/2.3/2.4,"geoid from the survey report's per-table header 'Geoid Model: Geoid18' (sections 1.8.4, 2.2); this mark is in no shapefile",,,,,,,,,
1142_2022_MN,LCP,calibration,541835.502,4862175.426,387.881,m,EPSG:6344,NAVD88,GEOID18,MN_SE_Driftless_2021_B21,,Ground_Control_Survey_Report.pdf sections 2.2/2.3/2.4,"geoid from the survey report's per-table header 'Geoid Model: Geoid18' (sections 1.8.4, 2.2); this mark is in no shapefile",,,,,,,,,
1143_2022_MN,LCP,calibration,541483.568,4860798.63,391.874,m,EPSG:6344,NAVD88,GEOID18,MN_SE_Driftless_2021_B21,,Ground_Control_Survey_Report.pdf sections 2.2/2.3/2.4,"geoid from the survey report's per-table header 'Geoid Model: Geoid18' (sections 1.8.4, 2.2); this mark is in no shapefile",,,,,,,,,
1144_2022_MN,LCP,calibration,541058.487,4858834.459,382.308,m,EPSG:6344,NAVD88,GEOID18,MN_SE_Driftless_2021_B21,,Ground_Control_Survey_Report.pdf sections 2.2/2.3/2.4,"geoid from the survey report's per-table header 'Geoid Model: Geoid18' (sections 1.8.4, 2.2); this mark is in no shapefile",,,,,,,,,
1146_2022_MN,LCP,calibration,538503.316,4856733.028,391.222,m,EPSG:6344,NAVD88,GEOID18,MN_SE_Driftless_2021_B21,,Ground_Control_Survey_Report.pdf sections 2.2/2.3/2.4,"geoid from the survey report's per-table header 'Geoid Model: Geoid18' (sections 1.8.4, 2.2); this mark is in no shapefile",,,,,,,,,
1147_2021_MN,LCP,calibration,534998.882,4852542.099,401.306,m,EPSG:6344,NAVD88,GEOID18,MN_SE_Driftless_2021_B21,,Ground_Control_Survey_Report.pdf sections 2.2/2.3/2.4,"geoid from the survey report's per-table header 'Geoid Model: Geoid18' (sections 1.8.4, 2.2); this mark is in no shapefile",,,,,,,,,
2001_2021_MN,NVA,check,541181.871,4831755.257,410.439,m,EPSG:6344,NAVD88,GEOID18,MN_SE_Driftless_2021_B21,2021-09-15,Ground_Control_Survey_Report.pdf sections 2.2/2.3/2.4,geoid asserted PER MARK from the contractor shapefile 'geoid' attribute = 'Geoid 18',QL1,410.4200134277344,0.018986572265646,410.4088622616105,0.030137738389499,,,,
2002_2022_MN,NVA,check,593580.382,4843299.364,368.242,m,EPSG:6344,NAVD88,GEOID18,MN_SE_Driftless_2021_B21,2022-04-07,Ground_Control_Survey_Report.pdf sections 2.2/2.3/2.4,geoid asserted PER MARK from the contractor shapefile 'geoid' attribute = 'Geoid 18',QL1,368.2300109863281,0.011989013671894,368.2466603651954,-0.004660365195377,,,,
2003_2021_MN,NVA,check,478647.983,4904281.488,303.598,m,EPSG:6344,NAVD88,GEOID18,MN_SE_Driftless_2021_B21,2021-09-13,Ground_Control_Survey_Report.pdf sections 2.2/2.3/2.4,geoid asserted PER MARK from the contractor shapefile 'geoid' attribute = 'Geoid 18',QL1,303.6300048828125,-0.032004882812487,303.6195215861215,-0.02152158612148,,,,
2004_2021_MN,NVA,check,585615.817,4903994.272,203.049,m,EPSG:6344,NAVD88,GEOID18,MN_SE_Driftless_2021_B21,2021-09-11,Ground_Control_Survey_Report.pdf sections 2.2/2.3/2.4,geoid asserted PER MARK from the contractor shapefile 'geoid' attribute = 'Geoid 18',QL1,203.0500030517578,-0.001003051757806,203.04893232739,6.7672610015e-05,,,,
2005_2021_MN,NVA,check,444446.692,4911485.888,326.73,m,EPSG:6344,NAVD88,GEOID18,MN_SE_Driftless_2021_B21,2021-10-04,Ground_Control_Survey_Report.pdf sections 2.2/2.3/2.4,geoid asserted PER MARK from the contractor shapefile 'geoid' attribute = 'Geoid 18',QL0,,,,,326.7799987792969,-0.049998779296857,326.77560747263226,-0.045607472632241
2006_2022_MN,NVA,check,528935.289,4884790.498,382.339,m,EPSG:6344,NAVD88,GEOID18,MN_SE_Driftless_2021_B21,2022-03-29,Ground_Control_Survey_Report.pdf sections 2.2/2.3/2.4,geoid asserted PER MARK from the contractor shapefile 'geoid' attribute = 'Geoid 18',QL0,,,,,382.3399963378906,-0.000996337890626,382.3543061224351,-0.015306122435106
2007_2021_MN,NVA,check,638266.707,4817492.244,198.353,m,EPSG:6344,NAVD88,GEOID18,MN_SE_Driftless_2021_B21,2021-09-09,Ground_Control_Survey_Report.pdf sections 2.2/2.3/2.4,geoid asserted PER MARK from the contractor shapefile 'geoid' attribute = 'Geoid 18',QL1,198.38999938964844,-0.036999389648429,198.39159888653447,-0.038598886534459,,,,
2008_2021_MN,NVA,check,465392.565,4838028.428,386.273,m,EPSG:6344,NAVD88,GEOID18,MN_SE_Driftless_2021_B21,2021-09-30,Ground_Control_Survey_Report.pdf sections 2.2/2.3/2.4,geoid asserted PER MARK from the contractor shapefile 'geoid' attribute = 'Geoid 18',QL1,386.3399963378906,-0.0669963378906,386.3421708749299,-0.069170874929853,,,,
2009_2021_MN,NVA,check,525092.219,4828021.186,410.759,m,EPSG:6344,NAVD88,GEOID18,MN_SE_Driftless_2021_B21,2021-09-15,Ground_Control_Survey_Report.pdf sections 2.2/2.3/2.4,geoid asserted PER MARK from the contractor shapefile 'geoid' attribute = 'Geoid 18',QL1,410.75,0.009000000000015,410.7499055546532,0.009094445346818,,,,
2010_2022_MN,NVA,check,570565.346,4870504.04,344.775,m,EPSG:6344,NAVD88,GEOID18,MN_SE_Driftless_2021_B21,2022-04-03,Ground_Control_Survey_Report.pdf sections 2.2/2.3/2.4,geoid asserted PER MARK from the contractor shapefile 'geoid' attribute = 'Geoid 18',QL0,,,,,344.7699890136719,0.005010986328102,344.7607533039638,0.014246696036196
2011_2021_MN,NVA,check,484862.694,4900851.566,355.393,m,EPSG:6344,NAVD88,GEOID18,MN_SE_Driftless_2021_B21,2021-09-13,Ground_Control_Survey_Report.pdf sections 2.2/2.3/2.4,geoid asserted PER MARK from the contractor shapefile 'geoid' attribute = 'Geoid 18',QL1,355.3500061035156,0.042993896484347,355.346093023257,0.046906976742946,,,,
2012_2022_MN,NVA,check,592378.007,4833405.342,362.772,m,EPSG:6344,NAVD88,GEOID18,MN_SE_Driftless_2021_B21,2022-04-07,Ground_Control_Survey_Report.pdf sections 2.2/2.3/2.4,geoid asserted PER MARK from the contractor shapefile 'geoid' attribute = 'Geoid 18',QL1,362.7900085449219,-0.018008544921884,362.79130864686533,-0.019308646865341,,,,
2013_2021_MN,NVA,check,532915.451,4826078.44,416.763,m,EPSG:6344,NAVD88,GEOID18,MN_SE_Driftless_2021_B21,2021-09-15,Ground_Control_Survey_Report.pdf sections 2.2/2.3/2.4,geoid asserted PER MARK from the contractor shapefile 'geoid' attribute = 'Geoid 18',QL1,416.7699890136719,-0.006989013671898,416.7750618860559,-0.012061886055903,,,,
2014_2021_MN,NVA,check,497370.372,4924305.527,281.389,m,EPSG:6344,NAVD88,GEOID18,MN_SE_Driftless_2021_B21,2021-09-14,Ground_Control_Survey_Report.pdf sections 2.2/2.3/2.4,geoid asserted PER MARK from the contractor shapefile 'geoid' attribute = 'Geoid 18',QL1,281.3900146484375,-0.00101464843749,281.39214785992397,-0.003147859923956,,,,
2015_2021_MN,NVA,check,522511.963,4890048.764,359.043,m,EPSG:6344,NAVD88,GEOID18,MN_SE_Driftless_2021_B21,2021-09-13,Ground_Control_Survey_Report.pdf sections 2.2/2.3/2.4,geoid asserted PER MARK from the contractor shapefile 'geoid' attribute = 'Geoid 18',QL1,359.04998779296875,-0.006987792968744,359.0279655052257,0.015034494774284,,,,
2016_2021_MN,NVA,check,607474.686,4817266.166,348.974,m,EPSG:6344,NAVD88,GEOID18,MN_SE_Driftless_2021_B21,2021-09-09,Ground_Control_Survey_Report.pdf sections 2.2/2.3/2.4,geoid asserted PER MARK from the contractor shapefile 'geoid' attribute = 'Geoid 18',QL1,348.9700012207031,0.003998779296865,348.99342657343544,-0.019426573435453,,,,
2017_2021_MN,NVA,check,444395.63,4896603.594,326.287,m,EPSG:6344,NAVD88,GEOID18,MN_SE_Driftless_2021_B21,2021-10-02,Ground_Control_Survey_Report.pdf sections 2.2/2.3/2.4,geoid asserted PER MARK from the contractor shapefile 'geoid' attribute = 'Geoid 18',QL0,,,,,326.2300109863281,0.056989013671853,326.23567508828603,0.051324911713948
2018_2021_MN,NVA,check,531178.069,4829294.908,427.085,m,EPSG:6344,NAVD88,GEOID18,MN_SE_Driftless_2021_B21,2021-09-15,Ground_Control_Survey_Report.pdf sections 2.2/2.3/2.4,geoid asserted PER MARK from the contractor shapefile 'geoid' attribute = 'Geoid 18',QL1,427.1000061035156,-0.015006103515645,427.0943062500032,-0.009306250003249,,,,
2019_2021_MN,NVA,check,483539.54,4840897.169,375.32,m,EPSG:6344,NAVD88,GEOID18,MN_SE_Driftless_2021_B21,2021-10-01,Ground_Control_Survey_Report.pdf sections 2.2/2.3/2.4,geoid asserted PER MARK from the contractor shapefile 'geoid' attribute = 'Geoid 18',QL1,375.3299865722656,-0.009986572265632,375.3332531812143,-0.013253181214282,,,,
2020_2021_MN,NVA,check,425420.2,4899321.179,303.09,m,EPSG:6344,NAVD88,GEOID18,MN_SE_Driftless_2021_B21,2021-10-03,Ground_Control_Survey_Report.pdf sections 2.2/2.3/2.4,geoid asserted PER MARK from the contractor shapefile 'geoid' attribute = 'Geoid 18',QL0,,,,,303.17999267578125,-0.089992675781275,303.18,-0.090000000000032
2021_2022_MN,NVA,check,531348.289,4880302.344,377.591,m,EPSG:6344,NAVD88,GEOID18,MN_SE_Driftless_2021_B21,2022-03-29,Ground_Control_Survey_Report.pdf sections 2.2/2.3/2.4,geoid asserted PER MARK from the contractor shapefile 'geoid' attribute = 'Geoid 18',QL0,,,,,377.6300048828125,-0.039004882812492,377.62259832505504,-0.031598325055029
2022_2021_MN,NVA,check,491910.099,4858267.659,387.956,m,EPSG:6344,NAVD88,GEOID18,MN_SE_Driftless_2021_B21,2021-09-16,Ground_Control_Survey_Report.pdf sections 2.2/2.3/2.4,geoid asserted PER MARK from the contractor shapefile 'geoid' attribute = 'Geoid 18',QL1,387.9599914550781,-0.003991455078108,387.92792063708356,0.028079362916458,,,,
2023_2021_MN,NVA,check,611514.847,4855944.887,257.159,m,EPSG:6344,NAVD88,GEOID18,MN_SE_Driftless_2021_B21,2021-09-09,Ground_Control_Survey_Report.pdf sections 2.2/2.3/2.4,geoid asserted PER MARK from the contractor shapefile 'geoid' attribute = 'Geoid 18',QL1,257.17999267578125,-0.020992675781258,257.18194244051955,-0.022942440519557,,,,
2024_2021_MN,NVA,check,571243.813,4887693.785,344.735,m,EPSG:6344,NAVD88,GEOID18,MN_SE_Driftless_2021_B21,2021-09-11,Ground_Control_Survey_Report.pdf sections 2.2/2.3/2.4,geoid asserted PER MARK from the contractor shapefile 'geoid' attribute = 'Geoid 18',QL1,344.75,-0.014999999999986,344.75701651872265,-0.022016518722637,,,,
2025_2021_MN,NVA,check,578387.684,4903992.431,316.371,m,EPSG:6344,NAVD88,GEOID18,MN_SE_Driftless_2021_B21,2021-09-11,Ground_Control_Survey_Report.pdf sections 2.2/2.3/2.4,geoid asserted PER MARK from the contractor shapefile 'geoid' attribute = 'Geoid 18',QL1,316.3299865722656,0.041013427734356,316.32732396923325,0.043676030766733,,,,
2026_2021_MN,NVA,check,432271.871,4902803.086,317.654,m,EPSG:6344,NAVD88,GEOID18,MN_SE_Driftless_2021_B21,2021-10-04,Ground_Control_Survey_Report.pdf sections 2.2/2.3/2.4,geoid asserted PER MARK from the contractor shapefile 'geoid' attribute = 'Geoid 18',QL0,,,,,317.6300048828125,0.023995117187496,317.6298650000071,0.024134999992896
2027_2021_MN,NVA,check,524298.939,4825603.564,403.685,m,EPSG:6344,NAVD88,GEOID18,MN_SE_Driftless_2021_B21,2021-09-15,Ground_Control_Survey_Report.pdf sections 2.2/2.3/2.4,geoid asserted PER MARK from the contractor shapefile 'geoid' attribute = 'Geoid 18',QL1,403.69000244140625,-0.005002441406248,403.67874593103295,0.006254068967053,,,,
2028_2021_MN,NVA,check,463187.344,4842863.332,391.74,m,EPSG:6344,NAVD88,GEOID18,MN_SE_Driftless_2021_B21,2021-10-01,Ground_Control_Survey_Report.pdf sections 2.2/2.3/2.4,geoid asserted PER MARK from the contractor shapefile 'geoid' attribute = 'Geoid 18',QL1,391.79998779296875,-0.059987792968741,391.8158133333383,-0.075813333338317,,,,
2029_2021_MN,NVA,check,619868.537,4842319.056,360.931,m,EPSG:6344,NAVD88,GEOID18,MN_SE_Driftless_2021_B21,2021-09-09,Ground_Control_Survey_Report.pdf sections 2.2/2.3/2.4,geoid asserted PER MARK from the contractor shapefile 'geoid' attribute = 'Geoid 18',QL1,361.0,-0.069000000000017,360.983847898832,-0.052847898831999,,,,
2030_2021_MN,NVA,check,639158.82,4833227.847,204.459,m,EPSG:6344,NAVD88,GEOID18,MN_SE_Driftless_2021_B21,2021-09-09,Ground_Control_Survey_Report.pdf sections 2.2/2.3/2.4,geoid asserted PER MARK from the contractor shapefile 'geoid' attribute = 'Geoid 18',QL1,204.44000244140625,0.018997558593753,204.43872640171003,0.020273598289975,,,,
2031_2021_MN,NVA,check,543562.209,4817611.577,392.491,m,EPSG:6344,NAVD88,GEOID18,MN_SE_Driftless_2021_B21,2021-09-15,Ground_Control_Survey_Report.pdf sections 2.2/2.3/2.4,geoid asserted PER MARK from the contractor shapefile 'geoid' attribute = 'Geoid 18',QL1,392.5,-0.009000000000015,392.50973932541046,-0.018739325410479,,,,
2032_2022_MN,NVA,check,529054.16,4857272.79,407.312,m,EPSG:6344,NAVD88,GEOID18,MN_SE_Driftless_2021_B21,2022-04-05,Ground_Control_Survey_Report.pdf sections 2.2/2.3/2.4,geoid asserted PER MARK from the contractor shapefile 'geoid' attribute = 'Geoid 18',QL0,,,,,407.29998779296875,0.012012207031262,407.29599466463543,0.016005335364582
2033_2021_MN,NVA,check,486376.979,4852901.512,379.871,m,EPSG:6344,NAVD88,GEOID18,MN_SE_Driftless_2021_B21,2021-10-01,Ground_Control_Survey_Report.pdf sections 2.2/2.3/2.4,geoid asserted PER MARK from the contractor shapefile 'geoid' attribute = 'Geoid 18',QL1,379.9200134277344,-0.049013427734394,379.9119797826977,-0.040979782697718,,,,
2034_2021_MN,NVA,check,483454.327,4863339.0,369.422,m,EPSG:6344,NAVD88,GEOID18,MN_SE_Driftless_2021_B21,2021-09-30,Ground_Control_Survey_Report.pdf sections 2.2/2.3/2.4,geoid asserted PER MARK from the contractor shapefile 'geoid' attribute = 'Geoid 18',QL1,369.4599914550781,-0.0379914550781,369.44999999999993,-0.027999999999906,,,,
2035_2021_MN,NVA,check,588253.379,4873487.277,373.207,m,EPSG:6344,NAVD88,GEOID18,MN_SE_Driftless_2021_B21,2021-09-10,Ground_Control_Survey_Report.pdf sections 2.2/2.3/2.4,geoid asserted PER MARK from the contractor shapefile 'geoid' attribute = 'Geoid 18',QL1,373.2200012207031,-0.013001220703131,373.21957463950696,-0.012574639506965,,,,
2036_2021_MN,NVA,check,585982.135,4884249.83,353.119,m,EPSG:6344,NAVD88,GEOID18,MN_SE_Driftless_2021_B21,2021-09-11,Ground_Control_Survey_Report.pdf sections 2.2/2.3/2.4,geoid asserted PER MARK from the contractor shapefile 'geoid' attribute = 'Geoid 18',QL1,353.1000061035156,0.018993896484403,353.10361533779826,0.015384662201768,,,,
2037_2021_MN,NVA,check,608938.796,4820155.051,315.857,m,EPSG:6344,NAVD88,GEOID18,MN_SE_Driftless_2021_B21,2021-09-09,Ground_Control_Survey_Report.pdf sections 2.2/2.3/2.4,geoid asserted PER MARK from the contractor shapefile 'geoid' attribute = 'Geoid 18',QL1,315.80999755859375,0.047002441406278,315.81950603474655,0.037493965253475,,,,
2038_2021_MN,NVA,check,614154.462,4873821.588,380.941,m,EPSG:6344,NAVD88,GEOID18,MN_SE_Driftless_2021_B21,2021-09-08,Ground_Control_Survey_Report.pdf sections 2.2/2.3/2.4,geoid asserted PER MARK from the contractor shapefile 'geoid' attribute = 'Geoid 18',QL1,380.9200134277344,0.020986572265599,380.9207150336547,0.020284966345287,,,,
2039_2022_MN,NVA,check,588465.661,4817010.625,390.274,m,EPSG:6344,NAVD88,GEOID18,MN_SE_Driftless_2021_B21,2022-04-07,Ground_Control_Survey_Report.pdf sections 2.2/2.3/2.4,geoid asserted PER MARK from the contractor shapefile 'geoid' attribute = 'Geoid 18',QL1,390.2699890136719,0.004010986328126,390.2627033009777,0.011296699022296,,,,
2040_2021_MN,NVA,check,498281.426,4930435.352,270.926,m,EPSG:6344,NAVD88,GEOID18,MN_SE_Driftless_2021_B21,2021-09-14,Ground_Control_Survey_Report.pdf sections 2.2/2.3/2.4,geoid asserted PER MARK from the contractor shapefile 'geoid' attribute = 'Geoid 18',QL1,270.8999938964844,0.026006103515613,270.90481212120505,0.021187878794933,,,,
2041_2022_MN,NVA,check,581336.002,4847731.894,337.829,m,EPSG:6344,NAVD88,GEOID18,MN_SE_Driftless_2021_B21,2022-04-07,Ground_Control_Survey_Report.pdf sections 2.2/2.3/2.4,geoid asserted PER MARK from the contractor shapefile 'geoid' attribute = 'Geoid 18',QL1,337.82000732421875,0.008992675781258,337.8202338461636,0.008766153836405,,,,
2042_2021_MN,NVA,check,613664.407,4835960.226,235.041,m,EPSG:6344,NAVD88,GEOID18,MN_SE_Driftless_2021_B21,2021-09-10,Ground_Control_Survey_Report.pdf sections 2.2/2.3/2.4,geoid asserted PER MARK from the contractor shapefile 'geoid' attribute = 'Geoid 18',QL1,235.07000732421875,-0.029007324218753,235.0625280859912,-0.021528085991207,,,,
2043_2022_MN,NVA,check,577056.535,4829691.049,325.231,m,EPSG:6344,NAVD88,GEOID18,MN_SE_Driftless_2021_B21,2022-04-07,Ground_Control_Survey_Report.pdf sections 2.2/2.3/2.4,geoid asserted PER MARK from the contractor shapefile 'geoid' attribute = 'Geoid 18',QL1,325.239990234375,-0.008990234375005,325.22847290907293,0.00252709092706,,,,
2044_2021_MN,NVA,check,468538.55,4818772.862,386.695,m,EPSG:6344,NAVD88,GEOID18,MN_SE_Driftless_2021_B21,2021-09-30,Ground_Control_Survey_Report.pdf sections 2.2/2.3/2.4,geoid asserted PER MARK from the contractor shapefile 'geoid' attribute = 'Geoid 18',QL1,386.7300109863281,-0.035010986328132,386.73476795005416,-0.03976795005417,,,,
2045_2021_MN,NVA,check,591600.971,4893330.062,210.338,m,EPSG:6344,NAVD88,GEOID18,MN_SE_Driftless_2021_B21,2021-09-11,Ground_Control_Survey_Report.pdf sections 2.2/2.3/2.4,geoid asserted PER MARK from the contractor shapefile 'geoid' attribute = 'Geoid 18',QL1,210.27000427246094,0.067995727539056,210.27831028239072,0.059689717609274,,,,
2046_2022_MN,NVA,check,566833.706,4878514.956,343.499,m,EPSG:6344,NAVD88,GEOID18,MN_SE_Driftless_2021_B21,2022-04-03,Ground_Control_Survey_Report.pdf sections 2.2/2.3/2.4,geoid asserted PER MARK from the contractor shapefile 'geoid' attribute = 'Geoid 18',QL0,,,,,343.4599914550781,0.039008544921899,343.4574948842257,0.041505115774328
2047_2021_MN,NVA,check,472593.974,4828828.287,391.859,m,EPSG:6344,NAVD88,GEOID18,MN_SE_Driftless_2021_B21,2021-09-30,Ground_Control_Survey_Report.pdf sections 2.2/2.3/2.4,geoid asserted PER MARK from the contractor shapefile 'geoid' attribute = 'Geoid 18',QL1,391.9100036621094,-0.051003662109395,391.92762493753025,-0.068624937530274,,,,
2048_2021_MN,NVA,check,524225.438,4861186.931,366.694,m,EPSG:6344,NAVD88,GEOID18,MN_SE_Driftless_2021_B21,2021-09-13,Ground_Control_Survey_Report.pdf sections 2.2/2.3/2.4,geoid asserted PER MARK from the contractor shapefile 'geoid' attribute = 'Geoid 18',QL1,366.69000244140625,0.003997558593767,366.68951530614925,0.00448469385077,,,,
2049_2021_MN,NVA,check,537894.936,4843784.421,387.333,m,EPSG:6344,NAVD88,GEOID18,MN_SE_Driftless_2021_B21,2021-09-15,Ground_Control_Survey_Report.pdf sections 2.2/2.3/2.4,geoid asserted PER MARK from the contractor shapefile 'geoid' attribute = 'Geoid 18',QL1,387.3399963378906,-0.006996337890598,387.3429993817612,-0.00999938176119,,,,
2050_2021_MN,NVA,check,445384.312,4925588.245,311.207,m,EPSG:6344,NAVD88,GEOID18,MN_SE_Driftless_2021_B21,2021-10-04,Ground_Control_Survey_Report.pdf sections 2.2/2.3/2.4,geoid asserted PER MARK from the contractor shapefile 'geoid' attribute = 'Geoid 18',QL0,,,,,311.20001220703125,0.006987792968744,311.20722048146627,-0.000220481466272
2051_2022_MN,NVA,check,583484.264,4841969.517,252.166,m,EPSG:6344,NAVD88,GEOID18,MN_SE_Driftless_2021_B21,2022-04-07,Ground_Control_Survey_Report.pdf sections 2.2/2.3/2.4,geoid asserted PER MARK from the contractor shapefile 'geoid' attribute = 'Geoid 18',QL1,252.16000366210938,0.005996337890622,252.16040432432254,0.005595675677455,,,,
2052_2021_MN,NVA,check,491504.96,4819536.025,374.605,m,EPSG:6344,NAVD88,GEOID18,MN_SE_Driftless_2021_B21,2021-09-15,Ground_Control_Survey_Report.pdf sections 2.2/2.3/2.4,geoid asserted PER MARK from the contractor shapefile 'geoid' attribute = 'Geoid 18',QL1,374.5799865722656,0.025013427734393,374.5849358974332,0.020064102566835,,,,
2053_2021_MN,NVA,check,605086.59,4842580.401,359.904,m,EPSG:6344,NAVD88,GEOID18,MN_SE_Driftless_2021_B21,2021-09-10,Ground_Control_Survey_Report.pdf sections 2.2/2.3/2.4,geoid asserted PER MARK from the contractor shapefile 'geoid' attribute = 'Geoid 18',QL1,359.8800048828125,0.023995117187496,359.86951921733214,0.034480782667856,,,,
2054_2021_MN,NVA,check,508184.829,4888316.651,375.709,m,EPSG:6344,NAVD88,GEOID18,MN_SE_Driftless_2021_B21,2021-09-13,Ground_Control_Survey_Report.pdf sections 2.2/2.3/2.4,geoid asserted PER MARK from the contractor shapefile 'geoid' attribute = 'Geoid 18',QL1,375.67999267578125,0.029007324218753,375.6745408895369,0.034459110463104,,,,
2055_2021_MN,NVA,check,513783.558,4874746.785,393.556,m,EPSG:6344,NAVD88,GEOID18,MN_SE_Driftless_2021_B21,2021-09-13,Ground_Control_Survey_Report.pdf sections 2.2/2.3/2.4,geoid asserted PER MARK from the contractor shapefile 'geoid' attribute = 'Geoid 18',QL1,393.5400085449219,0.015991455078108,393.5347069946191,0.021293005380869,,,,
2056_2021_MN,NVA,check,512113.074,4847352.076,406.156,m,EPSG:6344,NAVD88,GEOID18,MN_SE_Driftless_2021_B21,2021-09-16,Ground_Control_Survey_Report.pdf sections 2.2/2.3/2.4,geoid asserted PER MARK from the contractor shapefile 'geoid' attribute = 'Geoid 18',QL1,406.1300048828125,0.025995117187506,406.13,0.02600000000001,,,,
2057_2021_MN,NVA,check,513686.977,4880028.211,357.885,m,EPSG:6344,NAVD88,GEOID18,MN_SE_Driftless_2021_B21,2021-09-13,Ground_Control_Survey_Report.pdf sections 2.2/2.3/2.4,geoid asserted PER MARK from the contractor shapefile 'geoid' attribute = 'Geoid 18',QL1,357.8900146484375,-0.005014648437509,357.9074536973067,-0.02245369730673,,,,
2058_2022_MN,NVA,check,593234.856,4827490.802,344.479,m,EPSG:6344,NAVD88,GEOID18,MN_SE_Driftless_2021_B21,2022-04-07,Ground_Control_Survey_Report.pdf sections 2.2/2.3/2.4,geoid asserted PER MARK from the contractor shapefile 'geoid' attribute = 'Geoid 18',QL1,344.510009765625,-0.031009765625015,344.53970845304684,-0.060708453046857,,,,
2059_2021_MN,NVA,check,578714.528,4864536.981,379.543,m,EPSG:6344,NAVD88,GEOID18,MN_SE_Driftless_2021_B21,2021-09-09,Ground_Control_Survey_Report.pdf sections 2.2/2.3/2.4,geoid asserted PER MARK from the contractor shapefile 'geoid' attribute = 'Geoid 18',QL1,379.5799865722656,-0.036986572265619,379.5786671251602,-0.035667125160217,,,,
2060_2021_MN,NVA,check,451235.007,4822939.662,391.169,m,EPSG:6344,NAVD88,GEOID18,MN_SE_Driftless_2021_B21,2021-09-30,Ground_Control_Survey_Report.pdf sections 2.2/2.3/2.4,geoid asserted PER MARK from the contractor shapefile 'geoid' attribute = 'Geoid 18',QL1,391.2099914550781,-0.040991455078142,391.2042472118894,-0.035247211889441,,,,
2061_2021_MN,NVA,check,499306.594,4837260.354,377.241,m,EPSG:6344,NAVD88,GEOID18,MN_SE_Driftless_2021_B21,2021-09-16,Ground_Control_Survey_Report.pdf sections 2.2/2.3/2.4,geoid asserted PER MARK from the contractor shapefile 'geoid' attribute = 'Geoid 18',QL1,377.239990234375,0.001009765624985,377.25023426062387,-0.009234260623884,,,,
2062_2021_MN,NVA,check,643245.359,4822028.848,199.973,m,EPSG:6344,NAVD88,GEOID18,MN_SE_Driftless_2021_B21,2021-09-09,Ground_Control_Survey_Report.pdf sections 2.2/2.3/2.4,geoid asserted PER MARK from the contractor shapefile 'geoid' attribute = 'Geoid 18',QL1,199.94000244140625,0.032997558593763,199.95269337016794,0.020306629832078,,,,
2063_2021_MN,NVA,check,500720.101,4884880.739,386.299,m,EPSG:6344,NAVD88,GEOID18,MN_SE_Driftless_2021_B21,2021-09-13,Ground_Control_Survey_Report.pdf sections 2.2/2.3/2.4,geoid asserted PER MARK from the contractor shapefile 'geoid' attribute = 'Geoid 18',QL1,386.32000732421875,-0.021007324218772,386.3076507072718,-0.00865070727184,,,,
2064_2021_MN,NVA,check,505224.4,4940265.926,308.962,m,EPSG:6344,NAVD88,GEOID18,MN_SE_Driftless_2021_B21,2021-09-13,Ground_Control_Survey_Report.pdf sections 2.2/2.3/2.4,geoid asserted PER MARK from the contractor shapefile 'geoid' attribute = 'Geoid 18',QL1,308.8900146484375,0.071985351562489,308.8920700908559,0.069929909144093,,,,
2065_2021_MN,NVA,check,576968.607,4865962.232,408.076,m,EPSG:6344,NAVD88,GEOID18,MN_SE_Driftless_2021_B21,2021-09-09,Ground_Control_Survey_Report.pdf sections 2.2/2.3/2.4,geoid asserted PER MARK from the contractor shapefile 'geoid' attribute = 'Geoid 18',QL1,408.0799865722656,-0.003986572265603,408.0838943589707,-0.007894358970702,,,,
2066_2021_MN,NVA,check,489750.791,4913018.587,340.66,m,EPSG:6344,NAVD88,GEOID18,MN_SE_Driftless_2021_B21,2021-09-14,Ground_Control_Survey_Report.pdf sections 2.2/2.3/2.4,geoid asserted PER MARK from the contractor shapefile 'geoid' attribute = 'Geoid 18',QL1,340.69000244140625,-0.030002441406225,340.6980531694509,-0.038053169450848,,,,
2067_2021_MN,NVA,check,568335.487,4907324.405,226.62,m,EPSG:6344,NAVD88,GEOID18,MN_SE_Driftless_2021_B21,2021-09-12,Ground_Control_Survey_Report.pdf sections 2.2/2.3/2.4,geoid asserted PER MARK from the contractor shapefile 'geoid' attribute = 'Geoid 18',QL1,226.6199951171875,4.882812505e-06,226.609821609025,0.010178390975,,,,
2068_2021_MN,NVA,check,495844.403,4891330.747,382.829,m,EPSG:6344,NAVD88,GEOID18,MN_SE_Driftless_2021_B21,2021-09-13,Ground_Control_Survey_Report.pdf sections 2.2/2.3/2.4,geoid asserted PER MARK from the contractor shapefile 'geoid' attribute = 'Geoid 18',QL1,382.8500061035156,-0.021006103515617,382.86276748768375,-0.033767487683747,,,,
2069_2021_MN,NVA,check,466694.411,4899259.185,309.178,m,EPSG:6344,NAVD88,GEOID18,MN_SE_Driftless_2021_B21,2021-09-14,Ground_Control_Survey_Report.pdf sections 2.2/2.3/2.4,geoid asserted PER MARK from the contractor shapefile 'geoid' attribute = 'Geoid 18',QL1,309.1499938964844,0.028006103515622,309.164419847335,0.013580152664986,,,,
2070_2021_MN,NVA,check,467066.102,4915939.022,338.147,m,EPSG:6344,NAVD88,GEOID18,MN_SE_Driftless_2021_B21,2021-10-05,Ground_Control_Survey_Report.pdf sections 2.2/2.3/2.4,geoid asserted PER MARK from the contractor shapefile 'geoid' attribute = 'Geoid 18',QL1,338.17999267578125,-0.032992675781259,338.176044747084,-0.029044747084015,,,,
2071_2021_MN,NVA,check,581687.495,4866623.516,363.15,m,EPSG:6344,NAVD88,GEOID18,MN_SE_Driftless_2021_B21,2021-09-09,Ground_Control_Survey_Report.pdf sections 2.2/2.3/2.4,geoid asserted PER MARK from the contractor shapefile 'geoid' attribute = 'Geoid 18',QL1,363.1600036621094,-0.010003662109398,363.1592614152024,-0.009261415202445,,,,
2072_2021_MN,NVA,check,492403.203,4886409.012,387.555,m,EPSG:6344,NAVD88,GEOID18,MN_SE_Driftless_2021_B21,2021-09-13,Ground_Control_Survey_Report.pdf sections 2.2/2.3/2.4,geoid asserted PER MARK from the contractor shapefile 'geoid' attribute = 'Geoid 18',QL1,387.6000061035156,-0.045006103515618,387.58642488789417,-0.031424887894161,,,,
2073_2022_MN,NVA,check,571650.18,4876582.57,325.972,m,EPSG:6344,NAVD88,GEOID18,MN_SE_Driftless_2021_B21,2022-04-03,Ground_Control_Survey_Report.pdf sections 2.2/2.3/2.4,geoid asserted PER MARK from the contractor shapefile 'geoid' attribute = 'Geoid 18',QL0,,,,,325.9599914550781,0.012008544921855,325.97453602305046,-0.002536023050482
2074_2021_MN,NVA,check,461388.592,4826275.998,394.859,m,EPSG:6344,NAVD88,GEOID18,MN_SE_Driftless_2021_B21,2021-09-30,Ground_Control_Survey_Report.pdf sections 2.2/2.3/2.4,geoid asserted PER MARK from the contractor shapefile 'geoid' attribute = 'Geoid 18',QL1,394.8599853515625,-0.00098535156252,394.85333141945875,0.005668580541226,,,,
2075_2021_MN,NVA,check,516765.111,4932816.148,228.008,m,EPSG:6344,NAVD88,GEOID18,MN_SE_Driftless_2021_B21,2021-09-13,Ground_Control_Survey_Report.pdf sections 2.2/2.3/2.4,geoid asserted PER MARK from the contractor shapefile 'geoid' attribute = 'Geoid 18',QL1,227.99000549316406,0.017994506835947,227.97947248576506,0.028527514234952,,,,
2076_2021_MN,NVA,check,465551.339,4920511.423,337.871,m,EPSG:6344,NAVD88,GEOID18,MN_SE_Driftless_2021_B21,2021-10-05,Ground_Control_Survey_Report.pdf sections 2.2/2.3/2.4,geoid asserted PER MARK from the contractor shapefile 'geoid' attribute = 'Geoid 18',QL1,337.8500061035156,0.020993896484356,337.8498919413935,0.021108058606501,,,,
2077_2021_MN,NVA,check,550213.141,4904384.676,326.989,m,EPSG:6344,NAVD88,GEOID18,MN_SE_Driftless_2021_B21,2021-09-12,Ground_Control_Survey_Report.pdf sections 2.2/2.3/2.4,geoid asserted PER MARK from the contractor shapefile 'geoid' attribute = 'Geoid 18',QL1,327.010009765625,-0.021009765625024,327.0127072548328,-0.0237072548328,,,,
2078_2021_MN,NVA,check,480015.742,4850105.809,369.42,m,EPSG:6344,NAVD88,GEOID18,MN_SE_Driftless_2021_B21,2021-10-01,Ground_Control_Survey_Report.pdf sections 2.2/2.3/2.4,geoid asserted PER MARK from the contractor shapefile 'geoid' attribute = 'Geoid 18',QL1,369.4100036621094,0.009996337890641,369.39944032922523,0.020559670774787,,,,
2079_2021_MN,NVA,check,491448.303,4893719.511,384.496,m,EPSG:6344,NAVD88,GEOID18,MN_SE_Driftless_2021_B21,2021-09-13,Ground_Control_Survey_Report.pdf sections 2.2/2.3/2.4,geoid asserted PER MARK from the contractor shapefile 'geoid' attribute = 'Geoid 18',QL1,384.44000244140625,0.055997558593731,384.4310148514645,0.06498514853547,,,,
2080_2021_MN,NVA,check,567913.268,4897041.726,344.449,m,EPSG:6344,NAVD88,GEOID18,MN_SE_Driftless_2021_B21,2021-09-10,Ground_Control_Survey_Report.pdf sections 2.2/2.3/2.4,geoid asserted PER MARK from the contractor shapefile 'geoid' attribute = 'Geoid 18',QL1,344.4700012207031,-0.021001220703113,344.4703748199852,-0.021374819985169,,,,
2081_2021_MN,NVA,check,501079.195,4834800.397,368.594,m,EPSG:6344,NAVD88,GEOID18,MN_SE_Driftless_2021_B21,2021-09-16,Ground_Control_Survey_Report.pdf sections 2.2/2.3/2.4,geoid asserted PER MARK from the contractor shapefile 'geoid' attribute = 'Geoid 18',QL1,368.5799865722656,0.014013427734369,368.5878742514959,0.006125748504076,,,,
2082_2022_MN,NVA,check,579808.431,4838494.437,309.697,m,EPSG:6344,NAVD88,GEOID18,MN_SE_Driftless_2021_B21,2022-04-07,Ground_Control_Survey_Report.pdf sections 2.2/2.3/2.4,geoid asserted PER MARK from the contractor shapefile 'geoid' attribute = 'Geoid 18',QL1,309.69000244140625,0.006997558593753,309.6916749140977,0.005325085902314,,,,
2083_2022_MN,NVA,check,590478.169,4848833.212,350.974,m,EPSG:6344,NAVD88,GEOID18,MN_SE_Driftless_2021_B21,2022-04-07,Ground_Control_Survey_Report.pdf sections 2.2/2.3/2.4,geoid asserted PER MARK from the contractor shapefile 'geoid' attribute = 'Geoid 18',QL1,350.9700012207031,0.003998779296865,350.97,0.003999999999962,,,,
2084_2021_MN,NVA,check,478454.736,4922260.414,309.9,m,EPSG:6344,NAVD88,GEOID18,MN_SE_Driftless_2021_B21,2021-09-14,Ground_Control_Survey_Report.pdf sections 2.2/2.3/2.4,geoid asserted PER MARK from the contractor shapefile 'geoid' attribute = 'Geoid 18',QL1,309.94000244140625,-0.040002441406273,309.9377589004015,-0.037758900401514,,,,
2085_2021_MN,NVA,check,453568.495,4818078.57,380.406,m,EPSG:6344,NAVD88,GEOID18,MN_SE_Driftless_2021_B21,2021-09-30,Ground_Control_Survey_Report.pdf sections 2.2/2.3/2.4,geoid asserted PER MARK from the contractor shapefile 'geoid' attribute = 'Geoid 18',QL1,380.45001220703125,-0.044012207031244,380.44005005889403,-0.034050058894024,,,,
2086_2021_MN,NVA,check,483476.137,4867441.708,382.007,m,EPSG:6344,NAVD88,GEOID18,MN_SE_Driftless_2021_B21,2021-09-16,Ground_Control_Survey_Report.pdf sections 2.2/2.3/2.4,geoid asserted PER MARK from the contractor shapefile 'geoid' attribute = 'Geoid 18',QL1,382.010009765625,-0.003009765624995,382.00579408848705,0.001205911512955,,,,
2087_2021_MN,NVA,check,487089.749,4871167.735,371.062,m,EPSG:6344,NAVD88,GEOID18,MN_SE_Driftless_2021_B21,2021-09-16,Ground_Control_Survey_Report.pdf sections 2.2/2.3/2.4,geoid asserted PER MARK from the contractor shapefile 'geoid' attribute = 'Geoid 18',QL1,370.9700012207031,0.091998779296887,370.96781620471825,0.094183795281765,,,,
2088_2021_MN,NVA,check,557876.769,4911332.524,343.125,m,EPSG:6344,NAVD88,GEOID18,MN_SE_Driftless_2021_B21,2021-09-12,Ground_Control_Survey_Report.pdf sections 2.2/2.3/2.4,geoid asserted PER MARK from the contractor shapefile 'geoid' attribute = 'Geoid 18',QL1,343.0899963378906,0.035003662109375,343.0930645161318,0.03193548386821,,,,
2089_2021_MN,NVA,check,492009.326,4840497.054,385.928,m,EPSG:6344,NAVD88,GEOID18,MN_SE_Driftless_2021_B21,2021-09-16,Ground_Control_Survey_Report.pdf sections 2.2/2.3/2.4,geoid asserted PER MARK from the contractor shapefile 'geoid' attribute = 'Geoid 18',QL1,385.8999938964844,0.028006103515622,385.87570774194296,0.052292258057037,,,,
2090_2022_MN,NVA,check,570320.786,4864879.703,401.174,m,EPSG:6344,NAVD88,GEOID18,MN_SE_Driftless_2021_B21,2022-04-02,Ground_Control_Survey_Report.pdf sections 2.2/2.3/2.4,geoid asserted PER MARK from the contractor shapefile 'geoid' attribute = 'Geoid 18',QL0,,,,,401.1600036621094,0.013996337890603,401.14907494906123,0.024925050938748
2091_2021_MN,NVA,check,462234.878,4837811.171,385.919,m,EPSG:6344,NAVD88,GEOID18,MN_SE_Driftless_2021_B21,2021-09-30,Ground_Control_Survey_Report.pdf sections 2.2/2.3/2.4,geoid asserted PER MARK from the contractor shapefile 'geoid' attribute = 'Geoid 18',QL1,385.9599914550781,-0.040991455078142,385.95401528558955,-0.035015285589566,,,,
2092_2021_MN,NVA,check,613242.311,4832992.866,346.475,m,EPSG:6344,NAVD88,GEOID18,MN_SE_Driftless_2021_B21,2021-09-10,Ground_Control_Survey_Report.pdf sections 2.2/2.3/2.4,geoid asserted PER MARK from the contractor shapefile 'geoid' attribute = 'Geoid 18',QL1,346.489990234375,-0.014990234374977,346.46453804346083,0.010461956539189,,,,
2093_2022_MN,NVA,check,583382.753,4818538.781,383.724,m,EPSG:6344,NAVD88,GEOID18,MN_SE_Driftless_2021_B21,2022-04-07,Ground_Control_Survey_Report.pdf sections 2.2/2.3/2.4,geoid asserted PER MARK from the contractor shapefile 'geoid' attribute = 'Geoid 18',QL1,383.7099914550781,0.014008544921865,383.6945534140158,0.029446585984203,,,,
2094_2021_MN,NVA,check,635794.016,4852703.212,205.195,m,EPSG:6344,NAVD88,GEOID18,MN_SE_Driftless_2021_B21,2021-09-08,Ground_Control_Survey_Report.pdf sections 2.2/2.3/2.4,geoid asserted PER MARK from the contractor shapefile 'geoid' attribute = 'Geoid 18',QL1,205.2100067138672,-0.015006713867194,205.19984247744392,-0.00484247744393,,,,
2095_2022_MN,NVA,check,586381.03,4827982.748,349.667,m,EPSG:6344,NAVD88,GEOID18,MN_SE_Driftless_2021_B21,2022-04-07,Ground_Control_Survey_Report.pdf sections 2.2/2.3/2.4,geoid asserted PER MARK from the contractor shapefile 'geoid' attribute = 'Geoid 18',QL1,349.7200012207031,-0.053001220703152,349.70750914705985,-0.040509147059879,,,,
2096_2021_MN,NVA,check,480936.076,4855039.575,378.778,m,EPSG:6344,NAVD88,GEOID18,MN_SE_Driftless_2021_B21,2021-10-01,Ground_Control_Survey_Report.pdf sections 2.2/2.3/2.4,geoid asserted PER MARK from the contractor shapefile 'geoid' attribute = 'Geoid 18',QL1,378.760009765625,0.01799023437502,378.7581127069934,0.019887293006605,,,,
2097_2021_MN,NVA,check,520296.624,4821133.281,382.551,m,EPSG:6344,NAVD88,GEOID18,MN_SE_Driftless_2021_B21,2021-09-15,Ground_Control_Survey_Report.pdf sections 2.2/2.3/2.4,geoid asserted PER MARK from the contractor shapefile 'geoid' attribute = 'Geoid 18',QL1,382.5,0.050999999999988,382.4957551686599,0.055244831340076,,,,
2098_2021_MN,NVA,check,438660.862,4897953.248,354.893,m,EPSG:6344,NAVD88,GEOID18,MN_SE_Driftless_2021_B21,2021-10-02,Ground_Control_Survey_Report.pdf sections 2.2/2.3/2.4,geoid asserted PER MARK from the contractor shapefile 'geoid' attribute = 'Geoid 18',QL0,,,,,354.8900146484375,0.002985351562472,354.9037444399695,-0.010744439969528
2099_2021_MN,NVA,check,571954.89,4893676.989,355.053,m,EPSG:6344,NAVD88,GEOID18,MN_SE_Driftless_2021_B21,2021-09-11,Ground_Control_Survey_Report.pdf sections 2.2/2.3/2.4,geoid asserted PER MARK from the contractor shapefile 'geoid' attribute = 'Geoid 18',QL1,355.1099853515625,-0.056985351562503,355.0918237623765,-0.038823762376524,,,,
2100_2021_MN,NVA,check,609324.392,4877400.267,199.047,m,EPSG:6344,NAVD88,GEOID18,MN_SE_Driftless_2021_B21,2021-09-08,Ground_Control_Survey_Report.pdf sections 2.2/2.3/2.4,geoid asserted PER MARK from the contractor shapefile 'geoid' attribute = 'Geoid 18',QL1,199.0800018310547,-0.03300183105469,199.07419452054359,-0.027194520543588,,,,
2101_2021_MN,NVA,check,536718.225,4899246.284,341.757,m,EPSG:6344,NAVD88,GEOID18,MN_SE_Driftless_2021_B21,2021-09-12,Ground_Control_Survey_Report.pdf sections 2.2/2.3/2.4,geoid asserted PER MARK from the contractor shapefile 'geoid' attribute = 'Geoid 18',QL1,341.82000732421875,-0.063007324218745,341.8158329133816,-0.058832913381593,,,,
2102_2022_MN,NVA,check,550694.348,4853620.66,400.156,m,EPSG:6344,NAVD88,GEOID18,MN_SE_Driftless_2021_B21,2022-04-02,Ground_Control_Survey_Report.pdf sections 2.2/2.3/2.4,geoid asserted PER MARK from the contractor shapefile 'geoid' attribute = 'Geoid 18',QL1,400.1099853515625,0.046014648437506,400.10425503849524,0.051744961504767,,,,
2103_2021_MN,NVA,check,466300.286,4822687.64,377.724,m,EPSG:6344,NAVD88,GEOID18,MN_SE_Driftless_2021_B21,2021-09-30,Ground_Control_Survey_Report.pdf sections 2.2/2.3/2.4,geoid asserted PER MARK from the contractor shapefile 'geoid' attribute = 'Geoid 18',QL1,377.7200012207031,0.003998779296865,377.73284615384773,-0.008846153847742,,,,
2104_2021_MN,NVA,check,620524.338,4831646.162,348.457,m,EPSG:6344,NAVD88,GEOID18,MN_SE_Driftless_2021_B21,2021-09-09,Ground_Control_Survey_Report.pdf sections 2.2/2.3/2.4,geoid asserted PER MARK from the contractor shapefile 'geoid' attribute = 'Geoid 18',QL1,348.4100036621094,0.046996337890619,348.41347475682454,0.043525243175452,,,,
2105_2021_MN,NVA,check,602120.938,4877279.581,372.329,m,EPSG:6344,NAVD88,GEOID18,MN_SE_Driftless_2021_B21,2021-09-08,Ground_Control_Survey_Report.pdf sections 2.2/2.3/2.4,geoid asserted PER MARK from the contractor shapefile 'geoid' attribute = 'Geoid 18',QL1,372.3399963378906,-0.010996337890617,372.3580578406209,-0.029057840620908,,,,
2106_2021_MN,NVA,check,479582.757,4914674.549,309.581,m,EPSG:6344,NAVD88,GEOID18,MN_SE_Driftless_2021_B21,2021-09-14,Ground_Control_Survey_Report.pdf sections 2.2/2.3/2.4,geoid asserted PER MARK from the contractor shapefile 'geoid' attribute = 'Geoid 18',QL1,309.5899963378906,-0.008996337890608,309.59497761777385,-0.013977617773833,,,,
2107_2021_MN,NVA,check,516951.886,4816354.429,378.39,m,EPSG:6344,NAVD88,GEOID18,MN_SE_Driftless_2021_B21,2021-09-15,Ground_Control_Survey_Report.pdf sections 2.2/2.3/2.4,geoid asserted PER MARK from the contractor shapefile 'geoid' attribute = 'Geoid 18',QL1,378.4200134277344,-0.030013427734389,378.4223139931695,-0.03231399316951,,,,
2108_2021_MN,NVA,check,480139.442,4925911.178,310.345,m,EPSG:6344,NAVD88,GEOID18,MN_SE_Driftless_2021_B21,2021-09-14,Ground_Control_Survey_Report.pdf sections 2.2/2.3/2.4,geoid asserted PER MARK from the contractor shapefile 'geoid' attribute = 'Geoid 18',QL1,310.3699951171875,-0.024995117187473,310.3670720189292,-0.02207201892918,,,,
2109_2021_MN,NVA,check,588868.68,4863311.698,358.352,m,EPSG:6344,NAVD88,GEOID18,MN_SE_Driftless_2021_B21,2021-09-09,Ground_Control_Survey_Report.pdf sections 2.2/2.3/2.4,geoid asserted PER MARK from the contractor shapefile 'geoid' attribute = 'Geoid 18',QL1,358.3399963378906,0.01200366210935,358.3416424580904,0.010357541909571,,,,
2110_2021_MN,NVA,check,458334.938,4822831.235,381.854,m,EPSG:6344,NAVD88,GEOID18,MN_SE_Driftless_2021_B21,2021-09-30,Ground_Control_Survey_Report.pdf sections 2.2/2.3/2.4,geoid asserted PER MARK from the contractor shapefile 'geoid' attribute = 'Geoid 18',QL1,381.8299865722656,0.02401342773436,381.8443483145842,0.009651685415804,,,,
2111_2021_MN,NVA,check,445386.856,4929285.012,311.511,m,EPSG:6344,NAVD88,GEOID18,MN_SE_Driftless_2021_B21,2021-10-04,Ground_Control_Survey_Report.pdf sections 2.2/2.3/2.4,geoid asserted PER MARK from the contractor shapefile 'geoid' attribute = 'Geoid 18',QL0,,,,,311.54998779296875,-0.038987792968726,311.5519782417022,-0.040978241702192
2112_2021_MN,NVA,check,449909.126,4892678.117,328.864,m,EPSG:6344,NAVD88,GEOID18,MN_SE_Driftless_2021_B21,2021-09-15,Ground_Control_Survey_Report.pdf sections 2.2/2.3/2.4,geoid asserted PER MARK from the contractor shapefile 'geoid' attribute = 'Geoid 18',QL1,328.8699951171875,-0.005995117187524,328.8751263986743,-0.011126398674321,,,,
2113_2022_MN,NVA,check,564007.939,4857580.11,316.187,m,EPSG:6344,NAVD88,GEOID18,MN_SE_Driftless_2021_B21,2022-04-02,Ground_Control_Survey_Report.pdf sections 2.2/2.3/2.4,geoid asserted PER MARK from the contractor shapefile 'geoid' attribute = 'Geoid 18',QL0,,,,,316.2099914550781,-0.022991455078113,316.2031300268121,-0.016130026812107
2114_2021_MN,NVA,check,620004.731,4835680.874,362.571,m,EPSG:6344,NAVD88,GEOID18,MN_SE_Driftless_2021_B21,2021-09-09,Ground_Control_Survey_Report.pdf sections 2.2/2.3/2.4,geoid asserted PER MARK from the contractor shapefile 'geoid' attribute = 'Geoid 18',QL1,362.6600036621094,-0.089003662109349,362.66034250235805,-0.089342502358022,,,,
2115_2021_MN,NVA,check,629701.656,4822085.272,220.536,m,EPSG:6344,NAVD88,GEOID18,MN_SE_Driftless_2021_B21,2021-09-10,Ground_Control_Survey_Report.pdf sections 2.2/2.3/2.4,geoid asserted PER MARK from the contractor shapefile 'geoid' attribute = 'Geoid 18',QL1,220.5500030517578,-0.014003051757811,220.5406960059185,-0.004696005918504,,,,
2116_2021_MN,NVA,check,493982.828,4898555.51,378.715,m,EPSG:6344,NAVD88,GEOID18,MN_SE_Driftless_2021_B21,2021-09-13,Ground_Control_Survey_Report.pdf sections 2.2/2.3/2.4,geoid asserted PER MARK from the contractor shapefile 'geoid' attribute = 'Geoid 18',QL1,378.7799987792969,-0.0649987792969,378.77951310864756,-0.064513108647589,,,,
2117_2021_MN,NVA,check,483804.957,4919114.69,283.495,m,EPSG:6344,NAVD88,GEOID18,MN_SE_Driftless_2021_B21,2021-09-14,Ground_Control_Survey_Report.pdf sections 2.2/2.3/2.4,geoid asserted PER MARK from the contractor shapefile 'geoid' attribute = 'Geoid 18',QL1,283.5199890136719,-0.02498901367187,283.50918547138457,-0.014185471384565,,,,
2118_2021_MN,NVA,check,628318.488,4836363.047,363.47,m,EPSG:6344,NAVD88,GEOID18,MN_SE_Driftless_2021_B21,2021-09-09,Ground_Control_Survey_Report.pdf sections 2.2/2.3/2.4,geoid asserted PER MARK from the contractor shapefile 'geoid' attribute = 'Geoid 18',QL1,363.4599914550781,0.010008544921902,363.45632373782263,0.013676262177398,,,,
2119_2021_MN,NVA,check,517013.816,4831319.283,398.294,m,EPSG:6344,NAVD88,GEOID18,MN_SE_Driftless_2021_B21,2021-09-15,Ground_Control_Survey_Report.pdf sections 2.2/2.3/2.4,geoid asserted PER MARK from the contractor shapefile 'geoid' attribute = 'Geoid 18',QL1,398.2699890136719,0.024010986328108,398.2631984856756,0.030801514324367,,,,
2120_2021_MN,NVA,check,439571.148,4908564.744,325.178,m,EPSG:6344,NAVD88,GEOID18,MN_SE_Driftless_2021_B21,2021-10-04,Ground_Control_Survey_Report.pdf sections 2.2/2.3/2.4,geoid asserted PER MARK from the contractor shapefile 'geoid' attribute = 'Geoid 18',QL0,,,,,325.1600036621094,0.017996337890622,325.1482219895257,0.029778010474274
2121_2021_MN,NVA,check,491798.132,4928221.233,284.386,m,EPSG:6344,NAVD88,GEOID18,MN_SE_Driftless_2021_B21,2021-09-14,Ground_Control_Survey_Report.pdf sections 2.2/2.3/2.4,geoid asserted PER MARK from the contractor shapefile 'geoid' attribute = 'Geoid 18',QL1,284.3900146484375,-0.004014648437476,284.3830986547113,0.002901345288706,,,,
2122_2022_MN,NVA,check,564290.499,4865339.265,396.582,m,EPSG:6344,NAVD88,GEOID18,MN_SE_Driftless_2021_B21,2022-04-02,Ground_Control_Survey_Report.pdf sections 2.2/2.3/2.4,geoid asserted PER MARK from the contractor shapefile 'geoid' attribute = 'Geoid 18',QL0,,,,,396.5899963378906,-0.007996337890631,396.58567057568314,-0.003670575683145
2123_2021_MN,NVA,check,483461.072,4858244.051,368.422,m,EPSG:6344,NAVD88,GEOID18,MN_SE_Driftless_2021_B21,2021-10-01,Ground_Control_Survey_Report.pdf sections 2.2/2.3/2.4,geoid asserted PER MARK from the contractor shapefile 'geoid' attribute = 'Geoid 18',QL1,368.510009765625,-0.088009765624975,368.5120365355609,-0.090036535560898,,,,
2124_2022_MN,NVA,check,550489.899,4869501.94,365.478,m,EPSG:6344,NAVD88,GEOID18,MN_SE_Driftless_2021_B21,2022-04-02,Ground_Control_Survey_Report.pdf sections 2.2/2.3/2.4,geoid asserted PER MARK from the contractor shapefile 'geoid' attribute = 'Geoid 18',QL0,,,,,365.489990234375,-0.011990234374991,365.4971345279771,-0.019134527977087
2125_2021_MN,NVA,check,437621.582,4912824.533,312.936,m,EPSG:6344,NAVD88,GEOID18,MN_SE_Driftless_2021_B21,2021-10-04,Ground_Control_Survey_Report.pdf sections 2.2/2.3/2.4,geoid asserted PER MARK from the contractor shapefile 'geoid' attribute = 'Geoid 18',QL0,,,,,312.8999938964844,0.036006103515604,312.902984797319,0.033015202680986
2126_2022_MN,NVA,check,593084.194,4854396.69,372.394,m,EPSG:6344,NAVD88,GEOID18,MN_SE_Driftless_2021_B21,2022-04-07,Ground_Control_Survey_Report.pdf sections 2.2/2.3/2.4,geoid asserted PER MARK from the contractor shapefile 'geoid' attribute = 'Geoid 18',QL1,372.3699951171875,0.024004882812505,372.3649035294116,0.029096470588399,,,,
2127_2022_MN,NVA,check,565482.989,4822903.867,416.916,m,EPSG:6344,NAVD88,GEOID18,MN_SE_Driftless_2021_B21,2022-04-06,Ground_Control_Survey_Report.pdf sections 2.2/2.3/2.4,geoid asserted PER MARK from the contractor shapefile 'geoid' attribute = 'Geoid 18',QL1,416.94000244140625,-0.024002441406253,416.9357811467984,-0.01978114679838,,,,
2128_2021_MN,NVA,check,437189.78,4916636.512,299.731,m,EPSG:6344,NAVD88,GEOID18,MN_SE_Driftless_2021_B21,2021-10-05,Ground_Control_Survey_Report.pdf sections 2.2/2.3/2.4,geoid asserted PER MARK from the contractor shapefile 'geoid' attribute = 'Geoid 18',QL0,,,,,299.7300109863281,0.00098901367187,299.73266888324,-0.001668883240029
2129_2022_MN,NVA,check,557351.551,4826298.54,404.456,m,EPSG:6344,NAVD88,GEOID18,MN_SE_Driftless_2021_B21,2022-04-06,Ground_Control_Survey_Report.pdf sections 2.2/2.3/2.4,geoid asserted PER MARK from the contractor shapefile 'geoid' attribute = 'Geoid 18',QL1,404.45001220703125,0.005987792968767,404.4523282992551,0.003671700744917,,,,
2130_2021_MN,NVA,check,449374.711,4843825.563,368.721,m,EPSG:6344,NAVD88,GEOID18,MN_SE_Driftless_2021_B21,2021-09-30,Ground_Control_Survey_Report.pdf sections 2.2/2.3/2.4,geoid asserted PER MARK from the contractor shapefile 'geoid' attribute = 'Geoid 18',QL1,368.7300109863281,-0.009010986328121,368.7333794871794,-0.012379487179373,,,,
2131_2021_MN,NVA,check,529963.035,4824723.813,426.229,m,EPSG:6344,NAVD88,GEOID18,MN_SE_Driftless_2021_B21,2021-09-15,Ground_Control_Survey_Report.pdf sections 2.2/2.3/2.4,geoid asserted PER MARK from the contractor shapefile 'geoid' attribute = 'Geoid 18',QL1,426.19000244140625,0.038997558593735,426.1893552479773,0.039644752022696,,,,
2132_2021_MN,NVA,check,450967.726,4833517.778,374.162,m,EPSG:6344,NAVD88,GEOID18,MN_SE_Driftless_2021_B21,2021-09-30,Ground_Control_Survey_Report.pdf sections 2.2/2.3/2.4,geoid asserted PER MARK from the contractor shapefile 'geoid' attribute = 'Geoid 18',QL1,374.1700134277344,-0.008013427734397,374.157482758637,0.004517241362976,,,,
2133_2021_MN,NVA,check,471499.879,4898606.262,318.266,m,EPSG:6344,NAVD88,GEOID18,MN_SE_Driftless_2021_B21,2021-09-14,Ground_Control_Survey_Report.pdf sections 2.2/2.3/2.4,geoid asserted PER MARK from the contractor shapefile 'geoid' attribute = 'Geoid 18',QL1,318.3299865722656,-0.063986572265605,318.3267650887552,-0.060765088755204,,,,
2134_2021_MN,NVA,check,560150.645,4904275.454,230.967,m,EPSG:6344,NAVD88,GEOID18,MN_SE_Driftless_2021_B21,2021-09-12,Ground_Control_Survey_Report.pdf sections 2.2/2.3/2.4,geoid asserted PER MARK from the contractor shapefile 'geoid' attribute = 'Geoid 18',QL1,230.9600067138672,0.006993286132825,230.9641004232379,0.002899576762104,,,,
2135_2021_MN,NVA,check,520139.702,4883250.817,380.768,m,EPSG:6344,NAVD88,GEOID18,MN_SE_Driftless_2021_B21,2021-09-13,Ground_Control_Survey_Report.pdf sections 2.2/2.3/2.4,geoid asserted PER MARK from the contractor shapefile 'geoid' attribute = 'Geoid 18',QL1,380.69000244140625,0.077997558593722,380.6906848958299,0.077315104170054,,,,
2136_2021_MN,NVA,check,616539.859,4819818.641,343.502,m,EPSG:6344,NAVD88,GEOID18,MN_SE_Driftless_2021_B21,2021-09-09,Ground_Control_Survey_Report.pdf sections 2.2/2.3/2.4,geoid asserted PER MARK from the contractor shapefile 'geoid' attribute = 'Geoid 18',QL1,343.5,0.00200000000001,343.50573333336354,-0.003733333363527,,,,
2137_2021_MN,NVA,check,469868.778,4890025.539,354.676,m,EPSG:6344,NAVD88,GEOID18,MN_SE_Driftless_2021_B21,2021-09-14,Ground_Control_Survey_Report.pdf sections 2.2/2.3/2.4,geoid asserted PER MARK from the contractor shapefile 'geoid' attribute = 'Geoid 18',QL1,354.7200012207031,-0.044001220703137,354.71964272560007,-0.04364272560008,,,,
2138_2021_MN,NVA,check,512785.203,4816342.742,379.498,m,EPSG:6344,NAVD88,GEOID18,MN_SE_Driftless_2021_B21,2021-09-15,Ground_Control_Survey_Report.pdf sections 2.2/2.3/2.4,geoid asserted PER MARK from the contractor shapefile 'geoid' attribute = 'Geoid 18',QL1,379.5,-0.00200000000001,379.4921181640706,0.005881835929415,,,,
2139_2021_MN,NVA,check,604105.857,4831972.95,248.459,m,EPSG:6344,NAVD88,GEOID18,MN_SE_Driftless_2021_B21,2021-09-09,Ground_Control_Survey_Report.pdf sections 2.2/2.3/2.4,geoid asserted PER MARK from the contractor shapefile 'geoid' attribute = 'Geoid 18',QL1,248.5,-0.040999999999997,248.47999169055157,-0.020991690551568,,,,
2140_2021_MN,NVA,check,558128.425,4921813.79,215.724,m,EPSG:6344,NAVD88,GEOID18,MN_SE_Driftless_2021_B21,2021-09-12,Ground_Control_Survey_Report.pdf sections 2.2/2.3/2.4,geoid asserted PER MARK from the contractor shapefile 'geoid' attribute = 'Geoid 18',QL1,215.77999877929688,-0.055998779296885,215.79554835497223,-0.071548354972236,,,,
2141_2021_MN,NVA,check,487076.742,4902314.066,354.045,m,EPSG:6344,NAVD88,GEOID18,MN_SE_Driftless_2021_B21,2021-09-13,Ground_Control_Survey_Report.pdf sections 2.2/2.3/2.4,geoid asserted PER MARK from the contractor shapefile 'geoid' attribute = 'Geoid 18',QL1,354.1000061035156,-0.055006103515609,354.1003243695328,-0.055324369532798,,,,
2142_2021_MN,NVA,check,501161.277,4872797.337,388.426,m,EPSG:6344,NAVD88,GEOID18,MN_SE_Driftless_2021_B21,2021-09-13,Ground_Control_Survey_Report.pdf sections 2.2/2.3/2.4,geoid asserted PER MARK from the contractor shapefile 'geoid' attribute = 'Geoid 18',QL1,388.45001220703125,-0.024012207031262,388.4466447231049,-0.020644723104908,,,,
2143_2022_MN,NVA,check,526888.955,4891682.477,313.247,m,EPSG:6344,NAVD88,GEOID18,MN_SE_Driftless_2021_B21,2022-03-29,Ground_Control_Survey_Report.pdf sections 2.2/2.3/2.4,geoid asserted PER MARK from the contractor shapefile 'geoid' attribute = 'Geoid 18',QL0,,,,,313.20001220703125,0.046987792968764,313.20290336281414,0.044096637185874
2144_2021_MN,NVA,check,516456.307,4939730.807,297.88,m,EPSG:6344,NAVD88,GEOID18,MN_SE_Driftless_2021_B21,2021-09-13,Ground_Control_Survey_Report.pdf sections 2.2/2.3/2.4,geoid asserted PER MARK from the contractor shapefile 'geoid' attribute = 'Geoid 18',QL1,297.9200134277344,-0.04001342773438,297.92178885272745,-0.04178885272745,,,,
2145_2021_MN,NVA,check,459837.29,4842932.434,387.688,m,EPSG:6344,NAVD88,GEOID18,MN_SE_Driftless_2021_B21,2021-09-30,Ground_Control_Survey_Report.pdf sections 2.2/2.3/2.4,geoid asserted PER MARK from the contractor shapefile 'geoid' attribute = 'Geoid 18',QL1,387.7300109863281,-0.042010986328137,387.7312319391627,-0.043231939162695,,,,
2146_2021_MN,NVA,check,524802.26,4872750.868,383.585,m,EPSG:6344,NAVD88,GEOID18,MN_SE_Driftless_2021_B21,2021-09-13,Ground_Control_Survey_Report.pdf sections 2.2/2.3/2.4,geoid asserted PER MARK from the contractor shapefile 'geoid' attribute = 'Geoid 18',QL1,383.5899963378906,-0.004996337890645,383.5831223349174,0.001877665082588,,,,
2147_2022_MN,NVA,check,546965.547,4878402.46,374.754,m,EPSG:6344,NAVD88,GEOID18,MN_SE_Driftless_2021_B21,2022-04-01,Ground_Control_Survey_Report.pdf sections 2.2/2.3/2.4,geoid asserted PER MARK from the contractor shapefile 'geoid' attribute = 'Geoid 18',QL0,,,,,374.7200012207031,0.033998779296894,374.7262349696624,0.027765030337605
2148_2021_MN,NVA,check,587590.249,4907812.694,361.951,m,EPSG:6344,NAVD88,GEOID18,MN_SE_Driftless_2021_B21,2021-09-12,Ground_Control_Survey_Report.pdf sections 2.2/2.3/2.4,geoid asserted PER MARK from the contractor shapefile 'geoid' attribute = 'Geoid 18',QL1,361.9700012207031,-0.019001220703103,361.96385462776504,-0.012854627765023,,,,
2149_2021_MN,NVA,check,596353.202,4847523.997,378.029,m,EPSG:6344,NAVD88,GEOID18,MN_SE_Driftless_2021_B21,2021-09-09,Ground_Control_Survey_Report.pdf sections 2.2/2.3/2.4,geoid asserted PER MARK from the contractor shapefile 'geoid' attribute = 'Geoid 18',QL1,378.0299987792969,-0.000998779296879,378.03332368421854,-0.004323684218548,,,,
2150_2021_MN,NVA,check,460766.671,4928145.599,330.802,m,EPSG:6344,NAVD88,GEOID18,MN_SE_Driftless_2021_B21,2021-10-04,Ground_Control_Survey_Report.pdf sections 2.2/2.3/2.4,geoid asserted PER MARK from the contractor shapefile 'geoid' attribute = 'Geoid 18',QL1,330.8699951171875,-0.067995117187479,330.85392253530705,-0.051922535307028,,,,
2151_2021_MN,NVA,check,461679.772,4921144.291,344.682,m,EPSG:6344,NAVD88,GEOID18,MN_SE_Driftless_2021_B21,2021-10-05,Ground_Control_Survey_Report.pdf sections 2.2/2.3/2.4,geoid asserted PER MARK from the contractor shapefile 'geoid' attribute = 'Geoid 18',QL1,344.739990234375,-0.057990234374984,344.7357185416586,-0.053718541658611,,,,
2152_2022_MN,NVA,check,553440.105,4861107.503,337.735,m,EPSG:6344,NAVD88,GEOID18,MN_SE_Driftless_2021_B21,2022-04-02,Ground_Control_Survey_Report.pdf sections 2.2/2.3/2.4,geoid asserted PER MARK from the contractor shapefile 'geoid' attribute = 'Geoid 18',QL0,,,,,337.739990234375,-0.004990234374986,337.74673230727154,-0.011732307271529
2153_2022_MN,NVA,check,527427.81,4866746.423,377.88,m,EPSG:6344,NAVD88,GEOID18,MN_SE_Driftless_2021_B21,2022-04-05,Ground_Control_Survey_Report.pdf sections 2.2/2.3/2.4,geoid asserted PER MARK from the contractor shapefile 'geoid' attribute = 'Geoid 18',QL0,,,,,377.8800048828125,-4.882812505e-06,377.8790563824412,0.000943617558789
2154_2021_MN,NVA,check,482120.778,4878982.682,374.652,m,EPSG:6344,NAVD88,GEOID18,MN_SE_Driftless_2021_B21,2021-09-14,Ground_Control_Survey_Report.pdf sections 2.2/2.3/2.4,geoid asserted PER MARK from the contractor shapefile 'geoid' attribute = 'Geoid 18',QL1,374.6499938964844,0.002006103515612,374.65058461539866,0.00141538460133,,,,
2155_2021_MN,NVA,check,497922.316,4893347.275,382.426,m,EPSG:6344,NAVD88,GEOID18,MN_SE_Driftless_2021_B21,2021-09-13,Ground_Control_Survey_Report.pdf sections 2.2/2.3/2.4,geoid asserted PER MARK from the contractor shapefile 'geoid' attribute = 'Geoid 18',QL1,382.45001220703125,-0.024012207031262,382.46480760246084,-0.038807602460849,,,,
2156_2021_MN,NVA,check,487368.899,4850198.703,377.58,m,EPSG:6344,NAVD88,GEOID18,MN_SE_Driftless_2021_B21,2021-10-01,Ground_Control_Survey_Report.pdf sections 2.2/2.3/2.4,geoid asserted PER MARK from the contractor shapefile 'geoid' attribute = 'Geoid 18',QL1,377.6400146484375,-0.060014648437516,377.6409500164372,-0.060950016437232,,,,
2157_2021_MN,NVA,check,455875.881,4845873.784,375.572,m,EPSG:6344,NAVD88,GEOID18,MN_SE_Driftless_2021_B21,2021-09-30,Ground_Control_Survey_Report.pdf sections 2.2/2.3/2.4,geoid asserted PER MARK from the contractor shapefile 'geoid' attribute = 'Geoid 18',QL1,375.55999755859375,0.012002441406253,375.5534242424252,0.018575757574808,,,,
2158_2021_MN,NVA,check,581228.577,4897478.948,234.981,m,EPSG:6344,NAVD88,GEOID18,MN_SE_Driftless_2021_B21,2021-09-11,Ground_Control_Survey_Report.pdf sections 2.2/2.3/2.4,geoid asserted PER MARK from the contractor shapefile 'geoid' attribute = 'Geoid 18',QL1,235.02000427246094,-0.039004272460943,235.03695980022962,-0.05595980022963,,,,
2159_2021_MN,NVA,check,483146.678,4933900.144,309.067,m,EPSG:6344,NAVD88,GEOID18,MN_SE_Driftless_2021_B21,2021-09-14,Ground_Control_Survey_Report.pdf sections 2.2/2.3/2.4,geoid asserted PER MARK from the contractor shapefile 'geoid' attribute = 'Geoid 18',QL1,309.1199951171875,-0.052995117187493,309.1164006422997,-0.049400642299702,,,,
2160_2022_MN,NVA,check,569602.296,4874508.47,341.953,m,EPSG:6344,NAVD88,GEOID18,MN_SE_Driftless_2021_B21,2022-04-03,Ground_Control_Survey_Report.pdf sections 2.2/2.3/2.4,geoid asserted PER MARK from the contractor shapefile 'geoid' attribute = 'Geoid 18',QL0,,,,,341.8999938964844,0.0530061035156,341.897880556297,0.055119443702949
2161_2021_MN,NVA,check,427903.714,4930943.053,228.692,m,EPSG:6344,NAVD88,GEOID18,MN_SE_Driftless_2021_B21,2021-10-05,Ground_Control_Survey_Report.pdf sections 2.2/2.3/2.4,geoid asserted PER MARK from the contractor shapefile 'geoid' attribute = 'Geoid 18',QL0,,,,,228.7100067138672,-0.01800671386718,228.71936869117917,-0.027368691179163
2162_2021_MN,NVA,check,454028.185,4932993.041,298.682,m,EPSG:6344,NAVD88,GEOID18,MN_SE_Driftless_2021_B21,2021-10-04,Ground_Control_Survey_Report.pdf sections 2.2/2.3/2.4,geoid asserted PER MARK from the contractor shapefile 'geoid' attribute = 'Geoid 18',QL0,,,,,298.6600036621094,0.021996337890641,298.65995540139323,0.022044598606783
2163_2021_MN,NVA,check,453715.593,4921118.693,323.822,m,EPSG:6344,NAVD88,GEOID18,MN_SE_Driftless_2021_B21,2021-10-05,Ground_Control_Survey_Report.pdf sections 2.2/2.3/2.4,geoid asserted PER MARK from the contractor shapefile 'geoid' attribute = 'Geoid 18',QL0,,,,,323.8399963378906,-0.017996337890622,323.83133449639206,-0.009334496392057
2164_2021_MN,NVA,check,454979.993,4896028.83,307.763,m,EPSG:6344,NAVD88,GEOID18,MN_SE_Driftless_2021_B21,2021-09-15,Ground_Control_Survey_Report.pdf sections 2.2/2.3/2.4,geoid asserted PER MARK from the contractor shapefile 'geoid' attribute = 'Geoid 18',QL0,,,,,307.739990234375,0.023009765624977,307.73475166904825,0.028248330951726
2165_2021_MN,NVA,check,417945.473,4898562.827,236.878,m,EPSG:6344,NAVD88,GEOID18,MN_SE_Driftless_2021_B21,2021-10-03,Ground_Control_Survey_Report.pdf sections 2.2/2.3/2.4,geoid asserted PER MARK from the contractor shapefile 'geoid' attribute = 'Geoid 18',QL0,,,,,236.85000610351562,0.027993896484361,236.8386357615793,0.039364238420688
2166_2021_MN,NVA,check,425712.551,4917809.127,264.597,m,EPSG:6344,NAVD88,GEOID18,MN_SE_Driftless_2021_B21,2021-10-03,Ground_Control_Survey_Report.pdf sections 2.2/2.3/2.4,geoid asserted PER MARK from the contractor shapefile 'geoid' attribute = 'Geoid 18',QL0,,,,,264.6400146484375,-0.04301464843752,264.6272642857121,-0.030264285712121
2167_2021_MN,NVA,check,432748.82,4927226.326,297.022,m,EPSG:6344,NAVD88,GEOID18,MN_SE_Driftless_2021_B21,2021-10-05,Ground_Control_Survey_Report.pdf sections 2.2/2.3/2.4,geoid asserted PER MARK from the contractor shapefile 'geoid' attribute = 'Geoid 18',QL0,,,,,297.010009765625,0.011990234374991,296.99480961014046,0.027190389859527
2168_2021_MN,NVA,check,454081.229,4906861.002,325.462,m,EPSG:6344,NAVD88,GEOID18,MN_SE_Driftless_2021_B21,2021-09-15,Ground_Control_Survey_Report.pdf sections 2.2/2.3/2.4,geoid asserted PER MARK from the contractor shapefile 'geoid' attribute = 'Geoid 18',QL0,,,,,325.42999267578125,0.032007324218739,325.4311818897671,0.030818110232872
2169_2021_MN,NVA,check,444185.423,4920987.742,309.001,m,EPSG:6344,NAVD88,GEOID18,MN_SE_Driftless_2021_B21,2021-10-05,Ground_Control_Survey_Report.pdf sections 2.2/2.3/2.4,geoid asserted PER MARK from the contractor shapefile 'geoid' attribute = 'Geoid 18',QL0,,,,,308.9800109863281,0.020989013671851,308.96837049279094,0.032629507209037
2170_2021_MN,NVA,check,428554.794,4911743.513,300.642,m,EPSG:6344,NAVD88,GEOID18,MN_SE_Driftless_2021_B21,2021-10-03,Ground_Control_Survey_Report.pdf sections 2.2/2.3/2.4,geoid asserted PER MARK from the contractor shapefile 'geoid' attribute = 'Geoid 18',QL0,,,,,300.75,-0.108000000000004,300.7376466255317,-0.095646625531685
2171_2021_MN,NVA,check,443586.103,4904477.894,317.357,m,EPSG:6344,NAVD88,GEOID18,MN_SE_Driftless_2021_B21,2021-10-04,Ground_Control_Survey_Report.pdf sections 2.2/2.3/2.4,geoid asserted PER MARK from the contractor shapefile 'geoid' attribute = 'Geoid 18',QL0,,,,,317.3299865722656,0.027013427734403,317.3369199683122,0.020080031687826
2172_2021_MN,NVA,check,457255.571,4914741.38,329.567,m,EPSG:6344,NAVD88,GEOID18,MN_SE_Driftless_2021_B21,2021-09-15,Ground_Control_Survey_Report.pdf sections 2.2/2.3/2.4,geoid asserted PER MARK from the contractor shapefile 'geoid' attribute = 'Geoid 18',QL0,,,,,329.4800109863281,0.086989013671882,329.47885406963377,0.088145930366238
2173_2021_MN,NVA,check,436500.875,4926133.895,296.836,m,EPSG:6344,NAVD88,GEOID18,MN_SE_Driftless_2021_B21,2021-10-05,Ground_Control_Survey_Report.pdf sections 2.2/2.3/2.4,geoid asserted PER MARK from the contractor shapefile 'geoid' attribute = 'Geoid 18',QL0,,,,,296.8500061035156,-0.014006103515612,296.8325445050972,0.003455494902823
2174_2021_MN,NVA,check,451652.41,4903474.613,320.005,m,EPSG:6344,NAVD88,GEOID18,MN_SE_Driftless_2021_B21,2021-09-15,Ground_Control_Survey_Report.pdf sections 2.2/2.3/2.4,geoid asserted PER MARK from the contractor shapefile 'geoid' attribute = 'Geoid 18',QL0,,,,,320.010009765625,-0.005009765625005,320.00625891340985,-0.001258913409856
2175_2021_MN,NVA,check,423318.1,4907500.822,235.961,m,EPSG:6344,NAVD88,GEOID18,MN_SE_Driftless_2021_B21,2021-10-03,Ground_Control_Survey_Report.pdf sections 2.2/2.3/2.4,geoid asserted PER MARK from the contractor shapefile 'geoid' attribute = 'Geoid 18',QL0,,,,,236.00999450683594,-0.048994506835925,236.01412997902938,-0.053129979029364
2176_2021_MN,NVA,check,428006.48,4927640.448,225.844,m,EPSG:6344,NAVD88,GEOID18,MN_SE_Driftless_2021_B21,2021-10-05,Ground_Control_Survey_Report.pdf sections 2.2/2.3/2.4,geoid asserted PER MARK from the contractor shapefile 'geoid' attribute = 'Geoid 18',QL0,,,,,225.85000610351562,-0.006006103515631,225.8706682036526,-0.026668203652605
2177_2021_MN,NVA,check,438166.424,4932519.347,305.802,m,EPSG:6344,NAVD88,GEOID18,MN_SE_Driftless_2021_B21,2021-10-05,Ground_Control_Survey_Report.pdf sections 2.2/2.3/2.4,geoid asserted PER MARK from the contractor shapefile 'geoid' attribute = 'Geoid 18',QL0,,,,,305.760009765625,0.041990234375021,305.7543333333276,0.047666666672399
2178_2021_MN,NVA,check,451862.535,4929269.105,316.219,m,EPSG:6344,NAVD88,GEOID18,MN_SE_Driftless_2021_B21,2021-10-04,Ground_Control_Survey_Report.pdf sections 2.2/2.3/2.4,geoid asserted PER MARK from the contractor shapefile 'geoid' attribute = 'Geoid 18',QL0,,,,,316.260009765625,-0.041009765625006,316.25204731575377,-0.033047315753777
2179_2021_MN,NVA,check,450191.865,4917215.968,320.779,m,EPSG:6344,NAVD88,GEOID18,MN_SE_Driftless_2021_B21,2021-10-05,Ground_Control_Survey_Report.pdf sections 2.2/2.3/2.4,geoid asserted PER MARK from the contractor shapefile 'geoid' attribute = 'Geoid 18',QL0,,,,,320.75,0.028999999999996,320.74138321991984,0.037616780080157
2180_2021_MN,NVA,check,437813.39,4894507.194,312.775,m,EPSG:6344,NAVD88,GEOID18,MN_SE_Driftless_2021_B21,2021-10-02,Ground_Control_Survey_Report.pdf sections 2.2/2.3/2.4,geoid asserted PER MARK from the contractor shapefile 'geoid' attribute = 'Geoid 18',QL0,,,,,312.739990234375,0.035009765624977,312.74909771054894,0.025902289451039
2181_2021_MN,NVA,check,437904.092,4905638.0,321.892,m,EPSG:6344,NAVD88,GEOID18,MN_SE_Driftless_2021_B21,2021-10-04,Ground_Control_Survey_Report.pdf sections 2.2/2.3/2.4,geoid asserted PER MARK from the contractor shapefile 'geoid' attribute = 'Geoid 18',QL0,,,,,321.8900146484375,0.001985351562496,321.89,0.00200000000001
2182_2021_MN,NVA,check,448338.219,4900901.543,328.768,m,EPSG:6344,NAVD88,GEOID18,MN_SE_Driftless_2021_B21,2021-09-15,Ground_Control_Survey_Report.pdf sections 2.2/2.3/2.4,geoid asserted PER MARK from the contractor shapefile 'geoid' attribute = 'Geoid 18',QL0,,,,,328.760009765625,0.007990234374972,328.7644337812095,0.003566218790468
2183_2021_MN,NVA,check,450418.25,4913155.565,329.417,m,EPSG:6344,NAVD88,GEOID18,MN_SE_Driftless_2021_B21,2021-09-15,Ground_Control_Survey_Report.pdf sections 2.2/2.3/2.4,geoid asserted PER MARK from the contractor shapefile 'geoid' attribute = 'Geoid 18',QL0,,,,,329.4200134277344,-0.003013427734402,329.43032521186194,-0.013325211861968
2184_2021_MN,NVA,check,439780.78,4922866.172,304.872,m,EPSG:6344,NAVD88,GEOID18,MN_SE_Driftless_2021_B21,2021-10-04,Ground_Control_Survey_Report.pdf sections 2.2/2.3/2.4,geoid asserted PER MARK from the contractor shapefile 'geoid' attribute = 'Geoid 18',QL0,,,,,304.8999938964844,-0.027993896484361,304.89086181678323,-0.018861816783215
2185_2021_MN,NVA,check,432040.829,4922113.511,289.325,m,EPSG:6344,NAVD88,GEOID18,MN_SE_Driftless_2021_B21,2021-10-05,Ground_Control_Survey_Report.pdf sections 2.2/2.3/2.4,geoid asserted PER MARK from the contractor shapefile 'geoid' attribute = 'Geoid 18',QL0,,,,,289.3699951171875,-0.044995117187511,289.3454872548594,-0.020487254859404
2186_2021_MN,NVA,check,432270.834,4911680.142,308.334,m,EPSG:6344,NAVD88,GEOID18,MN_SE_Driftless_2021_B21,2021-10-03,Ground_Control_Survey_Report.pdf sections 2.2/2.3/2.4,geoid asserted PER MARK from the contractor shapefile 'geoid' attribute = 'Geoid 18',QL0,,,,,308.3999938964844,-0.065993896484372,308.39848105914257,-0.064481059142565
2187_2021_MN,NVA,check,442085.046,4917792.39,315.491,m,EPSG:6344,NAVD88,GEOID18,MN_SE_Driftless_2021_B21,2021-10-05,Ground_Control_Survey_Report.pdf sections 2.2/2.3/2.4,geoid asserted PER MARK from the contractor shapefile 'geoid' attribute = 'Geoid 18',QL0,,,,,315.4800109863281,0.01098901367186,315.5213262411211,-0.030326241121088
2188_2021_MN,NVA,check,455090.195,4927048.492,323.701,m,EPSG:6344,NAVD88,GEOID18,MN_SE_Driftless_2021_B21,2021-10-04,Ground_Control_Survey_Report.pdf sections 2.2/2.3/2.4,geoid asserted PER MARK from the contractor shapefile 'geoid' attribute = 'Geoid 18',QL0,,,,,323.6499938964844,0.051006103515647,323.6498075965069,0.051192403493133
2189_2021_MN,NVA,check,456746.65,4902662.308,326.078,m,EPSG:6344,NAVD88,GEOID18,MN_SE_Driftless_2021_B21,2021-09-15,Ground_Control_Survey_Report.pdf sections 2.2/2.3/2.4,geoid asserted PER MARK from the contractor shapefile 'geoid' attribute = 'Geoid 18',QL0,,,,,326.05999755859375,0.018002441406225,326.05695734397545,0.02104265602452
2190_2021_MN,NVA,check,431860.277,4899712.659,304.604,m,EPSG:6344,NAVD88,GEOID18,MN_SE_Driftless_2021_B21,2021-10-02,Ground_Control_Survey_Report.pdf sections 2.2/2.3/2.4,geoid asserted PER MARK from the contractor shapefile 'geoid' attribute = 'Geoid 18',QL0,,,,,304.6099853515625,-0.005985351562515,304.60199309210407,0.002006907895918
2191_2021_MN,NVA,check,429224.045,4918666.733,268.473,m,EPSG:6344,NAVD88,GEOID18,MN_SE_Driftless_2021_B21,2021-10-05,Ground_Control_Survey_Report.pdf sections 2.2/2.3/2.4,geoid asserted PER MARK from the contractor shapefile 'geoid' attribute = 'Geoid 18',QL0,,,,,268.45001220703125,0.022987792968763,268.45544818082374,0.017551819176276
2192_2021_MN,NVA,check,428917.447,4907775.044,312.864,m,EPSG:6344,NAVD88,GEOID18,MN_SE_Driftless_2021_B21,2021-10-03,Ground_Control_Survey_Report.pdf sections 2.2/2.3/2.4,geoid asserted PER MARK from the contractor shapefile 'geoid' attribute = 'Geoid 18',QL0,,,,,312.8900146484375,-0.026014648437524,312.9006092938789,-0.036609293878939
2193_2021_MN,NVA,check,440672.579,4902940.305,312.218,m,EPSG:6344,NAVD88,GEOID18,MN_SE_Driftless_2021_B21,2021-10-04,Ground_Control_Survey_Report.pdf sections 2.2/2.3/2.4,geoid asserted PER MARK from the contractor shapefile 'geoid' attribute = 'Geoid 18',QL0,,,,,312.2300109863281,-0.012010986328107,312.19719638721915,0.020803612780867
2194_2021_MN,NVA,check,447125.847,4933129.962,301.301,m,EPSG:6344,NAVD88,GEOID18,MN_SE_Driftless_2021_B21,2021-10-04,Ground_Control_Survey_Report.pdf sections 2.2/2.3/2.4,geoid asserted PER MARK from the contractor shapefile 'geoid' attribute = 'Geoid 18',QL0,,,,,301.2900085449219,0.010991455078113,301.30022975794327,0.000770242056717
2195_2022_MN,NVA,check,546542.938,4892069.326,340.748,m,EPSG:6344,NAVD88,GEOID18,MN_SE_Driftless_2021_B21,2022-03-30,Ground_Control_Survey_Report.pdf sections 2.2/2.3/2.4,geoid asserted PER MARK from the contractor shapefile 'geoid' attribute = 'Geoid 18',QL0,,,,,340.760009765625,-0.01200976562501,340.7561210099999,-0.008121009999911
2196_2022_MN,NVA,check,542876.98,4873663.859,303.744,m,EPSG:6344,NAVD88,GEOID18,MN_SE_Driftless_2021_B21,2022-04-03,Ground_Control_Survey_Report.pdf sections 2.2/2.3/2.4,geoid asserted PER MARK from the contractor shapefile 'geoid' attribute = 'Geoid 18',QL0,,,,,303.7300109863281,0.013989013671903,303.73575267437263,0.008247325627394
2197_2021_MN,NVA,check,560731.991,4884572.2,359.272,m,EPSG:6344,NAVD88,GEOID18,MN_SE_Driftless_2021_B21,2021-09-10,Ground_Control_Survey_Report.pdf sections 2.2/2.3/2.4,geoid asserted PER MARK from the contractor shapefile 'geoid' attribute = 'Geoid 18',QL1,359.2200012207031,0.051998779296866,359.24466876121403,0.027331238785962,,,,
2198A_2022_MN,NVA,check,540608.567,4862879.777,390.54,m,EPSG:6344,NAVD88,GEOID18,MN_SE_Driftless_2021_B21,2022-04-05,Ground_Control_Survey_Report.pdf sections 2.2/2.3/2.4,geoid asserted PER MARK from the contractor shapefile 'geoid' attribute = 'Geoid 18',QL0,,,,,390.55999755859375,-0.01999755859373,390.555464722455,-0.015464722454965
2198_2022_MN,NVA,check,538572.632,4884036.136,339.186,m,EPSG:6344,NAVD88,GEOID18,MN_SE_Driftless_2021_B21,2022-04-01,Ground_Control_Survey_Report.pdf sections 2.2/2.3/2.4,geoid asserted PER MARK from the contractor shapefile 'geoid' attribute = 'Geoid 18',QL0,,,,,339.1400146484375,0.045985351562479,339.13000000000005,0.055999999999926
2199_2022_MN,NVA,check,535269.38,4869157.296,321.237,m,EPSG:6344,NAVD88,GEOID18,MN_SE_Driftless_2021_B21,2022-04-05,Ground_Control_Survey_Report.pdf sections 2.2/2.3/2.4,geoid asserted PER MARK from the contractor shapefile 'geoid' attribute = 'Geoid 18',QL0,,,,,321.2799987792969,-0.042998779296852,321.2923332441597,-0.055333244159669
2200_2022_MN,NVA,check,558225.517,4879269.17,348.776,m,EPSG:6344,NAVD88,GEOID18,MN_SE_Driftless_2021_B21,2022-04-03,Ground_Control_Survey_Report.pdf sections 2.2/2.3/2.4,geoid asserted PER MARK from the contractor shapefile 'geoid' attribute = 'Geoid 18',QL0,,,,,348.760009765625,0.01599023437501,348.7689873772681,0.007012622731907
2201_2022_MN,NVA,check,559674.432,4874502.119,400.273,m,EPSG:6344,NAVD88,GEOID18,MN_SE_Driftless_2021_B21,2022-04-03,Ground_Control_Survey_Report.pdf sections 2.2/2.3/2.4,geoid asserted PER MARK from the contractor shapefile 'geoid' attribute = 'Geoid 18',QL0,,,,,400.2799987792969,-0.00699877929685,400.2801321301274,-0.007132130127388
2202_2022_MN,NVA,check,551779.26,4887267.733,354.778,m,EPSG:6344,NAVD88,GEOID18,MN_SE_Driftless_2021_B21,2022-03-31,Ground_Control_Survey_Report.pdf sections 2.2/2.3/2.4,geoid asserted PER MARK from the contractor shapefile 'geoid' attribute = 'Geoid 18',QL0,,,,,354.7900085449219,-0.012008544921855,354.78999999999996,-0.011999999999944
2203_2022_MN,NVA,check,557298.837,4856838.28,387.831,m,EPSG:6344,NAVD88,GEOID18,MN_SE_Driftless_2021_B21,2022-04-02,Ground_Control_Survey_Report.pdf sections 2.2/2.3/2.4,geoid asserted PER MARK from the contractor shapefile 'geoid' attribute = 'Geoid 18',QL0,,,,,387.82000732421875,0.010992675781267,387.8174396763778,0.013560323622244
2204_2022_MN,NVA,check,567210.853,4855206.053,378.885,m,EPSG:6344,NAVD88,GEOID18,MN_SE_Driftless_2021_B21,2022-04-02,Ground_Control_Survey_Report.pdf sections 2.2/2.3/2.4,geoid asserted PER MARK from the contractor shapefile 'geoid' attribute = 'Geoid 18',QL0+QL1,378.8900146484375,-0.005014648437509,378.8955747330991,-0.010574733099133,378.8999938964844,-0.014993896484384,378.88062310994144,0.004376890058552
2205_2022_MN,NVA,check,536605.182,4891476.104,333.911,m,EPSG:6344,NAVD88,GEOID18,MN_SE_Driftless_2021_B21,2022-03-29,Ground_Control_Survey_Report.pdf sections 2.2/2.3/2.4,geoid asserted PER MARK from the contractor shapefile 'geoid' attribute = 'Geoid 18',QL0,,,,,333.8900146484375,0.020985351562501,333.87496989861376,0.036030101386245
2206_2022_MN,NVA,check,533845.449,4864755.149,341.297,m,EPSG:6344,NAVD88,GEOID18,MN_SE_Driftless_2021_B21,2022-04-05,Ground_Control_Survey_Report.pdf sections 2.2/2.3/2.4,geoid asserted PER MARK from the contractor shapefile 'geoid' attribute = 'Geoid 18',QL0,,,,,341.30999755859375,-0.012997558593725,341.29917619927846,-0.002176199278438
2207_2022_MN,NVA,check,552955.076,4878439.417,378.48,m,EPSG:6344,NAVD88,GEOID18,MN_SE_Driftless_2021_B21,2022-04-01,Ground_Control_Survey_Report.pdf sections 2.2/2.3/2.4,geoid asserted PER MARK from the contractor shapefile 'geoid' attribute = 'Geoid 18',QL0,,,,,378.3599853515625,0.120014648437518,378.37,0.110000000000014
2208_2022_MN,NVA,check,556199.083,4871224.621,367.166,m,EPSG:6344,NAVD88,GEOID18,MN_SE_Driftless_2021_B21,2022-04-03,Ground_Control_Survey_Report.pdf sections 2.2/2.3/2.4,geoid asserted PER MARK from the contractor shapefile 'geoid' attribute = 'Geoid 18',QL0,,,,,367.1499938964844,0.016006103515622,367.14769763511873,0.018302364881265
2209_2022_MN,NVA,check,564185.348,4874395.94,360.815,m,EPSG:6344,NAVD88,GEOID18,MN_SE_Driftless_2021_B21,2022-04-03,Ground_Control_Survey_Report.pdf sections 2.2/2.3/2.4,geoid asserted PER MARK from the contractor shapefile 'geoid' attribute = 'Geoid 18',QL0,,,,,360.82000732421875,-0.005007324218752,360.83583601288865,-0.020836012888651
2210_2021_MN,NVA,check,570492.075,4884126.08,349.288,m,EPSG:6344,NAVD88,GEOID18,MN_SE_Driftless_2021_B21,2021-09-11,Ground_Control_Survey_Report.pdf sections 2.2/2.3/2.4,geoid asserted PER MARK from the contractor shapefile 'geoid' attribute = 'Geoid 18',QL0+QL1,349.2699890136719,0.018010986328136,349.2645015880751,0.023498411924891,349.29998779296875,-0.011987792968739,349.28298951049015,0.005010489509857
2211_2022_MN,NVA,check,534961.746,4855113.919,381.058,m,EPSG:6344,NAVD88,GEOID18,MN_SE_Driftless_2021_B21,2022-04-05,Ground_Control_Survey_Report.pdf sections 2.2/2.3/2.4,geoid asserted PER MARK from the contractor shapefile 'geoid' attribute = 'Geoid 18',QL0,,,,,381.0199890136719,0.038010986328118,381.0193313253183,0.038668674681674
2212_2022_MN,NVA,check,546061.572,4862654.417,391.6,m,EPSG:6344,NAVD88,GEOID18,MN_SE_Driftless_2021_B21,2022-04-05,Ground_Control_Survey_Report.pdf sections 2.2/2.3/2.4,geoid asserted PER MARK from the contractor shapefile 'geoid' attribute = 'Geoid 18',QL0,,,,,391.6199951171875,-0.019995117187477,391.61955717255955,-0.01955717255953
2213_2022_MN,NVA,check,538317.012,4880522.429,312.267,m,EPSG:6344,NAVD88,GEOID18,MN_SE_Driftless_2021_B21,2022-04-01,Ground_Control_Survey_Report.pdf sections 2.2/2.3/2.4,geoid asserted PER MARK from the contractor shapefile 'geoid' attribute = 'Geoid 18',QL0,,,,,312.2699890136719,-0.002989013671879,312.26732310428605,-0.000323104286053
2214_2022_MN,NVA,check,546483.575,4886032.223,321.742,m,EPSG:6344,NAVD88,GEOID18,MN_SE_Driftless_2021_B21,2022-03-30,Ground_Control_Survey_Report.pdf sections 2.2/2.3/2.4,geoid asserted PER MARK from the contractor shapefile 'geoid' attribute = 'Geoid 18',QL0,,,,,321.7099914550781,0.032008544921894,321.705615865083,0.036384134917
2215_2022_MN,NVA,check,549768.919,4876014.732,354.409,m,EPSG:6344,NAVD88,GEOID18,MN_SE_Driftless_2021_B21,2022-04-01,Ground_Control_Survey_Report.pdf sections 2.2/2.3/2.4,geoid asserted PER MARK from the contractor shapefile 'geoid' attribute = 'Geoid 18',QL0,,,,,354.3900146484375,0.018985351562492,354.4054188235142,0.003581176485795
2216_2022_MN,NVA,check,557859.861,4866439.221,392.194,m,EPSG:6344,NAVD88,GEOID18,MN_SE_Driftless_2021_B21,2022-04-02,Ground_Control_Survey_Report.pdf sections 2.2/2.3/2.4,geoid asserted PER MARK from the contractor shapefile 'geoid' attribute = 'Geoid 18',QL0,,,,,392.2300109863281,-0.036010986328108,392.22348717948694,-0.029487179486921
2217_2022_MN,NVA,check,533788.943,4876019.631,353.683,m,EPSG:6344,NAVD88,GEOID18,MN_SE_Driftless_2021_B21,2022-04-05,Ground_Control_Survey_Report.pdf sections 2.2/2.3/2.4,geoid asserted PER MARK from the contractor shapefile 'geoid' attribute = 'Geoid 18',QL0,,,,,353.760009765625,-0.077009765625007,353.7648034351121,-0.081803435112136
2218_2022_MN,NVA,check,541076.955,4888749.878,319.964,m,EPSG:6344,NAVD88,GEOID18,MN_SE_Driftless_2021_B21,2022-03-29,Ground_Control_Survey_Report.pdf sections 2.2/2.3/2.4,geoid asserted PER MARK from the contractor shapefile 'geoid' attribute = 'Geoid 18',QL0,,,,,319.95001220703125,0.013987792968749,319.9293954911747,0.034604508825282
2219_2022_MN,NVA,check,529084.316,4863357.982,350.363,m,EPSG:6344,NAVD88,GEOID18,MN_SE_Driftless_2021_B21,2022-04-05,Ground_Control_Survey_Report.pdf sections 2.2/2.3/2.4,geoid asserted PER MARK from the contractor shapefile 'geoid' attribute = 'Geoid 18',QL0,,,,,350.3299865722656,0.033013427734375,350.3220657277145,0.040934272285483
2220_2022_MN,NVA,check,548892.724,4884052.275,381.863,m,EPSG:6344,NAVD88,GEOID18,MN_SE_Driftless_2021_B21,2022-03-31,Ground_Control_Survey_Report.pdf sections 2.2/2.3/2.4,geoid asserted PER MARK from the contractor shapefile 'geoid' attribute = 'Geoid 18',QL0,,,,,381.8399963378906,0.023003662109375,381.8373595505236,0.025640449476384
2221_2022_MN,NVA,check,561791.554,4870885.296,379.392,m,EPSG:6344,NAVD88,GEOID18,MN_SE_Driftless_2021_B21,2022-04-03,Ground_Control_Survey_Report.pdf sections 2.2/2.3/2.4,geoid asserted PER MARK from the contractor shapefile 'geoid' attribute = 'Geoid 18',QL0,,,,,379.3599853515625,0.032014648437496,379.3463637783016,0.045636221698373
2222_2022_MN,NVA,check,544208.714,4870764.743,313.399,m,EPSG:6344,NAVD88,GEOID18,MN_SE_Driftless_2021_B21,2022-04-05,Ground_Control_Survey_Report.pdf sections 2.2/2.3/2.4,geoid asserted PER MARK from the contractor shapefile 'geoid' attribute = 'Geoid 18',QL0,,,,,313.3599853515625,0.039014648437501,313.3604161017099,0.038583898290085
2223_2022_MN,NVA,check,541534.741,4859405.276,375.054,m,EPSG:6344,NAVD88,GEOID18,MN_SE_Driftless_2021_B21,2022-04-05,Ground_Control_Survey_Report.pdf sections 2.2/2.3/2.4,geoid asserted PER MARK from the contractor shapefile 'geoid' attribute = 'Geoid 18',QL0,,,,,375.04998779296875,0.004012207031224,375.0476535869897,0.006346413010249
2224_2022_MN,NVA,check,531298.611,4890790.886,322.783,m,EPSG:6344,NAVD88,GEOID18,MN_SE_Driftless_2021_B21,2022-03-29,Ground_Control_Survey_Report.pdf sections 2.2/2.3/2.4,geoid asserted PER MARK from the contractor shapefile 'geoid' attribute = 'Geoid 18',QL0,,,,,322.82000732421875,-0.037007324218735,322.8162460740506,-0.033246074050567
2225_2022_MN,NVA,check,554500.102,4884063.872,344.116,m,EPSG:6344,NAVD88,GEOID18,MN_SE_Driftless_2021_B21,2022-03-31,Ground_Control_Survey_Report.pdf sections 2.2/2.3/2.4,geoid asserted PER MARK from the contractor shapefile 'geoid' attribute = 'Geoid 18',QL0+QL1,344.1700134277344,-0.05401342773439,344.1704537647914,-0.05445376479139,344.1000061035156,0.01599389648436,344.0975490644913,0.018450935508667
2226_2022_MN,NVA,check,534415.159,4861547.413,375.047,m,EPSG:6344,NAVD88,GEOID18,MN_SE_Driftless_2021_B21,2022-04-05,Ground_Control_Survey_Report.pdf sections 2.2/2.3/2.4,geoid asserted PER MARK from the contractor shapefile 'geoid' attribute = 'Geoid 18',QL0,,,,,375.0199890136719,0.02701098632815,375.00537381970145,0.041626180298579
3000_2021_MN,VVA,check,610449.431,4876021.585,200.72,m,EPSG:6344,NAVD88,GEOID18,MN_SE_Driftless_2021_B21,2021-10-05,USGS_MN_SE_Driftless_2021_B21_QL*.dbf fields X/Y/Z (this mark is MISSING from the survey report's tables),geoid asserted PER MARK from the contractor shapefile 'geoid' attribute = 'Geoid 18',QL1,200.80999755859375,-0.089997558593751,200.80932444341596,-0.089324443415961,,,,
3001_2021_MN,VVA,check,425760.737,4923759.724,226.932,m,EPSG:6344,NAVD88,GEOID18,MN_SE_Driftless_2021_B21,2021-10-05,Ground_Control_Survey_Report.pdf sections 2.2/2.3/2.4,geoid asserted PER MARK from the contractor shapefile 'geoid' attribute = 'Geoid 18',QL0,,,,,226.99000549316406,-0.058005493164075,226.98302714355026,-0.051027143550272
3002_2021_MN,VVA,check,456627.617,4894502.645,319.42,m,EPSG:6344,NAVD88,GEOID18,MN_SE_Driftless_2021_B21,2021-09-15,Ground_Control_Survey_Report.pdf sections 2.2/2.3/2.4,geoid asserted PER MARK from the contractor shapefile 'geoid' attribute = 'Geoid 18',QL0,,,,,319.5,-0.079999999999984,319.50214901257885,-0.082149012578839
3003_2021_MN,VVA,check,421917.792,4900622.904,257.935,m,EPSG:6344,NAVD88,GEOID18,MN_SE_Driftless_2021_B21,2021-10-03,Ground_Control_Survey_Report.pdf sections 2.2/2.3/2.4,geoid asserted PER MARK from the contractor shapefile 'geoid' attribute = 'Geoid 18',QL0,,,,,257.9800109863281,-0.045010986328123,257.9963896713592,-0.061389671359223
3004_2021_MN,VVA,check,456877.051,4932664.704,300.578,m,EPSG:6344,NAVD88,GEOID18,MN_SE_Driftless_2021_B21,2021-10-04,Ground_Control_Survey_Report.pdf sections 2.2/2.3/2.4,geoid asserted PER MARK from the contractor shapefile 'geoid' attribute = 'Geoid 18',QL0,,,,,300.67999267578125,-0.101992675781275,300.7044763745773,-0.126476374577351
3005_2021_MN,VVA,check,429607.622,4932556.7,293.002,m,EPSG:6344,NAVD88,GEOID18,MN_SE_Driftless_2021_B21,2021-10-05,Ground_Control_Survey_Report.pdf sections 2.2/2.3/2.4,geoid asserted PER MARK from the contractor shapefile 'geoid' attribute = 'Geoid 18',QL0,,,,,293.1000061035156,-0.098006103515615,293.0978857267787,-0.095885726778704
3006_2021_MN,VVA,check,441239.066,4914776.523,318.421,m,EPSG:6344,NAVD88,GEOID18,MN_SE_Driftless_2021_B21,2021-10-04,Ground_Control_Survey_Report.pdf sections 2.2/2.3/2.4,geoid asserted PER MARK from the contractor shapefile 'geoid' attribute = 'Geoid 18',QL0,,,,,318.3900146484375,0.030985351562492,318.40989028056293,0.011109719437059
3007_2021_MN,VVA,check,454527.683,4920001.227,325.013,m,EPSG:6344,NAVD88,GEOID18,MN_SE_Driftless_2021_B21,2021-10-05,Ground_Control_Survey_Report.pdf sections 2.2/2.3/2.4,geoid asserted PER MARK from the contractor shapefile 'geoid' attribute = 'Geoid 18',QL0,,,,,325.010009765625,0.002990234374977,324.99885463292907,0.01414536707091
3008_2021_MN,VVA,check,433028.73,4908352.82,305.776,m,EPSG:6344,NAVD88,GEOID18,MN_SE_Driftless_2021_B21,2021-10-04,Ground_Control_Survey_Report.pdf sections 2.2/2.3/2.4,geoid asserted PER MARK from the contractor shapefile 'geoid' attribute = 'Geoid 18',QL0,,,,,305.760009765625,0.01599023437501,305.75242256637614,0.023577433623871
3009_2021_MN,VVA,check,419274.153,4904062.04,302.726,m,EPSG:6344,NAVD88,GEOID18,MN_SE_Driftless_2021_B21,2021-10-03,Ground_Control_Survey_Report.pdf sections 2.2/2.3/2.4,geoid asserted PER MARK from the contractor shapefile 'geoid' attribute = 'Geoid 18',QL0,,,,,302.7099914550781,0.016008544921874,302.7150312262005,0.010968773799505
3010_2021_MN,VVA,check,442642.214,4903568.476,317.969,m,EPSG:6344,NAVD88,GEOID18,MN_SE_Driftless_2021_B21,2021-10-04,Ground_Control_Survey_Report.pdf sections 2.2/2.3/2.4,geoid asserted PER MARK from the contractor shapefile 'geoid' attribute = 'Geoid 18',QL0,,,,,318.04998779296875,-0.080987792968756,318.028468997216,-0.059468997216015
3011_2021_MN,VVA,check,458182.07,4911532.093,326.14,m,EPSG:6344,NAVD88,GEOID18,MN_SE_Driftless_2021_B21,2021-09-15,Ground_Control_Survey_Report.pdf sections 2.2/2.3/2.4,geoid asserted PER MARK from the contractor shapefile 'geoid' attribute = 'Geoid 18',QL0+QL1,326.29998779296875,-0.159987792968764,326.294098507449,-0.154098507449021,326.29998779296875,-0.159987792968764,326.3117937997714,-0.171793799771422
3012_2021_MN,VVA,check,440138.438,4927298.761,309.733,m,EPSG:6344,NAVD88,GEOID18,MN_SE_Driftless_2021_B21,2021-10-04,Ground_Control_Survey_Report.pdf sections 2.2/2.3/2.4,geoid asserted PER MARK from the contractor shapefile 'geoid' attribute = 'Geoid 18',QL0,,,,,309.8399963378906,-0.106996337890621,309.82793270945695,-0.094932709456941
3013_2021_MN,VVA,check,430760.593,4919745.152,277.341,m,EPSG:6344,NAVD88,GEOID18,MN_SE_Driftless_2021_B21,2021-10-05,Ground_Control_Survey_Report.pdf sections 2.2/2.3/2.4,geoid asserted PER MARK from the contractor shapefile 'geoid' attribute = 'Geoid 18',QL0,,,,,277.3900146484375,-0.049014648437492,277.3888284139396,-0.047828413939612
3014_2021_MN,VVA,check,434757.461,4902001.871,313.544,m,EPSG:6344,NAVD88,GEOID18,MN_SE_Driftless_2021_B21,2021-10-04,Ground_Control_Survey_Report.pdf sections 2.2/2.3/2.4,geoid asserted PER MARK from the contractor shapefile 'geoid' attribute = 'Geoid 18',QL0,,,,,313.67999267578125,-0.135992675781267,313.6481433565672,-0.104143356567192
3015_2021_MN,VVA,check,441262.816,4895388.531,320.566,m,EPSG:6344,NAVD88,GEOID18,MN_SE_Driftless_2021_B21,2021-10-02,Ground_Control_Survey_Report.pdf sections 2.2/2.3/2.4,geoid asserted PER MARK from the contractor shapefile 'geoid' attribute = 'Geoid 18',QL0,,,,,320.70001220703125,-0.134012207031276,320.69212314225683,-0.126123142256859
3016_2021_MN,VVA,check,427726.614,4915070.926,286.013,m,EPSG:6344,NAVD88,GEOID18,MN_SE_Driftless_2021_B21,2021-10-03,Ground_Control_Survey_Report.pdf sections 2.2/2.3/2.4,geoid asserted PER MARK from the contractor shapefile 'geoid' attribute = 'Geoid 18',QL0,,,,,286.010009765625,0.002990234374977,286.0404909728807,-0.027490972880742
3017_2021_MN,VVA,check,447144.822,4933260.365,303.339,m,EPSG:6344,NAVD88,GEOID18,MN_SE_Driftless_2021_B21,2021-10-04,Ground_Control_Survey_Report.pdf sections 2.2/2.3/2.4,geoid asserted PER MARK from the contractor shapefile 'geoid' attribute = 'Geoid 18',QL0,,,,,303.32000732421875,0.018992675781249,303.3157003393401,0.023299660659916
3018_2021_MN,VVA,check,444930.34,4922848.599,308.05,m,EPSG:6344,NAVD88,GEOID18,MN_SE_Driftless_2021_B21,2021-10-04,Ground_Control_Survey_Report.pdf sections 2.2/2.3/2.4,geoid asserted PER MARK from the contractor shapefile 'geoid' attribute = 'Geoid 18',QL0,,,,,308.1000061035156,-0.050006103515614,308.1016813302119,-0.051681330211863
3019_2021_MN,VVA,check,450082.349,4914779.68,327.975,m,EPSG:6344,NAVD88,GEOID18,MN_SE_Driftless_2021_B21,2021-09-15,Ground_Control_Survey_Report.pdf sections 2.2/2.3/2.4,geoid asserted PER MARK from the contractor shapefile 'geoid' attribute = 'Geoid 18',QL0,,,,,328.0,-0.024999999999977,328.01019392182883,-0.035193921828807
3020_2021_MN,VVA,check,451333.897,4905100.151,320.844,m,EPSG:6344,NAVD88,GEOID18,MN_SE_Driftless_2021_B21,2021-09-15,Ground_Control_Survey_Report.pdf sections 2.2/2.3/2.4,geoid asserted PER MARK from the contractor shapefile 'geoid' attribute = 'Geoid 18',QL0,,,,,320.8599853515625,-0.015985351562506,320.86330223781226,-0.019302237812269
3021_2021_MN,VVA,check,421947.606,4912621.036,275.152,m,EPSG:6344,NAVD88,GEOID18,MN_SE_Driftless_2021_B21,,Ground_Control_Survey_Report.pdf sections 2.2/2.3/2.4,"geoid from the survey report's per-table header 'Geoid Model: Geoid18' (sections 1.8.4, 2.2); this mark is in no shapefile",,,,,,,,,
3022_2021_MN,VVA,check,429074.746,4904718.006,302.194,m,EPSG:6344,NAVD88,GEOID18,MN_SE_Driftless_2021_B21,2021-10-03,Ground_Control_Survey_Report.pdf sections 2.2/2.3/2.4,geoid asserted PER MARK from the contractor shapefile 'geoid' attribute = 'Geoid 18',QL0,,,,,302.239990234375,-0.045990234374983,302.2730172570386,-0.079017257038572
3023_2021_MN,VVA,check,432560.928,4928204.915,295.319,m,EPSG:6344,NAVD88,GEOID18,MN_SE_Driftless_2021_B21,2021-10-05,Ground_Control_Survey_Report.pdf sections 2.2/2.3/2.4,geoid asserted PER MARK from the contractor shapefile 'geoid' attribute = 'Geoid 18',QL0,,,,,295.45001220703125,-0.131012207031233,295.44681752589634,-0.127817525896319
3024_2021_MN,VVA,check,451904.714,4929262.068,315.758,m,EPSG:6344,NAVD88,GEOID18,MN_SE_Driftless_2021_B21,2021-10-04,Ground_Control_Survey_Report.pdf sections 2.2/2.3/2.4,geoid asserted PER MARK from the contractor shapefile 'geoid' attribute = 'Geoid 18',QL0,,,,,315.8299865722656,-0.071986572265644,315.8218529051232,-0.063852905123213
3025_2021_MN,VVA,check,448818.651,4900695.931,322.875,m,EPSG:6344,NAVD88,GEOID18,MN_SE_Driftless_2021_B21,2021-09-15,Ground_Control_Survey_Report.pdf sections 2.2/2.3/2.4,geoid asserted PER MARK from the contractor shapefile 'geoid' attribute = 'Geoid 18',QL0,,,,,322.94000244140625,-0.06500244140625,322.93987491428277,-0.064874914282768
3026_2021_MN,VVA,check,429321.554,4897998.243,317.261,m,EPSG:6344,NAVD88,GEOID18,MN_SE_Driftless_2021_B21,2021-10-02,Ground_Control_Survey_Report.pdf sections 2.2/2.3/2.4,geoid asserted PER MARK from the contractor shapefile 'geoid' attribute = 'Geoid 18',QL0,,,,,317.260009765625,0.000990234375024,317.2592238398567,0.001776160143322
3027_2021_MN,VVA,check,434183.389,4917282.822,305.78,m,EPSG:6344,NAVD88,GEOID18,MN_SE_Driftless_2021_B21,2021-10-05,Ground_Control_Survey_Report.pdf sections 2.2/2.3/2.4,geoid asserted PER MARK from the contractor shapefile 'geoid' attribute = 'Geoid 18',QL0,,,,,305.7900085449219,-0.010008544921902,305.80173416997104,-0.021734169971069
3028_2021_MN,VVA,check,436446.395,4924355.11,296.374,m,EPSG:6344,NAVD88,GEOID18,MN_SE_Driftless_2021_B21,2021-10-05,Ground_Control_Survey_Report.pdf sections 2.2/2.3/2.4,geoid asserted PER MARK from the contractor shapefile 'geoid' attribute = 'Geoid 18',QL0,,,,,296.3900146484375,-0.016014648437476,296.3983135182705,-0.024313518270503
3029_2021_MN,VVA,check,436562.94,4933580.665,294.993,m,EPSG:6344,NAVD88,GEOID18,MN_SE_Driftless_2021_B21,2021-10-05,Ground_Control_Survey_Report.pdf sections 2.2/2.3/2.4,geoid asserted PER MARK from the contractor shapefile 'geoid' attribute = 'Geoid 18',QL0,,,,,295.0299987792969,-0.03699877929688,295.03737492149486,-0.044374921494864
3030_2021_MN,VVA,check,443012.336,4910001.442,325.625,m,EPSG:6344,NAVD88,GEOID18,MN_SE_Driftless_2021_B21,2021-10-04,Ground_Control_Survey_Report.pdf sections 2.2/2.3/2.4,geoid asserted PER MARK from the contractor shapefile 'geoid' attribute = 'Geoid 18',QL0,,,,,325.7099914550781,-0.084991455078125,325.7051269315674,-0.080126931567406
3031_2021_MN,VVA,check,439941.379,4922055.911,305.688,m,EPSG:6344,NAVD88,GEOID18,MN_SE_Driftless_2021_B21,2021-10-04,Ground_Control_Survey_Report.pdf sections 2.2/2.3/2.4,geoid asserted PER MARK from the contractor shapefile 'geoid' attribute = 'Geoid 18',QL0,,,,,305.75,-0.062000000000012,305.7506213686293,-0.062621368629323
3032_2021_MN,VVA,check,451424.482,4924812.87,319.629,m,EPSG:6344,NAVD88,GEOID18,MN_SE_Driftless_2021_B21,2021-10-04,Ground_Control_Survey_Report.pdf sections 2.2/2.3/2.4,geoid asserted PER MARK from the contractor shapefile 'geoid' attribute = 'Geoid 18',QL0,,,,,319.75,-0.120999999999981,319.74265136363204,-0.113651363632016
3033_2021_MN,VVA,check,443771.221,4930123.119,305.027,m,EPSG:6344,NAVD88,GEOID18,MN_SE_Driftless_2021_B21,2021-10-04,Ground_Control_Survey_Report.pdf sections 2.2/2.3/2.4,geoid asserted PER MARK from the contractor shapefile 'geoid' attribute = 'Geoid 18',QL0,,,,,305.2200012207031,-0.193001220703138,305.22686900841813,-0.199869008418148
3034_2021_MN,VVA,check,535229.037,4852758.223,394.172,m,EPSG:6344,NAVD88,GEOID18,MN_SE_Driftless_2021_B21,2021-10-02,Ground_Control_Survey_Report.pdf sections 2.2/2.3/2.4,geoid asserted PER MARK from the contractor shapefile 'geoid' attribute = 'Geoid 18',QL1,394.29998779296875,-0.127987792968725,394.3267029622157,-0.154702962215651,,,,
3035_2022_MN,VVA,check,548125.013,4863768.36,386.675,m,EPSG:6344,NAVD88,GEOID18,MN_SE_Driftless_2021_B21,2022-04-05,Ground_Control_Survey_Report.pdf sections 2.2/2.3/2.4,geoid asserted PER MARK from the contractor shapefile 'geoid' attribute = 'Geoid 18',QL0,,,,,386.6300048828125,0.044995117187511,386.6308409578247,0.044159042175295
3036_2022_MN,VVA,check,572705.984,4867278.056,380.723,m,EPSG:6344,NAVD88,GEOID18,MN_SE_Driftless_2021_B21,2022-04-03,Ground_Control_Survey_Report.pdf sections 2.2/2.3/2.4,geoid asserted PER MARK from the contractor shapefile 'geoid' attribute = 'Geoid 18',QL0,,,,,380.7900085449219,-0.067008544921862,380.8135200000102,-0.090520000010201
3037_2021_MN,VVA,check,560056.669,4884501.917,331.358,m,EPSG:6344,NAVD88,GEOID18,MN_SE_Driftless_2021_B21,2021-09-10,Ground_Control_Survey_Report.pdf sections 2.2/2.3/2.4,geoid asserted PER MARK from the contractor shapefile 'geoid' attribute = 'Geoid 18',QL1,331.4800109863281,-0.122010986328121,331.47695109778545,-0.118951097785441,,,,
3038_2022_MN,VVA,check,566118.445,4855012.562,348.023,m,EPSG:6344,NAVD88,GEOID18,MN_SE_Driftless_2021_B21,2022-04-02,Ground_Control_Survey_Report.pdf sections 2.2/2.3/2.4,geoid asserted PER MARK from the contractor shapefile 'geoid' attribute = 'Geoid 18',QL1,348.0,0.023000000000025,348.06094295449924,-0.037942954499215,,,,
3039_2022_MN,VVA,check,541415.466,4881692.899,317.16,m,EPSG:6344,NAVD88,GEOID18,MN_SE_Driftless_2021_B21,2022-04-01,Ground_Control_Survey_Report.pdf sections 2.2/2.3/2.4,geoid asserted PER MARK from the contractor shapefile 'geoid' attribute = 'Geoid 18',QL0,,,,,317.2099914550781,-0.0499914550781,317.17562135919206,-0.015621359192039
3040_2022_MN,VVA,check,531284.62,4890694.099,322.254,m,EPSG:6344,NAVD88,GEOID18,MN_SE_Driftless_2021_B21,2022-03-29,Ground_Control_Survey_Report.pdf sections 2.2/2.3/2.4,geoid asserted PER MARK from the contractor shapefile 'geoid' attribute = 'Geoid 18',QL0,,,,,322.3299865722656,-0.075986572265606,322.3183782026781,-0.064378202678085
3041_2021_MN,VVA,check,524871.663,4880163.324,337.196,m,EPSG:6344,NAVD88,GEOID18,MN_SE_Driftless_2021_B21,2021-09-13,Ground_Control_Survey_Report.pdf sections 2.2/2.3/2.4,geoid asserted PER MARK from the contractor shapefile 'geoid' attribute = 'Geoid 18',QL1,337.2200012207031,-0.024001220703099,337.23363908165834,-0.037639081658313,,,,
3042_2022_MN,VVA,check,545395.393,4873640.584,307.526,m,EPSG:6344,NAVD88,GEOID18,MN_SE_Driftless_2021_B21,2022-04-01,Ground_Control_Survey_Report.pdf sections 2.2/2.3/2.4,geoid asserted PER MARK from the contractor shapefile 'geoid' attribute = 'Geoid 18',QL0,,,,,307.5400085449219,-0.014008544921865,307.5377142155517,-0.011714215551706
3043_2022_MN,VVA,check,535278.142,4867181.905,326.658,m,EPSG:6344,NAVD88,GEOID18,MN_SE_Driftless_2021_B21,2022-04-05,Ground_Control_Survey_Report.pdf sections 2.2/2.3/2.4,geoid asserted PER MARK from the contractor shapefile 'geoid' attribute = 'Geoid 18',QL0,,,,,326.7300109863281,-0.07201098632811,326.7097051282071,-0.051705128207061
3044_2022_MN,VVA,check,558519.341,4877713.882,356.646,m,EPSG:6344,NAVD88,GEOID18,MN_SE_Driftless_2021_B21,2022-04-03,Ground_Control_Survey_Report.pdf sections 2.2/2.3/2.4,geoid asserted PER MARK from the contractor shapefile 'geoid' attribute = 'Geoid 18',QL0,,,,,356.7300109863281,-0.08401098632811,356.72674242135645,-0.080742421356433
3045_2022_MN,VVA,check,546043.892,4890472.723,340.358,m,EPSG:6344,NAVD88,GEOID18,MN_SE_Driftless_2021_B21,2022-04-03,Ground_Control_Survey_Report.pdf sections 2.2/2.3/2.4,geoid asserted PER MARK from the contractor shapefile 'geoid' attribute = 'Geoid 18',QL0,,,,,340.4200134277344,-0.062013427734371,340.40852797870406,-0.050527978704054
3046_2022_MN,VVA,check,557808.779,4869394.137,385.196,m,EPSG:6344,NAVD88,GEOID18,MN_SE_Driftless_2021_B21,2022-04-03,Ground_Control_Survey_Report.pdf sections 2.2/2.3/2.4,geoid asserted PER MARK from the contractor shapefile 'geoid' attribute = 'Geoid 18',QL0,,,,,385.2099914550781,-0.013991455078099,385.22037192052306,-0.024371920523038
3047_2022_MN,VVA,check,525826.798,4861541.525,371.76,m,EPSG:6344,NAVD88,GEOID18,MN_SE_Driftless_2021_B21,2022-04-05,Ground_Control_Survey_Report.pdf sections 2.2/2.3/2.4,geoid asserted PER MARK from the contractor shapefile 'geoid' attribute = 'Geoid 18',QL0+QL1,371.7200012207031,0.039998779296866,371.72801096223225,0.031989037767744,371.7799987792969,-0.019998779296884,371.7901726174417,-0.030172617441735
3048_2022_MN,VVA,check,530606.963,4875957.024,382.469,m,EPSG:6344,NAVD88,GEOID18,MN_SE_Driftless_2021_B21,2022-04-05,Ground_Control_Survey_Report.pdf sections 2.2/2.3/2.4,geoid asserted PER MARK from the contractor shapefile 'geoid' attribute = 'Geoid 18',QL0,,,,,382.5199890136719,-0.050989013671881,382.5183303606817,-0.049330360681722
3049_2022_MN,VVA,check,550690.542,4884065.325,358.538,m,EPSG:6344,NAVD88,GEOID18,MN_SE_Driftless_2021_B21,2022-03-31,Ground_Control_Survey_Report.pdf sections 2.2/2.3/2.4,geoid asserted PER MARK from the contractor shapefile 'geoid' attribute = 'Geoid 18',QL0,,,,,358.5299987792969,0.008001220703136,358.52307838680775,0.014921613192257
3050_2022_MN,VVA,check,570782.473,4876109.444,346.221,m,EPSG:6344,NAVD88,GEOID18,MN_SE_Driftless_2021_B21,2022-04-03,Ground_Control_Survey_Report.pdf sections 2.2/2.3/2.4,geoid asserted PER MARK from the contractor shapefile 'geoid' attribute = 'Geoid 18',QL0,,,,,346.2200012207031,0.000998779296879,346.2383853149068,-0.01738531490679
3051_2022_MN,VVA,check,565897.87,4863246.895,401.237,m,EPSG:6344,NAVD88,GEOID18,MN_SE_Driftless_2021_B21,2022-04-02,Ground_Control_Survey_Report.pdf sections 2.2/2.3/2.4,geoid asserted PER MARK from the contractor shapefile 'geoid' attribute = 'Geoid 18',QL0,,,,,401.1700134277344,0.066986572265648,401.18676830647826,0.050231693521766
3052_2022_MN,VVA,check,532525.469,4886408.15,313.922,m,EPSG:6344,NAVD88,GEOID18,MN_SE_Driftless_2021_B21,2022-03-29,Ground_Control_Survey_Report.pdf sections 2.2/2.3/2.4,geoid asserted PER MARK from the contractor shapefile 'geoid' attribute = 'Geoid 18',QL0,,,,,313.9599914550781,-0.0379914550781,313.950156611064,-0.028156611063991
3053_2022_MN,VVA,check,526995.168,4870318.228,371.666,m,EPSG:6344,NAVD88,GEOID18,MN_SE_Driftless_2021_B21,2022-04-05,Ground_Control_Survey_Report.pdf sections 2.2/2.3/2.4,geoid asserted PER MARK from the contractor shapefile 'geoid' attribute = 'Geoid 18',QL0,,,,,371.6700134277344,-0.004013427734378,371.65092025182975,0.015079748170251
3054_2022_MN,VVA,check,557883.548,4863404.274,390.206,m,EPSG:6344,NAVD88,GEOID18,MN_SE_Driftless_2021_B21,2022-04-02,Ground_Control_Survey_Report.pdf sections 2.2/2.3/2.4,geoid asserted PER MARK from the contractor shapefile 'geoid' attribute = 'Geoid 18',QL0,,,,,390.1400146484375,0.065985351562517,390.14223001722036,0.063769982779661
3055_2022_MN,VVA,check,564169.946,4874578.408,363.306,m,EPSG:6344,NAVD88,GEOID18,MN_SE_Driftless_2021_B21,2022-04-03,Ground_Control_Survey_Report.pdf sections 2.2/2.3/2.4,geoid asserted PER MARK from the contractor shapefile 'geoid' attribute = 'Geoid 18',QL0,,,,,363.2799987792969,0.026001220703108,363.3174167915672,-0.011416791567228
3056_2021_MN,VVA,check,570473.803,4884246.352,353.259,m,EPSG:6344,NAVD88,GEOID18,MN_SE_Driftless_2021_B21,2021-09-11,Ground_Control_Survey_Report.pdf sections 2.2/2.3/2.4,geoid asserted PER MARK from the contractor shapefile 'geoid' attribute = 'Geoid 18',QL1,353.2799987792969,-0.02099877929686,353.277652719662,-0.018652719661986,,,,
3057_2022_MN,VVA,check,534809.255,4861525.074,382.817,m,EPSG:6344,NAVD88,GEOID18,MN_SE_Driftless_2021_B21,2022-04-05,Ground_Control_Survey_Report.pdf sections 2.2/2.3/2.4,geoid asserted PER MARK from the contractor shapefile 'geoid' attribute = 'Geoid 18',QL0,,,,,382.80999755859375,0.007002441406257,382.83706098990757,-0.020060989907563
3058_2022_MN,VVA,check,551597.707,4856410.325,400.293,m,EPSG:6344,NAVD88,GEOID18,MN_SE_Driftless_2021_B21,2022-04-02,Ground_Control_Survey_Report.pdf sections 2.2/2.3/2.4,geoid asserted PER MARK from the contractor shapefile 'geoid' attribute = 'Geoid 18',QL0,,,,,400.2799987792969,0.013001220703131,400.2757661631472,0.017233836852824
3059_2022_MN,VVA,check,571570.578,4860912.077,346.999,m,EPSG:6344,NAVD88,GEOID18,MN_SE_Driftless_2021_B21,2022-04-02,Ground_Control_Survey_Report.pdf sections 2.2/2.3/2.4,geoid asserted PER MARK from the contractor shapefile 'geoid' attribute = 'Geoid 18',QL0,,,,,346.9700012207031,0.028998779296899,346.9799411331869,0.019058866813111
3060_2022_MN,VVA,check,549573.485,4880013.783,376.761,m,EPSG:6344,NAVD88,GEOID18,MN_SE_Driftless_2021_B21,2022-04-01,Ground_Control_Survey_Report.pdf sections 2.2/2.3/2.4,geoid asserted PER MARK from the contractor shapefile 'geoid' attribute = 'Geoid 18',QL0,,,,,376.79998779296875,-0.038987792968726,376.8193265765756,-0.058326576575553
3061_2022_MN,VVA,check,538306.265,4890395.937,319.274,m,EPSG:6344,NAVD88,GEOID18,MN_SE_Driftless_2021_B21,2022-03-29,Ground_Control_Survey_Report.pdf sections 2.2/2.3/2.4,geoid asserted PER MARK from the contractor shapefile 'geoid' attribute = 'Geoid 18',QL0,,,,,319.3399963378906,-0.065996337890624,319.33638624237517,-0.062386242375169
3062_2022_MN,VVA,check,532914.591,4882400.094,344.158,m,EPSG:6344,NAVD88,GEOID18,MN_SE_Driftless_2021_B21,2022-03-29,Ground_Control_Survey_Report.pdf sections 2.2/2.3/2.4,geoid asserted PER MARK from the contractor shapefile 'geoid' attribute = 'Geoid 18',QL0,,,,,344.19000244140625,-0.032002441406235,344.18757877276863,-0.029578772768616
3063_2022_MN,VVA,check,527072.4,4855915.714,397.549,m,EPSG:6344,NAVD88,GEOID18,MN_SE_Driftless_2021_B21,2022-04-05,Ground_Control_Survey_Report.pdf sections 2.2/2.3/2.4,geoid asserted PER MARK from the contractor shapefile 'geoid' attribute = 'Geoid 18',QL0,,,,,397.57000732421875,-0.021007324218772,397.56749395875295,-0.01849395875297
3064_2022_MN,VVA,check,539348.078,4877956.234,334.817,m,EPSG:6344,NAVD88,GEOID18,MN_SE_Driftless_2021_B21,2022-04-01,Ground_Control_Survey_Report.pdf sections 2.2/2.3/2.4,geoid asserted PER MARK from the contractor shapefile 'geoid' attribute = 'Geoid 18',QL0,,,,,334.82000732421875,-0.003007324218743,334.83806837607335,-0.021068376073345
3065_2022_MN,VVA,check,552846.218,4892899.11,332.971,m,EPSG:6344,NAVD88,GEOID18,MN_SE_Driftless_2021_B21,2022-03-30,Ground_Control_Survey_Report.pdf sections 2.2/2.3/2.4,geoid asserted PER MARK from the contractor shapefile 'geoid' attribute = 'Geoid 18',QL0,,,,,332.8900146484375,0.080985351562504,332.9131021361787,0.057897863821324
3066_2022_MN,VVA,check,551680.491,4874415.32,380.339,m,EPSG:6344,NAVD88,GEOID18,MN_SE_Driftless_2021_B21,2022-04-01,Ground_Control_Survey_Report.pdf sections 2.2/2.3/2.4,geoid asserted PER MARK from the contractor shapefile 'geoid' attribute = 'Geoid 18',QL0,,,,,380.3900146484375,-0.051014648437501,380.3855822784814,-0.046582278481424
3067_2022_MN,VVA,check,538470.218,4872576.757,314.003,m,EPSG:6344,NAVD88,GEOID18,MN_SE_Driftless_2021_B21,2022-04-05,Ground_Control_Survey_Report.pdf sections 2.2/2.3/2.4,geoid asserted PER MARK from the contractor shapefile 'geoid' attribute = 'Geoid 18',QL0,,,,,314.010009765625,-0.007009765625014,313.9969959733851,0.006004026614903
3068_2022_MN,VVA,check,544065.115,4888581.288,330.068,m,EPSG:6344,NAVD88,GEOID18,MN_SE_Driftless_2021_B21,2022-03-31,Ground_Control_Survey_Report.pdf sections 2.2/2.3/2.4,geoid asserted PER MARK from the contractor shapefile 'geoid' attribute = 'Geoid 18',QL0,,,,,330.04998779296875,0.018012207031234,330.04266546563184,0.025334534368142
3069_2022_MN,VVA,check,534357.784,4879589.716,371.191,m,EPSG:6344,NAVD88,GEOID18,MN_SE_Driftless_2021_B21,2022-03-29,Ground_Control_Survey_Report.pdf sections 2.2/2.3/2.4,geoid asserted PER MARK from the contractor shapefile 'geoid' attribute = 'Geoid 18',QL0,,,,,371.17999267578125,0.011007324218724,371.1977608126716,-0.006760812671644
3070_2022_MN,VVA,check,540761.077,4866778.206,345.486,m,EPSG:6344,NAVD88,GEOID18,MN_SE_Driftless_2021_B21,2022-04-05,Ground_Control_Survey_Report.pdf sections 2.2/2.3/2.4,geoid asserted PER MARK from the contractor shapefile 'geoid' attribute = 'Geoid 18',QL0,,,,,345.54998779296875,-0.06398779296876,345.54491969458866,-0.058919694588667
3071_2022_MN,VVA,check,542823.476,4861587.226,379.88,m,EPSG:6344,NAVD88,GEOID18,MN_SE_Driftless_2021_B21,2022-04-05,Ground_Control_Survey_Report.pdf sections 2.2/2.3/2.4,geoid asserted PER MARK from the contractor shapefile 'geoid' attribute = 'Geoid 18',QL0,,,,,379.8900146484375,-0.010014648437505,379.8819585085713,-0.001958508571306
3072_2022_MN,VVA,check,568622.671,4872893.787,349.882,m,EPSG:6344,NAVD88,GEOID18,MN_SE_Driftless_2021_B21,2022-04-03,Ground_Control_Survey_Report.pdf sections 2.2/2.3/2.4,geoid asserted PER MARK from the contractor shapefile 'geoid' attribute = 'Geoid 18',QL0,,,,,349.95001220703125,-0.068012207031245,349.93973716433857,-0.057737164338562
3073_2021_MN,VVA,check,638951.961,4820383.951,200.491,m,EPSG:6344,NAVD88,GEOID18,MN_SE_Driftless_2021_B21,2021-09-09,Ground_Control_Survey_Report.pdf sections 2.2/2.3/2.4,geoid asserted PER MARK from the contractor shapefile 'geoid' attribute = 'Geoid 18',QL1,200.55999755859375,-0.068997558593736,200.5353707093624,-0.044370709362397,,,,
3074_2021_MN,VVA,check,628632.758,4862237.54,376.397,m,EPSG:6344,NAVD88,GEOID18,MN_SE_Driftless_2021_B21,2021-09-08,Ground_Control_Survey_Report.pdf sections 2.2/2.3/2.4,geoid asserted PER MARK from the contractor shapefile 'geoid' attribute = 'Geoid 18',QL1,376.4800109863281,-0.083010986328134,376.48645596184485,-0.089455961844862,,,,
3075_2021_MN,VVA,check,573386.859,4910338.932,266.554,m,EPSG:6344,NAVD88,GEOID18,MN_SE_Driftless_2021_B21,2021-09-12,Ground_Control_Survey_Report.pdf sections 2.2/2.3/2.4,geoid asserted PER MARK from the contractor shapefile 'geoid' attribute = 'Geoid 18',QL1,266.6600036621094,-0.106003662109401,266.651509219854,-0.097509219854032,,,,
3076_2021_MN,VVA,check,553320.306,4922443.299,267.847,m,EPSG:6344,NAVD88,GEOID18,MN_SE_Driftless_2021_B21,2021-09-12,Ground_Control_Survey_Report.pdf sections 2.2/2.3/2.4,geoid asserted PER MARK from the contractor shapefile 'geoid' attribute = 'Geoid 18',QL1,267.94000244140625,-0.09300244140627,267.9540936328636,-0.107093632863609,,,,
3077_2021_MN,VVA,check,516011.333,4932254.819,227.141,m,EPSG:6344,NAVD88,GEOID18,MN_SE_Driftless_2021_B21,2021-09-13,Ground_Control_Survey_Report.pdf sections 2.2/2.3/2.4,geoid asserted PER MARK from the contractor shapefile 'geoid' attribute = 'Geoid 18',QL1,227.6699981689453,-0.528998168945321,227.689968803427,-0.548968803427016,,,,
3078_2021_MN,VVA,check,465793.665,4914047.404,333.162,m,EPSG:6344,NAVD88,GEOID18,MN_SE_Driftless_2021_B21,2021-10-005,Ground_Control_Survey_Report.pdf sections 2.2/2.3/2.4,geoid asserted PER MARK from the contractor shapefile 'geoid' attribute = 'Geoid 18',QL1,333.2699890136719,-0.107989013671897,333.2640091503055,-0.102009150305548,,,,
3079_2021_MN,VVA,check,484638.722,4917428.54,314.297,m,EPSG:6344,NAVD88,GEOID18,MN_SE_Driftless_2021_B21,2021-09-14,Ground_Control_Survey_Report.pdf sections 2.2/2.3/2.4,geoid asserted PER MARK from the contractor shapefile 'geoid' attribute = 'Geoid 18',QL1,314.4200134277344,-0.12301342773435,314.4540705086936,-0.15707050869355,,,,
3080_2021_MN,VVA,check,601421.127,4850065.143,219.039,m,EPSG:6344,NAVD88,GEOID18,MN_SE_Driftless_2021_B21,2021-09-09,Ground_Control_Survey_Report.pdf sections 2.2/2.3/2.4,geoid asserted PER MARK from the contractor shapefile 'geoid' attribute = 'Geoid 18',QL1,219.0800018310547,-0.0410018310547,219.090158204164,-0.051158204164011,,,,
3081_2021_MN,VVA,check,613723.1,4836888.626,237.349,m,EPSG:6344,NAVD88,GEOID18,MN_SE_Driftless_2021_B21,2021-09-10,Ground_Control_Survey_Report.pdf sections 2.2/2.3/2.4,geoid asserted PER MARK from the contractor shapefile 'geoid' attribute = 'Geoid 18',QL1,237.4600067138672,-0.111006713867198,237.5123903776685,-0.16339037766852,,,,
3082_2021_MN,VVA,check,622392.855,4849573.418,221.328,m,EPSG:6344,NAVD88,GEOID18,MN_SE_Driftless_2021_B21,2021-09-09,Ground_Control_Survey_Report.pdf sections 2.2/2.3/2.4,geoid asserted PER MARK from the contractor shapefile 'geoid' attribute = 'Geoid 18',QL1,221.35000610351562,-0.022006103515622,221.38935209461525,-0.061352094615245,,,,
3083_2022_MN,VVA,check,583413.757,4845034.149,318.409,m,EPSG:6344,NAVD88,GEOID18,MN_SE_Driftless_2021_B21,2022-04-07,Ground_Control_Survey_Report.pdf sections 2.2/2.3/2.4,geoid asserted PER MARK from the contractor shapefile 'geoid' attribute = 'Geoid 18',QL1,318.55999755859375,-0.150997558593758,318.5361925681421,-0.127192568142107,,,,
3084_2021_MN,VVA,check,606685.624,4872457.36,273.636,m,EPSG:6344,NAVD88,GEOID18,MN_SE_Driftless_2021_B21,2021-09-08,Ground_Control_Survey_Report.pdf sections 2.2/2.3/2.4,geoid asserted PER MARK from the contractor shapefile 'geoid' attribute = 'Geoid 18',QL1,273.760009765625,-0.124009765624976,273.72663384354934,-0.090633843549313,,,,
3085_2021_MN,VVA,check,577464.742,4897146.004,321.617,m,EPSG:6344,NAVD88,GEOID18,MN_SE_Driftless_2021_B21,2021-09-11,Ground_Control_Survey_Report.pdf sections 2.2/2.3/2.4,geoid asserted PER MARK from the contractor shapefile 'geoid' attribute = 'Geoid 18',QL1,321.75,-0.132999999999981,321.79889989857026,-0.181899898570236,,,,
3086_2021_MN,VVA,check,585767.567,4909612.908,206.418,m,EPSG:6344,NAVD88,GEOID18,MN_SE_Driftless_2021_B21,2021-09-12,Ground_Control_Survey_Report.pdf sections 2.2/2.3/2.4,geoid asserted PER MARK from the contractor shapefile 'geoid' attribute = 'Geoid 18',QL1,206.6699981689453,-0.251998168945306,206.65277795916222,-0.234777959162216,,,,
3087_2021_MN,VVA,check,560972.953,4901665.952,231.921,m,EPSG:6344,NAVD88,GEOID18,MN_SE_Driftless_2021_B21,2021-09-12,Ground_Control_Survey_Report.pdf sections 2.2/2.3/2.4,geoid asserted PER MARK from the contractor shapefile 'geoid' attribute = 'Geoid 18',QL1,232.0,-0.079000000000008,232.00319972063392,-0.082199720633923,,,,
3088_2021_MN,VVA,check,590265.226,4882485.106,252.783,m,EPSG:6344,NAVD88,GEOID18,MN_SE_Driftless_2021_B21,2021-09-11,Ground_Control_Survey_Report.pdf sections 2.2/2.3/2.4,geoid asserted PER MARK from the contractor shapefile 'geoid' attribute = 'Geoid 18',QL1,252.83999633789062,-0.056996337890638,252.8203480491221,-0.037348049122102,,,,
3089_2021_MN,VVA,check,582881.027,4894754.161,205.737,m,EPSG:6344,NAVD88,GEOID18,MN_SE_Driftless_2021_B21,2021-09-11,Ground_Control_Survey_Report.pdf sections 2.2/2.3/2.4,geoid asserted PER MARK from the contractor shapefile 'geoid' attribute = 'Geoid 18',QL1,205.75,-0.013000000000005,205.759424657564,-0.022424657564017,,,,
3090_2021_MN,VVA,check,498926.348,4929607.97,261.93,m,EPSG:6344,NAVD88,GEOID18,MN_SE_Driftless_2021_B21,2021-09-14,Ground_Control_Survey_Report.pdf sections 2.2/2.3/2.4,geoid asserted PER MARK from the contractor shapefile 'geoid' attribute = 'Geoid 18',QL1,262.2099914550781,-0.279991455078118,262.22185080811323,-0.291850808113225,,,,
3091_2022_MN,VVA,check,558340.572,4830145.094,376.975,m,EPSG:6344,NAVD88,GEOID18,MN_SE_Driftless_2021_B21,2022-04-06,Ground_Control_Survey_Report.pdf sections 2.2/2.3/2.4,geoid asserted PER MARK from the contractor shapefile 'geoid' attribute = 'Geoid 18',QL1,376.9800109863281,-0.005010986328102,376.98984035726295,-0.014840357262926,,,,
3092_2021_MN,VVA,check,450843.928,4822934.584,377.834,m,EPSG:6344,NAVD88,GEOID18,MN_SE_Driftless_2021_B21,2021-09-30,Ground_Control_Survey_Report.pdf sections 2.2/2.3/2.4,geoid asserted PER MARK from the contractor shapefile 'geoid' attribute = 'Geoid 18',QL1,377.8599853515625,-0.025985351562497,377.853603163174,-0.019603163173997,,,,
3093_2021_MN,VVA,check,477791.744,4878299.753,364.331,m,EPSG:6344,NAVD88,GEOID18,MN_SE_Driftless_2021_B21,2021-09-15,Ground_Control_Survey_Report.pdf sections 2.2/2.3/2.4,geoid asserted PER MARK from the contractor shapefile 'geoid' attribute = 'Geoid 18',QL1,364.44000244140625,-0.109002441406233,364.4409999999257,-0.109999999925662,,,,
3094_2021_MN,VVA,check,497638.736,4829603.373,364.616,m,EPSG:6344,NAVD88,GEOID18,MN_SE_Driftless_2021_B21,2021-09-16,Ground_Control_Survey_Report.pdf sections 2.2/2.3/2.4,geoid asserted PER MARK from the contractor shapefile 'geoid' attribute = 'Geoid 18',QL1,364.6199951171875,-0.003995117187515,364.63985728925485,-0.023857289254863,,,,
3095_2021_MN,VVA,check,467315.521,4859530.651,375.914,m,EPSG:6344,NAVD88,GEOID18,MN_SE_Driftless_2021_B21,2021-10-01,Ground_Control_Survey_Report.pdf sections 2.2/2.3/2.4,geoid asserted PER MARK from the contractor shapefile 'geoid' attribute = 'Geoid 18',QL1,375.94000244140625,-0.026002441406263,375.93130357139376,-0.017303571393768,,,,
3096_2021_MN,VVA,check,506311.552,4890524.388,370.384,m,EPSG:6344,NAVD88,GEOID18,MN_SE_Driftless_2021_B21,2021-09-13,Ground_Control_Survey_Report.pdf sections 2.2/2.3/2.4,geoid asserted PER MARK from the contractor shapefile 'geoid' attribute = 'Geoid 18',QL1,370.510009765625,-0.126009765624985,370.50095781632524,-0.116957816325225,,,,
3097_2021_MN,VVA,check,478993.696,4904265.902,301.481,m,EPSG:6344,NAVD88,GEOID18,MN_SE_Driftless_2021_B21,2021-09-13,Ground_Control_Survey_Report.pdf sections 2.2/2.3/2.4,geoid asserted PER MARK from the contractor shapefile 'geoid' attribute = 'Geoid 18',QL1,301.6600036621094,-0.17900366210938,301.60898834852935,-0.127988348529357,,,,
3098_2021_MN,VVA,check,483925.439,4849367.387,379.316,m,EPSG:6344,NAVD88,GEOID18,MN_SE_Driftless_2021_B21,2021-10-01,Ground_Control_Survey_Report.pdf sections 2.2/2.3/2.4,geoid asserted PER MARK from the contractor shapefile 'geoid' attribute = 'Geoid 18',QL1,379.3399963378906,-0.023996337890651,379.3421653992304,-0.026165399230422,,,,
3099_2021_MN,VVA,check,520766.288,4845388.012,410.235,m,EPSG:6344,NAVD88,GEOID18,MN_SE_Driftless_2021_B21,2021-09-16,Ground_Control_Survey_Report.pdf sections 2.2/2.3/2.4,geoid asserted PER MARK from the contractor shapefile 'geoid' attribute = 'Geoid 18',QL1,410.2699890136719,-0.034989013671861,410.2856347656292,-0.050634765629184,,,,
3100_2021_MN,VVA,check,501830.274,4883275.272,386.456,m,EPSG:6344,NAVD88,GEOID18,MN_SE_Driftless_2021_B21,2021-09-13,Ground_Control_Survey_Report.pdf sections 2.2/2.3/2.4,geoid asserted PER MARK from the contractor shapefile 'geoid' attribute = 'Geoid 18',QL1,386.4200134277344,0.035986572265642,386.4318378728913,0.024162127108696,,,,
3101_2021_MN,VVA,check,527836.162,4821248.68,405.406,m,EPSG:6344,NAVD88,GEOID18,MN_SE_Driftless_2021_B21,2021-09-15,Ground_Control_Survey_Report.pdf sections 2.2/2.3/2.4,geoid asserted PER MARK from the contractor shapefile 'geoid' attribute = 'Geoid 18',QL1,405.5299987792969,-0.123998779296869,405.4786245378202,-0.072624537820218,,,,
3102_2021_MN,VVA,check,494605.054,4871184.933,394.502,m,EPSG:6344,NAVD88,GEOID18,MN_SE_Driftless_2021_B21,2021-09-13,Ground_Control_Survey_Report.pdf sections 2.2/2.3/2.4,geoid asserted PER MARK from the contractor shapefile 'geoid' attribute = 'Geoid 18',QL1,394.6000061035156,-0.098006103515615,394.510077385479,-0.008077385478998,,,,
3103_2021_MN,VVA,check,476659.398,4820730.428,369.072,m,EPSG:6344,NAVD88,GEOID18,MN_SE_Driftless_2021_B21,2021-09-16,Ground_Control_Survey_Report.pdf sections 2.2/2.3/2.4,geoid asserted PER MARK from the contractor shapefile 'geoid' attribute = 'Geoid 18',QL1,369.1499938964844,-0.077993896484372,369.17285233098426,-0.100852330984253,,,,
3104_2021_MN,VVA,check,453493.868,4847971.853,370.194,m,EPSG:6344,NAVD88,GEOID18,MN_SE_Driftless_2021_B21,2021-09-30,Ground_Control_Survey_Report.pdf sections 2.2/2.3/2.4,geoid asserted PER MARK from the contractor shapefile 'geoid' attribute = 'Geoid 18',QL1,370.2200012207031,-0.026001220703108,370.23312212965385,-0.039122129653833,,,,
3105_2022_MN,VVA,check,590117.719,4822226.909,390.365,m,EPSG:6344,NAVD88,GEOID18,MN_SE_Driftless_2021_B21,2022-04-07,Ground_Control_Survey_Report.pdf sections 2.2/2.3/2.4,geoid asserted PER MARK from the contractor shapefile 'geoid' attribute = 'Geoid 18',QL1,390.4200134277344,-0.055013427734366,390.3975408805037,-0.032540880503689,,,,
3106_2021_MN,VVA,check,612223.859,4818967.298,387.821,m,EPSG:6344,NAVD88,GEOID18,MN_SE_Driftless_2021_B21,2021-09-09,Ground_Control_Survey_Report.pdf sections 2.2/2.3/2.4,geoid asserted PER MARK from the contractor shapefile 'geoid' attribute = 'Geoid 18',QL1,387.8599853515625,-0.038985351562474,387.8503261494155,-0.029326149415454,,,,
3107_2022_MN,VVA,check,558340.025,4816651.202,388.82,m,EPSG:6344,NAVD88,GEOID18,MN_SE_Driftless_2021_B21,2022-04-06,Ground_Control_Survey_Report.pdf sections 2.2/2.3/2.4,geoid asserted PER MARK from the contractor shapefile 'geoid' attribute = 'Geoid 18',QL1,388.8500061035156,-0.030006103515632,388.8714276000697,-0.051427600069701,,,,
3108_2021_MN,VVA,check,499364.141,4816275.16,357.346,m,EPSG:6344,NAVD88,GEOID18,MN_SE_Driftless_2021_B21,2021-09-16,Ground_Control_Survey_Report.pdf sections 2.2/2.3/2.4,geoid asserted PER MARK from the contractor shapefile 'geoid' attribute = 'Geoid 18',QL1,357.45001220703125,-0.104012207031246,357.463172607872,-0.117172607872021,,,,
3109_2021_MN,VVA,check,453726.22,4887418.072,350.557,m,EPSG:6344,NAVD88,GEOID18,MN_SE_Driftless_2021_B21,2021-09-15,Ground_Control_Survey_Report.pdf sections 2.2/2.3/2.4,geoid asserted PER MARK from the contractor shapefile 'geoid' attribute = 'Geoid 18',QL1,350.6000061035156,-0.043006103515609,350.59415233332675,-0.037152333326731,,,,
3110_2021_MN,VVA,check,476345.28,4935268.562,338.741,m,EPSG:6344,NAVD88,GEOID18,MN_SE_Driftless_2021_B21,2021-10-05,Ground_Control_Survey_Report.pdf sections 2.2/2.3/2.4,geoid asserted PER MARK from the contractor shapefile 'geoid' attribute = 'Geoid 18',QL1,339.1600036621094,-0.41900366210939,339.20346125613844,-0.462461256138454,,,,
3111_2021_MN,VVA,check,482222.222,4896143.235,331.406,m,EPSG:6344,NAVD88,GEOID18,MN_SE_Driftless_2021_B21,2021-09-13,Ground_Control_Survey_Report.pdf sections 2.2/2.3/2.4,geoid asserted PER MARK from the contractor shapefile 'geoid' attribute = 'Geoid 18',QL1,331.5199890136719,-0.113989013671869,331.5241976833597,-0.11819768335971,,,,
3112_2021_MN,VVA,check,507254.36,4863135.459,399.782,m,EPSG:6344,NAVD88,GEOID18,MN_SE_Driftless_2021_B21,2021-09-16,Ground_Control_Survey_Report.pdf sections 2.2/2.3/2.4,geoid asserted PER MARK from the contractor shapefile 'geoid' attribute = 'Geoid 18',QL1,399.75,0.031999999999982,399.75685046730473,0.025149532695252,,,,
3113_2022_MN,VVA,check,575461.675,4835594.205,282.778,m,EPSG:6344,NAVD88,GEOID18,MN_SE_Driftless_2021_B21,2022-04-07,Ground_Control_Survey_Report.pdf sections 2.2/2.3/2.4,geoid asserted PER MARK from the contractor shapefile 'geoid' attribute = 'Geoid 18',QL1,282.9200134277344,-0.142013427734355,282.91638767588853,-0.138387675888509,,,,
3114_2021_MN,VVA,check,538727.32,4837423.794,418.194,m,EPSG:6344,NAVD88,GEOID18,MN_SE_Driftless_2021_B21,2021-09-15,Ground_Control_Survey_Report.pdf sections 2.2/2.3/2.4,geoid asserted PER MARK from the contractor shapefile 'geoid' attribute = 'Geoid 18',QL1,418.2900085449219,-0.096008544921858,418.2916341937952,-0.097634193795159,,,,
3115_2021_MN,VVA,check,500084.7,4851798.109,378.745,m,EPSG:6344,NAVD88,GEOID18,MN_SE_Driftless_2021_B21,2021-09-16,Ground_Control_Survey_Report.pdf sections 2.2/2.3/2.4,geoid asserted PER MARK from the contractor shapefile 'geoid' attribute = 'Geoid 18',QL1,378.79998779296875,-0.054987792968745,378.80091457187376,-0.055914571873757,,,,
3116_2021_MN,VVA,check,479290.829,4867160.96,364.455,m,EPSG:6344,NAVD88,GEOID18,MN_SE_Driftless_2021_B21,2021-09-30,Ground_Control_Survey_Report.pdf sections 2.2/2.3/2.4,geoid asserted PER MARK from the contractor shapefile 'geoid' attribute = 'Geoid 18',QL1,364.4700012207031,-0.015001220703141,364.47721958583884,-0.022219585838855,,,,
3117_2021_MN,VVA,check,495035.32,4902306.627,368.613,m,EPSG:6344,NAVD88,GEOID18,MN_SE_Driftless_2021_B21,2021-09-13,Ground_Control_Survey_Report.pdf sections 2.2/2.3/2.4,geoid asserted PER MARK from the contractor shapefile 'geoid' attribute = 'Geoid 18',QL1,368.82000732421875,-0.20700732421875,368.7893935932629,-0.176393593262901,,,,
3118_2021_MN,VVA,check,470353.456,4927190.269,333.487,m,EPSG:6344,NAVD88,GEOID18,MN_SE_Driftless_2021_B21,2021-10-04,Ground_Control_Survey_Report.pdf sections 2.2/2.3/2.4,geoid asserted PER MARK from the contractor shapefile 'geoid' attribute = 'Geoid 18',QL1,333.7900085449219,-0.303008544921852,333.80407734807204,-0.317077348072019,,,,
3119_2021_MN,VVA,check,540164.546,4911298.86,338.812,m,EPSG:6344,NAVD88,GEOID18,MN_SE_Driftless_2021_B21,2021-09-12,Ground_Control_Survey_Report.pdf sections 2.2/2.3/2.4,geoid asserted PER MARK from the contractor shapefile 'geoid' attribute = 'Geoid 18',QL1,338.94000244140625,-0.128002441406238,338.92138074801784,-0.109380748017827,,,,
3120_2021_MN,VVA,check,544982.462,4906993.447,312.863,m,EPSG:6344,NAVD88,GEOID18,MN_SE_Driftless_2021_B21,2021-09-12,Ground_Control_Survey_Report.pdf sections 2.2/2.3/2.4,geoid asserted PER MARK from the contractor shapefile 'geoid' attribute = 'Geoid 18',QL1,312.8900146484375,-0.0270146484375,312.87623701950156,-0.01323701950156,,,,
3121_2021_MN,VVA,check,558180.27,4915565.602,349.948,m,EPSG:6344,NAVD88,GEOID18,MN_SE_Driftless_2021_B21,2021-09-12,Ground_Control_Survey_Report.pdf sections 2.2/2.3/2.4,geoid asserted PER MARK from the contractor shapefile 'geoid' attribute = 'Geoid 18',QL1,350.0899963378906,-0.141996337890646,350.07340663435025,-0.12540663435027,,,,
3122_2021_MN,VVA,check,589895.707,4870855.137,368.187,m,EPSG:6344,NAVD88,GEOID18,MN_SE_Driftless_2021_B21,2021-09-10,Ground_Control_Survey_Report.pdf sections 2.2/2.3/2.4,geoid asserted PER MARK from the contractor shapefile 'geoid' attribute = 'Geoid 18',QL1,368.3999938964844,-0.212993896484363,368.3998344155674,-0.212834415567386,,,,
3123_2021_MN,VVA,check,599674.846,4837135.563,353.25,m,EPSG:6344,NAVD88,GEOID18,MN_SE_Driftless_2021_B21,2021-09-10,Ground_Control_Survey_Report.pdf sections 2.2/2.3/2.4,geoid asserted PER MARK from the contractor shapefile 'geoid' attribute = 'Geoid 18',QL1,353.2799987792969,-0.029998779296875,353.2729644588066,-0.022964458806598,,,,
3124_2021_MN,VVA,check,471869.941,4842099.839,376.385,m,EPSG:6344,NAVD88,GEOID18,MN_SE_Driftless_2021_B21,2021-10-01,Ground_Control_Survey_Report.pdf sections 2.2/2.3/2.4,geoid asserted PER MARK from the contractor shapefile 'geoid' attribute = 'Geoid 18',QL1,376.3999938964844,-0.014993896484384,376.4027259259255,-0.017725925925504,,,,
3125_2021_MN,VVA,check,539696.724,4818914.073,390.607,m,EPSG:6344,NAVD88,GEOID18,MN_SE_Driftless_2021_B21,2021-09-15,Ground_Control_Survey_Report.pdf sections 2.2/2.3/2.4,geoid asserted PER MARK from the contractor shapefile 'geoid' attribute = 'Geoid 18',QL1,390.6700134277344,-0.063013427734347,390.65977935353584,-0.052779353535811,,,,
3126_2021_MN,VVA,check,636537.552,4839212.437,221.297,m,EPSG:6344,NAVD88,GEOID18,MN_SE_Driftless_2021_B21,2021-09-09,Ground_Control_Survey_Report.pdf sections 2.2/2.3/2.4,geoid asserted PER MARK from the contractor shapefile 'geoid' attribute = 'Geoid 18',QL1,221.32000732421875,-0.023007324218753,221.35618429961542,-0.059184299615424,,,,
3127_2021_MN,VVA,check,625719.199,4830900.894,326.216,m,EPSG:6344,NAVD88,GEOID18,MN_SE_Driftless_2021_B21,2021-09-09,Ground_Control_Survey_Report.pdf sections 2.2/2.3/2.4,geoid asserted PER MARK from the contractor shapefile 'geoid' attribute = 'Geoid 18',QL1,326.25,-0.033999999999992,326.25373271888907,-0.03773271888906,,,,
3128_2022_MN,VVA,check,553976.14,4846924.318,352.98,m,EPSG:6344,NAVD88,GEOID18,MN_SE_Driftless_2021_B21,2022-04-02,Ground_Control_Survey_Report.pdf sections 2.2/2.3/2.4,geoid asserted PER MARK from the contractor shapefile 'geoid' attribute = 'Geoid 18',QL1,353.0400085449219,-0.060008544921857,353.0213439446336,-0.041343944633581,,,,
3129_2021_MN,VVA,check,467487.155,4891489.2,341.017,m,EPSG:6344,NAVD88,GEOID18,MN_SE_Driftless_2021_B21,2021-09-14,Ground_Control_Survey_Report.pdf sections 2.2/2.3/2.4,geoid asserted PER MARK from the contractor shapefile 'geoid' attribute = 'Geoid 18',QL1,341.1099853515625,-0.092985351562504,341.08935312025886,-0.072353120258867,,,,
3130_2021_MN,VVA,check,487509.613,4937836.933,302.796,m,EPSG:6344,NAVD88,GEOID18,MN_SE_Driftless_2021_B21,2021-09-14,Ground_Control_Survey_Report.pdf sections 2.2/2.3/2.4,geoid asserted PER MARK from the contractor shapefile 'geoid' attribute = 'Geoid 18',QL1,302.9100036621094,-0.114003662109383,302.8876697261859,-0.091669726185899,,,,
3131_2021_MN,VVA,check,459557.348,4883355.003,344.723,m,EPSG:6344,NAVD88,GEOID18,MN_SE_Driftless_2021_B21,2021-09-15,Ground_Control_Survey_Report.pdf sections 2.2/2.3/2.4,geoid asserted PER MARK from the contractor shapefile 'geoid' attribute = 'Geoid 18',QL1,344.8399963378906,-0.116996337890612,344.8380325015709,-0.115032501570909,,,,
3132_2022_MN,VVA,check,574116.875,4821653.854,404.431,m,EPSG:6344,NAVD88,GEOID18,MN_SE_Driftless_2021_B21,2022-04-07,Ground_Control_Survey_Report.pdf sections 2.2/2.3/2.4,geoid asserted PER MARK from the contractor shapefile 'geoid' attribute = 'Geoid 18',QL1,404.4800109863281,-0.049010986328142,404.4837693299025,-0.052769329902503,,,,
3133_2021_MN,VVA,check,484753.714,4840878.826,366.957,m,EPSG:6344,NAVD88,GEOID18,MN_SE_Driftless_2021_B21,2021-10-01,Ground_Control_Survey_Report.pdf sections 2.2/2.3/2.4,geoid asserted PER MARK from the contractor shapefile 'geoid' attribute = 'Geoid 18',QL1,367.0,-0.043000000000006,366.99538161459185,-0.038381614591856,,,,
3134_2021_MN,VVA,check,476220.471,4922715.423,313.168,m,EPSG:6344,NAVD88,GEOID18,MN_SE_Driftless_2021_B21,2021-10-05,Ground_Control_Survey_Report.pdf sections 2.2/2.3/2.4,geoid asserted PER MARK from the contractor shapefile 'geoid' attribute = 'Geoid 18',QL1,313.6199951171875,-0.451995117187494,313.5965650504866,-0.428565050486611,,,,
3135_2021_MN,VVA,check,459513.577,4816501.56,391.746,m,EPSG:6344,NAVD88,GEOID18,MN_SE_Driftless_2021_B21,2021-09-30,Ground_Control_Survey_Report.pdf sections 2.2/2.3/2.4,geoid asserted PER MARK from the contractor shapefile 'geoid' attribute = 'Geoid 18',QL1,391.8299865722656,-0.083986572265644,391.80964976226113,-0.06364976226115,,,,
3136_2021_MN,VVA,check,457401.094,4837311.548,403.777,m,EPSG:6344,NAVD88,GEOID18,MN_SE_Driftless_2021_B21,2021-09-30,Ground_Control_Survey_Report.pdf sections 2.2/2.3/2.4,geoid asserted PER MARK from the contractor shapefile 'geoid' attribute = 'Geoid 18',QL1,403.7900085449219,-0.013008544921888,403.77810233004107,-0.001102330041078,,,,
3137_2021_MN,VVA,check,515406.833,4834802.109,388.093,m,EPSG:6344,NAVD88,GEOID18,MN_SE_Driftless_2021_B21,2021-09-15,Ground_Control_Survey_Report.pdf sections 2.2/2.3/2.4,geoid asserted PER MARK from the contractor shapefile 'geoid' attribute = 'Geoid 18',QL1,388.17999267578125,-0.086992675781232,388.18645704754704,-0.09345704754702,,,,
3138_2021_MN,VVA,check,447946.21,4837402.814,359.393,m,EPSG:6344,NAVD88,GEOID18,MN_SE_Driftless_2021_B21,2021-09-30,Ground_Control_Survey_Report.pdf sections 2.2/2.3/2.4,geoid asserted PER MARK from the contractor shapefile 'geoid' attribute = 'Geoid 18',QL1,359.45001220703125,-0.057012207031278,359.43199244649026,-0.038992446490283,,,,
3139_2021_MN,VVA,check,512748.122,4824412.505,380.184,m,EPSG:6344,NAVD88,GEOID18,MN_SE_Driftless_2021_B21,2021-09-15,Ground_Control_Survey_Report.pdf sections 2.2/2.3/2.4,geoid asserted PER MARK from the contractor shapefile 'geoid' attribute = 'Geoid 18',QL1,380.3699951171875,-0.185995117187474,380.367099973676,-0.183099973675951,,,,
3140_2021_MN,VVA,check,488261.63,4886517.805,378.074,m,EPSG:6344,NAVD88,GEOID18,MN_SE_Driftless_2021_B21,2021-09-13,Ground_Control_Survey_Report.pdf sections 2.2/2.3/2.4,geoid asserted PER MARK from the contractor shapefile 'geoid' attribute = 'Geoid 18',QL1,378.1600036621094,-0.086003662109363,378.1635488041464,-0.089548804146375,,,,
3141_2021_MN,VVA,check,474991.653,4916322.656,310.865,m,EPSG:6344,NAVD88,GEOID18,MN_SE_Driftless_2021_B21,2021-10-05,Ground_Control_Survey_Report.pdf sections 2.2/2.3/2.4,geoid asserted PER MARK from the contractor shapefile 'geoid' attribute = 'Geoid 18',QL1,310.9800109863281,-0.115010986328116,310.98385124508457,-0.118851245084556,,,,
3142_2021_MN,VVA,check,600092.062,4828411.145,368.313,m,EPSG:6344,NAVD88,GEOID18,MN_SE_Driftless_2021_B21,2021-09-09,Ground_Control_Survey_Report.pdf sections 2.2/2.3/2.4,geoid asserted PER MARK from the contractor shapefile 'geoid' attribute = 'Geoid 18',QL1,368.4100036621094,-0.097003662109387,368.4223075641759,-0.109307564175936,,,,
3143_2021_MN,VVA,check,611447.087,4863433.332,409.497,m,EPSG:6344,NAVD88,GEOID18,MN_SE_Driftless_2021_B21,2021-09-08,Ground_Control_Survey_Report.pdf sections 2.2/2.3/2.4,geoid asserted PER MARK from the contractor shapefile 'geoid' attribute = 'Geoid 18',QL1,409.5799865722656,-0.082986572265611,409.5910154799444,-0.094015479944403,,,,
3144_2021_MN,VVA,check,481507.244,4835623.85,385.07,m,EPSG:6344,NAVD88,GEOID18,MN_SE_Driftless_2021_B21,2021-10-01,Ground_Control_Survey_Report.pdf sections 2.2/2.3/2.4,geoid asserted PER MARK from the contractor shapefile 'geoid' attribute = 'Geoid 18',QL1,385.1400146484375,-0.070014648437507,385.16292388226685,-0.092923882266859,,,,
3145_2021_MN,VVA,check,487135.658,4822610.227,379.843,m,EPSG:6344,NAVD88,GEOID18,MN_SE_Driftless_2021_B21,2021-09-16,Ground_Control_Survey_Report.pdf sections 2.2/2.3/2.4,geoid asserted PER MARK from the contractor shapefile 'geoid' attribute = 'Geoid 18',QL1,379.9599914550781,-0.116991455078107,379.9638913873522,-0.120891387352174,,,,
3146_2021_MN,VVA,check,477782.43,4860009.762,366.657,m,EPSG:6344,NAVD88,GEOID18,MN_SE_Driftless_2021_B21,2021-10-01,Ground_Control_Survey_Report.pdf sections 2.2/2.3/2.4,geoid asserted PER MARK from the contractor shapefile 'geoid' attribute = 'Geoid 18',QL1,366.7699890136719,-0.112989013671893,366.7666879971076,-0.109687997107642,,,,
3147_2021_MN,VVA,check,484014.636,4930109.028,290.02,m,EPSG:6344,NAVD88,GEOID18,MN_SE_Driftless_2021_B21,2021-09-14,Ground_Control_Survey_Report.pdf sections 2.2/2.3/2.4,geoid asserted PER MARK from the contractor shapefile 'geoid' attribute = 'Geoid 18',QL1,290.1000061035156,-0.080006103515643,290.1167208252699,-0.096720825269927,,,,
3148_2021_MN,VVA,check,584661.794,4861804.901,347.8,m,EPSG:6344,NAVD88,GEOID18,MN_SE_Driftless_2021_B21,2021-09-09,Ground_Control_Survey_Report.pdf sections 2.2/2.3/2.4,geoid asserted PER MARK from the contractor shapefile 'geoid' attribute = 'Geoid 18',QL1,347.9700012207031,-0.170001220703114,347.95324070421543,-0.15324070421542,,,,
3149_2021_MN,VVA,check,563266.856,4895290.128,335.818,m,EPSG:6344,NAVD88,GEOID18,MN_SE_Driftless_2021_B21,2021-09-10,Ground_Control_Survey_Report.pdf sections 2.2/2.3/2.4,geoid asserted PER MARK from the contractor shapefile 'geoid' attribute = 'Geoid 18',QL1,335.9800109863281,-0.162010986328141,335.9992569553874,-0.181256955387425,,,,
3150_2021_MN,VVA,check,506495.102,4848592.076,381.148,m,EPSG:6344,NAVD88,GEOID18,MN_SE_Driftless_2021_B21,2021-09-16,Ground_Control_Survey_Report.pdf sections 2.2/2.3/2.4,geoid asserted PER MARK from the contractor shapefile 'geoid' attribute = 'Geoid 18',QL1,381.2900085449219,-0.14200854492185,381.2578125000245,-0.109812500024475,,,,
3151_2021_MN,VVA,check,464944.212,4834400.792,389.703,m,EPSG:6344,NAVD88,GEOID18,MN_SE_Driftless_2021_B21,2021-09-30,Ground_Control_Survey_Report.pdf sections 2.2/2.3/2.4,geoid asserted PER MARK from the contractor shapefile 'geoid' attribute = 'Geoid 18',QL1,389.7099914550781,-0.00699145507815,389.7105574636665,-0.007557463666501,,,,
3152_2021_MN,VVA,check,463713.22,4852591.861,381.069,m,EPSG:6344,NAVD88,GEOID18,MN_SE_Driftless_2021_B21,2021-10-01,Ground_Control_Survey_Report.pdf sections 2.2/2.3/2.4,geoid asserted PER MARK from the contractor shapefile 'geoid' attribute = 'Geoid 18',QL1,381.2200012207031,-0.151001220703108,381.2023150685626,-0.133315068562581,,,,
3153_2021_MN,VVA,check,489224.029,4863120.861,397.84,m,EPSG:6344,NAVD88,GEOID18,MN_SE_Driftless_2021_B21,2021-09-16,Ground_Control_Survey_Report.pdf sections 2.2/2.3/2.4,geoid asserted PER MARK from the contractor shapefile 'geoid' attribute = 'Geoid 18',QL1,397.8699951171875,-0.029995117187525,397.88627017961466,-0.04627017961468,,,,
3154_2021_MN,VVA,check,483643.908,4816321.997,380.872,m,EPSG:6344,NAVD88,GEOID18,MN_SE_Driftless_2021_B21,2021-09-16,Ground_Control_Survey_Report.pdf sections 2.2/2.3/2.4,geoid asserted PER MARK from the contractor shapefile 'geoid' attribute = 'Geoid 18',QL1,380.95001220703125,-0.078012207031236,380.93069801324725,-0.058698013247238,,,,
3155_2021_MN,VVA,check,496011.501,4844517.647,390.328,m,EPSG:6344,NAVD88,GEOID18,MN_SE_Driftless_2021_B21,2021-09-16,Ground_Control_Survey_Report.pdf sections 2.2/2.3/2.4,geoid asserted PER MARK from the contractor shapefile 'geoid' attribute = 'Geoid 18',QL1,390.4200134277344,-0.0920134277344,390.42727960526895,-0.099279605268976,,,,
3156_2021_MN,VVA,check,540797.082,4830989.483,415.256,m,EPSG:6344,NAVD88,GEOID18,MN_SE_Driftless_2021_B21,2021-09-15,Ground_Control_Survey_Report.pdf sections 2.2/2.3/2.4,geoid asserted PER MARK from the contractor shapefile 'geoid' attribute = 'Geoid 18',QL1,415.44000244140625,-0.184002441406278,415.4298189199391,-0.173818919939151,,,,
3157_2022_MN,VVA,check,586073.831,4835374.822,388.497,m,EPSG:6344,NAVD88,GEOID18,MN_SE_Driftless_2021_B21,2022-04-07,Ground_Control_Survey_Report.pdf sections 2.2/2.3/2.4,geoid asserted PER MARK from the contractor shapefile 'geoid' attribute = 'Geoid 18',QL1,388.5199890136719,-0.022989013671861,388.5224544189264,-0.025454418926358,,,,
3158_2021_MN,VVA,check,512499.72,4884934.081,377.552,m,EPSG:6344,NAVD88,GEOID18,MN_SE_Driftless_2021_B21,2021-09-13,Ground_Control_Survey_Report.pdf sections 2.2/2.3/2.4,geoid asserted PER MARK from the contractor shapefile 'geoid' attribute = 'Geoid 18',QL1,377.6499938964844,-0.097993896484354,377.6796765707143,-0.1276765707143,,,,
3159_2021_MN,VVA,check,490403.04,4912207.509,354.678,m,EPSG:6344,NAVD88,GEOID18,MN_SE_Driftless_2021_B21,2021-09-14,Ground_Control_Survey_Report.pdf sections 2.2/2.3/2.4,geoid asserted PER MARK from the contractor shapefile 'geoid' attribute = 'Geoid 18',QL1,354.82000732421875,-0.142007324218753,354.77781855162016,-0.09981855162016,,,,
3160_2021_MN,VVA,check,505203.621,4940252.767,306.835,m,EPSG:6344,NAVD88,GEOID18,MN_SE_Driftless_2021_B21,2021-09-13,Ground_Control_Survey_Report.pdf sections 2.2/2.3/2.4,geoid asserted PER MARK from the contractor shapefile 'geoid' attribute = 'Geoid 18',QL1,306.9200134277344,-0.085013427734395,306.91862239996146,-0.083622399961484,,,,
3161_2021_MN,VVA,check,489652.413,4927067.772,283.879,m,EPSG:6344,NAVD88,GEOID18,MN_SE_Driftless_2021_B21,2021-09-14,Ground_Control_Survey_Report.pdf sections 2.2/2.3/2.4,geoid asserted PER MARK from the contractor shapefile 'geoid' attribute = 'Geoid 18',QL1,284.1300048828125,-0.251004882812481,284.1480825998352,-0.269082599835201,,,,
3162_2021_MN,VVA,check,464663.33,4878503.423,347.443,m,EPSG:6344,NAVD88,GEOID18,MN_SE_Driftless_2021_B21,2021-09-15,Ground_Control_Survey_Report.pdf sections 2.2/2.3/2.4,geoid asserted PER MARK from the contractor shapefile 'geoid' attribute = 'Geoid 18',QL1,347.57000732421875,-0.127007324218766,347.5702540322598,-0.127254032259827,,,,
3163_2022_MN,VVA,check,563607.578,4846777.409,375.468,m,EPSG:6344,NAVD88,GEOID18,MN_SE_Driftless_2021_B21,2022-04-02,Ground_Control_Survey_Report.pdf sections 2.2/2.3/2.4,geoid asserted PER MARK from the contractor shapefile 'geoid' attribute = 'Geoid 18',QL1,375.5,-0.031999999999982,375.4785111570155,-0.010511157015458,,,,
